,product_id,path,type,position,created_at_x,updated_at_x,upc,name,slug,description,is_promotion,is_visible,created_at_y,updated_at_y,drophub,attributes
0,1,http://cdn.mouherwear1.comhttp://cdn.mouherwear1.com/dN6KHDq9s2itqX80JEWLbosIYG8Cl7-metaMzA5RkU3ODMtQzE3My00ODJELUIxNDgtM0QyOUMyOUFFNzRGLmpwZWc=-.jpg,thumbnail,1,2024-02-28 14:46:24,2024-04-26 22:59:51,6567a397ba709,کت,Coat,"جنس :فاستونی
رنگبندی: مشکی/طوسی
سایز۱(عرض سینه۶۲/قد۷۵/عرض شانه۴۶)
سایز۲(عرض سینه۶۵/قد۸۰/عرض شانه۵۲)

برای راهنمای اندازه ها به قسمت راهنمای محصول مراجعه کنید.",0,0,2023-11-11 20:28:09,2025-10-23 12:52:09,,
1,1,http://cdn.mouherwear1.comhttp://cdn.mouherwear1.com/01K06D3VYB2RVJJPTTJP17EJQX.webp,image,1,2025-07-15 10:19:12,2025-07-15 10:19:12,6567a397ba709,کت,Coat,"جنس :فاستونی
رنگبندی: مشکی/طوسی
سایز۱(عرض سینه۶۲/قد۷۵/عرض شانه۴۶)
سایز۲(عرض سینه۶۵/قد۸۰/عرض شانه۵۲)

برای راهنمای اندازه ها به قسمت راهنمای محصول مراجعه کنید.",0,0,2023-11-11 20:28:09,2025-10-23 12:52:09,,
2,1,http://cdn.mouherwear1.comhttp://cdn.mouherwear1.com/Rx34sd0Qm2DFhtOv9A0LYGS7bhc7Ib-metaNzA1OTVCRjMtOTlGMS00REI0LTk2OUYtRkNDNDc2NkI4NDNGLmpwZWc=-.jpg,image,2,2024-02-28 15:12:48,2024-04-26 22:59:51,6567a397ba709,کت,Coat,"جنس :فاستونی
رنگبندی: مشکی/طوسی
سایز۱(عرض سینه۶۲/قد۷۵/عرض شانه۴۶)
سایز۲(عرض سینه۶۵/قد۸۰/عرض شانه۵۲)

برای راهنمای اندازه ها به قسمت راهنمای محصول مراجعه کنید.",0,0,2023-11-11 20:28:09,2025-10-23 12:52:09,,
3,1,http://cdn.mouherwear1.comhttp://cdn.mouherwear1.com/OKC3DObmdSQWd12MiIkNc9sj8d6Q3k-metaNkY0MUE1MTItRDREOC00RTI5LTkzN0ItRDJDRUNEQUQyNjhGLmpwZWc=-.jpg,image,3,2024-02-28 14:44:31,2024-04-26 22:59:51,6567a397ba709,کت,Coat,"جنس :فاستونی
رنگبندی: مشکی/طوسی
سایز۱(عرض سینه۶۲/قد۷۵/عرض شانه۴۶)
سایز۲(عرض سینه۶۵/قد۸۰/عرض شانه۵۲)

برای راهنمای اندازه ها به قسمت راهنمای محصول مراجعه کنید.",0,0,2023-11-11 20:28:09,2025-10-23 12:52:09,,
4,1,http://cdn.mouherwear1.comhttp://cdn.mouherwear1.com/Ocr8BwFyQvZQNneKkq0FgUrjhxYQiU-metaMEY5REEyQzMtRjYxOC00N0Q4LUI2NjgtNzI5QTgzRUE1QTA0LmpwZWc=-.jpg,image,4,2024-02-28 14:47:27,2024-04-26 22:59:51,6567a397ba709,کت,Coat,"جنس :فاستونی
رنگبندی: مشکی/طوسی
سایز۱(عرض سینه۶۲/قد۷۵/عرض شانه۴۶)
سایز۲(عرض سینه۶۵/قد۸۰/عرض شانه۵۲)

برای راهنمای اندازه ها به قسمت راهنمای محصول مراجعه کنید.",0,0,2023-11-11 20:28:09,2025-10-23 12:52:09,,
5,2,http://cdn.mouherwear1.comhttp://cdn.mouherwear1.com/HuGBMr1kuE4V0ObEgH7IWDWtjNPmzD-metaNDFEQkQ0QjktOEI0QS00MkU5LUI4QjctNjFCQTNDQjUzN0M2LmpwZWc=-.jpg,image,1,2024-02-28 15:24:58,2025-03-02 13:31:11,6567a397bacd3,شلوار تک پیله فاستونی,Ppnngff,"جنس:فاستونی
رنگبندی:طوسی/مشکی
سایز۱(دورکمر۶۸ الی۸۵)
سایز۲(دورکمر۸۶الی۱۰۵)
دور ران ۶۸
قد کار ۱۱۰

برای راهنمای انتخاب سایز به راهنمای‌محصول‌ مراجعه کنید",0,1,2023-11-11 20:45:35,2025-10-23 12:52:37,,
6,2,http://cdn.mouherwear1.comhttp://cdn.mouherwear1.com/U8PAVCveTJ2vLnHkDhBUymOiZFgAa3-metaMTlGMUY5OEQtQjFFOS00ODBGLUE3Q0EtMTBCQ0JDNTMwNjFELmpwZWc=-.jpg,thumbnail,1,2024-02-28 15:25:54,2025-03-02 13:32:16,6567a397bacd3,شلوار تک پیله فاستونی,Ppnngff,"جنس:فاستونی
رنگبندی:طوسی/مشکی
سایز۱(دورکمر۶۸ الی۸۵)
سایز۲(دورکمر۸۶الی۱۰۵)
دور ران ۶۸
قد کار ۱۱۰

برای راهنمای انتخاب سایز به راهنمای‌محصول‌ مراجعه کنید",0,1,2023-11-11 20:45:35,2025-10-23 12:52:37,,
7,2,http://cdn.mouherwear1.comhttp://cdn.mouherwear1.com/01JNAS0AKG66S3M9NXKM7NCH2K.webp,image,1,2025-03-02 13:34:26,2025-03-02 13:34:26,6567a397bacd3,شلوار تک پیله فاستونی,Ppnngff,"جنس:فاستونی
رنگبندی:طوسی/مشکی
سایز۱(دورکمر۶۸ الی۸۵)
سایز۲(دورکمر۸۶الی۱۰۵)
دور ران ۶۸
قد کار ۱۱۰

برای راهنمای انتخاب سایز به راهنمای‌محصول‌ مراجعه کنید",0,1,2023-11-11 20:45:35,2025-10-23 12:52:37,,
8,2,http://cdn.mouherwear1.comhttp://cdn.mouherwear1.com/01JNAS117FYK7HW6MCFEK3HBPA.webp,image,1,2025-03-02 13:34:50,2025-03-02 13:34:50,6567a397bacd3,شلوار تک پیله فاستونی,Ppnngff,"جنس:فاستونی
رنگبندی:طوسی/مشکی
سایز۱(دورکمر۶۸ الی۸۵)
سایز۲(دورکمر۸۶الی۱۰۵)
دور ران ۶۸
قد کار ۱۱۰

برای راهنمای انتخاب سایز به راهنمای‌محصول‌ مراجعه کنید",0,1,2023-11-11 20:45:35,2025-10-23 12:52:37,,
9,2,http://cdn.mouherwear1.comhttp://cdn.mouherwear1.com/01JNAS1G2W5AD57FTX6DEKB4NB.webp,image,1,2025-03-02 13:35:05,2025-03-02 13:35:05,6567a397bacd3,شلوار تک پیله فاستونی,Ppnngff,"جنس:فاستونی
رنگبندی:طوسی/مشکی
سایز۱(دورکمر۶۸ الی۸۵)
سایز۲(دورکمر۸۶الی۱۰۵)
دور ران ۶۸
قد کار ۱۱۰

برای راهنمای انتخاب سایز به راهنمای‌محصول‌ مراجعه کنید",0,1,2023-11-11 20:45:35,2025-10-23 12:52:37,,
10,2,http://cdn.mouherwear1.comhttp://cdn.mouherwear1.com/01JNAYMCSTQA0DMYNYPSFRFNHN.webp,image,1,2025-03-02 15:12:47,2025-03-02 15:12:47,6567a397bacd3,شلوار تک پیله فاستونی,Ppnngff,"جنس:فاستونی
رنگبندی:طوسی/مشکی
سایز۱(دورکمر۶۸ الی۸۵)
سایز۲(دورکمر۸۶الی۱۰۵)
دور ران ۶۸
قد کار ۱۱۰

برای راهنمای انتخاب سایز به راهنمای‌محصول‌ مراجعه کنید",0,1,2023-11-11 20:45:35,2025-10-23 12:52:37,,
11,3,http://cdn.mouherwear1.comhttp://cdn.mouherwear1.com/G9SBF9lyyzloXloq1DQcUyMIzIGYyF-metaMERBQUZFQzQtRkI2Ni00MzU4LTg4QUMtODgwMTY5RTY1RTRDLmpwZWc=-.jpg,thumbnail,1,2024-02-29 18:40:54,2024-02-29 18:40:54,,شلوار تک پیله راه راه,Pantss,"جنس:فاستونی
رنگبندی:تک رنگ
سایز۱(دورکمر۶۸ الی۸۵)
سایز۲(دورکمر۸۶ الی۱۰۵)
دور ران ۶۸
قد۱10(قدکار تن مدل اقا ۱۰۵ برای سفارش این قد فقط از طریق دایرکت اقدام کنید🙏🏽)",0,0,2024-02-23 15:59:50,2025-10-23 12:52:14,,
12,3,http://cdn.mouherwear1.comhttp://cdn.mouherwear1.com/pM87mjoq6zQY7xMOekLQpLSwKUxP8t-metaMkM0QjVGQzgtRTJCMi00NkEzLUJEN0MtQkY3QjExMzkwMUI0LmpwZWc=-.jpg,image,1,2024-02-29 18:42:10,2024-02-29 18:42:10,,شلوار تک پیله راه راه,Pantss,"جنس:فاستونی
رنگبندی:تک رنگ
سایز۱(دورکمر۶۸ الی۸۵)
سایز۲(دورکمر۸۶ الی۱۰۵)
دور ران ۶۸
قد۱10(قدکار تن مدل اقا ۱۰۵ برای سفارش این قد فقط از طریق دایرکت اقدام کنید🙏🏽)",0,0,2024-02-23 15:59:50,2025-10-23 12:52:14,,
13,3,http://cdn.mouherwear1.comhttp://cdn.mouherwear1.com/ITzXMk0f9JKsw3zR09o7v54VxAFRVg-metaQUI2NjFBMjEtMDkzQi00MEEwLUI4MjYtN0VERTg4RDBCRkJDLmpwZWc=-.jpg,image,1,2024-02-29 18:47:06,2024-02-29 18:47:06,,شلوار تک پیله راه راه,Pantss,"جنس:فاستونی
رنگبندی:تک رنگ
سایز۱(دورکمر۶۸ الی۸۵)
سایز۲(دورکمر۸۶ الی۱۰۵)
دور ران ۶۸
قد۱10(قدکار تن مدل اقا ۱۰۵ برای سفارش این قد فقط از طریق دایرکت اقدام کنید🙏🏽)",0,0,2024-02-23 15:59:50,2025-10-23 12:52:14,,
14,5,http://cdn.mouherwear1.comhttp://cdn.mouherwear1.com/9IGeOFpLuAyiEdpySPHxUoG0YFvquI-metaQjgzNkMyQkItQjRDMS00NDk1LUI1QjctMjkyREQ0ODgwM0QyLmpwZWc=-.jpg,image,1,2024-03-01 12:30:53,2024-03-01 12:30:53,,کراپ کت,Croppp,"جنس:فاستونی
رنگبندی:مشکی راه راه
فری سایز(عرض سینه۶۱/قد بدون تیزی جلوی کار ۵۲)

",0,1,2024-03-01 12:26:42,2024-04-07 22:56:04,,
15,5,http://cdn.mouherwear1.comhttp://cdn.mouherwear1.com/JmPRJzfYOvJO2WpugMsw1ruz1d70O8-metaQ0FFRDA0REYtNDczMy00NDYyLUI4M0QtRkFGOEQ0MkM1MUQwLmpwZWc=-.jpg,thumbnail,1,2024-03-01 12:31:55,2024-03-01 12:31:55,,کراپ کت,Croppp,"جنس:فاستونی
رنگبندی:مشکی راه راه
فری سایز(عرض سینه۶۱/قد بدون تیزی جلوی کار ۵۲)

",0,1,2024-03-01 12:26:42,2024-04-07 22:56:04,,
16,5,http://cdn.mouherwear1.comhttp://cdn.mouherwear1.com/CpMksIUhk6CxG7xEcBlJNjR1yWQSho-metaQzJERjlFMDgtNDA1OS00MEM1LUFGRkYtNEZFMDE5ODQ3REJELmpwZWc=-.jpg,image,1,2024-03-01 12:32:40,2024-03-01 12:32:40,,کراپ کت,Croppp,"جنس:فاستونی
رنگبندی:مشکی راه راه
فری سایز(عرض سینه۶۱/قد بدون تیزی جلوی کار ۵۲)

",0,1,2024-03-01 12:26:42,2024-04-07 22:56:04,,
17,5,http://cdn.mouherwear1.comhttp://cdn.mouherwear1.com/XDfQzb8WgX1bV82WdEbPDmCZBlf2s3-metaQkUzREM1NzktODk4Ri00QzY1LUJBNUItNTA4RjFCNzBBQzk4LmpwZWc=-.jpg,image,1,2024-03-01 12:34:24,2024-03-01 12:34:24,,کراپ کت,Croppp,"جنس:فاستونی
رنگبندی:مشکی راه راه
فری سایز(عرض سینه۶۱/قد بدون تیزی جلوی کار ۵۲)

",0,1,2024-03-01 12:26:42,2024-04-07 22:56:04,,
18,6,http://cdn.mouherwear1.comhttp://cdn.mouherwear1.com/DURQpXrM6hWXV6m7LnjtoldKywBuRW-metaRTMxQUE5RDktNUM5RC00Q0YwLUE2NzgtNTkxRkI0QTQxNTVELmpwZWc=-.jpg,thumbnail,1,2024-03-02 12:13:21,2024-03-02 12:13:21,,پیراهن حصیری,Hasiriii,"
رنگبندی:سفید/مشکی/قهوه ای/کرم
فری سایز(عرض سینه63/قد78)",0,1,2024-03-02 12:12:25,2025-10-23 12:52:25,,
19,6,http://cdn.mouherwear1.comhttp://cdn.mouherwear1.com/2DzALNxHWULPVGYmrhbGPUW5LdZV7P-metaNzZCMDA3N0UtNzEzOC00QTVBLUFBRjQtMkJBRjBFMjkwRUI4LmpwZWc=-.jpg,image,1,2024-03-02 12:13:53,2024-03-02 12:13:53,,پیراهن حصیری,Hasiriii,"
رنگبندی:سفید/مشکی/قهوه ای/کرم
فری سایز(عرض سینه63/قد78)",0,1,2024-03-02 12:12:25,2025-10-23 12:52:25,,
20,6,http://cdn.mouherwear1.comhttp://cdn.mouherwear1.com/HpsbdhqqrgqmB1mCHNpb42Tvru5JSe-metaQzFCREYwODAtMTkwRi00QkQ5LTg2MTQtNENBM0EyRTQyQTI5LmpwZWc=-.jpg,image,1,2024-03-02 12:14:53,2024-03-02 12:14:53,,پیراهن حصیری,Hasiriii,"
رنگبندی:سفید/مشکی/قهوه ای/کرم
فری سایز(عرض سینه63/قد78)",0,1,2024-03-02 12:12:25,2025-10-23 12:52:25,,
21,6,http://cdn.mouherwear1.comhttp://cdn.mouherwear1.com/01J764F1QDJT3MQM5ZQ45D3ZYN.webp,thumbnail,1,2024-09-07 18:38:49,2024-09-07 18:38:49,,پیراهن حصیری,Hasiriii,"
رنگبندی:سفید/مشکی/قهوه ای/کرم
فری سایز(عرض سینه63/قد78)",0,1,2024-03-02 12:12:25,2025-10-23 12:52:25,,
22,6,http://cdn.mouherwear1.comhttp://cdn.mouherwear1.com/01J764J7V28SEJFJBTGSW4QBKR.webp,image,1,2024-09-07 18:40:33,2024-09-07 18:40:33,,پیراهن حصیری,Hasiriii,"
رنگبندی:سفید/مشکی/قهوه ای/کرم
فری سایز(عرض سینه63/قد78)",0,1,2024-03-02 12:12:25,2025-10-23 12:52:25,,
23,7,http://cdn.mouherwear1.comhttp://cdn.mouherwear1.com/wXyY7zxWE5RaWnb8HGdgvefvrtmlQt-metaOTBENTJBOTMtRUEwRi00OTFFLUIxMTgtOTY2QTlBNDA2RjdELmpwZWc=-.jpg,image,1,2024-03-02 12:39:59,2024-03-02 12:39:59,,شلوار کمر کش,Tro,"جنس:سوپر مازراتی
رنگبندی:کرم/مشکی
فری سایز(دورکمر67الی110)
دور ران 68
قد106",0,1,2024-03-02 12:34:40,2025-03-03 15:43:33,,
24,7,http://cdn.mouherwear1.comhttp://cdn.mouherwear1.com/st5lB6sRi9Tv1O5TEuuk39r9aHEdTX-metaQTZGRDBGRDctODQ4Qy00RkRBLTk2RDMtNkY1NUNDRDJGOEI3LmpwZWc=-.jpg,image,1,2024-03-02 12:40:34,2024-03-02 12:40:34,,شلوار کمر کش,Tro,"جنس:سوپر مازراتی
رنگبندی:کرم/مشکی
فری سایز(دورکمر67الی110)
دور ران 68
قد106",0,1,2024-03-02 12:34:40,2025-03-03 15:43:33,,
25,7,http://cdn.mouherwear1.comhttp://cdn.mouherwear1.com/01JNASTVAAW6JRZQJV3RAVRE07.webp,image,1,2025-03-02 13:48:55,2025-03-02 14:02:44,,شلوار کمر کش,Tro,"جنس:سوپر مازراتی
رنگبندی:کرم/مشکی
فری سایز(دورکمر67الی110)
دور ران 68
قد106",0,1,2024-03-02 12:34:40,2025-03-03 15:43:33,,
26,7,http://cdn.mouherwear1.comhttp://cdn.mouherwear1.com/01JNASV5FYYYMRMPBEBF6ZFPWR.webp,image,1,2025-03-02 13:49:06,2025-03-02 13:49:06,,شلوار کمر کش,Tro,"جنس:سوپر مازراتی
رنگبندی:کرم/مشکی
فری سایز(دورکمر67الی110)
دور ران 68
قد106",0,1,2024-03-02 12:34:40,2025-03-03 15:43:33,,
27,7,http://cdn.mouherwear1.comhttp://cdn.mouherwear1.com/01JNASVGDF4ABGFFPRQCQ8ES22.webp,image,1,2025-03-02 13:49:17,2025-03-02 13:49:17,,شلوار کمر کش,Tro,"جنس:سوپر مازراتی
رنگبندی:کرم/مشکی
فری سایز(دورکمر67الی110)
دور ران 68
قد106",0,1,2024-03-02 12:34:40,2025-03-03 15:43:33,,
28,7,http://cdn.mouherwear1.comhttp://cdn.mouherwear1.com/01JNASVTYME7NTGVZ0XBDK08CK.webp,image,1,2025-03-02 13:49:28,2025-03-02 13:49:28,,شلوار کمر کش,Tro,"جنس:سوپر مازراتی
رنگبندی:کرم/مشکی
فری سایز(دورکمر67الی110)
دور ران 68
قد106",0,1,2024-03-02 12:34:40,2025-03-03 15:43:33,,
29,7,http://cdn.mouherwear1.comhttp://cdn.mouherwear1.com/01JNASW613DYA4RDWPAMTMTDMP.webp,image,1,2025-03-02 13:49:39,2025-03-02 13:49:39,,شلوار کمر کش,Tro,"جنس:سوپر مازراتی
رنگبندی:کرم/مشکی
فری سایز(دورکمر67الی110)
دور ران 68
قد106",0,1,2024-03-02 12:34:40,2025-03-03 15:43:33,,
30,7,http://cdn.mouherwear1.comhttp://cdn.mouherwear1.com/01JNATNF4405DG4H5BCCMRWSN6.webp,thumbnail,1,2025-03-02 14:03:28,2025-03-02 14:03:28,,شلوار کمر کش,Tro,"جنس:سوپر مازراتی
رنگبندی:کرم/مشکی
فری سایز(دورکمر67الی110)
دور ران 68
قد106",0,1,2024-03-02 12:34:40,2025-03-03 15:43:33,,
31,7,http://cdn.mouherwear1.comhttp://cdn.mouherwear1.com/01JNATNZ32K4N4BNA0D975CJ1D.webp,image,1,2025-03-02 14:03:44,2025-03-02 14:03:44,,شلوار کمر کش,Tro,"جنس:سوپر مازراتی
رنگبندی:کرم/مشکی
فری سایز(دورکمر67الی110)
دور ران 68
قد106",0,1,2024-03-02 12:34:40,2025-03-03 15:43:33,,
32,8,http://cdn.mouherwear1.comhttp://cdn.mouherwear1.com/2cOvnYnsRKM6dBQlvbuBZNxOWVx9UF-metaMThBNjYyQjctMTk0Ni00QjFCLUFCRDktMzYzQ0M5RkI2NzY3LmpwZWc=-.jpg,image,1,2024-03-02 12:47:21,2024-03-02 12:47:21,,پیراهن تک جیب,Ttttaaakkk,"جنس:لینن
رنگبندی:مشکی/سفید
سایز۱(عرض سینه۶۲/قد۷۵)
سایز۲(عرض سینه۶۴/قد۸۰)",0,0,2024-03-02 12:46:44,2025-09-08 19:50:09,,
33,8,http://cdn.mouherwear1.comhttp://cdn.mouherwear1.com/ORLSbFx05VTTmvbA6KMnKCKXo3gwrM-metaRTQ5RkUzMTctNjU2My00NzMyLTk4MTUtOTMyRjM3MzFEMTUxLmpwZWc=-.jpg,thumbnail,1,2024-03-02 12:47:38,2024-03-02 12:47:38,,پیراهن تک جیب,Ttttaaakkk,"جنس:لینن
رنگبندی:مشکی/سفید
سایز۱(عرض سینه۶۲/قد۷۵)
سایز۲(عرض سینه۶۴/قد۸۰)",0,0,2024-03-02 12:46:44,2025-09-08 19:50:09,,
34,8,http://cdn.mouherwear1.comhttp://cdn.mouherwear1.com/s9RG5bUmLjPjpGTMOsJhx657Ry8QW3-metaQjU4RTEyMjEtRERGNy00NkM3LUFDNUQtNkZGNjEyQjQ2Qzk0LmpwZWc=-.jpg,image,1,2024-03-02 12:48:00,2024-03-02 12:48:00,,پیراهن تک جیب,Ttttaaakkk,"جنس:لینن
رنگبندی:مشکی/سفید
سایز۱(عرض سینه۶۲/قد۷۵)
سایز۲(عرض سینه۶۴/قد۸۰)",0,0,2024-03-02 12:46:44,2025-09-08 19:50:09,,
35,9,http://cdn.mouherwear1.comhttp://cdn.mouherwear1.com/d6G3Ot9mcY6KoHEuQGfXJOcYJdojQ3-metaNDNBMTBBQTctOTRCQS00QjZCLTlBNkItNTEzNDZEQTA5OTdGLmpwZWc=-.jpg,thumbnail,1,2024-03-02 13:12:35,2024-03-02 13:12:35,,پیراهن راه راه آبی,Abbiiiirah,"جنس:لینن
رنگبندی:آبی
فری سایز(عرض سینه ۶۳/قد۷۸)",0,0,2024-03-02 13:12:12,2025-09-08 19:51:07,,
36,9,http://cdn.mouherwear1.comhttp://cdn.mouherwear1.com/bHr7WyBj3GrO8ypTOPP1elWjYrp73Y-metaMUJGMDUyRTQtRUUzOS00RUIwLTk5QjktNzNDNDBGOTU2RUVCLmpwZWc=-.jpg,image,1,2024-03-02 13:12:50,2024-03-02 13:12:50,,پیراهن راه راه آبی,Abbiiiirah,"جنس:لینن
رنگبندی:آبی
فری سایز(عرض سینه ۶۳/قد۷۸)",0,0,2024-03-02 13:12:12,2025-09-08 19:51:07,,
37,9,http://cdn.mouherwear1.comhttp://cdn.mouherwear1.com/fKZmK58sSkK6xwoQjdPtgWyh2MXxux-metaMTA3OUE5RDktMDUyRi00NzE3LUI2RUYtMzg2MUFGRDMwRUM1LmpwZWc=-.jpg,image,1,2024-03-02 13:13:16,2024-03-02 13:13:16,,پیراهن راه راه آبی,Abbiiiirah,"جنس:لینن
رنگبندی:آبی
فری سایز(عرض سینه ۶۳/قد۷۸)",0,0,2024-03-02 13:12:12,2025-09-08 19:51:07,,
38,9,http://cdn.mouherwear1.comhttp://cdn.mouherwear1.com/63bPsE8lb71XMgKHRUvGuqDRwrtWzK-metaQkE3NDA4QUQtOUQxQi00NzM0LUE1M0ItNjI5MDJDRkU0NUQ3LmpwZWc=-.jpg,image,1,2024-03-02 13:13:42,2024-03-02 13:13:42,,پیراهن راه راه آبی,Abbiiiirah,"جنس:لینن
رنگبندی:آبی
فری سایز(عرض سینه ۶۳/قد۷۸)",0,0,2024-03-02 13:12:12,2025-09-08 19:51:07,,
39,10,http://cdn.mouherwear1.comhttp://cdn.mouherwear1.com/Wbc8VNNERMOU8i5B6UIhjR5WA0zmzu-metaRDAxNkYwMUQtOUM3QS00REI0LTk4MkQtNTY5MUY0RjUyQ0QxLmpwZWc=-.jpg,image,1,2024-04-03 20:00:43,2024-04-03 20:02:47,,شلوار کارگو,Cargoooo,"جنس:کتان
رنگبندی:مشکی/سبز/قهوه ای/سرمه ای",0,1,2024-03-02 13:16:12,2025-09-10 19:40:41,,
40,10,http://cdn.mouherwear1.comhttp://cdn.mouherwear1.com/jqt9uHMqRsMENNc4HenpK1A9EP9gYb-metaQjgxQTBBRUMtMDhENi00RUE4LTk3NkYtRkYwNENFNzY5OTQwLmpwZWc=-.jpg,image,1,2024-04-03 20:01:47,2024-04-03 20:01:47,,شلوار کارگو,Cargoooo,"جنس:کتان
رنگبندی:مشکی/سبز/قهوه ای/سرمه ای",0,1,2024-03-02 13:16:12,2025-09-10 19:40:41,,
41,10,http://cdn.mouherwear1.comhttp://cdn.mouherwear1.com/GPZEDMt3JJrR6SlRwc4xXuCc14IMa8-metaRUJGRkEwMkItMTZEQi00OTcyLTkwNEQtRUY4MEEwQjM1MTc1LmpwZWc=-.jpg,thumbnail,1,2024-04-03 20:02:23,2024-04-03 20:02:23,,شلوار کارگو,Cargoooo,"جنس:کتان
رنگبندی:مشکی/سبز/قهوه ای/سرمه ای",0,1,2024-03-02 13:16:12,2025-09-10 19:40:41,,
42,10,http://cdn.mouherwear1.comhttp://cdn.mouherwear1.com/X7FYdOptidY34K8kUwqMOKAM772ijm-metaQkI4ODkzQUEtMDFBRS00NzFGLTkzRkUtRTM2OEUxNkYyQzEwLmpwZWc=-.jpg,image,1,2024-04-03 20:04:09,2024-04-03 20:04:09,,شلوار کارگو,Cargoooo,"جنس:کتان
رنگبندی:مشکی/سبز/قهوه ای/سرمه ای",0,1,2024-03-02 13:16:12,2025-09-10 19:40:41,,
43,10,http://cdn.mouherwear1.comhttp://cdn.mouherwear1.com/01JFCKTXVXEHNST5H7F9ERY124.webp,image,1,2024-12-18 17:08:24,2024-12-18 17:08:24,,شلوار کارگو,Cargoooo,"جنس:کتان
رنگبندی:مشکی/سبز/قهوه ای/سرمه ای",0,1,2024-03-02 13:16:12,2025-09-10 19:40:41,,
44,10,http://cdn.mouherwear1.comhttp://cdn.mouherwear1.com/WvLMvmm1VPX6Kej8FIOrwwIE24d1K7-metaREEyMkI5QzQtNDgxNC00MzRCLTk1MTktN0M5MzkzMkFDREY1LmpwZWc=-.jpg,image,12558,2024-04-03 20:03:34,2024-04-03 20:03:34,,شلوار کارگو,Cargoooo,"جنس:کتان
رنگبندی:مشکی/سبز/قهوه ای/سرمه ای",0,1,2024-03-02 13:16:12,2025-09-10 19:40:41,,
45,11,http://cdn.mouherwear1.comhttp://cdn.mouherwear1.com/gQoSLf4IYHTvUrFKgNg4aTBIR2e16s-metaRUY1QTRDNDktODQwMS00MjFBLTkyNjMtQTJFQ0REQjk4NjY0LmpwZWc=-.jpg,thumbnail,1,2024-03-03 12:30:21,2024-03-03 12:30:21,,پیراهن بیسیک,basiccc,"جنس:بابوس
رنگبندی:سفید و مشکی
فری سایز(عرض سینه۶۳/قد۷۸)
",0,1,2024-03-03 12:29:18,2024-09-07 18:48:03,,
46,11,http://cdn.mouherwear1.comhttp://cdn.mouherwear1.com/wpTN0MlvFctdJTNXXOMMcu66RQvPJc-metaMTU3MTY2RUQtRUE2MC00MEVELUI3RDktMTUyMTMyQzEzRDc5LmpwZWc=-.jpg,image,1,2024-03-03 12:31:31,2024-03-03 12:31:31,,پیراهن بیسیک,basiccc,"جنس:بابوس
رنگبندی:سفید و مشکی
فری سایز(عرض سینه۶۳/قد۷۸)
",0,1,2024-03-03 12:29:18,2024-09-07 18:48:03,,
47,11,http://cdn.mouherwear1.comhttp://cdn.mouherwear1.com/hsLgtssjovfenBa6cdJ64bYBDO642D-metaMUZEQTVFOTctQTc0Mi00Rjk0LTk2NEQtREI3MkE4NDdDMjc0LmpwZWc=-.jpg,image,1,2024-03-03 12:33:45,2024-03-03 12:33:45,,پیراهن بیسیک,basiccc,"جنس:بابوس
رنگبندی:سفید و مشکی
فری سایز(عرض سینه۶۳/قد۷۸)
",0,1,2024-03-03 12:29:18,2024-09-07 18:48:03,,
48,11,http://cdn.mouherwear1.comhttp://cdn.mouherwear1.com/qcAHDLjPQybt8NWEoZkTVq6b6zaZem-metaQUQyOTNCM0YtRTZCMi00OEFBLTgzMUItQzNCREM3MDNBRTg2LmpwZWc=-.jpg,image,1,2024-03-03 12:34:23,2024-03-03 12:34:23,,پیراهن بیسیک,basiccc,"جنس:بابوس
رنگبندی:سفید و مشکی
فری سایز(عرض سینه۶۳/قد۷۸)
",0,1,2024-03-03 12:29:18,2024-09-07 18:48:03,,
49,12,http://cdn.mouherwear1.comhttp://cdn.mouherwear1.com/4H04DFNnvrHeQ9el3Xd9IohcUyQqUW-metaRkZCNTVENUUtQ0MxRS00RjQ3LUFCRTAtRDU2NTREQTZENkRFLmpwZWc=-.jpg,thumbnail,1,2024-03-03 13:36:37,2024-03-03 13:36:37,,تیشرت بیسیک,TT-shirt,"جنس: پنبه دونخ
رنگبندی:سفید/مشکی/سبز/آبی
فری سایز(عرض سینه ۶۳/قد۷۸)",0,1,2024-03-03 13:36:01,2025-03-14 15:34:55,,
50,12,http://cdn.mouherwear1.comhttp://cdn.mouherwear1.com/SlOhYaqVuNAEplawd674pgSrJ6m3FQ-metaNzFBNDk2NTEtMzczNy00NkZBLTlDMkEtQkVGNEVBRTU1MDkzLmpwZWc=-.jpg,image,1,2024-03-03 13:37:09,2024-03-03 13:37:09,,تیشرت بیسیک,TT-shirt,"جنس: پنبه دونخ
رنگبندی:سفید/مشکی/سبز/آبی
فری سایز(عرض سینه ۶۳/قد۷۸)",0,1,2024-03-03 13:36:01,2025-03-14 15:34:55,,
51,12,http://cdn.mouherwear1.comhttp://cdn.mouherwear1.com/iDmOUc9tztyaFqGZyfYEoKVdoT23wX-metaNERENjIyMUMtQjYzMS00MDdELTgzRDQtNkFEQzQ3QTRGMEVCLmpwZWc=-.jpg,image,1,2024-03-03 13:37:47,2024-03-03 13:37:47,,تیشرت بیسیک,TT-shirt,"جنس: پنبه دونخ
رنگبندی:سفید/مشکی/سبز/آبی
فری سایز(عرض سینه ۶۳/قد۷۸)",0,1,2024-03-03 13:36:01,2025-03-14 15:34:55,,
52,12,http://cdn.mouherwear1.comhttp://cdn.mouherwear1.com/hoHG4whq7WvOPU3ab7rN8UH584LLpH-metaMkQ5Mjc1QjQtM0JCMC00MTZELUJGNkQtMzJFQTczM0ZDMTUyLmpwZWc=-.jpg,image,1,2024-03-03 13:39:41,2024-03-03 13:39:41,,تیشرت بیسیک,TT-shirt,"جنس: پنبه دونخ
رنگبندی:سفید/مشکی/سبز/آبی
فری سایز(عرض سینه ۶۳/قد۷۸)",0,1,2024-03-03 13:36:01,2025-03-14 15:34:55,,
53,13,http://cdn.mouherwear1.comhttp://cdn.mouherwear1.com/tMYSBlHsCdJsXeTqHclFeM0Mywshb3-metaRDNGMzQxOEQtNUY2OS00QTk5LUJDRTQtQTRBNTRFQTIzQUI3LmpwZWc=-.jpg,image,1,2024-03-03 13:46:59,2024-03-03 13:46:59,,پیراهن یقه انگلیسی,IP-englisi,"جنس:بابوس
رنگبندی:مشکی/سفید
سایز۱(عرض سینه ۶۲/قد۷۵)
سایز۲(عرض سینه ۶۵/قد۸۰)",0,1,2024-03-03 13:45:58,2024-09-07 19:00:50,,
54,13,http://cdn.mouherwear1.comhttp://cdn.mouherwear1.com/Z4hpHprJyQV8cTn7BZxcvhZ8GdXVPw-metaODMzQTVCNDUtMDg4QS00NzI0LUE2ODYtQ0IzNDczRjYzNTYxLmpwZWc=-.jpg,thumbnail,1,2024-03-03 13:47:29,2024-03-03 13:47:29,,پیراهن یقه انگلیسی,IP-englisi,"جنس:بابوس
رنگبندی:مشکی/سفید
سایز۱(عرض سینه ۶۲/قد۷۵)
سایز۲(عرض سینه ۶۵/قد۸۰)",0,1,2024-03-03 13:45:58,2024-09-07 19:00:50,,
55,13,http://cdn.mouherwear1.comhttp://cdn.mouherwear1.com/9drDNoU4tmFAjT4aBFwIUkVgCMwqd1-metaNEJDNzg0QkMtOUYyNy00RjU0LTkxMTQtQkZBNjQ3ODU0QTMwLmpwZWc=-.jpg,image,1,2024-03-03 13:48:36,2024-03-03 13:48:36,,پیراهن یقه انگلیسی,IP-englisi,"جنس:بابوس
رنگبندی:مشکی/سفید
سایز۱(عرض سینه ۶۲/قد۷۵)
سایز۲(عرض سینه ۶۵/قد۸۰)",0,1,2024-03-03 13:45:58,2024-09-07 19:00:50,,
56,14,http://cdn.mouherwear1.comhttp://cdn.mouherwear1.com/ubORIs43g2clqR9ob4Z2V35hg7gWNT-metaMjBFQUVFNkMtNzFCOS00RDM2LThENjUtQjlGNzU0QzA2QUYxLmpwZWc=-.jpg,thumbnail,1,2024-03-03 14:19:48,2024-03-03 14:19:48,,شلوار بگ لینن,NBag-linen,"جنس:لینن
رنگبندی:سفید/مشکی
سایز۱(دورکمر۶۸ الی۸۵)
سایز(دورکمر۸۶الی۱۰۶)
دور ران ۷۰
قد کار ۱۱۰",0,1,2024-03-03 13:52:42,2024-03-03 14:23:29,,
57,14,http://cdn.mouherwear1.comhttp://cdn.mouherwear1.com/ZaNNokQzRjgPAHb1ARwLlr8bJ3EkkO-metaNkU5NkI3NzAtOENDNy00MDc3LThBRkMtREUzMzdFRDc2NkEyLmpwZWc=-.jpg,image,1,2024-03-03 14:20:14,2024-03-03 14:20:14,,شلوار بگ لینن,NBag-linen,"جنس:لینن
رنگبندی:سفید/مشکی
سایز۱(دورکمر۶۸ الی۸۵)
سایز(دورکمر۸۶الی۱۰۶)
دور ران ۷۰
قد کار ۱۱۰",0,1,2024-03-03 13:52:42,2024-03-03 14:23:29,,
58,14,http://cdn.mouherwear1.comhttp://cdn.mouherwear1.com/FkQ5HRlHm3uRuZKJ8aHUk8ShxC3N1i-metaNTRGOThFMDItMTlFQi00NzczLUExNkItQ0E3MDhBNjQyOEZBLmpwZWc=-.jpg,image,1,2024-03-03 14:20:42,2024-03-03 14:20:42,,شلوار بگ لینن,NBag-linen,"جنس:لینن
رنگبندی:سفید/مشکی
سایز۱(دورکمر۶۸ الی۸۵)
سایز(دورکمر۸۶الی۱۰۶)
دور ران ۷۰
قد کار ۱۱۰",0,1,2024-03-03 13:52:42,2024-03-03 14:23:29,,
59,14,http://cdn.mouherwear1.comhttp://cdn.mouherwear1.com/LPfH45WQCP4Nyb4jNtX8nbRCXS6rnz-metaNDAyMzVBNTMtNDBFMi00QTY0LThDNDAtRTg5NUZCMEIyQzNGLmpwZWc=-.jpg,image,1,2024-03-03 14:21:28,2024-03-03 14:21:28,,شلوار بگ لینن,NBag-linen,"جنس:لینن
رنگبندی:سفید/مشکی
سایز۱(دورکمر۶۸ الی۸۵)
سایز(دورکمر۸۶الی۱۰۶)
دور ران ۷۰
قد کار ۱۱۰",0,1,2024-03-03 13:52:42,2024-03-03 14:23:29,,
60,15,http://cdn.mouherwear1.comhttp://cdn.mouherwear1.com/WfJQc6mdy3gjumiY09wz0eHNzULVxx-metaQjJBMENBMzMtOEFEMi00NjJELTlDQTUtNjE4MDE0MEY2NTczLmpwZWc=-.jpg,image,1,2024-03-03 14:31:39,2024-03-03 14:32:42,,کت لینن,LLinen-coat,"جنس:لینن
رنگبندی:سبز/مشکی
سایز۱(عرض سینه۶۲/قد۷۵)
سایز۲(عرض سینه۶۵/قد۸۰)",0,1,2024-03-03 14:28:25,2025-10-23 12:53:02,,
61,15,http://cdn.mouherwear1.comhttp://cdn.mouherwear1.com/cuSGSw7PuZf5taFso9SH8Xok3jACLH-metaNkI5NjgwREQtRjIxOS00MjdFLTlGNjYtREE1NzY2NTNDRkVBLmpwZWc=-.jpg,thumbnail,1,2024-03-03 14:32:09,2024-03-03 14:32:09,,کت لینن,LLinen-coat,"جنس:لینن
رنگبندی:سبز/مشکی
سایز۱(عرض سینه۶۲/قد۷۵)
سایز۲(عرض سینه۶۵/قد۸۰)",0,1,2024-03-03 14:28:25,2025-10-23 12:53:02,,
62,15,http://cdn.mouherwear1.comhttp://cdn.mouherwear1.com/xl2YE695jftUcXX9bCfsNqANlSSNe6-metaQ0M4MkJFQ0QtOENCOC00RUJGLUE1RTYtQTE1MTEzQ0JENTVBLmpwZWc=-.jpg,image,1,2024-03-03 14:33:19,2024-03-03 14:33:19,,کت لینن,LLinen-coat,"جنس:لینن
رنگبندی:سبز/مشکی
سایز۱(عرض سینه۶۲/قد۷۵)
سایز۲(عرض سینه۶۵/قد۸۰)",0,1,2024-03-03 14:28:25,2025-10-23 12:53:02,,
63,15,http://cdn.mouherwear1.comhttp://cdn.mouherwear1.com/XsjBiYqrgQCWmozd99tRw3qHwQLYGd-metaQjkzODg3MDAtNkM2Qi00Q0UwLUE4MzgtRDU2NjBCODdBNkQyLmpwZWc=-.jpg,image,1,2024-03-03 14:36:47,2024-03-03 14:36:47,,کت لینن,LLinen-coat,"جنس:لینن
رنگبندی:سبز/مشکی
سایز۱(عرض سینه۶۲/قد۷۵)
سایز۲(عرض سینه۶۵/قد۸۰)",0,1,2024-03-03 14:28:25,2025-10-23 12:53:02,,
64,15,http://cdn.mouherwear1.comhttp://cdn.mouherwear1.com/K6P5FRa9Jdtqf8qGfJLTb0h68X7TZ5-metaREY5QTc3MEUtMkQwNS00Q0VCLTk5NzktODdENkI4QzBDN0RBLmpwZWc=-.jpg,image,1,2024-03-03 14:37:45,2024-03-03 14:37:45,,کت لینن,LLinen-coat,"جنس:لینن
رنگبندی:سبز/مشکی
سایز۱(عرض سینه۶۲/قد۷۵)
سایز۲(عرض سینه۶۵/قد۸۰)",0,1,2024-03-03 14:28:25,2025-10-23 12:53:02,,
65,16,http://cdn.mouherwear1.comhttp://cdn.mouherwear1.com/Lm2zNE5gF4XcZ6Gw3yTjytF1h7bABr-metaQjAyREUzNzAtREZBRC00REVFLTk0MzItMzY1QzAwMkEzNjhCLmpwZWc=-.jpg,thumbnail,1,2024-03-03 15:15:05,2024-03-03 15:15:05,,شلوار دو پیله,PP-mazerati,"جنس:کرپ مازراتی
رنگبندی:کرم /مشکی
سایز۱(دورکمر۶۸ الی۸۵)
سایز۲(دورکمر۸۶ الی۱۰۶)
دور ران ۶۸
قد۱۱۰",0,1,2024-03-03 15:07:35,2025-03-02 14:02:03,,
66,16,http://cdn.mouherwear1.comhttp://cdn.mouherwear1.com/NRZcViiWcre2Vhr0qoAj5vnEAt0GF5-metaQTk0QjFGNDktMjRBOC00MzdELTlGNjEtM0M1NTVGOThDMzE5LmpwZWc=-.jpg,image,1,2024-03-03 15:15:25,2024-03-03 15:15:25,,شلوار دو پیله,PP-mazerati,"جنس:کرپ مازراتی
رنگبندی:کرم /مشکی
سایز۱(دورکمر۶۸ الی۸۵)
سایز۲(دورکمر۸۶ الی۱۰۶)
دور ران ۶۸
قد۱۱۰",0,1,2024-03-03 15:07:35,2025-03-02 14:02:03,,
67,16,http://cdn.mouherwear1.comhttp://cdn.mouherwear1.com/Q4VcffWs7L8fPHkUGPugGhLMeP9rU4-metaMDVGRTExNTgtMDU1QS00MEM2LTg5NUQtMzBFMEVGQ0M1RDNDLmpwZWc=-.jpg,image,1,2024-03-03 15:15:49,2024-03-03 15:15:49,,شلوار دو پیله,PP-mazerati,"جنس:کرپ مازراتی
رنگبندی:کرم /مشکی
سایز۱(دورکمر۶۸ الی۸۵)
سایز۲(دورکمر۸۶ الی۱۰۶)
دور ران ۶۸
قد۱۱۰",0,1,2024-03-03 15:07:35,2025-03-02 14:02:03,,
68,16,http://cdn.mouherwear1.comhttp://cdn.mouherwear1.com/01JFF0ZKTT379X2SJTGX7V9Y69.webp,image,1,2024-12-19 15:36:43,2024-12-19 15:36:43,,شلوار دو پیله,PP-mazerati,"جنس:کرپ مازراتی
رنگبندی:کرم /مشکی
سایز۱(دورکمر۶۸ الی۸۵)
سایز۲(دورکمر۸۶ الی۱۰۶)
دور ران ۶۸
قد۱۱۰",0,1,2024-03-03 15:07:35,2025-03-02 14:02:03,,
69,16,http://cdn.mouherwear1.comhttp://cdn.mouherwear1.com/01JFF37P4K845KE5D7GY9MCHMB.webp,image,1,2024-12-19 16:16:11,2024-12-19 16:16:11,,شلوار دو پیله,PP-mazerati,"جنس:کرپ مازراتی
رنگبندی:کرم /مشکی
سایز۱(دورکمر۶۸ الی۸۵)
سایز۲(دورکمر۸۶ الی۱۰۶)
دور ران ۶۸
قد۱۱۰",0,1,2024-03-03 15:07:35,2025-03-02 14:02:03,,
70,16,http://cdn.mouherwear1.comhttp://cdn.mouherwear1.com/01JNATHB19QZA7M9H8CGJ8FGA4.webp,image,1,2025-03-02 14:01:12,2025-03-02 14:01:12,,شلوار دو پیله,PP-mazerati,"جنس:کرپ مازراتی
رنگبندی:کرم /مشکی
سایز۱(دورکمر۶۸ الی۸۵)
سایز۲(دورکمر۸۶ الی۱۰۶)
دور ران ۶۸
قد۱۱۰",0,1,2024-03-03 15:07:35,2025-03-02 14:02:03,,
71,16,http://cdn.mouherwear1.comhttp://cdn.mouherwear1.com/01JNATHQ6DV238GNHFH81M9W61.webp,image,1,2025-03-02 14:01:25,2025-03-02 14:01:25,,شلوار دو پیله,PP-mazerati,"جنس:کرپ مازراتی
رنگبندی:کرم /مشکی
سایز۱(دورکمر۶۸ الی۸۵)
سایز۲(دورکمر۸۶ الی۱۰۶)
دور ران ۶۸
قد۱۱۰",0,1,2024-03-03 15:07:35,2025-03-02 14:02:03,,
72,16,http://cdn.mouherwear1.comhttp://cdn.mouherwear1.com/01JNATJ4K66QPCJ50MNZBBQCDB.webp,image,1,2025-03-02 14:01:39,2025-03-02 14:01:39,,شلوار دو پیله,PP-mazerati,"جنس:کرپ مازراتی
رنگبندی:کرم /مشکی
سایز۱(دورکمر۶۸ الی۸۵)
سایز۲(دورکمر۸۶ الی۱۰۶)
دور ران ۶۸
قد۱۱۰",0,1,2024-03-03 15:07:35,2025-03-02 14:02:03,,
73,16,http://cdn.mouherwear1.comhttp://cdn.mouherwear1.com/01JNATJEM0XQKW9YSQZQ6C64ZY.webp,image,1,2025-03-02 14:01:49,2025-03-02 14:01:49,,شلوار دو پیله,PP-mazerati,"جنس:کرپ مازراتی
رنگبندی:کرم /مشکی
سایز۱(دورکمر۶۸ الی۸۵)
سایز۲(دورکمر۸۶ الی۱۰۶)
دور ران ۶۸
قد۱۱۰",0,1,2024-03-03 15:07:35,2025-03-02 14:02:03,,
74,16,http://cdn.mouherwear1.comhttp://cdn.mouherwear1.com/01JNAWCEMNMYQXBPHFHA55MDTV.webp,image,1,2025-03-02 14:33:30,2025-03-02 14:33:30,,شلوار دو پیله,PP-mazerati,"جنس:کرپ مازراتی
رنگبندی:کرم /مشکی
سایز۱(دورکمر۶۸ الی۸۵)
سایز۲(دورکمر۸۶ الی۱۰۶)
دور ران ۶۸
قد۱۱۰",0,1,2024-03-03 15:07:35,2025-03-02 14:02:03,,
75,17,http://cdn.mouherwear1.comhttp://cdn.mouherwear1.com/BLNowATNDFElItjLZ8v94muoXzVwCq-metaOUZCNDc3RTUtMjI4NC00MTI4LTlEMUItMUVGMkNFRTUyNzFDLmpwZWc=-.jpg,image,1,2024-03-03 15:52:49,2024-03-03 15:52:55,,پیراهن راه راه کنفی,Piran—-,"جنس:لینن
تک رنگ
فری سایز(عرض سینه۶۴/قد۷۸)",0,1,2024-03-03 15:51:57,2025-10-23 12:53:23,,
76,17,http://cdn.mouherwear1.comhttp://cdn.mouherwear1.com/aIFBsl9rJXZ9eEFlyDIfxWLHVClP0S-metaNkU4QzM0QkItMDg1RC00M0ZBLTk2ODktOTBGNDQzRDRGMzMyLmpwZWc=-.jpg,thumbnail,1,2024-03-03 15:53:33,2024-03-03 15:53:33,,پیراهن راه راه کنفی,Piran—-,"جنس:لینن
تک رنگ
فری سایز(عرض سینه۶۴/قد۷۸)",0,1,2024-03-03 15:51:57,2025-10-23 12:53:23,,
77,17,http://cdn.mouherwear1.comhttp://cdn.mouherwear1.com/gGdz3iYziJlKc3fMnNcyutMvjxRsqU-metaN0E0NzRFQzAtQUIyNy00Q0YyLUFFOUQtODFGODNEMjc3MDk5LmpwZWc=-.jpg,image,1,2024-03-03 15:54:37,2024-03-03 15:54:37,,پیراهن راه راه کنفی,Piran—-,"جنس:لینن
تک رنگ
فری سایز(عرض سینه۶۴/قد۷۸)",0,1,2024-03-03 15:51:57,2025-10-23 12:53:23,,
78,18,http://cdn.mouherwear1.comhttp://cdn.mouherwear1.com/j1eAEBVlR5e6dPNS0sdVWPvXEE8jvD-metaRUQzNjI3MEUtREFEOS00MEIyLTlDQkEtQTk1OUFENzQyQUU3LmpwZWc=-.jpg,thumbnail,1,2024-04-03 15:08:00,2024-04-03 15:08:00,,وست ,Vessst,"وست
جنس:سوپر مازراتی
فری سایز(عرض سینه۶۳/قد۶۵)
رنگبندی:مشکی/کرم استخوانی",0,1,2024-04-03 15:06:20,2024-04-03 15:10:12,,
79,18,http://cdn.mouherwear1.comhttp://cdn.mouherwear1.com/AhjkWE1JcwKr6vMCvcPixO4xaShEvM-metaREIxMkQxRUEtRjlEQy00RTE1LTg5M0MtRjIwQzkzNjI5RUM3LmpwZWc=-.jpg,image,1,2024-04-03 15:08:16,2024-04-03 15:08:16,,وست ,Vessst,"وست
جنس:سوپر مازراتی
فری سایز(عرض سینه۶۳/قد۶۵)
رنگبندی:مشکی/کرم استخوانی",0,1,2024-04-03 15:06:20,2024-04-03 15:10:12,,
80,18,http://cdn.mouherwear1.comhttp://cdn.mouherwear1.com/0KH2HDj7vBoP8SCPyHjWA5YPP4GhFT-metaRDkzQzk5OTMtNkVEQS00RjY4LUEzRDktQ0JGQUY3RkFFNUY0LmpwZWc=-.jpg,image,21,2024-04-03 15:08:59,2024-04-03 15:08:59,,وست ,Vessst,"وست
جنس:سوپر مازراتی
فری سایز(عرض سینه۶۳/قد۶۵)
رنگبندی:مشکی/کرم استخوانی",0,1,2024-04-03 15:06:20,2024-04-03 15:10:12,,
81,19,http://cdn.mouherwear1.comhttp://cdn.mouherwear1.com/01JFD3QXXY1W2A6NYG0CPA7CNB.webp,thumbnail,1,2024-12-18 21:46:23,2024-12-18 21:46:23,,وست فاستونی,test-mouher,"جنس:فاستونی
تک رنگ(قهوه ای)
فری سایز(عرض سینه 64/قد77)",0,0,2024-04-03 19:03:29,2024-12-18 21:50:01,,
82,20,http://cdn.mouherwear1.comhttp://cdn.mouherwear1.com/e2uEvRcmquzekgtOlMMy6npU0WcBjn-metaRkU2MThFMjctNkVDNi00MkFELUJFQTctMkFCQTU4N0Q2MEVFLmpwZWc=-.jpg,image,11,2024-04-04 20:25:11,2024-04-04 20:25:11,,شلوارک تک جیب,Shalvarakkk,"رنگبندی:مشکی
جنس:کتان
فری سایز(دورکمر۶۸ الی۱۰۸)",0,1,2024-04-04 20:23:50,2025-08-30 11:49:29,,
83,20,http://cdn.mouherwear1.comhttp://cdn.mouherwear1.com/2HfrtqNp7bUU0g8kj4RFpQxdYLKJn6-metaOUQwODA2NEQtN0Q2MS00RTk5LUI3OUEtQUUyODA2OEQ2QjhELmpwZWc=-.jpg,thumbnail,39,2024-04-04 20:24:49,2024-04-04 20:24:49,,شلوارک تک جیب,Shalvarakkk,"رنگبندی:مشکی
جنس:کتان
فری سایز(دورکمر۶۸ الی۱۰۸)",0,1,2024-04-04 20:23:50,2025-08-30 11:49:29,,
84,21,http://cdn.mouherwear1.comhttp://cdn.mouherwear1.com/ZHBTuITjBwg9skkpy3XDU5wvS9IX2w-metaQTFBQjE0RjItRjY4QS00QUY1LTk3RkQtQTc4QzJCNTE0RUQ0LmpwZWc=-.jpg,thumbnail,1,2024-04-06 15:59:16,2024-04-06 15:59:16,,ژیله ,ژیله,"ژیله
جنس:تریکو میله ای
رنگبندی:مشکی/کرم
فری سایز(عرض سینه63/قد70)",0,1,2024-04-06 15:58:51,2024-12-02 13:47:52,,
85,21,http://cdn.mouherwear1.comhttp://cdn.mouherwear1.com/T2XuphQHD5GExn9mh1cli7wc5Wrett-metaQjlENThCNzAtMzlDNC00QkM2LUFCREQtQTIxRDdGM0RCMkQ3LmpwZWc=-.jpg,image,1,2024-04-06 15:59:27,2024-04-06 15:59:27,,ژیله ,ژیله,"ژیله
جنس:تریکو میله ای
رنگبندی:مشکی/کرم
فری سایز(عرض سینه63/قد70)",0,1,2024-04-06 15:58:51,2024-12-02 13:47:52,,
86,21,http://cdn.mouherwear1.comhttp://cdn.mouherwear1.com/8rA5Mfd23A8maVil9rqCGkNxaPOXlF-metaRkEwOEU0QzUtRjg4Ni00QUU1LUIxQTUtM0M0MUIxQTc4MzA5LmpwZWc=-.jpg,image,1,2024-04-17 22:37:47,2024-04-17 22:37:47,,ژیله ,ژیله,"ژیله
جنس:تریکو میله ای
رنگبندی:مشکی/کرم
فری سایز(عرض سینه63/قد70)",0,1,2024-04-06 15:58:51,2024-12-02 13:47:52,,
87,21,http://cdn.mouherwear1.comhttp://cdn.mouherwear1.com/kqUxoZwjAom5DFDpXYWX4PpSR5d6TS-metaMEE3Q0ZCODMtRDE4Ni00MzgzLUE4REEtNEI4QzEwNDhDNjgwLmpwZWc=-.jpg,image,1,2024-04-17 22:38:21,2024-04-17 22:38:21,,ژیله ,ژیله,"ژیله
جنس:تریکو میله ای
رنگبندی:مشکی/کرم
فری سایز(عرض سینه63/قد70)",0,1,2024-04-06 15:58:51,2024-12-02 13:47:52,,
88,21,http://cdn.mouherwear1.comhttp://cdn.mouherwear1.com/ssBw3yQh3JwXCetld0m0Xdcp1gIHlQ-metaNkJDMkJCQjQtNjk4Qy00M0E0LUFBMjEtMjI0QkJFNDdBQjg3LnBuZw==-.jpg,image,1,2024-04-17 22:40:33,2024-04-17 22:40:33,,ژیله ,ژیله,"ژیله
جنس:تریکو میله ای
رنگبندی:مشکی/کرم
فری سایز(عرض سینه63/قد70)",0,1,2024-04-06 15:58:51,2024-12-02 13:47:52,,
89,21,http://cdn.mouherwear1.comhttp://cdn.mouherwear1.com/YJjeGmo1CShQliahhQgDnU8NqndwYp-metaRTU2OEZFQkYtQjNFOC00MEQ0LTk2RUQtOEEwQjA5NTI0NEU0LmpwZWc=-.jpg,image,1,2024-04-17 22:39:25,2024-04-17 22:39:25,,ژیله ,ژیله,"ژیله
جنس:تریکو میله ای
رنگبندی:مشکی/کرم
فری سایز(عرض سینه63/قد70)",0,1,2024-04-06 15:58:51,2024-12-02 13:47:52,,
90,21,http://cdn.mouherwear1.comhttp://cdn.mouherwear1.com/WrE2YgQezUu4HmQA9nq6YBXfBksBPM-metaMkFDMDBENkYtNjNFMC00NDJCLThGNjgtOTQ0MTkxOTM0MEFELmpwZWc=-.jpg,image,2,2024-04-06 15:59:54,2024-04-06 15:59:54,,ژیله ,ژیله,"ژیله
جنس:تریکو میله ای
رنگبندی:مشکی/کرم
فری سایز(عرض سینه63/قد70)",0,1,2024-04-06 15:58:51,2024-12-02 13:47:52,,
91,22,http://cdn.mouherwear1.comhttp://cdn.mouherwear1.com/5NwrfTN0rwN9LMvc33I8cJTcEXh8ld-metaOUU1N0U4QkItRjYxQS00QURCLTkyMkUtRDU5QTU3MDA0QzRGLmpwZWc=-.jpg,thumbnail,1,2024-04-21 14:43:24,2024-04-21 14:43:24,,یقه شکاری,Shekar,"جنس:لینن
رنگبندی:سفید/مشکی
فری سایز(عرض سینه۶۳/قد۷۷)",0,0,2024-04-21 14:37:05,2025-10-23 12:53:38,,
92,22,http://cdn.mouherwear1.comhttp://cdn.mouherwear1.com/01JFD7B4C8GDSEVTX371NR6Q7K.webp,image,1,2024-12-18 22:49:18,2024-12-18 22:49:18,,یقه شکاری,Shekar,"جنس:لینن
رنگبندی:سفید/مشکی
فری سایز(عرض سینه۶۳/قد۷۷)",0,0,2024-04-21 14:37:05,2025-10-23 12:53:38,,
93,22,http://cdn.mouherwear1.comhttp://cdn.mouherwear1.com/01JFD7C3R6QVYQGATJKGFS65EF.webp,image,1,2024-12-18 22:49:51,2024-12-18 22:49:51,,یقه شکاری,Shekar,"جنس:لینن
رنگبندی:سفید/مشکی
فری سایز(عرض سینه۶۳/قد۷۷)",0,0,2024-04-21 14:37:05,2025-10-23 12:53:38,,
94,22,http://cdn.mouherwear1.comhttp://cdn.mouherwear1.com/01JFD7BJXDTHPW8PXSSKAWJC9T.webp,image,1,2024-12-18 22:49:33,2024-12-18 22:49:33,,یقه شکاری,Shekar,"جنس:لینن
رنگبندی:سفید/مشکی
فری سایز(عرض سینه۶۳/قد۷۷)",0,0,2024-04-21 14:37:05,2025-10-23 12:53:38,,
95,22,http://cdn.mouherwear1.comhttp://cdn.mouherwear1.com/01JFD7CN3FG20HBXJ8BBAQW8P8.webp,image,1,2024-12-18 22:50:09,2024-12-18 22:50:09,,یقه شکاری,Shekar,"جنس:لینن
رنگبندی:سفید/مشکی
فری سایز(عرض سینه۶۳/قد۷۷)",0,0,2024-04-21 14:37:05,2025-10-23 12:53:38,,
96,22,http://cdn.mouherwear1.comhttp://cdn.mouherwear1.com/rLDFac99K2e8pGGbbNbLstUZqFwtaO-metaQzc3MTc5QTEtQzM2Ri00RjM5LThBNDktNzI1QjY1MzgwOUY4LmpwZWc=-.jpg,image,2,2024-04-21 14:54:39,2024-04-21 14:54:39,,یقه شکاری,Shekar,"جنس:لینن
رنگبندی:سفید/مشکی
فری سایز(عرض سینه۶۳/قد۷۷)",0,0,2024-04-21 14:37:05,2025-10-23 12:53:38,,
97,22,http://cdn.mouherwear1.comhttp://cdn.mouherwear1.com/8rkwhbZ5SJjR9d2ETDbXtKropzeKgf-metaRjdENTMyOTEtRjU1My00MThDLUIyNjMtOUYzOTRGMTBGNkQxLmpwZWc=-.jpg,image,221,2024-04-21 14:55:31,2024-04-21 14:55:31,,یقه شکاری,Shekar,"جنس:لینن
رنگبندی:سفید/مشکی
فری سایز(عرض سینه۶۳/قد۷۷)",0,0,2024-04-21 14:37:05,2025-10-23 12:53:38,,
98,23,http://cdn.mouherwear1.comhttp://cdn.mouherwear1.com/01J267ECA7ERR18TBG30VZFYQG.webp,thumbnail,1,2024-07-07 16:12:21,2024-07-07 16:12:21,,پیراهن بیسیک لینن,668a5b75c3d02,"جنس:لینن
رنگبندی:لیمویی/آبی
فری سایز(عرض سینه62/قد77)
برای سایز های m,l,xl,2xl مناسب است",0,0,2024-07-07 16:11:52,2025-10-23 12:53:57,,
99,23,http://cdn.mouherwear1.comhttp://cdn.mouherwear1.com/01J267F1GQ4FZGN8DMHXXJKKYF.webp,image,1,2024-07-07 16:12:43,2024-07-07 16:12:43,,پیراهن بیسیک لینن,668a5b75c3d02,"جنس:لینن
رنگبندی:لیمویی/آبی
فری سایز(عرض سینه62/قد77)
برای سایز های m,l,xl,2xl مناسب است",0,0,2024-07-07 16:11:52,2025-10-23 12:53:57,,
100,23,http://cdn.mouherwear1.comhttp://cdn.mouherwear1.com/01J267FMCZ6M785Z08ZZREMEAD.webp,image,1,2024-07-07 16:13:02,2024-07-07 16:13:02,,پیراهن بیسیک لینن,668a5b75c3d02,"جنس:لینن
رنگبندی:لیمویی/آبی
فری سایز(عرض سینه62/قد77)
برای سایز های m,l,xl,2xl مناسب است",0,0,2024-07-07 16:11:52,2025-10-23 12:53:57,,
101,23,http://cdn.mouherwear1.comhttp://cdn.mouherwear1.com/01J267G24D1A22D3BE9YPR0HTV.webp,image,1,2024-07-07 16:13:16,2024-07-07 16:13:16,,پیراهن بیسیک لینن,668a5b75c3d02,"جنس:لینن
رنگبندی:لیمویی/آبی
فری سایز(عرض سینه62/قد77)
برای سایز های m,l,xl,2xl مناسب است",0,0,2024-07-07 16:11:52,2025-10-23 12:53:57,,
102,23,http://cdn.mouherwear1.comhttp://cdn.mouherwear1.com/01JFD4GRPY1YYC9T4G0QH8G6MR.webp,image,1,2024-12-18 21:59:57,2024-12-18 21:59:57,,پیراهن بیسیک لینن,668a5b75c3d02,"جنس:لینن
رنگبندی:لیمویی/آبی
فری سایز(عرض سینه62/قد77)
برای سایز های m,l,xl,2xl مناسب است",0,0,2024-07-07 16:11:52,2025-10-23 12:53:57,,
103,24,http://cdn.mouherwear1.comhttp://cdn.mouherwear1.com/01J267VPR560TXW35N2SVB6936.webp,thumbnail,1,2024-07-07 16:19:40,2024-07-07 16:19:40,,شلوار لینن بند دار,668a5cc816585,"جنس:لینن نچرال
رنگبندی:استخوانی/مشکی/نسکافه ای
سایز1(دورکمر68 الی90)
سایز2(دورکمر85 الی110)
قدکار 110
دور‌ران 68",0,0,2024-07-07 16:18:21,2025-10-23 12:53:30,,
104,24,http://cdn.mouherwear1.comhttp://cdn.mouherwear1.com/01J267WCE9D5HPEQF2X4P0GE3X.webp,image,1,2024-07-07 16:20:00,2024-07-07 16:20:00,,شلوار لینن بند دار,668a5cc816585,"جنس:لینن نچرال
رنگبندی:استخوانی/مشکی/نسکافه ای
سایز1(دورکمر68 الی90)
سایز2(دورکمر85 الی110)
قدکار 110
دور‌ران 68",0,0,2024-07-07 16:18:21,2025-10-23 12:53:30,,
105,24,http://cdn.mouherwear1.comhttp://cdn.mouherwear1.com/01J2PCHF1T9Z4H7FYX3X5GWGRZ.webp,thumbnail,1,2024-07-13 22:49:16,2024-07-13 22:49:16,,شلوار لینن بند دار,668a5cc816585,"جنس:لینن نچرال
رنگبندی:استخوانی/مشکی/نسکافه ای
سایز1(دورکمر68 الی90)
سایز2(دورکمر85 الی110)
قدکار 110
دور‌ران 68",0,0,2024-07-07 16:18:21,2025-10-23 12:53:30,,
106,24,http://cdn.mouherwear1.comhttp://cdn.mouherwear1.com/01J2PDNNYNJXJBTCWWSZD54PMK.webp,thumbnail,1,2024-07-13 23:09:05,2024-07-13 23:09:05,,شلوار لینن بند دار,668a5cc816585,"جنس:لینن نچرال
رنگبندی:استخوانی/مشکی/نسکافه ای
سایز1(دورکمر68 الی90)
سایز2(دورکمر85 الی110)
قدکار 110
دور‌ران 68",0,0,2024-07-07 16:18:21,2025-10-23 12:53:30,,
107,24,http://cdn.mouherwear1.comhttp://cdn.mouherwear1.com/01J2PGSE57WJD49SJZKHXV8TCK.webp,image,1,2024-07-14 00:03:31,2024-07-14 00:03:31,,شلوار لینن بند دار,668a5cc816585,"جنس:لینن نچرال
رنگبندی:استخوانی/مشکی/نسکافه ای
سایز1(دورکمر68 الی90)
سایز2(دورکمر85 الی110)
قدکار 110
دور‌ران 68",0,0,2024-07-07 16:18:21,2025-10-23 12:53:30,,
108,25,http://cdn.mouherwear1.comhttp://cdn.mouherwear1.com/01J2PG43HJB15112FMK9SYFSWE.webp,image,1,2024-07-13 23:51:54,2024-07-13 23:51:54,,پیراهن لینن جیبدار,6692a6ac2ce70,"جنس:لینن نچرال
رنگبندی:استخوانی/نسکافه ای/مشکی
سایز1(عرض سینه61/قد75)
سایز2(عرض سینه63/قد80)",0,1,2024-07-13 23:10:27,2024-07-13 23:10:27,,
109,25,http://cdn.mouherwear1.comhttp://cdn.mouherwear1.com/01J2PGB44RSXSK54Z77SDRWZ2P.webp,thumbnail,1,2024-07-13 23:55:42,2024-07-13 23:55:42,,پیراهن لینن جیبدار,6692a6ac2ce70,"جنس:لینن نچرال
رنگبندی:استخوانی/نسکافه ای/مشکی
سایز1(عرض سینه61/قد75)
سایز2(عرض سینه63/قد80)",0,1,2024-07-13 23:10:27,2024-07-13 23:10:27,,
110,25,http://cdn.mouherwear1.comhttp://cdn.mouherwear1.com/01J2PGF1KSMSDVSR8GG49H9XT1.webp,thumbnail,1,2024-07-13 23:58:01,2024-07-13 23:58:01,,پیراهن لینن جیبدار,6692a6ac2ce70,"جنس:لینن نچرال
رنگبندی:استخوانی/نسکافه ای/مشکی
سایز1(عرض سینه61/قد75)
سایز2(عرض سینه63/قد80)",0,1,2024-07-13 23:10:27,2024-07-13 23:10:27,,
111,26,http://cdn.mouherwear1.comhttp://cdn.mouherwear1.com/01J302CJCVZDFD6GYZQJNJ8X3A.webp,thumbnail,1,2024-07-17 17:04:14,2024-07-17 17:04:14,,پیراهن راه راه سفید مشکی,669796ae1615e,"جنس:نخ
تک رنگ
سایز1(عرض سینه61/قد75)
سایز2(عرض سینه63/قد80",0,1,2024-07-17 17:03:37,2024-07-17 17:03:37,,
112,26,http://cdn.mouherwear1.comhttp://cdn.mouherwear1.com/01J302D4ER5ZAF56K09PMQYS28.webp,image,1,2024-07-17 17:04:32,2024-07-17 17:04:32,,پیراهن راه راه سفید مشکی,669796ae1615e,"جنس:نخ
تک رنگ
سایز1(عرض سینه61/قد75)
سایز2(عرض سینه63/قد80",0,1,2024-07-17 17:03:37,2024-07-17 17:03:37,,
113,27,http://cdn.mouherwear1.comhttp://cdn.mouherwear1.com/01J3A9SDFXQV4C5YAWA1HC2PT1.webp,thumbnail,1,2024-07-21 16:25:59,2024-07-21 16:25:59,,پیراهن 4 دکمه,669cd3e9a3855,"جنس:لینن نخ
رنگبندی:مشکی/کرم/سبز
سایز1(عرض سینه61/قد75)
سایز2(عرض سینه63/قد80)",0,1,2024-07-21 16:25:38,2024-12-18 22:04:42,,
114,27,http://cdn.mouherwear1.comhttp://cdn.mouherwear1.com/01J3A9SVA6GTDXZJSVJTRPZW6X.webp,image,1,2024-07-21 16:26:13,2024-07-21 16:26:13,,پیراهن 4 دکمه,669cd3e9a3855,"جنس:لینن نخ
رنگبندی:مشکی/کرم/سبز
سایز1(عرض سینه61/قد75)
سایز2(عرض سینه63/قد80)",0,1,2024-07-21 16:25:38,2024-12-18 22:04:42,,
115,27,http://cdn.mouherwear1.comhttp://cdn.mouherwear1.com/01J3A9TCV4XAZQZGHATFQ7YHE1.webp,image,1,2024-07-21 16:26:31,2024-07-21 16:26:31,,پیراهن 4 دکمه,669cd3e9a3855,"جنس:لینن نخ
رنگبندی:مشکی/کرم/سبز
سایز1(عرض سینه61/قد75)
سایز2(عرض سینه63/قد80)",0,1,2024-07-21 16:25:38,2024-12-18 22:04:42,,
116,27,http://cdn.mouherwear1.comhttp://cdn.mouherwear1.com/01J3A9TR83YYQNFXF4V5MNGH2Y.webp,image,1,2024-07-21 16:26:43,2024-07-21 16:26:43,,پیراهن 4 دکمه,669cd3e9a3855,"جنس:لینن نخ
رنگبندی:مشکی/کرم/سبز
سایز1(عرض سینه61/قد75)
سایز2(عرض سینه63/قد80)",0,1,2024-07-21 16:25:38,2024-12-18 22:04:42,,
117,28,http://cdn.mouherwear1.comhttp://cdn.mouherwear1.com/01J3MPSSQKN8643MP27VW0XFD3.webp,thumbnail,1,2024-07-25 17:25:48,2024-07-25 17:25:48,,پیراهن تنسل,66a227dface75,"جنس:لینن شاین دار
رنگبندی:مشکی
فری سایز(عرض سینه63/قد77)",0,1,2024-07-25 17:25:18,2024-07-25 17:25:18,,
118,28,http://cdn.mouherwear1.comhttp://cdn.mouherwear1.com/01J3MPT7WXD0YB4DR4V6PM3GDV.webp,image,1,2024-07-25 17:26:03,2024-07-25 17:26:03,,پیراهن تنسل,66a227dface75,"جنس:لینن شاین دار
رنگبندی:مشکی
فری سایز(عرض سینه63/قد77)",0,1,2024-07-25 17:25:18,2024-07-25 17:25:18,,
119,28,http://cdn.mouherwear1.comhttp://cdn.mouherwear1.com/01J3MPTX4JFTEDTKFSYE7Q8DJA.webp,image,1,2024-07-25 17:26:24,2024-07-25 17:26:24,,پیراهن تنسل,66a227dface75,"جنس:لینن شاین دار
رنگبندی:مشکی
فری سایز(عرض سینه63/قد77)",0,1,2024-07-25 17:25:18,2024-07-25 17:25:18,,
120,29,http://cdn.mouherwear1.comhttp://cdn.mouherwear1.com/01J3MQ3JSR4MN0KYEPN8RFYEA2.webp,image,1,2024-07-25 17:31:08,2024-07-25 17:31:08,,شلوار کنفی,66a2288520a45,"جنس:لینن کنفی
رنگبندی:سفید
سایز1(دورکمر68 الی85)
سایز2(دورکمر86 الی107)
قد کار 107
دور ران 68",0,1,2024-07-25 17:28:56,2025-03-02 13:41:58,,
121,29,http://cdn.mouherwear1.comhttp://cdn.mouherwear1.com/01JNASBVY82SQZXTM07DSRE88M.webp,thumbnail,1,2025-03-02 13:40:45,2025-03-02 13:40:45,,شلوار کنفی,66a2288520a45,"جنس:لینن کنفی
رنگبندی:سفید
سایز1(دورکمر68 الی85)
سایز2(دورکمر86 الی107)
قد کار 107
دور ران 68",0,1,2024-07-25 17:28:56,2025-03-02 13:41:58,,
122,29,http://cdn.mouherwear1.comhttp://cdn.mouherwear1.com/01JNASD02S5G3R387B2SV0K8XE.webp,image,1,2025-03-02 13:41:22,2025-03-02 13:41:22,,شلوار کنفی,66a2288520a45,"جنس:لینن کنفی
رنگبندی:سفید
سایز1(دورکمر68 الی85)
سایز2(دورکمر86 الی107)
قد کار 107
دور ران 68",0,1,2024-07-25 17:28:56,2025-03-02 13:41:58,,
123,29,http://cdn.mouherwear1.comhttp://cdn.mouherwear1.com/01JNASDF6G4QWG894R2NKDEXF3.webp,image,1,2025-03-02 13:41:37,2025-03-02 13:41:37,,شلوار کنفی,66a2288520a45,"جنس:لینن کنفی
رنگبندی:سفید
سایز1(دورکمر68 الی85)
سایز2(دورکمر86 الی107)
قد کار 107
دور ران 68",0,1,2024-07-25 17:28:56,2025-03-02 13:41:58,,
124,29,http://cdn.mouherwear1.comhttp://cdn.mouherwear1.com/01JNASDVS4S8XH8XK5W3HEN0V7.webp,image,1,2025-03-02 13:41:50,2025-03-02 13:41:50,,شلوار کنفی,66a2288520a45,"جنس:لینن کنفی
رنگبندی:سفید
سایز1(دورکمر68 الی85)
سایز2(دورکمر86 الی107)
قد کار 107
دور ران 68",0,1,2024-07-25 17:28:56,2025-03-02 13:41:58,,
125,30,http://cdn.mouherwear1.comhttp://cdn.mouherwear1.com/01J4BPM4CRA02X820VGX51MXKN.webp,thumbnail,1,2024-08-03 15:45:14,2024-08-03 15:45:14,,تیشرت موهر,66adedbae7e05,"رنگبندی:آبیآسمانی/مشکی/سفید
جنس:پنبه(مناسب بهار و تابستان )
فری سایز(عرض سینه63/قد77)
",0,1,2024-08-03 15:44:45,2024-08-03 15:44:45,,
126,30,http://cdn.mouherwear1.comhttp://cdn.mouherwear1.com/01J4BPMVA4CWYHRW9EQSFE5HWD.webp,image,1,2024-08-03 15:45:40,2024-08-03 15:45:40,,تیشرت موهر,66adedbae7e05,"رنگبندی:آبیآسمانی/مشکی/سفید
جنس:پنبه(مناسب بهار و تابستان )
فری سایز(عرض سینه63/قد77)
",0,1,2024-08-03 15:44:45,2024-08-03 15:44:45,,
127,30,http://cdn.mouherwear1.comhttp://cdn.mouherwear1.com/01J4BPPJJ1PP83KZQSWFYMDDZ9.webp,image,1,2024-08-03 15:46:34,2024-08-03 15:46:34,,تیشرت موهر,66adedbae7e05,"رنگبندی:آبیآسمانی/مشکی/سفید
جنس:پنبه(مناسب بهار و تابستان )
فری سایز(عرض سینه63/قد77)
",0,1,2024-08-03 15:44:45,2024-08-03 15:44:45,,
128,30,http://cdn.mouherwear1.comhttp://cdn.mouherwear1.com/01J4BPRYWV03BAP3G34RP92E25.webp,image,1,2024-08-03 15:47:53,2024-08-03 15:47:53,,تیشرت موهر,66adedbae7e05,"رنگبندی:آبیآسمانی/مشکی/سفید
جنس:پنبه(مناسب بهار و تابستان )
فری سایز(عرض سینه63/قد77)
",0,1,2024-08-03 15:44:45,2024-08-03 15:44:45,,
129,30,http://cdn.mouherwear1.comhttp://cdn.mouherwear1.com/01J4BPSVK4JMVR7TP697X1SX1S.webp,image,1,2024-08-03 15:48:21,2024-08-03 15:48:21,,تیشرت موهر,66adedbae7e05,"رنگبندی:آبیآسمانی/مشکی/سفید
جنس:پنبه(مناسب بهار و تابستان )
فری سایز(عرض سینه63/قد77)
",0,1,2024-08-03 15:44:45,2024-08-03 15:44:45,,
130,30,http://cdn.mouherwear1.comhttp://cdn.mouherwear1.com/01J4BPVT8X60T8QKRQWPHGC2V5.webp,image,1,2024-08-03 15:49:26,2024-08-03 15:49:26,,تیشرت موهر,66adedbae7e05,"رنگبندی:آبیآسمانی/مشکی/سفید
جنس:پنبه(مناسب بهار و تابستان )
فری سایز(عرض سینه63/قد77)
",0,1,2024-08-03 15:44:45,2024-08-03 15:44:45,,
131,31,http://cdn.mouherwear1.comhttp://cdn.mouherwear1.com/01J4PE6WSBVF0PK3Y8YTGH20N6.webp,thumbnail,1,2024-08-07 19:49:50,2024-08-07 19:49:50,,پیراهن یقه انگلیسی (new),66b36d04757f4,"جنس:بابوس(نخی)
رنگبندی:سفید/مشکی/سبز
سایز1(عرض سینه62/قد75)
سایز2(عرض سینه64/قد80)",0,1,2024-08-07 19:49:03,2024-08-07 20:04:01,,
132,31,http://cdn.mouherwear1.comhttp://cdn.mouherwear1.com/01J4PE7ECJE9PSEPXV27Z3HYVT.webp,image,1,2024-08-07 19:50:10,2024-08-07 19:50:10,,پیراهن یقه انگلیسی (new),66b36d04757f4,"جنس:بابوس(نخی)
رنگبندی:سفید/مشکی/سبز
سایز1(عرض سینه62/قد75)
سایز2(عرض سینه64/قد80)",0,1,2024-08-07 19:49:03,2024-08-07 20:04:01,,
133,31,http://cdn.mouherwear1.comhttp://cdn.mouherwear1.com/01J4PEGA5F1DV78MM6W6BGGC38.webp,image,1,2024-08-07 19:55:00,2024-08-07 19:55:00,,پیراهن یقه انگلیسی (new),66b36d04757f4,"جنس:بابوس(نخی)
رنگبندی:سفید/مشکی/سبز
سایز1(عرض سینه62/قد75)
سایز2(عرض سینه64/قد80)",0,1,2024-08-07 19:49:03,2024-08-07 20:04:01,,
134,31,http://cdn.mouherwear1.comhttp://cdn.mouherwear1.com/01J4PEGQVT0ZTSV7A6GWPCGCWR.webp,image,1,2024-08-07 19:55:13,2024-08-07 19:55:13,,پیراهن یقه انگلیسی (new),66b36d04757f4,"جنس:بابوس(نخی)
رنگبندی:سفید/مشکی/سبز
سایز1(عرض سینه62/قد75)
سایز2(عرض سینه64/قد80)",0,1,2024-08-07 19:49:03,2024-08-07 20:04:01,,
135,31,http://cdn.mouherwear1.comhttp://cdn.mouherwear1.com/01J4PEH3B3DHY1N544XAZ2K8VX.webp,image,1,2024-08-07 19:55:24,2024-08-07 19:55:24,,پیراهن یقه انگلیسی (new),66b36d04757f4,"جنس:بابوس(نخی)
رنگبندی:سفید/مشکی/سبز
سایز1(عرض سینه62/قد75)
سایز2(عرض سینه64/قد80)",0,1,2024-08-07 19:49:03,2024-08-07 20:04:01,,
136,32,http://cdn.mouherwear1.comhttp://cdn.mouherwear1.com/01JA0QFH7FNG7FZ1W85W6KBJVX.webp,thumbnail,1,2024-10-12 23:02:43,2024-10-12 23:02:43,,نیم زیپ,670a9b96ccf50,"جنس:دورس سه نخ(کرکی)
رنگبندی:سبز/سفید
فری سایز(عرض سینه 63/قد77)
مناسب سایر های M/L/xl/2xl

پارچه با دمای 40 درجه شسته شود
آبرفت ندارد و تل تل نمیشود",0,1,2024-10-12 22:57:40,2025-01-05 18:39:49,,
137,32,http://cdn.mouherwear1.comhttp://cdn.mouherwear1.com/01JA0QGWH6K3QPA33183XSD6A5.webp,image,1,2024-10-12 23:03:28,2024-10-12 23:03:28,,نیم زیپ,670a9b96ccf50,"جنس:دورس سه نخ(کرکی)
رنگبندی:سبز/سفید
فری سایز(عرض سینه 63/قد77)
مناسب سایر های M/L/xl/2xl

پارچه با دمای 40 درجه شسته شود
آبرفت ندارد و تل تل نمیشود",0,1,2024-10-12 22:57:40,2025-01-05 18:39:49,,
138,32,http://cdn.mouherwear1.comhttp://cdn.mouherwear1.com/01JA0QHAQVSK2MZ9HA15CA24D3.webp,image,1,2024-10-12 23:03:42,2024-10-12 23:03:42,,نیم زیپ,670a9b96ccf50,"جنس:دورس سه نخ(کرکی)
رنگبندی:سبز/سفید
فری سایز(عرض سینه 63/قد77)
مناسب سایر های M/L/xl/2xl

پارچه با دمای 40 درجه شسته شود
آبرفت ندارد و تل تل نمیشود",0,1,2024-10-12 22:57:40,2025-01-05 18:39:49,,
139,32,http://cdn.mouherwear1.comhttp://cdn.mouherwear1.com/01JA0QHVJRCE043QJJWGMQA787.webp,thumbnail,1,2024-10-12 23:03:59,2024-10-12 23:03:59,,نیم زیپ,670a9b96ccf50,"جنس:دورس سه نخ(کرکی)
رنگبندی:سبز/سفید
فری سایز(عرض سینه 63/قد77)
مناسب سایر های M/L/xl/2xl

پارچه با دمای 40 درجه شسته شود
آبرفت ندارد و تل تل نمیشود",0,1,2024-10-12 22:57:40,2025-01-05 18:39:49,,
140,32,http://cdn.mouherwear1.comhttp://cdn.mouherwear1.com/01JA0QJ7T6CG7EXH5YWS08QQT1.webp,image,1,2024-10-12 23:04:12,2024-10-12 23:04:12,,نیم زیپ,670a9b96ccf50,"جنس:دورس سه نخ(کرکی)
رنگبندی:سبز/سفید
فری سایز(عرض سینه 63/قد77)
مناسب سایر های M/L/xl/2xl

پارچه با دمای 40 درجه شسته شود
آبرفت ندارد و تل تل نمیشود",0,1,2024-10-12 22:57:40,2025-01-05 18:39:49,,
141,32,http://cdn.mouherwear1.comhttp://cdn.mouherwear1.com/01JA0QJJ048HTNJ7NP1CQCTCK5.webp,image,1,2024-10-12 23:04:22,2024-10-12 23:04:22,,نیم زیپ,670a9b96ccf50,"جنس:دورس سه نخ(کرکی)
رنگبندی:سبز/سفید
فری سایز(عرض سینه 63/قد77)
مناسب سایر های M/L/xl/2xl

پارچه با دمای 40 درجه شسته شود
آبرفت ندارد و تل تل نمیشود",0,1,2024-10-12 22:57:40,2025-01-05 18:39:49,,
142,32,http://cdn.mouherwear1.comhttp://cdn.mouherwear1.com/01JA0QK1M09SV7BP1FNHV1HSAJ.webp,image,1,2024-10-12 23:04:39,2024-10-14 22:30:15,,نیم زیپ,670a9b96ccf50,"جنس:دورس سه نخ(کرکی)
رنگبندی:سبز/سفید
فری سایز(عرض سینه 63/قد77)
مناسب سایر های M/L/xl/2xl

پارچه با دمای 40 درجه شسته شود
آبرفت ندارد و تل تل نمیشود",0,1,2024-10-12 22:57:40,2025-01-05 18:39:49,,
143,33,http://cdn.mouherwear1.comhttp://cdn.mouherwear1.com/01JA0S5EY3DWW7QSK795TFPRZ6.webp,thumbnail,1,2024-10-12 23:32:10,2024-10-12 23:32:10,,هودی بیسیک,670a9e935d9ee,"جنس:دورس سه نخ(کرکی)
رنگبندی:سبز/مشکی
فری سایز(عرض سینه63/قد77)
مناسب سایز های(M/L/xl/2xl)


پارچه در دمای 40 درجه شسته شود آبرفت ندارد تل تل نمیشود
",0,1,2024-10-12 23:31:51,2025-08-30 11:52:36,,
144,33,http://cdn.mouherwear1.comhttp://cdn.mouherwear1.com/01JA0S622R94AKF0ZVFATMWRTM.webp,image,1,2024-10-12 23:32:30,2024-10-12 23:32:30,,هودی بیسیک,670a9e935d9ee,"جنس:دورس سه نخ(کرکی)
رنگبندی:سبز/مشکی
فری سایز(عرض سینه63/قد77)
مناسب سایز های(M/L/xl/2xl)


پارچه در دمای 40 درجه شسته شود آبرفت ندارد تل تل نمیشود
",0,1,2024-10-12 23:31:51,2025-08-30 11:52:36,,
145,33,http://cdn.mouherwear1.comhttp://cdn.mouherwear1.com/01JA0S6FBAXKQNVMZVZATZ675M.webp,image,1,2024-10-12 23:32:44,2024-10-12 23:32:44,,هودی بیسیک,670a9e935d9ee,"جنس:دورس سه نخ(کرکی)
رنگبندی:سبز/مشکی
فری سایز(عرض سینه63/قد77)
مناسب سایز های(M/L/xl/2xl)


پارچه در دمای 40 درجه شسته شود آبرفت ندارد تل تل نمیشود
",0,1,2024-10-12 23:31:51,2025-08-30 11:52:36,,
146,33,http://cdn.mouherwear1.comhttp://cdn.mouherwear1.com/01JA0S74HC42WRPYDE2G5WSDZP.webp,image,1,2024-10-12 23:33:05,2024-10-12 23:33:05,,هودی بیسیک,670a9e935d9ee,"جنس:دورس سه نخ(کرکی)
رنگبندی:سبز/مشکی
فری سایز(عرض سینه63/قد77)
مناسب سایز های(M/L/xl/2xl)


پارچه در دمای 40 درجه شسته شود آبرفت ندارد تل تل نمیشود
",0,1,2024-10-12 23:31:51,2025-08-30 11:52:36,,
147,33,http://cdn.mouherwear1.comhttp://cdn.mouherwear1.com/01JA0S7G2NR14N8SGEDKE9FVJH.webp,image,1,2024-10-12 23:33:17,2024-10-12 23:33:17,,هودی بیسیک,670a9e935d9ee,"جنس:دورس سه نخ(کرکی)
رنگبندی:سبز/مشکی
فری سایز(عرض سینه63/قد77)
مناسب سایز های(M/L/xl/2xl)


پارچه در دمای 40 درجه شسته شود آبرفت ندارد تل تل نمیشود
",0,1,2024-10-12 23:31:51,2025-08-30 11:52:36,,
148,34,http://cdn.mouherwear1.comhttp://cdn.mouherwear1.com/01JA3BA4JTNY2DM6KAPDD7Y1ZN.webp,image,1,2024-10-13 23:27:47,2024-10-14 22:22:16,,ترنچ کت(trench coat),670bf36786c84,"جنس:TC(ضد آب)
رنگبندی:مشکی/کرم استخوانی
سایز1(عرض سینه62/قد115)
سایز2(عرض سینه64/قد122)

رنگ اصلی محصول در عکس هایی است که در فضای بیرون گرفته شده✔️
",0,1,2024-10-13 23:26:30,2024-12-02 13:49:14,,
149,34,http://cdn.mouherwear1.comhttp://cdn.mouherwear1.com/01JA3BBK1GQWWTT6AK5N18VJN7.webp,thumbnail,1,2024-10-13 23:28:34,2024-10-14 22:22:23,,ترنچ کت(trench coat),670bf36786c84,"جنس:TC(ضد آب)
رنگبندی:مشکی/کرم استخوانی
سایز1(عرض سینه62/قد115)
سایز2(عرض سینه64/قد122)

رنگ اصلی محصول در عکس هایی است که در فضای بیرون گرفته شده✔️
",0,1,2024-10-13 23:26:30,2024-12-02 13:49:14,,
150,34,http://cdn.mouherwear1.comhttp://cdn.mouherwear1.com/01JA3BCH50N7JSGXJ18BW64E9J.webp,image,1,2024-10-13 23:29:05,2024-10-13 23:29:05,,ترنچ کت(trench coat),670bf36786c84,"جنس:TC(ضد آب)
رنگبندی:مشکی/کرم استخوانی
سایز1(عرض سینه62/قد115)
سایز2(عرض سینه64/قد122)

رنگ اصلی محصول در عکس هایی است که در فضای بیرون گرفته شده✔️
",0,1,2024-10-13 23:26:30,2024-12-02 13:49:14,,
151,34,http://cdn.mouherwear1.comhttp://cdn.mouherwear1.com/01JA3BJNF4RSQEB8T8ZG5DNQYV.webp,image,1,2024-10-13 23:32:26,2024-10-13 23:32:26,,ترنچ کت(trench coat),670bf36786c84,"جنس:TC(ضد آب)
رنگبندی:مشکی/کرم استخوانی
سایز1(عرض سینه62/قد115)
سایز2(عرض سینه64/قد122)

رنگ اصلی محصول در عکس هایی است که در فضای بیرون گرفته شده✔️
",0,1,2024-10-13 23:26:30,2024-12-02 13:49:14,,
152,34,http://cdn.mouherwear1.comhttp://cdn.mouherwear1.com/01JA3BK6CJPY8DNGK56C6P3377.webp,image,1,2024-10-13 23:32:43,2024-10-13 23:32:43,,ترنچ کت(trench coat),670bf36786c84,"جنس:TC(ضد آب)
رنگبندی:مشکی/کرم استخوانی
سایز1(عرض سینه62/قد115)
سایز2(عرض سینه64/قد122)

رنگ اصلی محصول در عکس هایی است که در فضای بیرون گرفته شده✔️
",0,1,2024-10-13 23:26:30,2024-12-02 13:49:14,,
153,34,http://cdn.mouherwear1.comhttp://cdn.mouherwear1.com/01JA3BKKC1SCTBGA2T91DS7ATV.webp,image,1,2024-10-13 23:32:57,2024-10-13 23:32:57,,ترنچ کت(trench coat),670bf36786c84,"جنس:TC(ضد آب)
رنگبندی:مشکی/کرم استخوانی
سایز1(عرض سینه62/قد115)
سایز2(عرض سینه64/قد122)

رنگ اصلی محصول در عکس هایی است که در فضای بیرون گرفته شده✔️
",0,1,2024-10-13 23:26:30,2024-12-02 13:49:14,,
154,34,http://cdn.mouherwear1.comhttp://cdn.mouherwear1.com/01JA3BM0ZBTQ229FGY4D084NW2.webp,image,1,2024-10-13 23:33:11,2024-10-13 23:33:11,,ترنچ کت(trench coat),670bf36786c84,"جنس:TC(ضد آب)
رنگبندی:مشکی/کرم استخوانی
سایز1(عرض سینه62/قد115)
سایز2(عرض سینه64/قد122)

رنگ اصلی محصول در عکس هایی است که در فضای بیرون گرفته شده✔️
",0,1,2024-10-13 23:26:30,2024-12-02 13:49:14,,
155,34,http://cdn.mouherwear1.comhttp://cdn.mouherwear1.com/01JBGFPRYEB7YD1NJCBXKCCHMW.webp,image,1,2024-10-31 12:10:26,2024-10-31 12:10:26,,ترنچ کت(trench coat),670bf36786c84,"جنس:TC(ضد آب)
رنگبندی:مشکی/کرم استخوانی
سایز1(عرض سینه62/قد115)
سایز2(عرض سینه64/قد122)

رنگ اصلی محصول در عکس هایی است که در فضای بیرون گرفته شده✔️
",0,1,2024-10-13 23:26:30,2024-12-02 13:49:14,,
156,34,http://cdn.mouherwear1.comhttp://cdn.mouherwear1.com/01JBGFRN2K9842ZZXCQDERM6RD.webp,thumbnail,1,2024-10-31 12:11:29,2024-10-31 12:11:29,,ترنچ کت(trench coat),670bf36786c84,"جنس:TC(ضد آب)
رنگبندی:مشکی/کرم استخوانی
سایز1(عرض سینه62/قد115)
سایز2(عرض سینه64/قد122)

رنگ اصلی محصول در عکس هایی است که در فضای بیرون گرفته شده✔️
",0,1,2024-10-13 23:26:30,2024-12-02 13:49:14,,
157,34,http://cdn.mouherwear1.comhttp://cdn.mouherwear1.com/01JBGFSYD4W36NW5JWGMXNEYBK.webp,image,1,2024-10-31 12:12:09,2024-10-31 12:12:09,,ترنچ کت(trench coat),670bf36786c84,"جنس:TC(ضد آب)
رنگبندی:مشکی/کرم استخوانی
سایز1(عرض سینه62/قد115)
سایز2(عرض سینه64/قد122)

رنگ اصلی محصول در عکس هایی است که در فضای بیرون گرفته شده✔️
",0,1,2024-10-13 23:26:30,2024-12-02 13:49:14,,
158,35,http://cdn.mouherwear1.comhttp://cdn.mouherwear1.com/01JA3C08ERDJ0N7VQDHW5Q7JTT.webp,thumbnail,1,2024-10-13 23:39:52,2024-10-13 23:39:52,,اورکت (over coat),670bf74dc1ae4,"جنس:فوتر
رنگبندی:ذغالی /مشکی
سایز1(عرض سینه60/قد100)
سایز2(عرض سینه64/قد110)

",0,1,2024-10-13 23:39:15,2025-09-14 11:18:19,,
159,35,http://cdn.mouherwear1.comhttp://cdn.mouherwear1.com/01JA3C0ZYNGDEFXVZ8GZJ7KBX3.webp,image,1,2024-10-13 23:40:16,2024-10-13 23:40:16,,اورکت (over coat),670bf74dc1ae4,"جنس:فوتر
رنگبندی:ذغالی /مشکی
سایز1(عرض سینه60/قد100)
سایز2(عرض سینه64/قد110)

",0,1,2024-10-13 23:39:15,2025-09-14 11:18:19,,
160,35,http://cdn.mouherwear1.comhttp://cdn.mouherwear1.com/01JA3C1KGY8BS86Y64S8BF7HYW.webp,image,1,2024-10-13 23:40:36,2024-10-13 23:40:36,,اورکت (over coat),670bf74dc1ae4,"جنس:فوتر
رنگبندی:ذغالی /مشکی
سایز1(عرض سینه60/قد100)
سایز2(عرض سینه64/قد110)

",0,1,2024-10-13 23:39:15,2025-09-14 11:18:19,,
161,35,http://cdn.mouherwear1.comhttp://cdn.mouherwear1.com/01JA3C2FRMSNZK02W8DQH1HAQ2.webp,image,1,2024-10-13 23:41:05,2024-10-13 23:41:05,,اورکت (over coat),670bf74dc1ae4,"جنس:فوتر
رنگبندی:ذغالی /مشکی
سایز1(عرض سینه60/قد100)
سایز2(عرض سینه64/قد110)

",0,1,2024-10-13 23:39:15,2025-09-14 11:18:19,,
162,35,http://cdn.mouherwear1.comhttp://cdn.mouherwear1.com/01JA3C3FRCDP43XCM03ZCT7ZVG.webp,image,1,2024-10-13 23:41:37,2024-10-13 23:41:37,,اورکت (over coat),670bf74dc1ae4,"جنس:فوتر
رنگبندی:ذغالی /مشکی
سایز1(عرض سینه60/قد100)
سایز2(عرض سینه64/قد110)

",0,1,2024-10-13 23:39:15,2025-09-14 11:18:19,,
163,35,http://cdn.mouherwear1.comhttp://cdn.mouherwear1.com/01JA3C3XJHXNPVT1W4B036SGWE.webp,image,1,2024-10-13 23:41:51,2024-10-13 23:41:51,,اورکت (over coat),670bf74dc1ae4,"جنس:فوتر
رنگبندی:ذغالی /مشکی
سایز1(عرض سینه60/قد100)
سایز2(عرض سینه64/قد110)

",0,1,2024-10-13 23:39:15,2025-09-14 11:18:19,,
164,35,http://cdn.mouherwear1.comhttp://cdn.mouherwear1.com/01JBGFY1BN9FEH9RFKCBJ3VZQQ.webp,thumbnail,1,2024-10-31 12:14:23,2024-10-31 12:14:23,,اورکت (over coat),670bf74dc1ae4,"جنس:فوتر
رنگبندی:ذغالی /مشکی
سایز1(عرض سینه60/قد100)
سایز2(عرض سینه64/قد110)

",0,1,2024-10-13 23:39:15,2025-09-14 11:18:19,,
165,35,http://cdn.mouherwear1.comhttp://cdn.mouherwear1.com/01JBGFZGND2JXKCD33RJVDDSXK.webp,image,1,2024-10-31 12:15:14,2024-10-31 12:15:14,,اورکت (over coat),670bf74dc1ae4,"جنس:فوتر
رنگبندی:ذغالی /مشکی
سایز1(عرض سینه60/قد100)
سایز2(عرض سینه64/قد110)

",0,1,2024-10-13 23:39:15,2025-09-14 11:18:19,,
166,36,http://cdn.mouherwear1.comhttp://cdn.mouherwear1.com/01JA5EWSTCKXDF64GGJ30JXP4B.webp,thumbnail,1,2024-10-14 19:08:53,2024-10-14 19:08:53,,یقه پولو,670d08eedc032,"جنس:دورس سه نخ(داخل کار کرکی)
رنگبندی:سفید/مشکی/طوسی روشن
فری سایز(عرض سینه64/قد77)
مناسب سایز های     M,L,XL,2XL



*پارچه محصول آبرفت ندارد و تل تل نمیشود
",0,1,2024-10-14 19:08:00,2024-10-14 19:14:30,,
167,36,http://cdn.mouherwear1.comhttp://cdn.mouherwear1.com/01JA5EYND8Q8TJ66WBY27DJF97.webp,thumbnail,1,2024-10-14 19:09:54,2024-10-14 19:09:54,,یقه پولو,670d08eedc032,"جنس:دورس سه نخ(داخل کار کرکی)
رنگبندی:سفید/مشکی/طوسی روشن
فری سایز(عرض سینه64/قد77)
مناسب سایز های     M,L,XL,2XL



*پارچه محصول آبرفت ندارد و تل تل نمیشود
",0,1,2024-10-14 19:08:00,2024-10-14 19:14:30,,
168,36,http://cdn.mouherwear1.comhttp://cdn.mouherwear1.com/01JA5EZ26NM19AZ0VEFTR04BNQ.webp,image,1,2024-10-14 19:10:07,2024-10-14 19:10:07,,یقه پولو,670d08eedc032,"جنس:دورس سه نخ(داخل کار کرکی)
رنگبندی:سفید/مشکی/طوسی روشن
فری سایز(عرض سینه64/قد77)
مناسب سایز های     M,L,XL,2XL



*پارچه محصول آبرفت ندارد و تل تل نمیشود
",0,1,2024-10-14 19:08:00,2024-10-14 19:14:30,,
169,36,http://cdn.mouherwear1.comhttp://cdn.mouherwear1.com/01JA5EZHJPYNFNTX8TGJMN4MFZ.webp,image,1,2024-10-14 19:10:23,2024-10-14 19:10:23,,یقه پولو,670d08eedc032,"جنس:دورس سه نخ(داخل کار کرکی)
رنگبندی:سفید/مشکی/طوسی روشن
فری سایز(عرض سینه64/قد77)
مناسب سایز های     M,L,XL,2XL



*پارچه محصول آبرفت ندارد و تل تل نمیشود
",0,1,2024-10-14 19:08:00,2024-10-14 19:14:30,,
170,36,http://cdn.mouherwear1.comhttp://cdn.mouherwear1.com/01JA5F080710XZ48SJG9C5NQ38.webp,image,1,2024-10-14 19:10:46,2024-10-14 19:10:46,,یقه پولو,670d08eedc032,"جنس:دورس سه نخ(داخل کار کرکی)
رنگبندی:سفید/مشکی/طوسی روشن
فری سایز(عرض سینه64/قد77)
مناسب سایز های     M,L,XL,2XL



*پارچه محصول آبرفت ندارد و تل تل نمیشود
",0,1,2024-10-14 19:08:00,2024-10-14 19:14:30,,
171,36,http://cdn.mouherwear1.comhttp://cdn.mouherwear1.com/01JA5F0W2RM4NA5VYTH856BW7R.webp,image,1,2024-10-14 19:11:07,2024-10-14 19:11:07,,یقه پولو,670d08eedc032,"جنس:دورس سه نخ(داخل کار کرکی)
رنگبندی:سفید/مشکی/طوسی روشن
فری سایز(عرض سینه64/قد77)
مناسب سایز های     M,L,XL,2XL



*پارچه محصول آبرفت ندارد و تل تل نمیشود
",0,1,2024-10-14 19:08:00,2024-10-14 19:14:30,,
172,36,http://cdn.mouherwear1.comhttp://cdn.mouherwear1.com/01JA5F1NRWT1MTXYWWQSZFD2KP.webp,image,1,2024-10-14 19:11:33,2024-10-14 19:11:33,,یقه پولو,670d08eedc032,"جنس:دورس سه نخ(داخل کار کرکی)
رنگبندی:سفید/مشکی/طوسی روشن
فری سایز(عرض سینه64/قد77)
مناسب سایز های     M,L,XL,2XL



*پارچه محصول آبرفت ندارد و تل تل نمیشود
",0,1,2024-10-14 19:08:00,2024-10-14 19:14:30,,
173,36,http://cdn.mouherwear1.comhttp://cdn.mouherwear1.com/01JA5F2RDDQVFD64K357JN2ANJ.webp,image,1,2024-10-14 19:12:08,2024-10-14 19:12:08,,یقه پولو,670d08eedc032,"جنس:دورس سه نخ(داخل کار کرکی)
رنگبندی:سفید/مشکی/طوسی روشن
فری سایز(عرض سینه64/قد77)
مناسب سایز های     M,L,XL,2XL



*پارچه محصول آبرفت ندارد و تل تل نمیشود
",0,1,2024-10-14 19:08:00,2024-10-14 19:14:30,,
174,36,http://cdn.mouherwear1.comhttp://cdn.mouherwear1.com/01JA5F3HYY3Y4AG3TZP6BKN7R9.webp,image,1,2024-10-14 19:12:34,2024-10-14 19:12:34,,یقه پولو,670d08eedc032,"جنس:دورس سه نخ(داخل کار کرکی)
رنگبندی:سفید/مشکی/طوسی روشن
فری سایز(عرض سینه64/قد77)
مناسب سایز های     M,L,XL,2XL



*پارچه محصول آبرفت ندارد و تل تل نمیشود
",0,1,2024-10-14 19:08:00,2024-10-14 19:14:30,,
175,37,http://cdn.mouherwear1.comhttp://cdn.mouherwear1.com/01JA5FK1XY72GCQ3YX237RTS7C.webp,thumbnail,1,2024-10-14 19:21:02,2024-10-14 19:21:02,,سوییتشرت (sweatshirt),670d0b5868fe9,"جنس:Tc (ضدآب)
رنگبندی:مشکی
فری سایز(عرض سینه63/قد77)",0,1,2024-10-14 19:17:22,2025-02-27 12:17:40,,
176,37,http://cdn.mouherwear1.comhttp://cdn.mouherwear1.com/01JA5FKKPB5CQSSSP8EGJV71GH.webp,image,1,2024-10-14 19:21:20,2024-10-14 19:21:20,,سوییتشرت (sweatshirt),670d0b5868fe9,"جنس:Tc (ضدآب)
رنگبندی:مشکی
فری سایز(عرض سینه63/قد77)",0,1,2024-10-14 19:17:22,2025-02-27 12:17:40,,
177,37,http://cdn.mouherwear1.comhttp://cdn.mouherwear1.com/01JA5FM1T5G4WHK65NKTFPBF8W.webp,image,1,2024-10-14 19:21:35,2024-10-14 19:21:35,,سوییتشرت (sweatshirt),670d0b5868fe9,"جنس:Tc (ضدآب)
رنگبندی:مشکی
فری سایز(عرض سینه63/قد77)",0,1,2024-10-14 19:17:22,2025-02-27 12:17:40,,
178,37,http://cdn.mouherwear1.comhttp://cdn.mouherwear1.com/01JA5FMF7WNSFA9J9ZPYT52CVS.webp,image,1,2024-10-14 19:21:49,2024-10-14 19:21:49,,سوییتشرت (sweatshirt),670d0b5868fe9,"جنس:Tc (ضدآب)
رنگبندی:مشکی
فری سایز(عرض سینه63/قد77)",0,1,2024-10-14 19:17:22,2025-02-27 12:17:40,,
179,38,http://cdn.mouherwear1.comhttp://cdn.mouherwear1.com/01JA5FYQR7A733EH1F156S72HM.webp,thumbnail,1,2024-10-14 19:27:25,2024-10-14 19:27:25,,سوییتشرت کوتاه(short sweatshirt),670d0da798da4,"جنس:tc
رنگبندی:سبز مایل به قهوه ای/مشکی
فری سایز(عرض سینه60/قد60)

",0,1,2024-10-14 19:27:09,2025-02-27 12:18:03,,
180,38,http://cdn.mouherwear1.comhttp://cdn.mouherwear1.com/01JA5FZ3KH8Z53MMFD21HESY1Y.webp,image,1,2024-10-14 19:27:37,2024-10-14 19:27:37,,سوییتشرت کوتاه(short sweatshirt),670d0da798da4,"جنس:tc
رنگبندی:سبز مایل به قهوه ای/مشکی
فری سایز(عرض سینه60/قد60)

",0,1,2024-10-14 19:27:09,2025-02-27 12:18:03,,
181,38,http://cdn.mouherwear1.comhttp://cdn.mouherwear1.com/01JA5FZP4T84KPZJ05C25085MJ.webp,image,1,2024-10-14 19:27:56,2024-10-14 19:27:56,,سوییتشرت کوتاه(short sweatshirt),670d0da798da4,"جنس:tc
رنگبندی:سبز مایل به قهوه ای/مشکی
فری سایز(عرض سینه60/قد60)

",0,1,2024-10-14 19:27:09,2025-02-27 12:18:03,,
182,38,http://cdn.mouherwear1.comhttp://cdn.mouherwear1.com/01JA5G0Q9DAT256R6QA6EP5PX5.webp,image,1,2024-10-14 19:28:30,2024-10-14 19:28:30,,سوییتشرت کوتاه(short sweatshirt),670d0da798da4,"جنس:tc
رنگبندی:سبز مایل به قهوه ای/مشکی
فری سایز(عرض سینه60/قد60)

",0,1,2024-10-14 19:27:09,2025-02-27 12:18:03,,
183,38,http://cdn.mouherwear1.comhttp://cdn.mouherwear1.com/01JA5G3K896W5YZ60J5GNY8HHZ.webp,image,1,2024-10-14 19:30:05,2024-10-14 19:30:05,,سوییتشرت کوتاه(short sweatshirt),670d0da798da4,"جنس:tc
رنگبندی:سبز مایل به قهوه ای/مشکی
فری سایز(عرض سینه60/قد60)

",0,1,2024-10-14 19:27:09,2025-02-27 12:18:03,,
184,39,http://cdn.mouherwear1.comhttp://cdn.mouherwear1.com/01JA5GR04WH8ZR5J778ZA7XAV8.webp,thumbnail,1,2024-10-14 19:41:13,2024-10-14 19:41:13,,هودی آستین کوتاه,670d1091e5925,"جنس:دورس سه نخ(داخل کار کرکی است)
رنگبندی:طوسی روشن/مشکی
فری سایز(عرض سینه63/قد78)


*پارچه از لحاظ کیفیت آبرفت ندارد و تل تل نمیشود",0,1,2024-10-14 19:39:59,2024-10-14 21:54:19,,
185,39,http://cdn.mouherwear1.comhttp://cdn.mouherwear1.com/01JA5GRGC7N407QEFHNKWXXD99.webp,image,1,2024-10-14 19:41:29,2024-10-14 19:41:29,,هودی آستین کوتاه,670d1091e5925,"جنس:دورس سه نخ(داخل کار کرکی است)
رنگبندی:طوسی روشن/مشکی
فری سایز(عرض سینه63/قد78)


*پارچه از لحاظ کیفیت آبرفت ندارد و تل تل نمیشود",0,1,2024-10-14 19:39:59,2024-10-14 21:54:19,,
186,39,http://cdn.mouherwear1.comhttp://cdn.mouherwear1.com/01JA5GS0FYFDBGGAVKE53KV8H1.webp,image,1,2024-10-14 19:41:46,2024-10-14 19:41:46,,هودی آستین کوتاه,670d1091e5925,"جنس:دورس سه نخ(داخل کار کرکی است)
رنگبندی:طوسی روشن/مشکی
فری سایز(عرض سینه63/قد78)


*پارچه از لحاظ کیفیت آبرفت ندارد و تل تل نمیشود",0,1,2024-10-14 19:39:59,2024-10-14 21:54:19,,
187,39,http://cdn.mouherwear1.comhttp://cdn.mouherwear1.com/01JA5GSTA8DPNP8RJNNQGM53Q0.webp,image,1,2024-10-14 19:42:12,2024-10-14 19:42:12,,هودی آستین کوتاه,670d1091e5925,"جنس:دورس سه نخ(داخل کار کرکی است)
رنگبندی:طوسی روشن/مشکی
فری سایز(عرض سینه63/قد78)


*پارچه از لحاظ کیفیت آبرفت ندارد و تل تل نمیشود",0,1,2024-10-14 19:39:59,2024-10-14 21:54:19,,
188,39,http://cdn.mouherwear1.comhttp://cdn.mouherwear1.com/01JA5GT8Z4HWXTNN34KXD0W394.webp,image,1,2024-10-14 19:42:27,2024-10-14 19:42:27,,هودی آستین کوتاه,670d1091e5925,"جنس:دورس سه نخ(داخل کار کرکی است)
رنگبندی:طوسی روشن/مشکی
فری سایز(عرض سینه63/قد78)


*پارچه از لحاظ کیفیت آبرفت ندارد و تل تل نمیشود",0,1,2024-10-14 19:39:59,2024-10-14 21:54:19,,
189,39,http://cdn.mouherwear1.comhttp://cdn.mouherwear1.com/01JA5GTYQHNH8GHRDZM4704KJ2.webp,image,1,2024-10-14 19:42:50,2024-10-14 19:42:50,,هودی آستین کوتاه,670d1091e5925,"جنس:دورس سه نخ(داخل کار کرکی است)
رنگبندی:طوسی روشن/مشکی
فری سایز(عرض سینه63/قد78)


*پارچه از لحاظ کیفیت آبرفت ندارد و تل تل نمیشود",0,1,2024-10-14 19:39:59,2024-10-14 21:54:19,,
190,40,http://cdn.mouherwear1.comhttp://cdn.mouherwear1.com/01JAD6PPSTZJSCMK67161B8SQZ.webp,thumbnail,1,2024-10-17 19:19:40,2024-10-17 19:19:40,,کاپشن,670d30bf14a1b,"جنس:پافر
رنگبندی:کرم استخوانی/مشکی
سایز1(عرض سینه62/قد75)
سایز2(عرض سینه64/قد78)",0,1,2024-10-14 21:56:59,2024-12-10 20:42:23,,
191,40,http://cdn.mouherwear1.comhttp://cdn.mouherwear1.com/01JAD6Q4Y5WTZBJXEHXRK0G781.webp,image,1,2024-10-17 19:19:55,2024-10-17 19:19:55,,کاپشن,670d30bf14a1b,"جنس:پافر
رنگبندی:کرم استخوانی/مشکی
سایز1(عرض سینه62/قد75)
سایز2(عرض سینه64/قد78)",0,1,2024-10-14 21:56:59,2024-12-10 20:42:23,,
192,40,http://cdn.mouherwear1.comhttp://cdn.mouherwear1.com/01JAD6QHC20NBKEQ4KJZX19CE1.webp,image,1,2024-10-17 19:20:08,2024-10-17 19:20:08,,کاپشن,670d30bf14a1b,"جنس:پافر
رنگبندی:کرم استخوانی/مشکی
سایز1(عرض سینه62/قد75)
سایز2(عرض سینه64/قد78)",0,1,2024-10-14 21:56:59,2024-12-10 20:42:23,,
193,40,http://cdn.mouherwear1.comhttp://cdn.mouherwear1.com/01JBGG17V9JMCCVGRR9M6H8092.webp,image,1,2024-10-31 12:16:10,2024-10-31 12:16:10,,کاپشن,670d30bf14a1b,"جنس:پافر
رنگبندی:کرم استخوانی/مشکی
سایز1(عرض سینه62/قد75)
سایز2(عرض سینه64/قد78)",0,1,2024-10-14 21:56:59,2024-12-10 20:42:23,,
194,40,http://cdn.mouherwear1.comhttp://cdn.mouherwear1.com/01JBGG2WJ5987WF9HGMJAF7G1M.webp,image,1,2024-10-31 12:17:02,2024-10-31 12:17:02,,کاپشن,670d30bf14a1b,"جنس:پافر
رنگبندی:کرم استخوانی/مشکی
سایز1(عرض سینه62/قد75)
سایز2(عرض سینه64/قد78)",0,1,2024-10-14 21:56:59,2024-12-10 20:42:23,,
195,40,http://cdn.mouherwear1.comhttp://cdn.mouherwear1.com/01JBGG616EMRMT8K6VNV3MGNWB.webp,thumbnail,1,2024-10-31 12:18:46,2024-10-31 12:18:46,,کاپشن,670d30bf14a1b,"جنس:پافر
رنگبندی:کرم استخوانی/مشکی
سایز1(عرض سینه62/قد75)
سایز2(عرض سینه64/قد78)",0,1,2024-10-14 21:56:59,2024-12-10 20:42:23,,
196,40,http://cdn.mouherwear1.comhttp://cdn.mouherwear1.com/01JBGG6K0W61WQYKE2GJS6KTXR.webp,image,1,2024-10-31 12:19:03,2024-10-31 12:19:03,,کاپشن,670d30bf14a1b,"جنس:پافر
رنگبندی:کرم استخوانی/مشکی
سایز1(عرض سینه62/قد75)
سایز2(عرض سینه64/قد78)",0,1,2024-10-14 21:56:59,2024-12-10 20:42:23,,
197,41,http://cdn.mouherwear1.comhttp://cdn.mouherwear1.com/01JA5RNZMXWKS7GSBBQC90DJQZ.webp,thumbnail,1,2024-10-14 21:59:55,2024-10-14 21:59:55,,وست کتان,670d317031da7,"جنس:کتان(گرم بالا)
رنگبندی:خاکی/مشکی
فری سایز(عرض سینه64/قد70)


در گزینه انتخاب رنگ ،کرم همان رنگ خاکی است!!",0,1,2024-10-14 21:58:57,2025-11-11 17:32:36,,[]
198,41,http://cdn.mouherwear1.comhttp://cdn.mouherwear1.com/01JA5RPJ1W52CJSYAF5EWXQ1GB.webp,image,1,2024-10-14 22:00:14,2024-10-14 22:00:14,,وست کتان,670d317031da7,"جنس:کتان(گرم بالا)
رنگبندی:خاکی/مشکی
فری سایز(عرض سینه64/قد70)


در گزینه انتخاب رنگ ،کرم همان رنگ خاکی است!!",0,1,2024-10-14 21:58:57,2025-11-11 17:32:36,,[]
199,41,http://cdn.mouherwear1.comhttp://cdn.mouherwear1.com/01JA5RQCRW2DBJRX7YM96SQ4NT.webp,image,1,2024-10-14 22:00:41,2024-10-14 22:00:41,,وست کتان,670d317031da7,"جنس:کتان(گرم بالا)
رنگبندی:خاکی/مشکی
فری سایز(عرض سینه64/قد70)


در گزینه انتخاب رنگ ،کرم همان رنگ خاکی است!!",0,1,2024-10-14 21:58:57,2025-11-11 17:32:36,,[]
200,41,http://cdn.mouherwear1.comhttp://cdn.mouherwear1.com/01JA5RQPSWZXNEMQ4FPNQ63YMS.webp,image,1,2024-10-14 22:00:55,2024-10-14 22:00:55,,وست کتان,670d317031da7,"جنس:کتان(گرم بالا)
رنگبندی:خاکی/مشکی
فری سایز(عرض سینه64/قد70)


در گزینه انتخاب رنگ ،کرم همان رنگ خاکی است!!",0,1,2024-10-14 21:58:57,2025-11-11 17:32:36,,[]
201,41,http://cdn.mouherwear1.comhttp://cdn.mouherwear1.com/01JA5RR7HJ98HCJ0GSMSB7P70X.webp,image,1,2024-10-14 22:01:09,2024-10-14 22:01:09,,وست کتان,670d317031da7,"جنس:کتان(گرم بالا)
رنگبندی:خاکی/مشکی
فری سایز(عرض سینه64/قد70)


در گزینه انتخاب رنگ ،کرم همان رنگ خاکی است!!",0,1,2024-10-14 21:58:57,2025-11-11 17:32:36,,[]
202,41,http://cdn.mouherwear1.comhttp://cdn.mouherwear1.com/01JA5RRPATN8NWZ2E9MSPECXTE.webp,image,1,2024-10-14 22:01:24,2024-10-14 22:01:24,,وست کتان,670d317031da7,"جنس:کتان(گرم بالا)
رنگبندی:خاکی/مشکی
فری سایز(عرض سینه64/قد70)


در گزینه انتخاب رنگ ،کرم همان رنگ خاکی است!!",0,1,2024-10-14 21:58:57,2025-11-11 17:32:36,,[]
203,41,http://cdn.mouherwear1.comhttp://cdn.mouherwear1.com/01JA5RS5R97HSHYGZM9Z8QXXR8.webp,image,1,2024-10-14 22:01:40,2024-10-14 22:01:40,,وست کتان,670d317031da7,"جنس:کتان(گرم بالا)
رنگبندی:خاکی/مشکی
فری سایز(عرض سینه64/قد70)


در گزینه انتخاب رنگ ،کرم همان رنگ خاکی است!!",0,1,2024-10-14 21:58:57,2025-11-11 17:32:36,,[]
204,42,http://cdn.mouherwear1.comhttp://cdn.mouherwear1.com/01JA5S2V0T5TDKP1QSPAD1WR47.webp,thumbnail,1,2024-10-14 22:06:56,2024-10-14 22:06:56,,شلوارک کتان,670d330898cfc,"جنس:کتان
رنگبندی:خاکی/مشکی
سایز1(دورکمر 68 الی 85)
سایز2(دورکمر86 الی 110)


در انتخاب رنگ، کرم همان رنگ خاکی است!!",0,1,2024-10-14 22:06:34,2024-10-14 22:09:55,,
205,42,http://cdn.mouherwear1.comhttp://cdn.mouherwear1.com/01JA5S3P1W9XG2V43YES4PGFVJ.webp,image,1,2024-10-14 22:07:24,2024-10-14 22:07:24,,شلوارک کتان,670d330898cfc,"جنس:کتان
رنگبندی:خاکی/مشکی
سایز1(دورکمر 68 الی 85)
سایز2(دورکمر86 الی 110)


در انتخاب رنگ، کرم همان رنگ خاکی است!!",0,1,2024-10-14 22:06:34,2024-10-14 22:09:55,,
206,42,http://cdn.mouherwear1.comhttp://cdn.mouherwear1.com/01JA5S448RYVMSFSVXFNE2Q0WK.webp,image,1,2024-10-14 22:07:39,2024-10-14 22:07:39,,شلوارک کتان,670d330898cfc,"جنس:کتان
رنگبندی:خاکی/مشکی
سایز1(دورکمر 68 الی 85)
سایز2(دورکمر86 الی 110)


در انتخاب رنگ، کرم همان رنگ خاکی است!!",0,1,2024-10-14 22:06:34,2024-10-14 22:09:55,,
207,42,http://cdn.mouherwear1.comhttp://cdn.mouherwear1.com/01JA5S4FZZ6ZWNN5Y34C32C74S.webp,image,1,2024-10-14 22:07:51,2024-10-14 22:07:51,,شلوارک کتان,670d330898cfc,"جنس:کتان
رنگبندی:خاکی/مشکی
سایز1(دورکمر 68 الی 85)
سایز2(دورکمر86 الی 110)


در انتخاب رنگ، کرم همان رنگ خاکی است!!",0,1,2024-10-14 22:06:34,2024-10-14 22:09:55,,
208,42,http://cdn.mouherwear1.comhttp://cdn.mouherwear1.com/01JA5S4TNHM3JHZDP9EMZGT6C9.webp,image,1,2024-10-14 22:08:02,2024-10-14 22:08:02,,شلوارک کتان,670d330898cfc,"جنس:کتان
رنگبندی:خاکی/مشکی
سایز1(دورکمر 68 الی 85)
سایز2(دورکمر86 الی 110)


در انتخاب رنگ، کرم همان رنگ خاکی است!!",0,1,2024-10-14 22:06:34,2024-10-14 22:09:55,,
209,43,http://cdn.mouherwear1.comhttp://cdn.mouherwear1.com/01JA5SCA1ED60CM0Q44HZX2EG3.webp,thumbnail,1,2024-10-14 22:12:07,2024-10-14 22:12:07,,بافت,670d3448e9076,"جنس:بافت(نرم است)
رنگبندی:کرم/مشکی
فری سایز(عرض سینه 63/قد 75)
",0,1,2024-10-14 22:11:15,2025-09-10 19:52:00,,
210,43,http://cdn.mouherwear1.comhttp://cdn.mouherwear1.com/01JA5SCQB2Z2RH3RTJPCB6GA8M.webp,image,1,2024-10-14 22:12:20,2024-10-14 22:12:20,,بافت,670d3448e9076,"جنس:بافت(نرم است)
رنگبندی:کرم/مشکی
فری سایز(عرض سینه 63/قد 75)
",0,1,2024-10-14 22:11:15,2025-09-10 19:52:00,,
211,43,http://cdn.mouherwear1.comhttp://cdn.mouherwear1.com/01JA5SD2SYXZFSFQBAHKJENW32.webp,image,1,2024-10-14 22:12:32,2024-10-14 22:12:32,,بافت,670d3448e9076,"جنس:بافت(نرم است)
رنگبندی:کرم/مشکی
فری سایز(عرض سینه 63/قد 75)
",0,1,2024-10-14 22:11:15,2025-09-10 19:52:00,,
212,43,http://cdn.mouherwear1.comhttp://cdn.mouherwear1.com/01JA5SDHXB50SQB9BY8JDVDECF.webp,image,1,2024-10-14 22:12:48,2024-10-14 22:12:48,,بافت,670d3448e9076,"جنس:بافت(نرم است)
رنگبندی:کرم/مشکی
فری سایز(عرض سینه 63/قد 75)
",0,1,2024-10-14 22:11:15,2025-09-10 19:52:00,,
213,43,http://cdn.mouherwear1.comhttp://cdn.mouherwear1.com/01JA5SDYQHM24X2MPZHHNT58T0.webp,image,1,2024-10-14 22:13:01,2024-10-14 22:13:01,,بافت,670d3448e9076,"جنس:بافت(نرم است)
رنگبندی:کرم/مشکی
فری سایز(عرض سینه 63/قد 75)
",0,1,2024-10-14 22:11:15,2025-09-10 19:52:00,,
214,43,http://cdn.mouherwear1.comhttp://cdn.mouherwear1.com/01JA5SEBNEEHFEFWANRBR4WV0D.webp,image,1,2024-10-14 22:13:14,2024-10-14 22:13:14,,بافت,670d3448e9076,"جنس:بافت(نرم است)
رنگبندی:کرم/مشکی
فری سایز(عرض سینه 63/قد 75)
",0,1,2024-10-14 22:11:15,2025-09-10 19:52:00,,
215,44,http://cdn.mouherwear1.comhttp://cdn.mouherwear1.com/01JA5TRQEJ6K38M7CTC18F4W9S.webp,image,1,2024-10-14 22:36:22,2024-10-14 22:41:42,,کت جین,670d39e74dce5,"جنس:جین(گرم بالا)
رنگبندی:طوسی تیره/طوسی روشن
فری سایز(عرض سینه63/قد77)",0,1,2024-10-14 22:36:00,2024-10-14 22:40:09,,
216,44,http://cdn.mouherwear1.comhttp://cdn.mouherwear1.com/01JA5TS318CMKDMA5Z0GMXP0M8.webp,image,1,2024-10-14 22:36:34,2024-10-14 22:36:34,,کت جین,670d39e74dce5,"جنس:جین(گرم بالا)
رنگبندی:طوسی تیره/طوسی روشن
فری سایز(عرض سینه63/قد77)",0,1,2024-10-14 22:36:00,2024-10-14 22:40:09,,
217,44,http://cdn.mouherwear1.comhttp://cdn.mouherwear1.com/01JA5TSF963SKZ11GQ6KZ2YM9D.webp,image,1,2024-10-14 22:36:47,2024-10-14 22:36:47,,کت جین,670d39e74dce5,"جنس:جین(گرم بالا)
رنگبندی:طوسی تیره/طوسی روشن
فری سایز(عرض سینه63/قد77)",0,1,2024-10-14 22:36:00,2024-10-14 22:40:09,,
218,44,http://cdn.mouherwear1.comhttp://cdn.mouherwear1.com/01JA5TT9SQF8H31VTCGYM3VHVA.webp,image,1,2024-10-14 22:37:14,2024-10-14 22:42:01,,کت جین,670d39e74dce5,"جنس:جین(گرم بالا)
رنگبندی:طوسی تیره/طوسی روشن
فری سایز(عرض سینه63/قد77)",0,1,2024-10-14 22:36:00,2024-10-14 22:40:09,,
219,44,http://cdn.mouherwear1.comhttp://cdn.mouherwear1.com/01JA5TVG14WQ4QW765EC2FK51T.webp,thumbnail,1,2024-10-14 22:37:53,2024-10-14 22:37:53,,کت جین,670d39e74dce5,"جنس:جین(گرم بالا)
رنگبندی:طوسی تیره/طوسی روشن
فری سایز(عرض سینه63/قد77)",0,1,2024-10-14 22:36:00,2024-10-14 22:40:09,,
220,44,http://cdn.mouherwear1.comhttp://cdn.mouherwear1.com/01JA5TVVQH8728ASWCDYEGQJ42.webp,image,1,2024-10-14 22:38:05,2024-10-14 22:38:05,,کت جین,670d39e74dce5,"جنس:جین(گرم بالا)
رنگبندی:طوسی تیره/طوسی روشن
فری سایز(عرض سینه63/قد77)",0,1,2024-10-14 22:36:00,2024-10-14 22:40:09,,
221,45,http://cdn.mouherwear1.comhttp://cdn.mouherwear1.com/01JACGC6RFK927PRG0B47YDWEH.webp,thumbnail,1,2024-10-17 12:49:27,2024-10-17 12:49:27,,لانگ شرت,6710a4d9cd7e3,"جنس:غواصی(گرم بالا)
رنگبندی:مشکی/سفید
سایز1(عرض سینه61/قد75)
سایز2(عرض سینه63/قد80)


*آبرفت ندارد و تل تل نمیشود",0,1,2024-10-17 12:49:10,2024-10-29 14:04:19,,
222,45,http://cdn.mouherwear1.comhttp://cdn.mouherwear1.com/01JACGCT73H2KGYQ13P8MQTE9N.webp,image,1,2024-10-17 12:49:47,2024-10-17 12:49:47,,لانگ شرت,6710a4d9cd7e3,"جنس:غواصی(گرم بالا)
رنگبندی:مشکی/سفید
سایز1(عرض سینه61/قد75)
سایز2(عرض سینه63/قد80)


*آبرفت ندارد و تل تل نمیشود",0,1,2024-10-17 12:49:10,2024-10-29 14:04:19,,
223,45,http://cdn.mouherwear1.comhttp://cdn.mouherwear1.com/01JACGDV1XVG2SQVSAZJGS698M.webp,image,1,2024-10-17 12:50:21,2024-10-17 12:50:21,,لانگ شرت,6710a4d9cd7e3,"جنس:غواصی(گرم بالا)
رنگبندی:مشکی/سفید
سایز1(عرض سینه61/قد75)
سایز2(عرض سینه63/قد80)


*آبرفت ندارد و تل تل نمیشود",0,1,2024-10-17 12:49:10,2024-10-29 14:04:19,,
224,45,http://cdn.mouherwear1.comhttp://cdn.mouherwear1.com/01JACGE68G4GSP64FVVTZM5SNP.webp,image,1,2024-10-17 12:50:32,2024-10-17 12:50:32,,لانگ شرت,6710a4d9cd7e3,"جنس:غواصی(گرم بالا)
رنگبندی:مشکی/سفید
سایز1(عرض سینه61/قد75)
سایز2(عرض سینه63/قد80)


*آبرفت ندارد و تل تل نمیشود",0,1,2024-10-17 12:49:10,2024-10-29 14:04:19,,
225,45,http://cdn.mouherwear1.comhttp://cdn.mouherwear1.com/01JACGF118G1Z36G6KCSCMPQT1.webp,image,1,2024-10-17 12:51:00,2024-10-17 12:51:00,,لانگ شرت,6710a4d9cd7e3,"جنس:غواصی(گرم بالا)
رنگبندی:مشکی/سفید
سایز1(عرض سینه61/قد75)
سایز2(عرض سینه63/قد80)


*آبرفت ندارد و تل تل نمیشود",0,1,2024-10-17 12:49:10,2024-10-29 14:04:19,,
226,45,http://cdn.mouherwear1.comhttp://cdn.mouherwear1.com/01JACGFD7W5K9ZF735GDTWH5MX.webp,image,1,2024-10-17 12:51:12,2024-10-17 12:51:12,,لانگ شرت,6710a4d9cd7e3,"جنس:غواصی(گرم بالا)
رنگبندی:مشکی/سفید
سایز1(عرض سینه61/قد75)
سایز2(عرض سینه63/قد80)


*آبرفت ندارد و تل تل نمیشود",0,1,2024-10-17 12:49:10,2024-10-29 14:04:19,,
227,46,http://cdn.mouherwear1.comhttp://cdn.mouherwear1.com/01JACGWDY0G2144A2V9R5Y6XBA.webp,thumbnail,1,2024-10-17 12:58:19,2024-10-17 12:58:19,,شلوار کبریتی,6710a6cc8688c,"جنس:کبریتی(لخت است)
رنگبندی:مشکی/ذغالی/کرم
سایز1(دورکمر68 الی85)
سایز2(دورکمر86 الی110)

هر دو سایز:
قد کار 110
دور ران 70",0,1,2024-10-17 12:57:19,2025-01-14 14:26:04,,
228,46,http://cdn.mouherwear1.comhttp://cdn.mouherwear1.com/01JACGWXKM8XHAZ6E8RCHG6GS9.webp,image,1,2024-10-17 12:58:35,2024-10-17 12:58:35,,شلوار کبریتی,6710a6cc8688c,"جنس:کبریتی(لخت است)
رنگبندی:مشکی/ذغالی/کرم
سایز1(دورکمر68 الی85)
سایز2(دورکمر86 الی110)

هر دو سایز:
قد کار 110
دور ران 70",0,1,2024-10-17 12:57:19,2025-01-14 14:26:04,,
229,46,http://cdn.mouherwear1.comhttp://cdn.mouherwear1.com/01JBGGMADQZ36W7NXTPER4GXPC.webp,image,1,2024-10-31 12:25:56,2024-10-31 12:26:38,,شلوار کبریتی,6710a6cc8688c,"جنس:کبریتی(لخت است)
رنگبندی:مشکی/ذغالی/کرم
سایز1(دورکمر68 الی85)
سایز2(دورکمر86 الی110)

هر دو سایز:
قد کار 110
دور ران 70",0,1,2024-10-17 12:57:19,2025-01-14 14:26:04,,
230,46,http://cdn.mouherwear1.comhttp://cdn.mouherwear1.com/01JBGGR7453J84YYQ9SY23X91G.webp,image,1,2024-10-31 12:28:44,2024-10-31 12:28:44,,شلوار کبریتی,6710a6cc8688c,"جنس:کبریتی(لخت است)
رنگبندی:مشکی/ذغالی/کرم
سایز1(دورکمر68 الی85)
سایز2(دورکمر86 الی110)

هر دو سایز:
قد کار 110
دور ران 70",0,1,2024-10-17 12:57:19,2025-01-14 14:26:04,,
231,46,http://cdn.mouherwear1.comhttp://cdn.mouherwear1.com/01JDEHAR03F74YX485PPK2MQJA.webp,image,1,2024-11-24 14:31:43,2024-11-24 14:31:43,,شلوار کبریتی,6710a6cc8688c,"جنس:کبریتی(لخت است)
رنگبندی:مشکی/ذغالی/کرم
سایز1(دورکمر68 الی85)
سایز2(دورکمر86 الی110)

هر دو سایز:
قد کار 110
دور ران 70",0,1,2024-10-17 12:57:19,2025-01-14 14:26:04,,
232,46,http://cdn.mouherwear1.comhttp://cdn.mouherwear1.com/01JDEHBQC489QB5616TEDYNKJY.webp,image,1,2024-11-24 14:32:15,2024-11-24 14:32:15,,شلوار کبریتی,6710a6cc8688c,"جنس:کبریتی(لخت است)
رنگبندی:مشکی/ذغالی/کرم
سایز1(دورکمر68 الی85)
سایز2(دورکمر86 الی110)

هر دو سایز:
قد کار 110
دور ران 70",0,1,2024-10-17 12:57:19,2025-01-14 14:26:04,,
233,47,http://cdn.mouherwear1.comhttp://cdn.mouherwear1.com/01JAD77PVRA0FB83S2JSPT90QX.webp,thumbnail,1,2024-10-17 19:28:57,2024-10-17 19:28:57,,کراپ کاپشن,671102b05b82f,"جنس:پافر
رنگبندی:کرم استخوانی/مشکی
فری سایز(عرض سینه60/قد60)",0,1,2024-10-17 19:28:37,2024-10-17 19:28:37,,
234,47,http://cdn.mouherwear1.comhttp://cdn.mouherwear1.com/01JAD787SGHM97GPSA2Q55FREH.webp,image,1,2024-10-17 19:29:14,2024-10-17 19:29:14,,کراپ کاپشن,671102b05b82f,"جنس:پافر
رنگبندی:کرم استخوانی/مشکی
فری سایز(عرض سینه60/قد60)",0,1,2024-10-17 19:28:37,2024-10-17 19:28:37,,
235,47,http://cdn.mouherwear1.comhttp://cdn.mouherwear1.com/01JAD78MSYVWR72VCM3CAPWAH1.webp,image,1,2024-10-17 19:29:28,2024-10-17 19:29:28,,کراپ کاپشن,671102b05b82f,"جنس:پافر
رنگبندی:کرم استخوانی/مشکی
فری سایز(عرض سینه60/قد60)",0,1,2024-10-17 19:28:37,2024-10-17 19:28:37,,
236,47,http://cdn.mouherwear1.comhttp://cdn.mouherwear1.com/01JAD79981GJZV57V57Y0S5AHK.webp,image,1,2024-10-17 19:29:49,2024-10-17 19:29:49,,کراپ کاپشن,671102b05b82f,"جنس:پافر
رنگبندی:کرم استخوانی/مشکی
فری سایز(عرض سینه60/قد60)",0,1,2024-10-17 19:28:37,2024-10-17 19:28:37,,
237,47,http://cdn.mouherwear1.comhttp://cdn.mouherwear1.com/01JAD79TFHD78G42H1PPFCG2RR.webp,image,1,2024-10-17 19:30:10,2024-10-17 19:30:10,,کراپ کاپشن,671102b05b82f,"جنس:پافر
رنگبندی:کرم استخوانی/مشکی
فری سایز(عرض سینه60/قد60)",0,1,2024-10-17 19:28:37,2024-10-17 19:28:37,,
238,48,http://cdn.mouherwear1.comhttp://cdn.mouherwear1.com/01JBGGA2B7AZ8A9N71WB46S7FN.webp,thumbnail,1,2024-10-31 12:21:00,2024-10-31 12:21:00,,کت چرم (leather jacket),671372b018936,"جنس:چرم
رنگ:مشکی
سایز1(عرض سینه61/قد73)
سایز2(عرض سینه63/قد78)

*quality پارچه بالاست ،ترک نمیخورد ،چروک نمیشود",0,1,2024-10-19 15:53:32,2025-09-11 19:21:24,,
239,48,http://cdn.mouherwear1.comhttp://cdn.mouherwear1.com/01JBGGB73TN2ZWYW0J518Z6Y64.webp,image,1,2024-10-31 12:21:35,2024-10-31 12:21:35,,کت چرم (leather jacket),671372b018936,"جنس:چرم
رنگ:مشکی
سایز1(عرض سینه61/قد73)
سایز2(عرض سینه63/قد78)

*quality پارچه بالاست ،ترک نمیخورد ،چروک نمیشود",0,1,2024-10-19 15:53:32,2025-09-11 19:21:24,,
240,48,http://cdn.mouherwear1.comhttp://cdn.mouherwear1.com/01JBGGC6PG4Q2KF100G714NDKT.webp,image,1,2024-10-31 12:22:07,2024-10-31 12:22:07,,کت چرم (leather jacket),671372b018936,"جنس:چرم
رنگ:مشکی
سایز1(عرض سینه61/قد73)
سایز2(عرض سینه63/قد78)

*quality پارچه بالاست ،ترک نمیخورد ،چروک نمیشود",0,1,2024-10-19 15:53:32,2025-09-11 19:21:24,,
241,48,http://cdn.mouherwear1.comhttp://cdn.mouherwear1.com/01JBGGD8PRMRBEYK05N8MZR7KM.webp,image,1,2024-10-31 12:22:42,2024-10-31 12:22:42,,کت چرم (leather jacket),671372b018936,"جنس:چرم
رنگ:مشکی
سایز1(عرض سینه61/قد73)
سایز2(عرض سینه63/قد78)

*quality پارچه بالاست ،ترک نمیخورد ،چروک نمیشود",0,1,2024-10-19 15:53:32,2025-09-11 19:21:24,,
242,49,http://cdn.mouherwear1.comhttp://cdn.mouherwear1.com/01JCAN54H8TCRWZMFF9J8VKSJD.webp,thumbnail,1,2024-11-10 16:05:54,2024-11-10 16:05:54,,وست پافر,673075849e70a,"جنس:پافر
رنگبندی:کرم استخوانی/مشکی
فری سایز(عرض سینه63/قد73)",0,1,2024-11-10 15:58:40,2025-09-10 19:46:17,,
243,49,http://cdn.mouherwear1.comhttp://cdn.mouherwear1.com/01JCAN5QWQC615BYPVR5T6S3CN.webp,image,1,2024-11-10 16:06:13,2024-11-10 16:06:13,,وست پافر,673075849e70a,"جنس:پافر
رنگبندی:کرم استخوانی/مشکی
فری سایز(عرض سینه63/قد73)",0,1,2024-11-10 15:58:40,2025-09-10 19:46:17,,
244,49,http://cdn.mouherwear1.comhttp://cdn.mouherwear1.com/01JCAN65F8T0QX1Z0E5KFXE5BT.webp,image,1,2024-11-10 16:06:27,2024-11-10 16:06:27,,وست پافر,673075849e70a,"جنس:پافر
رنگبندی:کرم استخوانی/مشکی
فری سایز(عرض سینه63/قد73)",0,1,2024-11-10 15:58:40,2025-09-10 19:46:17,,
245,49,http://cdn.mouherwear1.comhttp://cdn.mouherwear1.com/01JCAN6VQ9MXM78F4XCX4JHJG0.webp,image,1,2024-11-10 16:06:52,2024-11-10 16:06:52,,وست پافر,673075849e70a,"جنس:پافر
رنگبندی:کرم استخوانی/مشکی
فری سایز(عرض سینه63/قد73)",0,1,2024-11-10 15:58:40,2025-09-10 19:46:17,,
246,49,http://cdn.mouherwear1.comhttp://cdn.mouherwear1.com/01JCAN7DZ6SB4VNKXNJVP6DGBB.webp,image,1,2024-11-10 16:07:11,2024-11-10 16:07:11,,وست پافر,673075849e70a,"جنس:پافر
رنگبندی:کرم استخوانی/مشکی
فری سایز(عرض سینه63/قد73)",0,1,2024-11-10 15:58:40,2025-09-10 19:46:17,,
247,49,http://cdn.mouherwear1.comhttp://cdn.mouherwear1.com/01JCANE861RABZB3QP0MSFARGD.webp,image,1,2024-11-10 16:10:52,2024-11-10 16:10:52,,وست پافر,673075849e70a,"جنس:پافر
رنگبندی:کرم استخوانی/مشکی
فری سایز(عرض سینه63/قد73)",0,1,2024-11-10 15:58:40,2025-09-10 19:46:17,,
248,49,http://cdn.mouherwear1.comhttp://cdn.mouherwear1.com/01JCANEQTQNWKTATHM39P9VF63.webp,image,1,2024-11-10 16:11:08,2024-11-10 16:11:08,,وست پافر,673075849e70a,"جنس:پافر
رنگبندی:کرم استخوانی/مشکی
فری سایز(عرض سینه63/قد73)",0,1,2024-11-10 15:58:40,2025-09-10 19:46:17,,
249,50,http://cdn.mouherwear1.comhttp://cdn.mouherwear1.com/01JD4DRS35RF826Q2TAHCNXTMD.webp,thumbnail,1,2024-11-20 16:17:04,2024-11-20 16:17:04,,بادی شرت(strech shirt),673da87068ba1,"رنگبندی:مشکی/سفید/سماقی/طوسی تیره
سایزبندی(s/m/L)
جنس:استرچ پنبه",0,1,2024-11-20 16:16:45,2024-11-20 16:27:21,,
250,50,http://cdn.mouherwear1.comhttp://cdn.mouherwear1.com/01JD4DSRHX8VTDE21SNJJHSEFF.webp,image,1,2024-11-20 16:17:36,2024-11-20 16:17:36,,بادی شرت(strech shirt),673da87068ba1,"رنگبندی:مشکی/سفید/سماقی/طوسی تیره
سایزبندی(s/m/L)
جنس:استرچ پنبه",0,1,2024-11-20 16:16:45,2024-11-20 16:27:21,,
251,50,http://cdn.mouherwear1.comhttp://cdn.mouherwear1.com/01JD4DTCW475B9NZM15TKXEZ65.webp,image,1,2024-11-20 16:17:57,2024-11-20 16:17:57,,بادی شرت(strech shirt),673da87068ba1,"رنگبندی:مشکی/سفید/سماقی/طوسی تیره
سایزبندی(s/m/L)
جنس:استرچ پنبه",0,1,2024-11-20 16:16:45,2024-11-20 16:27:21,,
252,50,http://cdn.mouherwear1.comhttp://cdn.mouherwear1.com/01JD4DV8E38WSHAK5VZ252TV6D.webp,image,1,2024-11-20 16:18:25,2024-11-20 16:18:25,,بادی شرت(strech shirt),673da87068ba1,"رنگبندی:مشکی/سفید/سماقی/طوسی تیره
سایزبندی(s/m/L)
جنس:استرچ پنبه",0,1,2024-11-20 16:16:45,2024-11-20 16:27:21,,
253,50,http://cdn.mouherwear1.comhttp://cdn.mouherwear1.com/01JD4DVS2E0GC43B44CH435N4S.webp,image,1,2024-11-20 16:18:42,2024-11-20 16:18:42,,بادی شرت(strech shirt),673da87068ba1,"رنگبندی:مشکی/سفید/سماقی/طوسی تیره
سایزبندی(s/m/L)
جنس:استرچ پنبه",0,1,2024-11-20 16:16:45,2024-11-20 16:27:21,,
254,50,http://cdn.mouherwear1.comhttp://cdn.mouherwear1.com/01JD4DW59Y8QRNPYVEVRKSZNFE.webp,image,1,2024-11-20 16:18:54,2024-11-20 16:18:54,,بادی شرت(strech shirt),673da87068ba1,"رنگبندی:مشکی/سفید/سماقی/طوسی تیره
سایزبندی(s/m/L)
جنس:استرچ پنبه",0,1,2024-11-20 16:16:45,2024-11-20 16:27:21,,
255,50,http://cdn.mouherwear1.comhttp://cdn.mouherwear1.com/01JD4DWHWRY9DGAPGHHKCYFV7S.webp,image,1,2024-11-20 16:19:07,2024-11-20 16:19:07,,بادی شرت(strech shirt),673da87068ba1,"رنگبندی:مشکی/سفید/سماقی/طوسی تیره
سایزبندی(s/m/L)
جنس:استرچ پنبه",0,1,2024-11-20 16:16:45,2024-11-20 16:27:21,,
256,50,http://cdn.mouherwear1.comhttp://cdn.mouherwear1.com/01JD4DX26BGSQKH75BQYPR85QZ.webp,image,1,2024-11-20 16:19:24,2024-11-20 16:19:24,,بادی شرت(strech shirt),673da87068ba1,"رنگبندی:مشکی/سفید/سماقی/طوسی تیره
سایزبندی(s/m/L)
جنس:استرچ پنبه",0,1,2024-11-20 16:16:45,2024-11-20 16:27:21,,
257,51,http://cdn.mouherwear1.comhttp://cdn.mouherwear1.com/01JFCGMD0SCY48K6X0JCYMW2WZ.webp,thumbnail,1,2024-12-18 16:12:25,2024-12-18 16:12:25,,تیشرت کلاه دار,6762919b16178,"جنس:پنبه (گرم بالا)
تک رنگ
فری سایز(عرض سینه64/قد78)",0,1,2024-12-18 16:11:54,2024-12-18 16:11:54,,
258,51,http://cdn.mouherwear1.comhttp://cdn.mouherwear1.com/01JFCGMZSC11FFHEHVGXER2WQM.webp,image,1,2024-12-18 16:12:44,2024-12-18 16:12:44,,تیشرت کلاه دار,6762919b16178,"جنس:پنبه (گرم بالا)
تک رنگ
فری سایز(عرض سینه64/قد78)",0,1,2024-12-18 16:11:54,2024-12-18 16:11:54,,
259,52,http://cdn.mouherwear1.comhttp://cdn.mouherwear1.com/01JFD5Q4S1XC89RJMG08FZ2SDT.webp,image,1,2024-12-18 22:20:55,2024-12-18 22:20:55,,یقه شکاری *,6762e7c09bbaa,"جنس:لینن
رنگبندی:سفید/مشکی/آبی/طوسی روشن
فری سایز(عرض سینه 63/قد78)

پارچه سفید و مشکی آهار دار است
پارچه آبی و طوسی روشن ریزش دارد",0,0,2024-12-18 22:20:25,2024-12-18 22:54:44,,
260,52,http://cdn.mouherwear1.comhttp://cdn.mouherwear1.com/01JFD5QVS5V0E9FJTMGM33ANBM.webp,image,1,2024-12-18 22:21:19,2024-12-18 22:21:19,,یقه شکاری *,6762e7c09bbaa,"جنس:لینن
رنگبندی:سفید/مشکی/آبی/طوسی روشن
فری سایز(عرض سینه 63/قد78)

پارچه سفید و مشکی آهار دار است
پارچه آبی و طوسی روشن ریزش دارد",0,0,2024-12-18 22:20:25,2024-12-18 22:54:44,,
261,52,http://cdn.mouherwear1.comhttp://cdn.mouherwear1.com/01JFD5RC8FXQK7VVTAZ0FBJJA8.webp,image,1,2024-12-18 22:21:35,2024-12-18 22:21:35,,یقه شکاری *,6762e7c09bbaa,"جنس:لینن
رنگبندی:سفید/مشکی/آبی/طوسی روشن
فری سایز(عرض سینه 63/قد78)

پارچه سفید و مشکی آهار دار است
پارچه آبی و طوسی روشن ریزش دارد",0,0,2024-12-18 22:20:25,2024-12-18 22:54:44,,
262,52,http://cdn.mouherwear1.comhttp://cdn.mouherwear1.com/01JFD6WJAT2PG29SSKFX0FXCGX.webp,image,1,2024-12-18 22:41:21,2024-12-18 22:41:21,,یقه شکاری *,6762e7c09bbaa,"جنس:لینن
رنگبندی:سفید/مشکی/آبی/طوسی روشن
فری سایز(عرض سینه 63/قد78)

پارچه سفید و مشکی آهار دار است
پارچه آبی و طوسی روشن ریزش دارد",0,0,2024-12-18 22:20:25,2024-12-18 22:54:44,,
263,52,http://cdn.mouherwear1.comhttp://cdn.mouherwear1.com/01JFD6X3PFECAGJRNQKZ552M51.webp,thumbnail,1,2024-12-18 22:41:39,2024-12-18 22:41:39,,یقه شکاری *,6762e7c09bbaa,"جنس:لینن
رنگبندی:سفید/مشکی/آبی/طوسی روشن
فری سایز(عرض سینه 63/قد78)

پارچه سفید و مشکی آهار دار است
پارچه آبی و طوسی روشن ریزش دارد",0,0,2024-12-18 22:20:25,2024-12-18 22:54:44,,
264,53,http://cdn.mouherwear1.comhttp://cdn.mouherwear1.com/01JFD7VY84RQ79AHSD85CQTHGY.webp,thumbnail,1,2024-12-18 22:58:30,2024-12-18 22:58:30,,یقه ترکیبی,6762f05fa44c9,"جنس:بابوس
رنگبندی:مشکی/سفید
فری سایز(عرض سینه63/قد78)",0,1,2024-12-18 22:57:20,2024-12-18 23:00:48,,
265,53,http://cdn.mouherwear1.comhttp://cdn.mouherwear1.com/01JFD7Y8HXGFCZ3Z26K3DWWKN8.webp,image,1,2024-12-18 22:59:45,2024-12-18 22:59:45,,یقه ترکیبی,6762f05fa44c9,"جنس:بابوس
رنگبندی:مشکی/سفید
فری سایز(عرض سینه63/قد78)",0,1,2024-12-18 22:57:20,2024-12-18 23:00:48,,
266,54,http://cdn.mouherwear1.comhttp://cdn.mouherwear1.com/01JFD89QS85NXGYB3Q4F7CWXS0.webp,thumbnail,1,2024-12-18 23:06:02,2024-12-18 23:06:02,,پیراهن چهارخانه طوسی,6762f1dfcea90,"جنس:لینن
تک رنگ
فری سایز(عرض سینه64/قد78)",0,1,2024-12-18 23:02:28,2024-12-18 23:07:26,,
267,54,http://cdn.mouherwear1.comhttp://cdn.mouherwear1.com/01JFD8A7ESDNHA50N5YZNJPYFZ.webp,image,1,2024-12-18 23:06:18,2024-12-18 23:06:18,,پیراهن چهارخانه طوسی,6762f1dfcea90,"جنس:لینن
تک رنگ
فری سایز(عرض سینه64/قد78)",0,1,2024-12-18 23:02:28,2024-12-18 23:07:26,,
268,55,http://cdn.mouherwear1.comhttp://cdn.mouherwear1.com/01JFD8JTZE3RXGXQ56RVKRF4RJ.webp,thumbnail,1,2024-12-18 23:11:00,2024-12-18 23:11:00,,کت بلیزر,6762f3b08047c,"جنس:فاستونی
رنگبندی:قهوه ای
فری سایز(عرض سینه64/قد80)",0,1,2024-12-18 23:10:38,2024-12-18 23:10:38,,
269,55,http://cdn.mouherwear1.comhttp://cdn.mouherwear1.com/01JFD8KDBFS8GCQG5HTJAQPQEX.webp,image,1,2024-12-18 23:11:22,2024-12-18 23:11:22,,کت بلیزر,6762f3b08047c,"جنس:فاستونی
رنگبندی:قهوه ای
فری سایز(عرض سینه64/قد80)",0,1,2024-12-18 23:10:38,2024-12-18 23:10:38,,
270,55,http://cdn.mouherwear1.comhttp://cdn.mouherwear1.com/01JFD8M7Q7RRWSS30Q16JSXS0Y.webp,image,1,2024-12-18 23:11:48,2024-12-18 23:11:48,,کت بلیزر,6762f3b08047c,"جنس:فاستونی
رنگبندی:قهوه ای
فری سایز(عرض سینه64/قد80)",0,1,2024-12-18 23:10:38,2024-12-18 23:10:38,,
271,56,http://cdn.mouherwear1.comhttp://cdn.mouherwear1.com/01JFD95PYX7R94BE5YQE7301WY.webp,thumbnail,1,2024-12-18 23:21:20,2024-12-18 23:21:20,,نیم زیپ ساده,6762f484128b5,"جنس:دورس پنبه(داخل کرکی)
رنگبندی:کرم استخوانی/مشکی/قهوه ای
فری سایز(عرص سینه63/قد78)",0,1,2024-12-18 23:14:09,2024-12-26 14:31:26,,
272,56,http://cdn.mouherwear1.comhttp://cdn.mouherwear1.com/01JFD98MT8D0CXJANMPG1ZCT09.webp,image,1,2024-12-18 23:22:56,2024-12-18 23:22:56,,نیم زیپ ساده,6762f484128b5,"جنس:دورس پنبه(داخل کرکی)
رنگبندی:کرم استخوانی/مشکی/قهوه ای
فری سایز(عرص سینه63/قد78)",0,1,2024-12-18 23:14:09,2024-12-26 14:31:26,,
273,56,http://cdn.mouherwear1.comhttp://cdn.mouherwear1.com/01JFD9CN2BX7XEVNXKTBBYC2J5.webp,image,1,2024-12-18 23:25:08,2024-12-18 23:25:08,,نیم زیپ ساده,6762f484128b5,"جنس:دورس پنبه(داخل کرکی)
رنگبندی:کرم استخوانی/مشکی/قهوه ای
فری سایز(عرص سینه63/قد78)",0,1,2024-12-18 23:14:09,2024-12-26 14:31:26,,
274,57,http://cdn.mouherwear1.comhttp://cdn.mouherwear1.com/01JFD9PGR5SYSPZ3SWNM6C50JT.webp,thumbnail,1,2024-12-18 23:30:29,2024-12-18 23:30:29,,هودی ساده,6762f7d0789f3,"جنس:دورس پنبه(داخل کرکی)
رنگبندی:مشکی/قهوه ای/کرم استخوانی
فری سایز(عرض سینه63/قد77)",0,1,2024-12-18 23:29:51,2024-12-26 14:31:52,,
275,57,http://cdn.mouherwear1.comhttp://cdn.mouherwear1.com/01JFD9STF71912ZZ79XQ9QXZFX.webp,image,1,2024-12-18 23:32:17,2024-12-18 23:32:17,,هودی ساده,6762f7d0789f3,"جنس:دورس پنبه(داخل کرکی)
رنگبندی:مشکی/قهوه ای/کرم استخوانی
فری سایز(عرض سینه63/قد77)",0,1,2024-12-18 23:29:51,2024-12-26 14:31:52,,
276,57,http://cdn.mouherwear1.comhttp://cdn.mouherwear1.com/01JFDA22E7NAX30VT7MYV43B9G.webp,image,1,2024-12-18 23:36:51,2024-12-18 23:36:51,,هودی ساده,6762f7d0789f3,"جنس:دورس پنبه(داخل کرکی)
رنگبندی:مشکی/قهوه ای/کرم استخوانی
فری سایز(عرض سینه63/قد77)",0,1,2024-12-18 23:29:51,2024-12-26 14:31:52,,
277,57,http://cdn.mouherwear1.comhttp://cdn.mouherwear1.com/01JFDAF31NQ4WZASXBFQW41208.webp,image,1,2024-12-18 23:43:54,2024-12-18 23:43:54,,هودی ساده,6762f7d0789f3,"جنس:دورس پنبه(داخل کرکی)
رنگبندی:مشکی/قهوه ای/کرم استخوانی
فری سایز(عرض سینه63/قد77)",0,1,2024-12-18 23:29:51,2024-12-26 14:31:52,,
278,57,http://cdn.mouherwear1.comhttp://cdn.mouherwear1.com/01JFDAFDPFX25QW05BSR113D8Y.webp,image,1,2024-12-18 23:44:05,2024-12-18 23:44:05,,هودی ساده,6762f7d0789f3,"جنس:دورس پنبه(داخل کرکی)
رنگبندی:مشکی/قهوه ای/کرم استخوانی
فری سایز(عرض سینه63/قد77)",0,1,2024-12-18 23:29:51,2024-12-26 14:31:52,,
279,58,http://cdn.mouherwear1.comhttp://cdn.mouherwear1.com/01JFDBBVRKN9KSCJHAQTTE0KD2.webp,image,1,2024-12-18 23:59:40,2024-12-18 23:59:40,,جاگر,6762fc2db1534,"جنس:دورس پنبه(داخل کرکی)
رنگبندی:مشکی/کرم استخوانی/قهوه ای
فری سایز(دورکمر68 الی110)
قد100",0,1,2024-12-18 23:46:52,2025-09-10 19:59:19,,
280,58,http://cdn.mouherwear1.comhttp://cdn.mouherwear1.com/01JFDBD86Q7479AC8N1HB1F5F7.webp,thumbnail,1,2024-12-19 00:00:22,2024-12-19 00:00:22,,جاگر,6762fc2db1534,"جنس:دورس پنبه(داخل کرکی)
رنگبندی:مشکی/کرم استخوانی/قهوه ای
فری سایز(دورکمر68 الی110)
قد100",0,1,2024-12-18 23:46:52,2025-09-10 19:59:19,,
281,58,http://cdn.mouherwear1.comhttp://cdn.mouherwear1.com/01JFDBDQW80BRGA6C550Z9Q5PY.webp,image,1,2024-12-19 00:00:38,2024-12-19 00:00:38,,جاگر,6762fc2db1534,"جنس:دورس پنبه(داخل کرکی)
رنگبندی:مشکی/کرم استخوانی/قهوه ای
فری سایز(دورکمر68 الی110)
قد100",0,1,2024-12-18 23:46:52,2025-09-10 19:59:19,,
282,58,http://cdn.mouherwear1.comhttp://cdn.mouherwear1.com/01JFDBGBV2195SZHEY3RY0DZ38.webp,image,1,2024-12-19 00:02:05,2024-12-19 00:02:05,,جاگر,6762fc2db1534,"جنس:دورس پنبه(داخل کرکی)
رنگبندی:مشکی/کرم استخوانی/قهوه ای
فری سایز(دورکمر68 الی110)
قد100",0,1,2024-12-18 23:46:52,2025-09-10 19:59:19,,
283,58,http://cdn.mouherwear1.comhttp://cdn.mouherwear1.com/01JFDBGXFEBGS59TYNH6QM6ZMZ.webp,image,1,2024-12-19 00:02:22,2024-12-19 00:02:22,,جاگر,6762fc2db1534,"جنس:دورس پنبه(داخل کرکی)
رنگبندی:مشکی/کرم استخوانی/قهوه ای
فری سایز(دورکمر68 الی110)
قد100",0,1,2024-12-18 23:46:52,2025-09-10 19:59:19,,
284,59,http://cdn.mouherwear1.comhttp://cdn.mouherwear1.com/01JFEZP95FKQ178WGQX2Y6VWR9.webp,thumbnail,1,2024-12-19 15:14:05,2024-12-19 15:14:05,,ست هودی و جاگر,6763d52d9597e,"جاگر فقط رنگ قهوه ای موجود می‌باشد.
هودی در 3 رنگ",0,0,2024-12-19 15:11:39,2025-05-13 21:12:36,,
285,59,http://cdn.mouherwear1.comhttp://cdn.mouherwear1.com/01JFEZPJNP9RTM95BYBGT84FG9.webp,image,1,2024-12-19 15:14:14,2024-12-19 15:14:14,,ست هودی و جاگر,6763d52d9597e,"جاگر فقط رنگ قهوه ای موجود می‌باشد.
هودی در 3 رنگ",0,0,2024-12-19 15:11:39,2025-05-13 21:12:36,,
286,59,http://cdn.mouherwear1.comhttp://cdn.mouherwear1.com/01JFEZPZT0SPE3FHFJ30MTWPN9.webp,image,1,2024-12-19 15:14:27,2024-12-19 15:14:27,,ست هودی و جاگر,6763d52d9597e,"جاگر فقط رنگ قهوه ای موجود می‌باشد.
هودی در 3 رنگ",0,0,2024-12-19 15:11:39,2025-05-13 21:12:36,,
287,60,http://cdn.mouherwear1.comhttp://cdn.mouherwear1.com/01JFQNFZV696HX0THR9F3J60TX.webp,image,1,2024-12-23 00:09:04,2024-12-23 00:09:04,,اورکت long,6768463d90d0c,"جنس:فوتر (دورو کوبیده)
رنگبندی:قهوه ای/مشکی/طوسی روشن

سایز1(عرض شانه44/عرض سینه63/قد115)
سایز2(عرض شانه48/عرض سینه65/قد120)

قسمت سرشانه اپل کار شده
پشت کار چاک دارد",0,1,2024-12-23 00:05:43,2025-09-10 19:45:40,,
288,60,http://cdn.mouherwear1.comhttp://cdn.mouherwear1.com/01JFQNGS81WSCFKAM02AMAENEF.webp,image,1,2024-12-23 00:09:33,2024-12-23 00:09:33,,اورکت long,6768463d90d0c,"جنس:فوتر (دورو کوبیده)
رنگبندی:قهوه ای/مشکی/طوسی روشن

سایز1(عرض شانه44/عرض سینه63/قد115)
سایز2(عرض شانه48/عرض سینه65/قد120)

قسمت سرشانه اپل کار شده
پشت کار چاک دارد",0,1,2024-12-23 00:05:43,2025-09-10 19:45:40,,
289,60,http://cdn.mouherwear1.comhttp://cdn.mouherwear1.com/01JFQNHQJ1KPGERTG23FSWQ0XH.webp,image,1,2024-12-23 00:10:02,2024-12-23 00:10:02,,اورکت long,6768463d90d0c,"جنس:فوتر (دورو کوبیده)
رنگبندی:قهوه ای/مشکی/طوسی روشن

سایز1(عرض شانه44/عرض سینه63/قد115)
سایز2(عرض شانه48/عرض سینه65/قد120)

قسمت سرشانه اپل کار شده
پشت کار چاک دارد",0,1,2024-12-23 00:05:43,2025-09-10 19:45:40,,
290,60,http://cdn.mouherwear1.comhttp://cdn.mouherwear1.com/01JFWXSWAY29DYS5XJXX1P275K.webp,image,1,2024-12-25 01:08:21,2024-12-25 01:10:31,,اورکت long,6768463d90d0c,"جنس:فوتر (دورو کوبیده)
رنگبندی:قهوه ای/مشکی/طوسی روشن

سایز1(عرض شانه44/عرض سینه63/قد115)
سایز2(عرض شانه48/عرض سینه65/قد120)

قسمت سرشانه اپل کار شده
پشت کار چاک دارد",0,1,2024-12-23 00:05:43,2025-09-10 19:45:40,,
291,60,http://cdn.mouherwear1.comhttp://cdn.mouherwear1.com/01JFWXPWDP544ESJ83HPCJR4X2.webp,image,1,2024-12-25 01:08:53,2024-12-25 01:08:53,,اورکت long,6768463d90d0c,"جنس:فوتر (دورو کوبیده)
رنگبندی:قهوه ای/مشکی/طوسی روشن

سایز1(عرض شانه44/عرض سینه63/قد115)
سایز2(عرض شانه48/عرض سینه65/قد120)

قسمت سرشانه اپل کار شده
پشت کار چاک دارد",0,1,2024-12-23 00:05:43,2025-09-10 19:45:40,,
292,60,http://cdn.mouherwear1.comhttp://cdn.mouherwear1.com/01JG64N85XKHFWM8KYJBC63H1B.webp,image,1,2024-12-28 15:03:26,2024-12-28 15:03:26,,اورکت long,6768463d90d0c,"جنس:فوتر (دورو کوبیده)
رنگبندی:قهوه ای/مشکی/طوسی روشن

سایز1(عرض شانه44/عرض سینه63/قد115)
سایز2(عرض شانه48/عرض سینه65/قد120)

قسمت سرشانه اپل کار شده
پشت کار چاک دارد",0,1,2024-12-23 00:05:43,2025-09-10 19:45:40,,
293,60,http://cdn.mouherwear1.comhttp://cdn.mouherwear1.com/01JG64PD81S7DYAZFE7D211239.webp,image,1,2024-12-28 15:04:07,2024-12-28 15:04:07,,اورکت long,6768463d90d0c,"جنس:فوتر (دورو کوبیده)
رنگبندی:قهوه ای/مشکی/طوسی روشن

سایز1(عرض شانه44/عرض سینه63/قد115)
سایز2(عرض شانه48/عرض سینه65/قد120)

قسمت سرشانه اپل کار شده
پشت کار چاک دارد",0,1,2024-12-23 00:05:43,2025-09-10 19:45:40,,
294,60,http://cdn.mouherwear1.comhttp://cdn.mouherwear1.com/01JG64Q9929HTJ5SM4H2QWXZ1X.webp,image,1,2024-12-28 15:04:35,2024-12-28 15:04:35,,اورکت long,6768463d90d0c,"جنس:فوتر (دورو کوبیده)
رنگبندی:قهوه ای/مشکی/طوسی روشن

سایز1(عرض شانه44/عرض سینه63/قد115)
سایز2(عرض شانه48/عرض سینه65/قد120)

قسمت سرشانه اپل کار شده
پشت کار چاک دارد",0,1,2024-12-23 00:05:43,2025-09-10 19:45:40,,
295,60,http://cdn.mouherwear1.comhttp://cdn.mouherwear1.com/01JG64QZ46MHW89TBRTYGZZFV4.webp,image,1,2024-12-28 15:04:58,2024-12-28 15:04:58,,اورکت long,6768463d90d0c,"جنس:فوتر (دورو کوبیده)
رنگبندی:قهوه ای/مشکی/طوسی روشن

سایز1(عرض شانه44/عرض سینه63/قد115)
سایز2(عرض شانه48/عرض سینه65/قد120)

قسمت سرشانه اپل کار شده
پشت کار چاک دارد",0,1,2024-12-23 00:05:43,2025-09-10 19:45:40,,
296,60,http://cdn.mouherwear1.comhttp://cdn.mouherwear1.com/01JG64RN5HWWQWR1ZSA50XQXCM.webp,image,1,2024-12-28 15:05:21,2024-12-28 15:05:21,,اورکت long,6768463d90d0c,"جنس:فوتر (دورو کوبیده)
رنگبندی:قهوه ای/مشکی/طوسی روشن

سایز1(عرض شانه44/عرض سینه63/قد115)
سایز2(عرض شانه48/عرض سینه65/قد120)

قسمت سرشانه اپل کار شده
پشت کار چاک دارد",0,1,2024-12-23 00:05:43,2025-09-10 19:45:40,,
297,61,http://cdn.mouherwear1.comhttp://cdn.mouherwear1.com/01JGE2TBJRJFRFTVT7SSWJMXDM.webp,thumbnail,1,2024-12-31 17:05:17,2024-12-31 17:05:17,,بامبر جکت چرم,6773c09ddb4f7,"جنس:چرم مصنوعی
رنگبندی:مشکی/سبز ارتشی
فری سایز(عرض سینه63/قد74)",0,1,2024-12-31 17:02:26,2025-01-14 14:23:25,,
298,61,http://cdn.mouherwear1.comhttp://cdn.mouherwear1.com/01JGE2VJ6DKNVKZTVJH7H7N2G1.webp,image,1,2024-12-31 17:05:53,2024-12-31 17:05:53,,بامبر جکت چرم,6773c09ddb4f7,"جنس:چرم مصنوعی
رنگبندی:مشکی/سبز ارتشی
فری سایز(عرض سینه63/قد74)",0,1,2024-12-31 17:02:26,2025-01-14 14:23:25,,
299,61,http://cdn.mouherwear1.comhttp://cdn.mouherwear1.com/01JGE35TWFZ1651H7YD3G36WHA.webp,image,1,2024-12-31 17:11:34,2024-12-31 17:11:34,,بامبر جکت چرم,6773c09ddb4f7,"جنس:چرم مصنوعی
رنگبندی:مشکی/سبز ارتشی
فری سایز(عرض سینه63/قد74)",0,1,2024-12-31 17:02:26,2025-01-14 14:23:25,,
300,61,http://cdn.mouherwear1.comhttp://cdn.mouherwear1.com/01JGE37064SQ5Z7YXB04QC5QJW.webp,image,1,2024-12-31 17:12:06,2024-12-31 17:12:06,,بامبر جکت چرم,6773c09ddb4f7,"جنس:چرم مصنوعی
رنگبندی:مشکی/سبز ارتشی
فری سایز(عرض سینه63/قد74)",0,1,2024-12-31 17:02:26,2025-01-14 14:23:25,,
301,61,http://cdn.mouherwear1.comhttp://cdn.mouherwear1.com/01JGE39QTNFCTSVYNTN8JBM6ER.webp,image,1,2024-12-31 17:13:38,2024-12-31 17:13:38,,بامبر جکت چرم,6773c09ddb4f7,"جنس:چرم مصنوعی
رنگبندی:مشکی/سبز ارتشی
فری سایز(عرض سینه63/قد74)",0,1,2024-12-31 17:02:26,2025-01-14 14:23:25,,
302,61,http://cdn.mouherwear1.comhttp://cdn.mouherwear1.com/01JGE3B06H2NE2W6D5VATC0B7H.webp,image,1,2024-12-31 17:14:19,2024-12-31 17:14:19,,بامبر جکت چرم,6773c09ddb4f7,"جنس:چرم مصنوعی
رنگبندی:مشکی/سبز ارتشی
فری سایز(عرض سینه63/قد74)",0,1,2024-12-31 17:02:26,2025-01-14 14:23:25,,
303,62,http://cdn.mouherwear1.comhttp://cdn.mouherwear1.com/01JGE54W25HN5ATCG2ECERAYZG.webp,thumbnail,1,2024-12-31 17:45:56,2024-12-31 17:45:56,,پافر کلاه داره,6773caecca60f,"جنس:پافر
رنگبندی:طوسی خاکی روشن/مشکی
سایز1(عرض سینه61/قد70)
سایز2(عرض سینه64/قد75)

توجه:
رنگ اصلی پافر طوسی خاکی روشن ،عکس هایی هستند که خارج  از فضای استودیو گرفته شده اند
و برای انتخاب و خریداری به اسم رنگ خاکی میتوانید ثبت کنید🙏🏽



",0,1,2024-12-31 17:45:26,2025-09-10 19:42:34,,
304,62,http://cdn.mouherwear1.comhttp://cdn.mouherwear1.com/01JGE55JJNGWX3YVF561E940FR.webp,image,1,2024-12-31 17:46:19,2024-12-31 17:46:19,,پافر کلاه داره,6773caecca60f,"جنس:پافر
رنگبندی:طوسی خاکی روشن/مشکی
سایز1(عرض سینه61/قد70)
سایز2(عرض سینه64/قد75)

توجه:
رنگ اصلی پافر طوسی خاکی روشن ،عکس هایی هستند که خارج  از فضای استودیو گرفته شده اند
و برای انتخاب و خریداری به اسم رنگ خاکی میتوانید ثبت کنید🙏🏽



",0,1,2024-12-31 17:45:26,2025-09-10 19:42:34,,
305,62,http://cdn.mouherwear1.comhttp://cdn.mouherwear1.com/01JGE56R96D8G9PAKQTW7DBHYP.webp,image,1,2024-12-31 17:46:57,2024-12-31 17:46:57,,پافر کلاه داره,6773caecca60f,"جنس:پافر
رنگبندی:طوسی خاکی روشن/مشکی
سایز1(عرض سینه61/قد70)
سایز2(عرض سینه64/قد75)

توجه:
رنگ اصلی پافر طوسی خاکی روشن ،عکس هایی هستند که خارج  از فضای استودیو گرفته شده اند
و برای انتخاب و خریداری به اسم رنگ خاکی میتوانید ثبت کنید🙏🏽



",0,1,2024-12-31 17:45:26,2025-09-10 19:42:34,,
306,62,http://cdn.mouherwear1.comhttp://cdn.mouherwear1.com/01JGE57JBZVAE2D80CS3DWBP4H.webp,image,1,2024-12-31 17:47:25,2024-12-31 17:47:25,,پافر کلاه داره,6773caecca60f,"جنس:پافر
رنگبندی:طوسی خاکی روشن/مشکی
سایز1(عرض سینه61/قد70)
سایز2(عرض سینه64/قد75)

توجه:
رنگ اصلی پافر طوسی خاکی روشن ،عکس هایی هستند که خارج  از فضای استودیو گرفته شده اند
و برای انتخاب و خریداری به اسم رنگ خاکی میتوانید ثبت کنید🙏🏽



",0,1,2024-12-31 17:45:26,2025-09-10 19:42:34,,
307,62,http://cdn.mouherwear1.comhttp://cdn.mouherwear1.com/01JGE58BWVKWNB0BWRSJVFB7AY.webp,image,1,2024-12-31 17:47:51,2024-12-31 17:47:51,,پافر کلاه داره,6773caecca60f,"جنس:پافر
رنگبندی:طوسی خاکی روشن/مشکی
سایز1(عرض سینه61/قد70)
سایز2(عرض سینه64/قد75)

توجه:
رنگ اصلی پافر طوسی خاکی روشن ،عکس هایی هستند که خارج  از فضای استودیو گرفته شده اند
و برای انتخاب و خریداری به اسم رنگ خاکی میتوانید ثبت کنید🙏🏽



",0,1,2024-12-31 17:45:26,2025-09-10 19:42:34,,
308,62,http://cdn.mouherwear1.comhttp://cdn.mouherwear1.com/01JGE591625GQTG97X77KVC097.webp,image,1,2024-12-31 17:48:12,2024-12-31 17:48:12,,پافر کلاه داره,6773caecca60f,"جنس:پافر
رنگبندی:طوسی خاکی روشن/مشکی
سایز1(عرض سینه61/قد70)
سایز2(عرض سینه64/قد75)

توجه:
رنگ اصلی پافر طوسی خاکی روشن ،عکس هایی هستند که خارج  از فضای استودیو گرفته شده اند
و برای انتخاب و خریداری به اسم رنگ خاکی میتوانید ثبت کنید🙏🏽



",0,1,2024-12-31 17:45:26,2025-09-10 19:42:34,,
309,62,http://cdn.mouherwear1.comhttp://cdn.mouherwear1.com/01JGRE1XQHBYV8PSHA2VXDKXFB.webp,image,1,2025-01-04 17:34:03,2025-01-04 17:34:03,,پافر کلاه داره,6773caecca60f,"جنس:پافر
رنگبندی:طوسی خاکی روشن/مشکی
سایز1(عرض سینه61/قد70)
سایز2(عرض سینه64/قد75)

توجه:
رنگ اصلی پافر طوسی خاکی روشن ،عکس هایی هستند که خارج  از فضای استودیو گرفته شده اند
و برای انتخاب و خریداری به اسم رنگ خاکی میتوانید ثبت کنید🙏🏽



",0,1,2024-12-31 17:45:26,2025-09-10 19:42:34,,
310,62,http://cdn.mouherwear1.comhttp://cdn.mouherwear1.com/01JGRE3R1DYPSV75TJYS93FXNK.webp,thumbnail,1,2025-01-04 17:35:00,2025-01-04 17:35:10,,پافر کلاه داره,6773caecca60f,"جنس:پافر
رنگبندی:طوسی خاکی روشن/مشکی
سایز1(عرض سینه61/قد70)
سایز2(عرض سینه64/قد75)

توجه:
رنگ اصلی پافر طوسی خاکی روشن ،عکس هایی هستند که خارج  از فضای استودیو گرفته شده اند
و برای انتخاب و خریداری به اسم رنگ خاکی میتوانید ثبت کنید🙏🏽



",0,1,2024-12-31 17:45:26,2025-09-10 19:42:34,,
311,63,http://cdn.mouherwear1.comhttp://cdn.mouherwear1.com/01JK9AT70C1CWJGRS9GQQ8QXFT.webp,thumbnail,1,2025-02-05 03:35:48,2025-02-05 03:35:48,,تست,67a279dd881f7,,0,0,2025-02-05 03:34:47,2025-04-19 14:10:50,,
312,64,http://cdn.mouherwear1.comhttp://cdn.mouherwear1.com/01JN9PKWSJ02H69RHPFPC0BB3Q.webp,thumbnail,1,2025-03-02 03:33:27,2025-03-02 03:33:27,,کت بلیزر 2025,67c367c6729ef,"جنس:فاستونی
رنگبندی:مشکی/طوسی
سایز1(عرض سینه62/قد75/عرض شانه47)
سایز2(عرض سینه64/قد80عرض شانه50)",0,1,2025-03-02 03:06:19,2025-09-06 09:40:26,,
313,64,http://cdn.mouherwear1.comhttp://cdn.mouherwear1.com/01JN9PM823MC6K4EEFV1RNCNP6.webp,image,1,2025-03-02 03:33:39,2025-03-02 03:33:39,,کت بلیزر 2025,67c367c6729ef,"جنس:فاستونی
رنگبندی:مشکی/طوسی
سایز1(عرض سینه62/قد75/عرض شانه47)
سایز2(عرض سینه64/قد80عرض شانه50)",0,1,2025-03-02 03:06:19,2025-09-06 09:40:26,,
314,64,http://cdn.mouherwear1.comhttp://cdn.mouherwear1.com/01JN9PN418MK3R23HCEE3KFSSV.webp,image,1,2025-03-02 03:34:08,2025-03-02 03:34:08,,کت بلیزر 2025,67c367c6729ef,"جنس:فاستونی
رنگبندی:مشکی/طوسی
سایز1(عرض سینه62/قد75/عرض شانه47)
سایز2(عرض سینه64/قد80عرض شانه50)",0,1,2025-03-02 03:06:19,2025-09-06 09:40:26,,
315,64,http://cdn.mouherwear1.comhttp://cdn.mouherwear1.com/01JN9PSC75R75S7AX8037EY28F.webp,image,1,2025-03-02 03:38:38,2025-03-02 03:38:38,,کت بلیزر 2025,67c367c6729ef,"جنس:فاستونی
رنگبندی:مشکی/طوسی
سایز1(عرض سینه62/قد75/عرض شانه47)
سایز2(عرض سینه64/قد80عرض شانه50)",0,1,2025-03-02 03:06:19,2025-09-06 09:40:26,,
316,64,http://cdn.mouherwear1.comhttp://cdn.mouherwear1.com/01JN9R6CFWYTWTWKNV631BQJN7.webp,image,1,2025-03-02 04:01:02,2025-03-02 04:01:02,,کت بلیزر 2025,67c367c6729ef,"جنس:فاستونی
رنگبندی:مشکی/طوسی
سایز1(عرض سینه62/قد75/عرض شانه47)
سایز2(عرض سینه64/قد80عرض شانه50)",0,1,2025-03-02 03:06:19,2025-09-06 09:40:26,,
317,64,http://cdn.mouherwear1.comhttp://cdn.mouherwear1.com/01JN9R6XBDG177MJY8CE3Y4KJA.webp,image,1,2025-03-02 04:01:19,2025-03-02 04:01:19,,کت بلیزر 2025,67c367c6729ef,"جنس:فاستونی
رنگبندی:مشکی/طوسی
سایز1(عرض سینه62/قد75/عرض شانه47)
سایز2(عرض سینه64/قد80عرض شانه50)",0,1,2025-03-02 03:06:19,2025-09-06 09:40:26,,
318,64,http://cdn.mouherwear1.comhttp://cdn.mouherwear1.com/01JN9R3NNG5CM5Q4PBFWMFNP0T.webp,image,1,2025-03-02 04:01:42,2025-03-02 04:01:42,,کت بلیزر 2025,67c367c6729ef,"جنس:فاستونی
رنگبندی:مشکی/طوسی
سایز1(عرض سینه62/قد75/عرض شانه47)
سایز2(عرض سینه64/قد80عرض شانه50)",0,1,2025-03-02 03:06:19,2025-09-06 09:40:26,,
319,64,http://cdn.mouherwear1.comhttp://cdn.mouherwear1.com/01JN9R7R1FNH7WQ6F5ARA850BN.webp,image,1,2025-03-02 04:01:46,2025-03-02 04:01:46,,کت بلیزر 2025,67c367c6729ef,"جنس:فاستونی
رنگبندی:مشکی/طوسی
سایز1(عرض سینه62/قد75/عرض شانه47)
سایز2(عرض سینه64/قد80عرض شانه50)",0,1,2025-03-02 03:06:19,2025-09-06 09:40:26,,
320,64,http://cdn.mouherwear1.comhttp://cdn.mouherwear1.com/01JN9RC7MB1X09DHBXGJZWZ6X2.webp,image,1,2025-03-02 04:04:14,2025-03-02 04:04:14,,کت بلیزر 2025,67c367c6729ef,"جنس:فاستونی
رنگبندی:مشکی/طوسی
سایز1(عرض سینه62/قد75/عرض شانه47)
سایز2(عرض سینه64/قد80عرض شانه50)",0,1,2025-03-02 03:06:19,2025-09-06 09:40:26,,
321,64,http://cdn.mouherwear1.comhttp://cdn.mouherwear1.com/01JN9RCQ5HCW0RJDP55YW538V8.webp,image,1,2025-03-02 04:04:29,2025-03-02 04:04:29,,کت بلیزر 2025,67c367c6729ef,"جنس:فاستونی
رنگبندی:مشکی/طوسی
سایز1(عرض سینه62/قد75/عرض شانه47)
سایز2(عرض سینه64/قد80عرض شانه50)",0,1,2025-03-02 03:06:19,2025-09-06 09:40:26,,
322,65,http://cdn.mouherwear1.comhttp://cdn.mouherwear1.com/01JN9S58Q84RRCFWZVQZ10WE08.webp,thumbnail,1,2025-03-02 04:17:54,2025-03-02 04:17:54,,پیراهن چهارخانه کشمیر,67c3772b2d39a,"جنس:کشمیر
رنگبندی:مشکی/قهوه ای
فری سایز(عرص سینه64/قد78)",0,1,2025-03-02 04:09:13,2025-03-02 04:25:56,,
323,65,http://cdn.mouherwear1.comhttp://cdn.mouherwear1.com/01JN9S5QT8PR89VTWFG8HVKBYR.webp,image,1,2025-03-02 04:18:09,2025-03-02 04:18:09,,پیراهن چهارخانه کشمیر,67c3772b2d39a,"جنس:کشمیر
رنگبندی:مشکی/قهوه ای
فری سایز(عرص سینه64/قد78)",0,1,2025-03-02 04:09:13,2025-03-02 04:25:56,,
324,65,http://cdn.mouherwear1.comhttp://cdn.mouherwear1.com/01JN9S647WHAYZFA0KRA33J4E7.webp,image,1,2025-03-02 04:18:22,2025-03-02 04:18:22,,پیراهن چهارخانه کشمیر,67c3772b2d39a,"جنس:کشمیر
رنگبندی:مشکی/قهوه ای
فری سایز(عرص سینه64/قد78)",0,1,2025-03-02 04:09:13,2025-03-02 04:25:56,,
325,65,http://cdn.mouherwear1.comhttp://cdn.mouherwear1.com/01JN9S7CCPPWE64Q3Y2R9D71T0.webp,image,1,2025-03-02 04:19:03,2025-03-02 04:19:03,,پیراهن چهارخانه کشمیر,67c3772b2d39a,"جنس:کشمیر
رنگبندی:مشکی/قهوه ای
فری سایز(عرص سینه64/قد78)",0,1,2025-03-02 04:09:13,2025-03-02 04:25:56,,
326,65,http://cdn.mouherwear1.comhttp://cdn.mouherwear1.com/01JN9S7RQ4M7XHYHSV0FY9T6F7.webp,image,1,2025-03-02 04:21:26,2025-03-02 04:21:26,,پیراهن چهارخانه کشمیر,67c3772b2d39a,"جنس:کشمیر
رنگبندی:مشکی/قهوه ای
فری سایز(عرص سینه64/قد78)",0,1,2025-03-02 04:09:13,2025-03-02 04:25:56,,
327,65,http://cdn.mouherwear1.comhttp://cdn.mouherwear1.com/01JN9SD25AXVD91GDT9BY951V3.webp,image,1,2025-03-02 04:22:09,2025-03-02 04:22:09,,پیراهن چهارخانه کشمیر,67c3772b2d39a,"جنس:کشمیر
رنگبندی:مشکی/قهوه ای
فری سایز(عرص سینه64/قد78)",0,1,2025-03-02 04:09:13,2025-03-02 04:25:56,,
328,65,http://cdn.mouherwear1.comhttp://cdn.mouherwear1.com/01JN9SDMAH8CDMSHR260KX4WNT.webp,image,1,2025-03-02 04:22:28,2025-03-02 04:22:28,,پیراهن چهارخانه کشمیر,67c3772b2d39a,"جنس:کشمیر
رنگبندی:مشکی/قهوه ای
فری سایز(عرص سینه64/قد78)",0,1,2025-03-02 04:09:13,2025-03-02 04:25:56,,
329,65,http://cdn.mouherwear1.comhttp://cdn.mouherwear1.com/01JN9SE7C8STZZW1X0Z8VJX6T1.webp,image,1,2025-03-02 04:22:48,2025-03-02 04:22:48,,پیراهن چهارخانه کشمیر,67c3772b2d39a,"جنس:کشمیر
رنگبندی:مشکی/قهوه ای
فری سایز(عرص سینه64/قد78)",0,1,2025-03-02 04:09:13,2025-03-02 04:25:56,,
330,66,http://cdn.mouherwear1.comhttp://cdn.mouherwear1.com/01JN9TCF4FMVKVS22AVD6TC9K9.webp,thumbnail,1,2025-03-02 04:39:19,2025-03-02 04:39:19,,کت اسپرت,67c37b702e32a,"جنس:کتان
رنگبندی:مشکی/سرمه ای
سایز1(عرض سینه 62/قد 70)
سایز2(عرض سینه 64/قد 75)",0,1,2025-03-02 04:38:55,2025-03-02 04:46:33,,
331,66,http://cdn.mouherwear1.comhttp://cdn.mouherwear1.com/01JN9TDJB5QK0F5XGP7R81HJ6X.webp,image,1,2025-03-02 04:39:54,2025-03-02 04:39:54,,کت اسپرت,67c37b702e32a,"جنس:کتان
رنگبندی:مشکی/سرمه ای
سایز1(عرض سینه 62/قد 70)
سایز2(عرض سینه 64/قد 75)",0,1,2025-03-02 04:38:55,2025-03-02 04:46:33,,
332,66,http://cdn.mouherwear1.comhttp://cdn.mouherwear1.com/01JN9TE1ZRSHQWD9BT1SAGNXRD.webp,image,1,2025-03-02 04:40:10,2025-03-02 04:40:10,,کت اسپرت,67c37b702e32a,"جنس:کتان
رنگبندی:مشکی/سرمه ای
سایز1(عرض سینه 62/قد 70)
سایز2(عرض سینه 64/قد 75)",0,1,2025-03-02 04:38:55,2025-03-02 04:46:33,,
333,66,http://cdn.mouherwear1.comhttp://cdn.mouherwear1.com/01JN9TEJAXZA80FPQAM48J7WWQ.webp,image,1,2025-03-02 04:40:27,2025-03-02 04:40:27,,کت اسپرت,67c37b702e32a,"جنس:کتان
رنگبندی:مشکی/سرمه ای
سایز1(عرض سینه 62/قد 70)
سایز2(عرض سینه 64/قد 75)",0,1,2025-03-02 04:38:55,2025-03-02 04:46:33,,
334,66,http://cdn.mouherwear1.comhttp://cdn.mouherwear1.com/01JN9TF4E73BTTZDKR50479KVZ.webp,image,1,2025-03-02 04:42:56,2025-03-02 04:42:56,,کت اسپرت,67c37b702e32a,"جنس:کتان
رنگبندی:مشکی/سرمه ای
سایز1(عرض سینه 62/قد 70)
سایز2(عرض سینه 64/قد 75)",0,1,2025-03-02 04:38:55,2025-03-02 04:46:33,,
335,66,http://cdn.mouherwear1.comhttp://cdn.mouherwear1.com/01JN9TKS54H22624P4PZCE8FCV.webp,image,1,2025-03-02 04:43:18,2025-03-02 04:43:18,,کت اسپرت,67c37b702e32a,"جنس:کتان
رنگبندی:مشکی/سرمه ای
سایز1(عرض سینه 62/قد 70)
سایز2(عرض سینه 64/قد 75)",0,1,2025-03-02 04:38:55,2025-03-02 04:46:33,,
336,67,http://cdn.mouherwear1.comhttp://cdn.mouherwear1.com/01JN9W64QKM5PBMN6XGHB0EEK9.webp,thumbnail,1,2025-03-02 05:10:48,2025-03-02 05:10:48,,پیراهن بیسیک 2025,67c3803e72b97,"جنس:کتان (گرم پایین مناسب بهار)
جنس رنگ سفید لینن هست!
رنگبندی:مشکی/سبز/سفید
فری سایز(عرض سینه 64/قد 78)
",0,1,2025-03-02 04:48:57,2025-03-02 12:03:26,,
337,67,http://cdn.mouherwear1.comhttp://cdn.mouherwear1.com/01JN9W70GRY006BMR31S1S6A8B.webp,image,1,2025-03-02 05:11:18,2025-03-02 05:11:18,,پیراهن بیسیک 2025,67c3803e72b97,"جنس:کتان (گرم پایین مناسب بهار)
جنس رنگ سفید لینن هست!
رنگبندی:مشکی/سبز/سفید
فری سایز(عرض سینه 64/قد 78)
",0,1,2025-03-02 04:48:57,2025-03-02 12:03:26,,
338,67,http://cdn.mouherwear1.comhttp://cdn.mouherwear1.com/01JN9W7HXHD6J106ZQ99AHDH9Q.webp,image,1,2025-03-02 05:11:34,2025-03-02 05:11:34,,پیراهن بیسیک 2025,67c3803e72b97,"جنس:کتان (گرم پایین مناسب بهار)
جنس رنگ سفید لینن هست!
رنگبندی:مشکی/سبز/سفید
فری سایز(عرض سینه 64/قد 78)
",0,1,2025-03-02 04:48:57,2025-03-02 12:03:26,,
339,67,http://cdn.mouherwear1.comhttp://cdn.mouherwear1.com/01JNAKH0E7J6XSQZC92WG48RXF.webp,image,1,2025-03-02 11:58:42,2025-03-02 11:58:42,,پیراهن بیسیک 2025,67c3803e72b97,"جنس:کتان (گرم پایین مناسب بهار)
جنس رنگ سفید لینن هست!
رنگبندی:مشکی/سبز/سفید
فری سایز(عرض سینه 64/قد 78)
",0,1,2025-03-02 04:48:57,2025-03-02 12:03:26,,
340,67,http://cdn.mouherwear1.comhttp://cdn.mouherwear1.com/01JNAKHVQ7Q004S736KEWQ9HCM.webp,image,1,2025-03-02 11:59:09,2025-03-02 11:59:09,,پیراهن بیسیک 2025,67c3803e72b97,"جنس:کتان (گرم پایین مناسب بهار)
جنس رنگ سفید لینن هست!
رنگبندی:مشکی/سبز/سفید
فری سایز(عرض سینه 64/قد 78)
",0,1,2025-03-02 04:48:57,2025-03-02 12:03:26,,
341,67,http://cdn.mouherwear1.comhttp://cdn.mouherwear1.com/01JNAKKEFGY0H01QQ2DFJYX835.webp,image,1,2025-03-02 12:00:01,2025-03-02 12:00:01,,پیراهن بیسیک 2025,67c3803e72b97,"جنس:کتان (گرم پایین مناسب بهار)
جنس رنگ سفید لینن هست!
رنگبندی:مشکی/سبز/سفید
فری سایز(عرض سینه 64/قد 78)
",0,1,2025-03-02 04:48:57,2025-03-02 12:03:26,,
342,67,http://cdn.mouherwear1.comhttp://cdn.mouherwear1.com/01JNAKKWDDSMJZWTXM758K88K8.webp,image,1,2025-03-02 12:00:16,2025-03-02 12:00:16,,پیراهن بیسیک 2025,67c3803e72b97,"جنس:کتان (گرم پایین مناسب بهار)
جنس رنگ سفید لینن هست!
رنگبندی:مشکی/سبز/سفید
فری سایز(عرض سینه 64/قد 78)
",0,1,2025-03-02 04:48:57,2025-03-02 12:03:26,,
343,67,http://cdn.mouherwear1.comhttp://cdn.mouherwear1.com/01JNAKMAY48975Q4RG7XKGR10F.webp,image,1,2025-03-02 12:00:31,2025-03-02 12:00:31,,پیراهن بیسیک 2025,67c3803e72b97,"جنس:کتان (گرم پایین مناسب بهار)
جنس رنگ سفید لینن هست!
رنگبندی:مشکی/سبز/سفید
فری سایز(عرض سینه 64/قد 78)
",0,1,2025-03-02 04:48:57,2025-03-02 12:03:26,,
344,67,http://cdn.mouherwear1.comhttp://cdn.mouherwear1.com/01JNAKMY94QXRK31JM3KVWN8W2.webp,image,1,2025-03-02 12:00:50,2025-03-02 12:00:50,,پیراهن بیسیک 2025,67c3803e72b97,"جنس:کتان (گرم پایین مناسب بهار)
جنس رنگ سفید لینن هست!
رنگبندی:مشکی/سبز/سفید
فری سایز(عرض سینه 64/قد 78)
",0,1,2025-03-02 04:48:57,2025-03-02 12:03:26,,
345,67,http://cdn.mouherwear1.comhttp://cdn.mouherwear1.com/01JNAKNK1VZHGVZN77JMGS6WP0.webp,image,1,2025-03-02 12:01:12,2025-03-02 12:01:12,,پیراهن بیسیک 2025,67c3803e72b97,"جنس:کتان (گرم پایین مناسب بهار)
جنس رنگ سفید لینن هست!
رنگبندی:مشکی/سبز/سفید
فری سایز(عرض سینه 64/قد 78)
",0,1,2025-03-02 04:48:57,2025-03-02 12:03:26,,
346,67,http://cdn.mouherwear1.comhttp://cdn.mouherwear1.com/01JNAKP9BDNZBQKKGN7WQG9FSJ.webp,image,1,2025-03-02 12:01:35,2025-03-02 12:01:35,,پیراهن بیسیک 2025,67c3803e72b97,"جنس:کتان (گرم پایین مناسب بهار)
جنس رنگ سفید لینن هست!
رنگبندی:مشکی/سبز/سفید
فری سایز(عرض سینه 64/قد 78)
",0,1,2025-03-02 04:48:57,2025-03-02 12:03:26,,
347,67,http://cdn.mouherwear1.comhttp://cdn.mouherwear1.com/01JNAWE9DXZQVAQCWJGD66VPW9.webp,image,1,2025-03-02 14:34:30,2025-03-02 14:34:30,,پیراهن بیسیک 2025,67c3803e72b97,"جنس:کتان (گرم پایین مناسب بهار)
جنس رنگ سفید لینن هست!
رنگبندی:مشکی/سبز/سفید
فری سایز(عرض سینه 64/قد 78)
",0,1,2025-03-02 04:48:57,2025-03-02 12:03:26,,
348,68,http://cdn.mouherwear1.comhttp://cdn.mouherwear1.com/01JNAM82X2EDS5W5HCRCYH9J7K.webp,thumbnail,1,2025-03-02 12:11:18,2025-03-02 12:11:18,,پیراهن طرح ,67c3e6a80b552,"جنس:کتان
رنگبندی:مشکی
فری سایز(عرض سینه 64/ قد 78)
سر شانه + آستین80",0,1,2025-03-02 12:06:49,2025-03-02 12:14:06,,
349,68,http://cdn.mouherwear1.comhttp://cdn.mouherwear1.com/01JNAM8JKW8439J4H4FGP7YWJX.webp,image,1,2025-03-02 12:11:34,2025-03-02 12:11:34,,پیراهن طرح ,67c3e6a80b552,"جنس:کتان
رنگبندی:مشکی
فری سایز(عرض سینه 64/ قد 78)
سر شانه + آستین80",0,1,2025-03-02 12:06:49,2025-03-02 12:14:06,,
350,68,http://cdn.mouherwear1.comhttp://cdn.mouherwear1.com/01JNAM90P22V1A8NYJA4791G9J.webp,image,1,2025-03-02 12:11:48,2025-03-02 12:11:48,,پیراهن طرح ,67c3e6a80b552,"جنس:کتان
رنگبندی:مشکی
فری سایز(عرض سینه 64/ قد 78)
سر شانه + آستین80",0,1,2025-03-02 12:06:49,2025-03-02 12:14:06,,
351,68,http://cdn.mouherwear1.comhttp://cdn.mouherwear1.com/01JNAM9EW1GC04PBWJ1RASK3W2.webp,image,1,2025-03-02 12:12:03,2025-03-02 12:12:03,,پیراهن طرح ,67c3e6a80b552,"جنس:کتان
رنگبندی:مشکی
فری سایز(عرض سینه 64/ قد 78)
سر شانه + آستین80",0,1,2025-03-02 12:06:49,2025-03-02 12:14:06,,
352,69,http://cdn.mouherwear1.comhttp://cdn.mouherwear1.com/01JNAMS0CFCC6RTAZQBJZ80SP2.webp,thumbnail,1,2025-03-02 12:20:32,2025-03-02 12:20:32,,پیراهن دوجیب پرسی,67c3e923cfcad,"جنس:لینن
رنگبندی:مشکی
فری سایز(عرض سینه63/قد78)",0,1,2025-03-02 12:16:22,2025-03-02 12:22:29,,
353,69,http://cdn.mouherwear1.comhttp://cdn.mouherwear1.com/01JNAMSMF2CG4V91GTQR5F3A8E.webp,image,1,2025-03-02 12:20:53,2025-03-02 12:20:53,,پیراهن دوجیب پرسی,67c3e923cfcad,"جنس:لینن
رنگبندی:مشکی
فری سایز(عرض سینه63/قد78)",0,1,2025-03-02 12:16:22,2025-03-02 12:22:29,,
354,69,http://cdn.mouherwear1.comhttp://cdn.mouherwear1.com/01JNAMT1D0M2A87W0MPFTY8QRE.webp,image,1,2025-03-02 12:21:06,2025-03-02 12:21:06,,پیراهن دوجیب پرسی,67c3e923cfcad,"جنس:لینن
رنگبندی:مشکی
فری سایز(عرض سینه63/قد78)",0,1,2025-03-02 12:16:22,2025-03-02 12:22:29,,
355,69,http://cdn.mouherwear1.comhttp://cdn.mouherwear1.com/01JNAMTEVBTV52HCF0KZGBHVET.webp,image,1,2025-03-02 12:21:20,2025-03-02 12:21:20,,پیراهن دوجیب پرسی,67c3e923cfcad,"جنس:لینن
رنگبندی:مشکی
فری سایز(عرض سینه63/قد78)",0,1,2025-03-02 12:16:22,2025-03-02 12:22:29,,
356,69,http://cdn.mouherwear1.comhttp://cdn.mouherwear1.com/01JNAMTX4ZQ032KYMB4S0KT354.webp,image,1,2025-03-02 12:21:34,2025-03-02 12:21:34,,پیراهن دوجیب پرسی,67c3e923cfcad,"جنس:لینن
رنگبندی:مشکی
فری سایز(عرض سینه63/قد78)",0,1,2025-03-02 12:16:22,2025-03-02 12:22:29,,
357,69,http://cdn.mouherwear1.comhttp://cdn.mouherwear1.com/01JNAMV9C199VAV8Z4TGD7BRFF.webp,image,1,2025-03-02 12:21:47,2025-03-02 12:21:47,,پیراهن دوجیب پرسی,67c3e923cfcad,"جنس:لینن
رنگبندی:مشکی
فری سایز(عرض سینه63/قد78)",0,1,2025-03-02 12:16:22,2025-03-02 12:22:29,,
358,70,http://cdn.mouherwear1.comhttp://cdn.mouherwear1.com/01JNAN5W89H3Z9N3JKGW5DJJYK.webp,thumbnail,1,2025-03-02 12:27:34,2025-03-02 12:27:34,,پیراهن کنفی,67c3eb26b494e,"جنس:لینن کنفی
رنگبندی:سفید
فری سایز(هرض سینه63/قد78)",0,1,2025-03-02 12:23:38,2025-03-02 12:28:49,,
359,70,http://cdn.mouherwear1.comhttp://cdn.mouherwear1.com/01JNAN6E7NZ9V5X2VBZTJFVWB5.webp,image,1,2025-03-02 12:27:52,2025-03-02 12:27:52,,پیراهن کنفی,67c3eb26b494e,"جنس:لینن کنفی
رنگبندی:سفید
فری سایز(هرض سینه63/قد78)",0,1,2025-03-02 12:23:38,2025-03-02 12:28:49,,
360,70,http://cdn.mouherwear1.comhttp://cdn.mouherwear1.com/01JNAN6SQCAXE4END58VNRDZZ2.webp,image,1,2025-03-02 12:28:04,2025-03-02 12:28:04,,پیراهن کنفی,67c3eb26b494e,"جنس:لینن کنفی
رنگبندی:سفید
فری سایز(هرض سینه63/قد78)",0,1,2025-03-02 12:23:38,2025-03-02 12:28:49,,
361,70,http://cdn.mouherwear1.comhttp://cdn.mouherwear1.com/01JNAN759DXXYSTD3SPBC5KZPB.webp,image,1,2025-03-02 12:28:16,2025-03-02 12:28:16,,پیراهن کنفی,67c3eb26b494e,"جنس:لینن کنفی
رنگبندی:سفید
فری سایز(هرض سینه63/قد78)",0,1,2025-03-02 12:23:38,2025-03-02 12:28:49,,
362,70,http://cdn.mouherwear1.comhttp://cdn.mouherwear1.com/01JNAN7FSDD0T7TJRE3AYVBXWN.webp,image,1,2025-03-02 12:28:27,2025-03-02 12:28:27,,پیراهن کنفی,67c3eb26b494e,"جنس:لینن کنفی
رنگبندی:سفید
فری سایز(هرض سینه63/قد78)",0,1,2025-03-02 12:23:38,2025-03-02 12:28:49,,
363,71,http://cdn.mouherwear1.comhttp://cdn.mouherwear1.com/01JNANNC2Z1Y3NEGJPXC2K2QJN.webp,thumbnail,1,2025-03-02 12:36:02,2025-03-02 12:36:02,,تیشرت رگلان,67c3ed2948539,"جنس:دورس پنبه
تک رنگ (سفید)
فری سایز(عرض سینه64/قد77)",0,1,2025-03-02 12:32:42,2025-06-04 22:49:30,,
364,71,http://cdn.mouherwear1.comhttp://cdn.mouherwear1.com/01JNANNWQHVBZ2HTBQCBWF50QS.webp,image,1,2025-03-02 12:36:19,2025-03-02 12:36:19,,تیشرت رگلان,67c3ed2948539,"جنس:دورس پنبه
تک رنگ (سفید)
فری سایز(عرض سینه64/قد77)",0,1,2025-03-02 12:32:42,2025-06-04 22:49:30,,
365,71,http://cdn.mouherwear1.comhttp://cdn.mouherwear1.com/01JNANP9JTVF93GCAJ7RGKA70G.webp,image,1,2025-03-02 12:36:32,2025-03-02 12:36:32,,تیشرت رگلان,67c3ed2948539,"جنس:دورس پنبه
تک رنگ (سفید)
فری سایز(عرض سینه64/قد77)",0,1,2025-03-02 12:32:42,2025-06-04 22:49:30,,
366,71,http://cdn.mouherwear1.comhttp://cdn.mouherwear1.com/01JNANPPE6C105FGK2QCBMDWD5.webp,image,1,2025-03-02 12:36:45,2025-03-02 12:36:45,,تیشرت رگلان,67c3ed2948539,"جنس:دورس پنبه
تک رنگ (سفید)
فری سایز(عرض سینه64/قد77)",0,1,2025-03-02 12:32:42,2025-06-04 22:49:30,,
367,72,http://cdn.mouherwear1.comhttp://cdn.mouherwear1.com/01JNAP1CRPTK6682FHVEC9AH8B.webp,thumbnail,1,2025-03-02 12:42:36,2025-03-02 12:42:36,,تیشرت 24,67c3eebf5ab55,"جنس:دورس پنبه
رنگبندی: قهوه ای
فری سایز(عرض سینه64/قد77)
تنخور تمام تیشرت ها شبیه به هم است و فقط از لحاظ طراحی و رنگبندی متفاوت اند.",0,1,2025-03-02 12:39:16,2025-06-04 22:50:25,,
368,72,http://cdn.mouherwear1.comhttp://cdn.mouherwear1.com/01JNAP1RV3WBG848YHDTY1PARZ.webp,image,1,2025-03-02 12:42:48,2025-03-02 12:42:48,,تیشرت 24,67c3eebf5ab55,"جنس:دورس پنبه
رنگبندی: قهوه ای
فری سایز(عرض سینه64/قد77)
تنخور تمام تیشرت ها شبیه به هم است و فقط از لحاظ طراحی و رنگبندی متفاوت اند.",0,1,2025-03-02 12:39:16,2025-06-04 22:50:25,,
369,72,http://cdn.mouherwear1.comhttp://cdn.mouherwear1.com/01JNAP29KJBC1Y7D9RQ76C9KHT.webp,image,1,2025-03-02 12:43:05,2025-03-02 12:43:05,,تیشرت 24,67c3eebf5ab55,"جنس:دورس پنبه
رنگبندی: قهوه ای
فری سایز(عرض سینه64/قد77)
تنخور تمام تیشرت ها شبیه به هم است و فقط از لحاظ طراحی و رنگبندی متفاوت اند.",0,1,2025-03-02 12:39:16,2025-06-04 22:50:25,,
370,72,http://cdn.mouherwear1.comhttp://cdn.mouherwear1.com/01JNAP2PXQNPB9N83F0MKX7R0Y.webp,image,1,2025-03-02 12:43:19,2025-03-02 12:43:19,,تیشرت 24,67c3eebf5ab55,"جنس:دورس پنبه
رنگبندی: قهوه ای
فری سایز(عرض سینه64/قد77)
تنخور تمام تیشرت ها شبیه به هم است و فقط از لحاظ طراحی و رنگبندی متفاوت اند.",0,1,2025-03-02 12:39:16,2025-06-04 22:50:25,,
371,73,http://cdn.mouherwear1.comhttp://cdn.mouherwear1.com/01JNAPBB3FZ7NMZE8H62W28JV7.webp,thumbnail,1,2025-03-02 12:48:02,2025-03-02 12:48:02,,تیشرت موهر ماستی,67c3f04d5c29d,"جنس:دورس پنبه
رنگبندی:سفید ماستی
فری سایز(عرض سینه64/قد77)",0,1,2025-03-02 12:45:58,2025-03-03 15:34:48,,
372,73,http://cdn.mouherwear1.comhttp://cdn.mouherwear1.com/01JNAPBPMHCDAANDY0Z5VJPVJC.webp,image,1,2025-03-02 12:48:13,2025-03-02 12:48:13,,تیشرت موهر ماستی,67c3f04d5c29d,"جنس:دورس پنبه
رنگبندی:سفید ماستی
فری سایز(عرض سینه64/قد77)",0,1,2025-03-02 12:45:58,2025-03-03 15:34:48,,
373,73,http://cdn.mouherwear1.comhttp://cdn.mouherwear1.com/01JNAPC79DJNQKFKAEYQQ9DB3X.webp,image,1,2025-03-02 12:48:30,2025-03-02 12:48:30,,تیشرت موهر ماستی,67c3f04d5c29d,"جنس:دورس پنبه
رنگبندی:سفید ماستی
فری سایز(عرض سینه64/قد77)",0,1,2025-03-02 12:45:58,2025-03-03 15:34:48,,
374,73,http://cdn.mouherwear1.comhttp://cdn.mouherwear1.com/01JNAPCJH74BCN1KXB78FQ14EC.webp,image,1,2025-03-02 12:48:42,2025-03-02 12:48:42,,تیشرت موهر ماستی,67c3f04d5c29d,"جنس:دورس پنبه
رنگبندی:سفید ماستی
فری سایز(عرض سینه64/قد77)",0,1,2025-03-02 12:45:58,2025-03-03 15:34:48,,
375,74,http://cdn.mouherwear1.comhttp://cdn.mouherwear1.com/01JNAPR1KSMXHVAWMBWTWXB3R3.webp,thumbnail,1,2025-03-02 12:54:58,2025-03-02 12:54:58,,تیشرت freedom,67c3f18ef2d4a,"جنس:دورس پنبه
رنگبندی:آبی نفتی
فری سایز(عرض سینه64/قد77)
",0,1,2025-03-02 12:51:16,2025-03-02 20:47:46,,
376,74,http://cdn.mouherwear1.comhttp://cdn.mouherwear1.com/01JNAPRNZKZJF3MD4TYBVV536Y.webp,image,1,2025-03-02 12:55:19,2025-03-02 12:55:19,,تیشرت freedom,67c3f18ef2d4a,"جنس:دورس پنبه
رنگبندی:آبی نفتی
فری سایز(عرض سینه64/قد77)
",0,1,2025-03-02 12:51:16,2025-03-02 20:47:46,,
377,74,http://cdn.mouherwear1.comhttp://cdn.mouherwear1.com/01JNAPS35PY2EDEVSHFN01BQ21.webp,image,1,2025-03-02 12:55:32,2025-03-02 12:55:32,,تیشرت freedom,67c3f18ef2d4a,"جنس:دورس پنبه
رنگبندی:آبی نفتی
فری سایز(عرض سینه64/قد77)
",0,1,2025-03-02 12:51:16,2025-03-02 20:47:46,,
378,74,http://cdn.mouherwear1.comhttp://cdn.mouherwear1.com/01JNAPSGQNDMDBBWD8X6DHTS56.webp,image,1,2025-03-02 12:55:46,2025-03-02 12:55:46,,تیشرت freedom,67c3f18ef2d4a,"جنس:دورس پنبه
رنگبندی:آبی نفتی
فری سایز(عرض سینه64/قد77)
",0,1,2025-03-02 12:51:16,2025-03-02 20:47:46,,
379,74,http://cdn.mouherwear1.comhttp://cdn.mouherwear1.com/01JNAPSZGDZR5K65VQHS7X16NW.webp,image,1,2025-03-02 12:56:01,2025-03-02 12:56:01,,تیشرت freedom,67c3f18ef2d4a,"جنس:دورس پنبه
رنگبندی:آبی نفتی
فری سایز(عرض سینه64/قد77)
",0,1,2025-03-02 12:51:16,2025-03-02 20:47:46,,
380,75,http://cdn.mouherwear1.comhttp://cdn.mouherwear1.com/01JNAQ9TZXFRC1AMNJFV5MRS2P.webp,thumbnail,1,2025-03-02 13:04:41,2025-03-02 13:04:41,,تیشرت (بترسی باختی),67c3f3fc0af17,"جنس:دورس پنبه
رنگبندی:سفید
فری سایز(عرض سینه64/قد77)",0,1,2025-03-02 13:03:04,2025-03-02 20:48:11,,
381,75,http://cdn.mouherwear1.comhttp://cdn.mouherwear1.com/01JNAQA9RNQKPAZ6PHFSXDHXKD.webp,image,1,2025-03-02 13:04:56,2025-03-02 13:04:56,,تیشرت (بترسی باختی),67c3f3fc0af17,"جنس:دورس پنبه
رنگبندی:سفید
فری سایز(عرض سینه64/قد77)",0,1,2025-03-02 13:03:04,2025-03-02 20:48:11,,
382,75,http://cdn.mouherwear1.comhttp://cdn.mouherwear1.com/01JNAQAMX2CJQAHR7GPRMZ42BN.webp,image,1,2025-03-02 13:05:07,2025-03-02 13:05:07,,تیشرت (بترسی باختی),67c3f3fc0af17,"جنس:دورس پنبه
رنگبندی:سفید
فری سایز(عرض سینه64/قد77)",0,1,2025-03-02 13:03:04,2025-03-02 20:48:11,,
383,75,http://cdn.mouherwear1.comhttp://cdn.mouherwear1.com/01JNAQAZD1K5DQ8TD9TVJ69XP4.webp,image,1,2025-03-02 13:05:18,2025-03-02 13:05:18,,تیشرت (بترسی باختی),67c3f3fc0af17,"جنس:دورس پنبه
رنگبندی:سفید
فری سایز(عرض سینه64/قد77)",0,1,2025-03-02 13:03:04,2025-03-02 20:48:11,,
384,76,http://cdn.mouherwear1.comhttp://cdn.mouherwear1.com/01JNARAT190ZYB5RQA85XJQ17N.webp,thumbnail,1,2025-03-02 13:22:41,2025-03-02 13:22:41,,تیشرت life,67c3f5485c138,"جنس:دورس پنبه
رنگبندی:مشکی
فری سایز(عرض سینه64/قد77)
تنخثر تیشرت ها مشابه هم هستن و فقط در طراحی و رنگبندی متفاوت اند.",0,1,2025-03-02 13:10:08,2025-03-02 20:48:25,,
385,76,http://cdn.mouherwear1.comhttp://cdn.mouherwear1.com/01JNARC7N2MQDQJH6DY8MT35AA.webp,image,1,2025-03-02 13:23:28,2025-03-02 13:23:28,,تیشرت life,67c3f5485c138,"جنس:دورس پنبه
رنگبندی:مشکی
فری سایز(عرض سینه64/قد77)
تنخثر تیشرت ها مشابه هم هستن و فقط در طراحی و رنگبندی متفاوت اند.",0,1,2025-03-02 13:10:08,2025-03-02 20:48:25,,
386,76,http://cdn.mouherwear1.comhttp://cdn.mouherwear1.com/01JNARDMFC5DR9QB7MD3W1MKHX.webp,image,1,2025-03-02 13:24:14,2025-03-02 13:24:14,,تیشرت life,67c3f5485c138,"جنس:دورس پنبه
رنگبندی:مشکی
فری سایز(عرض سینه64/قد77)
تنخثر تیشرت ها مشابه هم هستن و فقط در طراحی و رنگبندی متفاوت اند.",0,1,2025-03-02 13:10:08,2025-03-02 20:48:25,,
387,76,http://cdn.mouherwear1.comhttp://cdn.mouherwear1.com/01JNARDYTE7G8PM6GYD034VZMD.webp,image,1,2025-03-02 13:24:24,2025-03-02 13:24:24,,تیشرت life,67c3f5485c138,"جنس:دورس پنبه
رنگبندی:مشکی
فری سایز(عرض سینه64/قد77)
تنخثر تیشرت ها مشابه هم هستن و فقط در طراحی و رنگبندی متفاوت اند.",0,1,2025-03-02 13:10:08,2025-03-02 20:48:25,,
388,77,http://cdn.mouherwear1.comhttp://cdn.mouherwear1.com/01JNAV8KDH488VXP655P0MX2VM.webp,thumbnail,1,2025-03-02 14:13:56,2025-03-02 14:13:56,,شلوار لینن لخت,67c40369aa11e,"جنس:لینن
رنگبندی:مشکی/خاکی
سایز1(دورکمر68 الی85)
سایز2(دورکمر86 الی110)
قدکار 110
دور ران 70",0,1,2025-03-02 14:09:20,2025-03-02 14:17:33,,
389,77,http://cdn.mouherwear1.comhttp://cdn.mouherwear1.com/01JNAV8YNSW2APTQYK1WPKVV7B.webp,image,1,2025-03-02 14:14:06,2025-03-02 14:14:06,,شلوار لینن لخت,67c40369aa11e,"جنس:لینن
رنگبندی:مشکی/خاکی
سایز1(دورکمر68 الی85)
سایز2(دورکمر86 الی110)
قدکار 110
دور ران 70",0,1,2025-03-02 14:09:20,2025-03-02 14:17:33,,
390,77,http://cdn.mouherwear1.comhttp://cdn.mouherwear1.com/01JNAV9PG693W7HBM8P74Y73WV.webp,image,1,2025-03-02 14:14:31,2025-03-02 14:14:31,,شلوار لینن لخت,67c40369aa11e,"جنس:لینن
رنگبندی:مشکی/خاکی
سایز1(دورکمر68 الی85)
سایز2(دورکمر86 الی110)
قدکار 110
دور ران 70",0,1,2025-03-02 14:09:20,2025-03-02 14:17:33,,
391,77,http://cdn.mouherwear1.comhttp://cdn.mouherwear1.com/01JNAVANJ5RM3CT8QEN1KMR0EG.webp,image,1,2025-03-02 14:15:04,2025-03-02 14:15:04,,شلوار لینن لخت,67c40369aa11e,"جنس:لینن
رنگبندی:مشکی/خاکی
سایز1(دورکمر68 الی85)
سایز2(دورکمر86 الی110)
قدکار 110
دور ران 70",0,1,2025-03-02 14:09:20,2025-03-02 14:17:33,,
392,77,http://cdn.mouherwear1.comhttp://cdn.mouherwear1.com/01JNAVBQ6ZTV65FE0R0F6WYGEW.webp,image,1,2025-03-02 14:15:37,2025-03-02 14:15:37,,شلوار لینن لخت,67c40369aa11e,"جنس:لینن
رنگبندی:مشکی/خاکی
سایز1(دورکمر68 الی85)
سایز2(دورکمر86 الی110)
قدکار 110
دور ران 70",0,1,2025-03-02 14:09:20,2025-03-02 14:17:33,,
393,78,http://cdn.mouherwear1.comhttp://cdn.mouherwear1.com/01JNAVRHS2YNWADZQSCXH7FS4C.webp,thumbnail,1,2025-03-02 14:22:37,2025-03-02 14:22:37,,وست Tc,67c40619392e0,"جنس:Tc(ضد آب)
رنگبندی:مشکی
فری سایز(عرض سینه64/قد72)",0,1,2025-03-02 14:18:56,2025-03-02 14:25:14,,
394,78,http://cdn.mouherwear1.comhttp://cdn.mouherwear1.com/01JNAVS0X5XPHB6KW03CEJA702.webp,image,1,2025-03-02 14:22:53,2025-03-02 14:22:53,,وست Tc,67c40619392e0,"جنس:Tc(ضد آب)
رنگبندی:مشکی
فری سایز(عرض سینه64/قد72)",0,1,2025-03-02 14:18:56,2025-03-02 14:25:14,,
395,78,http://cdn.mouherwear1.comhttp://cdn.mouherwear1.com/01JNAVSBCCHDNV6QA21BBGGA7N.webp,image,1,2025-03-02 14:23:03,2025-03-02 14:23:03,,وست Tc,67c40619392e0,"جنس:Tc(ضد آب)
رنگبندی:مشکی
فری سایز(عرض سینه64/قد72)",0,1,2025-03-02 14:18:56,2025-03-02 14:25:14,,
396,78,http://cdn.mouherwear1.comhttp://cdn.mouherwear1.com/01JNAVSP480V3TB34780J8KA3W.webp,image,1,2025-03-02 14:23:14,2025-03-02 14:23:14,,وست Tc,67c40619392e0,"جنس:Tc(ضد آب)
رنگبندی:مشکی
فری سایز(عرض سینه64/قد72)",0,1,2025-03-02 14:18:56,2025-03-02 14:25:14,,
397,78,http://cdn.mouherwear1.comhttp://cdn.mouherwear1.com/01JNAVW65G094WWQ35GP7BF4XN.webp,image,1,2025-03-02 14:24:37,2025-03-02 14:24:37,,وست Tc,67c40619392e0,"جنس:Tc(ضد آب)
رنگبندی:مشکی
فری سایز(عرض سینه64/قد72)",0,1,2025-03-02 14:18:56,2025-03-02 14:25:14,,
398,79,http://cdn.mouherwear1.comhttp://cdn.mouherwear1.com/01JNAW5RHCGQ7QVVJPF8J29DKS.webp,thumbnail,1,2025-03-02 14:29:50,2025-03-02 14:29:50,,پیراهن لینن لخت,67c407f78db91,"جنس:لینن
رنگبندی:مشکی/خاکی
فری سایز(عرض سینه63/قد78)
",0,1,2025-03-02 14:26:38,2025-03-02 14:32:16,,
399,79,http://cdn.mouherwear1.comhttp://cdn.mouherwear1.com/01JNAW65WRXFMZ566VHMFMCN01.webp,image,1,2025-03-02 14:30:04,2025-03-02 14:30:04,,پیراهن لینن لخت,67c407f78db91,"جنس:لینن
رنگبندی:مشکی/خاکی
فری سایز(عرض سینه63/قد78)
",0,1,2025-03-02 14:26:38,2025-03-02 14:32:16,,
400,79,http://cdn.mouherwear1.comhttp://cdn.mouherwear1.com/01JNAW6MSY8PZ81X8GK7DM24H6.webp,image,1,2025-03-02 14:30:19,2025-03-02 14:30:19,,پیراهن لینن لخت,67c407f78db91,"جنس:لینن
رنگبندی:مشکی/خاکی
فری سایز(عرض سینه63/قد78)
",0,1,2025-03-02 14:26:38,2025-03-02 14:32:16,,
401,79,http://cdn.mouherwear1.comhttp://cdn.mouherwear1.com/01JNAW7VPXFDWJG30V9VVTKD9T.webp,image,1,2025-03-02 14:30:59,2025-03-02 14:30:59,,پیراهن لینن لخت,67c407f78db91,"جنس:لینن
رنگبندی:مشکی/خاکی
فری سایز(عرض سینه63/قد78)
",0,1,2025-03-02 14:26:38,2025-03-02 14:32:16,,
402,79,http://cdn.mouherwear1.comhttp://cdn.mouherwear1.com/01JNAW86N6DN2F647DF0SBZBMX.webp,image,1,2025-03-02 14:31:10,2025-03-02 14:31:10,,پیراهن لینن لخت,67c407f78db91,"جنس:لینن
رنگبندی:مشکی/خاکی
فری سایز(عرض سینه63/قد78)
",0,1,2025-03-02 14:26:38,2025-03-02 14:32:16,,
403,80,http://cdn.mouherwear1.comhttp://cdn.mouherwear1.com/01JP5054Z4GFX9E3YBSYSNF94S.webp,thumbnail,1,2025-03-12 17:59:43,2025-03-12 17:59:43,,عطر سی میل night bloom,67d1662fd8f05,"عطر night bloom(شکوفه شب)
رایحه ای متفاوت و ساخت برند موهر
خصوصیات
30 میل
یونیسکس(مناسب خانم ها و آقایان)
پخش بو تا 10 ساعت
ماندگاری بسیار بالا
ترکیب رایحه‌ها:

نت‌های اولیه: ترنج، فلفل صورتی، کندر، توت پیمنتو
نت‌های میانی: خس‌خس، پاپیروس، چوب صندل
نت‌های پایه: زعفران، جیر، میستیکال، چوب آکیگالاوود

این عطر در گروه بویایی چوبی-ادویه‌ای قرار دارد
به دلیل ماندگاری و پخش بوی بالا، گزینه‌ای ایده‌آل برای مراسم‌های رسمی و شبانه محسوب می‌شود
",0,1,2025-03-12 17:57:31,2025-08-29 10:04:39,,
404,80,http://cdn.mouherwear1.comhttp://cdn.mouherwear1.com/01JP505PACR8AG17FFABGRZBMY.webp,image,1,2025-03-12 17:59:59,2025-03-12 17:59:59,,عطر سی میل night bloom,67d1662fd8f05,"عطر night bloom(شکوفه شب)
رایحه ای متفاوت و ساخت برند موهر
خصوصیات
30 میل
یونیسکس(مناسب خانم ها و آقایان)
پخش بو تا 10 ساعت
ماندگاری بسیار بالا
ترکیب رایحه‌ها:

نت‌های اولیه: ترنج، فلفل صورتی، کندر، توت پیمنتو
نت‌های میانی: خس‌خس، پاپیروس، چوب صندل
نت‌های پایه: زعفران، جیر، میستیکال، چوب آکیگالاوود

این عطر در گروه بویایی چوبی-ادویه‌ای قرار دارد
به دلیل ماندگاری و پخش بوی بالا، گزینه‌ای ایده‌آل برای مراسم‌های رسمی و شبانه محسوب می‌شود
",0,1,2025-03-12 17:57:31,2025-08-29 10:04:39,,
405,80,http://cdn.mouherwear1.comhttp://cdn.mouherwear1.com/01JP506EK1229YZ7Q3973V68M5.webp,image,1,2025-03-12 18:00:25,2025-03-12 18:00:25,,عطر سی میل night bloom,67d1662fd8f05,"عطر night bloom(شکوفه شب)
رایحه ای متفاوت و ساخت برند موهر
خصوصیات
30 میل
یونیسکس(مناسب خانم ها و آقایان)
پخش بو تا 10 ساعت
ماندگاری بسیار بالا
ترکیب رایحه‌ها:

نت‌های اولیه: ترنج، فلفل صورتی، کندر، توت پیمنتو
نت‌های میانی: خس‌خس، پاپیروس، چوب صندل
نت‌های پایه: زعفران، جیر، میستیکال، چوب آکیگالاوود

این عطر در گروه بویایی چوبی-ادویه‌ای قرار دارد
به دلیل ماندگاری و پخش بوی بالا، گزینه‌ای ایده‌آل برای مراسم‌های رسمی و شبانه محسوب می‌شود
",0,1,2025-03-12 17:57:31,2025-08-29 10:04:39,,
406,80,http://cdn.mouherwear1.comhttp://cdn.mouherwear1.com/01JP506X5EESZ5Z465GC33QPJ6.webp,image,1,2025-03-12 18:00:39,2025-03-12 18:00:39,,عطر سی میل night bloom,67d1662fd8f05,"عطر night bloom(شکوفه شب)
رایحه ای متفاوت و ساخت برند موهر
خصوصیات
30 میل
یونیسکس(مناسب خانم ها و آقایان)
پخش بو تا 10 ساعت
ماندگاری بسیار بالا
ترکیب رایحه‌ها:

نت‌های اولیه: ترنج، فلفل صورتی، کندر، توت پیمنتو
نت‌های میانی: خس‌خس، پاپیروس، چوب صندل
نت‌های پایه: زعفران، جیر، میستیکال، چوب آکیگالاوود

این عطر در گروه بویایی چوبی-ادویه‌ای قرار دارد
به دلیل ماندگاری و پخش بوی بالا، گزینه‌ای ایده‌آل برای مراسم‌های رسمی و شبانه محسوب می‌شود
",0,1,2025-03-12 17:57:31,2025-08-29 10:04:39,,
407,81,http://cdn.mouherwear1.comhttp://cdn.mouherwear1.com/01JP50FFCB7BWH0NA6KZWGHTBB.webp,thumbnail,1,2025-03-12 18:05:21,2025-03-12 18:05:21,,عطر پنجاه میل night bloom,67d169f7ae957,"عطر night bloom(شکوفه شب)
رایحه ای متفاوت و ساخت برند موهر
خصوصیات
50 میل
یونیسکس(مناسب خانم ها و آقایان)
پخش بو تا 10 ساعت
ماندگاری بسیار بالا
ترکیب رایحه‌ها:

نت‌های اولیه: ترنج، فلفل صورتی، کندر، توت پیمنتو
نت‌های میانی: خس‌خس، پاپیروس، چوب صندل
نت‌های پایه: زعفران، جیر، میستیکال، چوب آکیگالاوود

این عطر در گروه بویایی چوبی-ادویه‌ای قرار دارد
به دلیل ماندگاری و پخش بوی بالا، گزینه‌ای ایده‌آل برای مراسم‌های رسمی و شبانه محسوب می‌شود
",0,1,2025-03-12 18:04:14,2025-03-13 13:50:38,,
408,81,http://cdn.mouherwear1.comhttp://cdn.mouherwear1.com/01JP50GJMVZQ7P9GEE8EV2VJYF.webp,image,1,2025-03-12 18:05:57,2025-03-12 18:05:57,,عطر پنجاه میل night bloom,67d169f7ae957,"عطر night bloom(شکوفه شب)
رایحه ای متفاوت و ساخت برند موهر
خصوصیات
50 میل
یونیسکس(مناسب خانم ها و آقایان)
پخش بو تا 10 ساعت
ماندگاری بسیار بالا
ترکیب رایحه‌ها:

نت‌های اولیه: ترنج، فلفل صورتی، کندر، توت پیمنتو
نت‌های میانی: خس‌خس، پاپیروس، چوب صندل
نت‌های پایه: زعفران، جیر، میستیکال، چوب آکیگالاوود

این عطر در گروه بویایی چوبی-ادویه‌ای قرار دارد
به دلیل ماندگاری و پخش بوی بالا، گزینه‌ای ایده‌آل برای مراسم‌های رسمی و شبانه محسوب می‌شود
",0,1,2025-03-12 18:04:14,2025-03-13 13:50:38,,
409,81,http://cdn.mouherwear1.comhttp://cdn.mouherwear1.com/01JP50H8TT82AEY372TFQE8Q11.webp,image,1,2025-03-12 18:06:19,2025-03-12 18:06:19,,عطر پنجاه میل night bloom,67d169f7ae957,"عطر night bloom(شکوفه شب)
رایحه ای متفاوت و ساخت برند موهر
خصوصیات
50 میل
یونیسکس(مناسب خانم ها و آقایان)
پخش بو تا 10 ساعت
ماندگاری بسیار بالا
ترکیب رایحه‌ها:

نت‌های اولیه: ترنج، فلفل صورتی، کندر، توت پیمنتو
نت‌های میانی: خس‌خس، پاپیروس، چوب صندل
نت‌های پایه: زعفران، جیر، میستیکال، چوب آکیگالاوود

این عطر در گروه بویایی چوبی-ادویه‌ای قرار دارد
به دلیل ماندگاری و پخش بوی بالا، گزینه‌ای ایده‌آل برای مراسم‌های رسمی و شبانه محسوب می‌شود
",0,1,2025-03-12 18:04:14,2025-03-13 13:50:38,,
410,82,http://cdn.mouherwear1.comhttp://cdn.mouherwear1.com/01JXETWTSSP0JW9H5A6XVBXRVP.webp,thumbnail,1,2025-06-11 10:00:06,2025-06-11 10:00:06,,(Slap shirt F (blue ,68491f83b2d0f,"جنس: لینن اسلپ
رنگ: آبی آسمانی

فری سایز (سایز های 36 الی 44)
قد جلو 70
قد پشت 75
عرض سینه 60",0,1,2025-06-11 09:58:39,2025-07-01 08:56:53,,
411,82,http://cdn.mouherwear1.comhttp://cdn.mouherwear1.com/01JXETXMCDYJ1A0YTS15WZ6S7E.webp,image,1,2025-06-11 10:00:31,2025-06-11 10:00:31,,(Slap shirt F (blue ,68491f83b2d0f,"جنس: لینن اسلپ
رنگ: آبی آسمانی

فری سایز (سایز های 36 الی 44)
قد جلو 70
قد پشت 75
عرض سینه 60",0,1,2025-06-11 09:58:39,2025-07-01 08:56:53,,
412,82,http://cdn.mouherwear1.comhttp://cdn.mouherwear1.com/01JXETYEXJTJC1AKJNX4JQ5GFG.webp,image,1,2025-06-11 10:00:58,2025-06-11 10:00:58,,(Slap shirt F (blue ,68491f83b2d0f,"جنس: لینن اسلپ
رنگ: آبی آسمانی

فری سایز (سایز های 36 الی 44)
قد جلو 70
قد پشت 75
عرض سینه 60",0,1,2025-06-11 09:58:39,2025-07-01 08:56:53,,
413,82,http://cdn.mouherwear1.comhttp://cdn.mouherwear1.com/01JXETZXRE2W2MMC1T98MTEBZY.webp,image,1,2025-06-11 10:01:46,2025-06-11 10:01:46,,(Slap shirt F (blue ,68491f83b2d0f,"جنس: لینن اسلپ
رنگ: آبی آسمانی

فری سایز (سایز های 36 الی 44)
قد جلو 70
قد پشت 75
عرض سینه 60",0,1,2025-06-11 09:58:39,2025-07-01 08:56:53,,
414,83,http://cdn.mouherwear1.comhttp://cdn.mouherwear1.com/01JXEVXQ9B5HSFEYN8YKMBHDG2.webp,thumbnail,1,2025-06-11 10:18:02,2025-06-11 10:18:02,,(Slap shirt F (yellow ,6849241d10d09,"جنس: لینن اسلپ
رنگ: زرد کره ای

فری سایز (سایز های 36 الی 44)
قد جلو 70
قد پشت 75
عرض سینه 60",0,1,2025-06-11 10:17:31,2025-06-11 10:46:42,,
415,83,http://cdn.mouherwear1.comhttp://cdn.mouherwear1.com/01JXEVYP22JBJFSCQPD4EACVTQ.webp,image,1,2025-06-11 10:18:33,2025-06-11 10:18:33,,(Slap shirt F (yellow ,6849241d10d09,"جنس: لینن اسلپ
رنگ: زرد کره ای

فری سایز (سایز های 36 الی 44)
قد جلو 70
قد پشت 75
عرض سینه 60",0,1,2025-06-11 10:17:31,2025-06-11 10:46:42,,
416,83,http://cdn.mouherwear1.comhttp://cdn.mouherwear1.com/01JXEVZ5JHZ6KKBW3X9C0VHGAD.webp,image,1,2025-06-11 10:18:49,2025-06-11 10:18:49,,(Slap shirt F (yellow ,6849241d10d09,"جنس: لینن اسلپ
رنگ: زرد کره ای

فری سایز (سایز های 36 الی 44)
قد جلو 70
قد پشت 75
عرض سینه 60",0,1,2025-06-11 10:17:31,2025-06-11 10:46:42,,
417,83,http://cdn.mouherwear1.comhttp://cdn.mouherwear1.com/01JXEVZN1MGGGFGWQ7R2H9371C.webp,image,1,2025-06-11 10:19:05,2025-06-11 10:19:05,,(Slap shirt F (yellow ,6849241d10d09,"جنس: لینن اسلپ
رنگ: زرد کره ای

فری سایز (سایز های 36 الی 44)
قد جلو 70
قد پشت 75
عرض سینه 60",0,1,2025-06-11 10:17:31,2025-06-11 10:46:42,,
418,84,http://cdn.mouherwear1.comhttp://cdn.mouherwear1.com/01JXEW4VHSA6G6HFR23K7HPN8V.webp,thumbnail,1,2025-06-11 10:21:56,2025-06-11 10:21:56,,(Slap shirt F (white ,6849271055b4f,"جنس: لینن اسلپ
رنگ: سفید

فری سایز (سایز های 36 الی 44)
قد جلو 70
قد پشت 75
عرض سینه 60",0,1,2025-06-11 10:21:11,2025-06-11 10:47:12,,
419,84,http://cdn.mouherwear1.comhttp://cdn.mouherwear1.com/01JXEW5KFBG55H7WCRPB2KXQ5B.webp,image,1,2025-06-11 10:22:20,2025-06-11 10:22:20,,(Slap shirt F (white ,6849271055b4f,"جنس: لینن اسلپ
رنگ: سفید

فری سایز (سایز های 36 الی 44)
قد جلو 70
قد پشت 75
عرض سینه 60",0,1,2025-06-11 10:21:11,2025-06-11 10:47:12,,
420,84,http://cdn.mouherwear1.comhttp://cdn.mouherwear1.com/01JXEW68BENWY9S9CHQ6K2QB02.webp,image,1,2025-06-11 10:22:41,2025-06-11 10:22:41,,(Slap shirt F (white ,6849271055b4f,"جنس: لینن اسلپ
رنگ: سفید

فری سایز (سایز های 36 الی 44)
قد جلو 70
قد پشت 75
عرض سینه 60",0,1,2025-06-11 10:21:11,2025-06-11 10:47:12,,
421,84,http://cdn.mouherwear1.comhttp://cdn.mouherwear1.com/01JXEW6YC6ZAFJA9YZ536D2YN4.webp,image,1,2025-06-11 10:23:04,2025-06-11 10:23:04,,(Slap shirt F (white ,6849271055b4f,"جنس: لینن اسلپ
رنگ: سفید

فری سایز (سایز های 36 الی 44)
قد جلو 70
قد پشت 75
عرض سینه 60",0,1,2025-06-11 10:21:11,2025-06-11 10:47:12,,
422,85,http://cdn.mouherwear1.comhttp://cdn.mouherwear1.com/01JXEWK4831XFNJN0WXDEG32KX.webp,thumbnail,1,2025-06-11 10:29:44,2025-06-11 10:29:44,,(Slap shirt F (pink,6849280bbdb87,"جنس: لینن اسلپ
رنگ: صورتی پاستلی

فری سایز (سایز های 36 الی 44)
قد جلو 70
قد پشت 75
عرض سینه 60",0,1,2025-06-11 10:28:30,2025-06-11 10:32:52,,
423,85,http://cdn.mouherwear1.comhttp://cdn.mouherwear1.com/01JXEWKPP8ACRY7WGNZNB41HPH.webp,image,1,2025-06-11 10:30:02,2025-06-11 10:30:02,,(Slap shirt F (pink,6849280bbdb87,"جنس: لینن اسلپ
رنگ: صورتی پاستلی

فری سایز (سایز های 36 الی 44)
قد جلو 70
قد پشت 75
عرض سینه 60",0,1,2025-06-11 10:28:30,2025-06-11 10:32:52,,
424,85,http://cdn.mouherwear1.comhttp://cdn.mouherwear1.com/01JXEWMEHNFP79W2ERG6BPG5SK.webp,image,1,2025-06-11 10:30:26,2025-06-11 10:30:26,,(Slap shirt F (pink,6849280bbdb87,"جنس: لینن اسلپ
رنگ: صورتی پاستلی

فری سایز (سایز های 36 الی 44)
قد جلو 70
قد پشت 75
عرض سینه 60",0,1,2025-06-11 10:28:30,2025-06-11 10:32:52,,
425,85,http://cdn.mouherwear1.comhttp://cdn.mouherwear1.com/01JXEWN4P3WVZJ4BK6NDSTMDD1.webp,image,1,2025-06-11 10:30:49,2025-06-11 10:30:49,,(Slap shirt F (pink,6849280bbdb87,"جنس: لینن اسلپ
رنگ: صورتی پاستلی

فری سایز (سایز های 36 الی 44)
قد جلو 70
قد پشت 75
عرض سینه 60",0,1,2025-06-11 10:28:30,2025-06-11 10:32:52,,
426,86,http://cdn.mouherwear1.comhttp://cdn.mouherwear1.com/01JXEWWKKTJ0H66J5XFP9RVYZ7.webp,thumbnail,1,2025-06-11 10:34:55,2025-06-11 10:34:55,,(Slap shirt F (green,68492a2228f49,"جنس: لینن اسلپ
رنگ: سبز ارتشی

فری سایز (سایز های 36 الی 44)
قد جلو 70
قد پشت 75
عرض سینه 60",0,1,2025-06-11 10:33:51,2025-06-11 10:37:50,,
427,86,http://cdn.mouherwear1.comhttp://cdn.mouherwear1.com/01JXEWX5DCME0DR1ENYC8ZV2Y5.webp,image,1,2025-06-11 10:35:12,2025-06-11 10:35:12,,(Slap shirt F (green,68492a2228f49,"جنس: لینن اسلپ
رنگ: سبز ارتشی

فری سایز (سایز های 36 الی 44)
قد جلو 70
قد پشت 75
عرض سینه 60",0,1,2025-06-11 10:33:51,2025-06-11 10:37:50,,
428,86,http://cdn.mouherwear1.comhttp://cdn.mouherwear1.com/01JXEWXTXKMJ6MGEG00X661E82.webp,image,1,2025-06-11 10:35:34,2025-06-11 10:35:34,,(Slap shirt F (green,68492a2228f49,"جنس: لینن اسلپ
رنگ: سبز ارتشی

فری سایز (سایز های 36 الی 44)
قد جلو 70
قد پشت 75
عرض سینه 60",0,1,2025-06-11 10:33:51,2025-06-11 10:37:50,,
429,86,http://cdn.mouherwear1.comhttp://cdn.mouherwear1.com/01JXEWYDVWD2H3MXVKAFC8QMT6.webp,image,1,2025-06-11 10:35:53,2025-06-11 10:35:53,,(Slap shirt F (green,68492a2228f49,"جنس: لینن اسلپ
رنگ: سبز ارتشی

فری سایز (سایز های 36 الی 44)
قد جلو 70
قد پشت 75
عرض سینه 60",0,1,2025-06-11 10:33:51,2025-06-11 10:37:50,,
430,87,http://cdn.mouherwear1.comhttp://cdn.mouherwear1.com/01JXEX6HG6WP13Z00F5HTPNPMK.webp,thumbnail,1,2025-06-11 10:40:20,2025-06-11 10:40:20,,(Slap shirt F (navy,68492b4a898dc,"جنس: لینن اسلپ
رنگ: سرمه ای

فری سایز (سایز های 36 الی 44)
قد جلو 70
قد پشت 75
عرض سینه 60",0,1,2025-06-11 10:39:45,2025-06-11 10:43:02,,
431,87,http://cdn.mouherwear1.comhttp://cdn.mouherwear1.com/01JXEX74GK36JC4HFGX0KPXAP3.webp,image,1,2025-06-11 10:40:39,2025-06-11 10:40:39,,(Slap shirt F (navy,68492b4a898dc,"جنس: لینن اسلپ
رنگ: سرمه ای

فری سایز (سایز های 36 الی 44)
قد جلو 70
قد پشت 75
عرض سینه 60",0,1,2025-06-11 10:39:45,2025-06-11 10:43:02,,
432,87,http://cdn.mouherwear1.comhttp://cdn.mouherwear1.com/01JXEX7SRZ0DK65XPMKR36K2QZ.webp,image,1,2025-06-11 10:41:01,2025-06-11 10:41:01,,(Slap shirt F (navy,68492b4a898dc,"جنس: لینن اسلپ
رنگ: سرمه ای

فری سایز (سایز های 36 الی 44)
قد جلو 70
قد پشت 75
عرض سینه 60",0,1,2025-06-11 10:39:45,2025-06-11 10:43:02,,
433,87,http://cdn.mouherwear1.comhttp://cdn.mouherwear1.com/01JXEX8JG9RMJME1ACR28SGY41.webp,image,1,2025-06-11 10:41:27,2025-06-11 10:41:27,,(Slap shirt F (navy,68492b4a898dc,"جنس: لینن اسلپ
رنگ: سرمه ای

فری سایز (سایز های 36 الی 44)
قد جلو 70
قد پشت 75
عرض سینه 60",0,1,2025-06-11 10:39:45,2025-06-11 10:43:02,,
434,87,http://cdn.mouherwear1.comhttp://cdn.mouherwear1.com/01JXEX9BNPF35R3XNWQ6X5V29S.webp,image,1,2025-06-11 10:41:53,2025-06-11 10:41:53,,(Slap shirt F (navy,68492b4a898dc,"جنس: لینن اسلپ
رنگ: سرمه ای

فری سایز (سایز های 36 الی 44)
قد جلو 70
قد پشت 75
عرض سینه 60",0,1,2025-06-11 10:39:45,2025-06-11 10:43:02,,
435,88,http://cdn.mouherwear1.comhttp://cdn.mouherwear1.com/01JXQV3KT4433DMRQBWA0B74ST.webp,thumbnail,1,2025-06-14 21:56:57,2025-06-14 21:56:57,,(Slap shirt F (black,68492c8274bd1,"جنس: لینن اسلپ
رنگ: مشکی

فری سایز (سایز های 36 الی 44)
قد جلو 70
قد پشت 75
عرض سینه 60",0,1,2025-06-11 10:44:10,2025-06-14 21:58:37,,
436,88,http://cdn.mouherwear1.comhttp://cdn.mouherwear1.com/01JXQV4P0MJRWV4NVPC28M56A5.webp,image,1,2025-06-14 21:57:32,2025-06-14 21:57:32,,(Slap shirt F (black,68492c8274bd1,"جنس: لینن اسلپ
رنگ: مشکی

فری سایز (سایز های 36 الی 44)
قد جلو 70
قد پشت 75
عرض سینه 60",0,1,2025-06-11 10:44:10,2025-06-14 21:58:37,,
437,88,http://cdn.mouherwear1.comhttp://cdn.mouherwear1.com/01JXQV5V32EZW190HE8Z9F8P3A.webp,image,1,2025-06-14 21:58:10,2025-06-14 21:58:10,,(Slap shirt F (black,68492c8274bd1,"جنس: لینن اسلپ
رنگ: مشکی

فری سایز (سایز های 36 الی 44)
قد جلو 70
قد پشت 75
عرض سینه 60",0,1,2025-06-11 10:44:10,2025-06-14 21:58:37,,
438,88,http://cdn.mouherwear1.comhttp://cdn.mouherwear1.com/01JXQV6CZ5JK8FNW1Z824SN975.webp,image,1,2025-06-14 21:58:28,2025-06-14 21:58:28,,(Slap shirt F (black,68492c8274bd1,"جنس: لینن اسلپ
رنگ: مشکی

فری سایز (سایز های 36 الی 44)
قد جلو 70
قد پشت 75
عرض سینه 60",0,1,2025-06-11 10:44:10,2025-06-14 21:58:37,,
439,89,http://cdn.mouherwear1.comhttp://cdn.mouherwear1.com/01JXEXZCPJA6NG5M6T27F6QVKH.webp,thumbnail,1,2025-06-11 10:53:54,2025-06-11 10:53:54,,Crop oxford shirt,68492d967fd0b,"جنس: لینن
رنگ: آبی راه راه

فری سایز (سایز های 36 الی 44)
قد پشت و جلو 53
عرض سینه 58",0,1,2025-06-11 10:53:09,2025-06-11 10:56:09,,
440,89,http://cdn.mouherwear1.comhttp://cdn.mouherwear1.com/01JXEY0398Z51XMBZ81Y5NZQV3.webp,image,1,2025-06-11 10:54:18,2025-06-11 10:54:18,,Crop oxford shirt,68492d967fd0b,"جنس: لینن
رنگ: آبی راه راه

فری سایز (سایز های 36 الی 44)
قد پشت و جلو 53
عرض سینه 58",0,1,2025-06-11 10:53:09,2025-06-11 10:56:09,,
441,89,http://cdn.mouherwear1.comhttp://cdn.mouherwear1.com/01JXEY0N2JG6V0YZ7W5ZDJ5J0H.webp,image,1,2025-06-11 10:54:35,2025-06-11 10:54:35,,Crop oxford shirt,68492d967fd0b,"جنس: لینن
رنگ: آبی راه راه

فری سایز (سایز های 36 الی 44)
قد پشت و جلو 53
عرض سینه 58",0,1,2025-06-11 10:53:09,2025-06-11 10:56:09,,
442,89,http://cdn.mouherwear1.comhttp://cdn.mouherwear1.com/01JXEY17FFCDKR6BWH484BCR3V.webp,image,1,2025-06-11 10:54:54,2025-06-11 10:54:54,,Crop oxford shirt,68492d967fd0b,"جنس: لینن
رنگ: آبی راه راه

فری سایز (سایز های 36 الی 44)
قد پشت و جلو 53
عرض سینه 58",0,1,2025-06-11 10:53:09,2025-06-11 10:56:09,,
443,90,http://cdn.mouherwear1.comhttp://cdn.mouherwear1.com/01JXEYFHQPW1NJRZHSZDZ2WBM9.webp,thumbnail,1,2025-06-11 11:02:44,2025-06-11 11:02:44,,Striped red shirt F,68492f9c3e72f,"جنس: لینن
رنگ: قرمر راه راه

فری سایز ( سایز های 36 الی 44)
قد پشت و جلو 75
عرض سینه 63",0,1,2025-06-11 11:01:42,2025-06-11 11:01:42,,
444,90,http://cdn.mouherwear1.comhttp://cdn.mouherwear1.com/01JXEYGAAZ24TWG3EY4N6PJDV8.webp,image,1,2025-06-11 11:03:08,2025-06-11 11:03:08,,Striped red shirt F,68492f9c3e72f,"جنس: لینن
رنگ: قرمر راه راه

فری سایز ( سایز های 36 الی 44)
قد پشت و جلو 75
عرض سینه 63",0,1,2025-06-11 11:01:42,2025-06-11 11:01:42,,
445,90,http://cdn.mouherwear1.comhttp://cdn.mouherwear1.com/01JXEYGWX6ZT77JWA4892WRQ8Q.webp,image,1,2025-06-11 11:03:28,2025-06-11 11:03:28,,Striped red shirt F,68492f9c3e72f,"جنس: لینن
رنگ: قرمر راه راه

فری سایز ( سایز های 36 الی 44)
قد پشت و جلو 75
عرض سینه 63",0,1,2025-06-11 11:01:42,2025-06-11 11:01:42,,
446,90,http://cdn.mouherwear1.comhttp://cdn.mouherwear1.com/01JXEYHHHDZ93W3HT6P08TRHDR.webp,image,1,2025-06-11 11:03:49,2025-06-11 11:03:49,,Striped red shirt F,68492f9c3e72f,"جنس: لینن
رنگ: قرمر راه راه

فری سایز ( سایز های 36 الی 44)
قد پشت و جلو 75
عرض سینه 63",0,1,2025-06-11 11:01:42,2025-06-11 11:01:42,,
447,91,http://cdn.mouherwear1.comhttp://cdn.mouherwear1.com/01JXEYS4XQ8PH9G5RGAA3P4CDS.webp,thumbnail,1,2025-06-11 11:07:59,2025-06-11 11:07:59,,Striped gray shirt F,684931ca64c6f,"جنس:لینن
رنگ: طوسی راه راه

فری سایز ( سایزهای 36 الی44)
قد پشت و جلو 75
عرض سینه63",0,1,2025-06-11 11:07:19,2025-06-11 11:16:27,,
448,91,http://cdn.mouherwear1.comhttp://cdn.mouherwear1.com/01JXEYSX8Q56WDMR8XEFC0B5T2.webp,image,1,2025-06-11 11:08:24,2025-06-11 11:08:24,,Striped gray shirt F,684931ca64c6f,"جنس:لینن
رنگ: طوسی راه راه

فری سایز ( سایزهای 36 الی44)
قد پشت و جلو 75
عرض سینه63",0,1,2025-06-11 11:07:19,2025-06-11 11:16:27,,
449,91,http://cdn.mouherwear1.comhttp://cdn.mouherwear1.com/01JXEYTPXQAH3KMRKS6TYPH6J7.webp,image,1,2025-06-11 11:08:51,2025-06-11 11:08:51,,Striped gray shirt F,684931ca64c6f,"جنس:لینن
رنگ: طوسی راه راه

فری سایز ( سایزهای 36 الی44)
قد پشت و جلو 75
عرض سینه63",0,1,2025-06-11 11:07:19,2025-06-11 11:16:27,,
450,91,http://cdn.mouherwear1.comhttp://cdn.mouherwear1.com/01JXEYVHTTQCPRZ8EXK7M1231F.webp,image,1,2025-06-11 11:09:17,2025-06-11 11:09:17,,Striped gray shirt F,684931ca64c6f,"جنس:لینن
رنگ: طوسی راه راه

فری سایز ( سایزهای 36 الی44)
قد پشت و جلو 75
عرض سینه63",0,1,2025-06-11 11:07:19,2025-06-11 11:16:27,,
451,91,http://cdn.mouherwear1.comhttp://cdn.mouherwear1.com/01JXEYW62ETYJH0F3GMFXP0PDC.webp,image,1,2025-06-11 11:09:38,2025-06-11 11:09:38,,Striped gray shirt F,684931ca64c6f,"جنس:لینن
رنگ: طوسی راه راه

فری سایز ( سایزهای 36 الی44)
قد پشت و جلو 75
عرض سینه63",0,1,2025-06-11 11:07:19,2025-06-11 11:16:27,,
452,92,http://cdn.mouherwear1.comhttp://cdn.mouherwear1.com/01JXEZQNR9JQEGFK9FXT9JVR20.webp,thumbnail,1,2025-06-11 11:24:39,2025-06-11 11:24:39,,(Camp collar shirt F (black,6849345974a09,"جنس: لینن تیت
رنگ : مشکی

فری سایز(xs الی 2xl)
قد کار 73
عرض سینه 68",0,1,2025-06-11 11:24:05,2025-06-11 11:48:15,,
453,92,http://cdn.mouherwear1.comhttp://cdn.mouherwear1.com/01JXEZRB3YYXVDKSQB1B8DJRXH.webp,image,1,2025-06-11 11:25:00,2025-06-11 11:25:00,,(Camp collar shirt F (black,6849345974a09,"جنس: لینن تیت
رنگ : مشکی

فری سایز(xs الی 2xl)
قد کار 73
عرض سینه 68",0,1,2025-06-11 11:24:05,2025-06-11 11:48:15,,
454,92,http://cdn.mouherwear1.comhttp://cdn.mouherwear1.com/01JXEZS6PCC0FZC76BRWPVRP3H.webp,image,1,2025-06-11 11:25:28,2025-06-11 11:25:28,,(Camp collar shirt F (black,6849345974a09,"جنس: لینن تیت
رنگ : مشکی

فری سایز(xs الی 2xl)
قد کار 73
عرض سینه 68",0,1,2025-06-11 11:24:05,2025-06-11 11:48:15,,
455,92,http://cdn.mouherwear1.comhttp://cdn.mouherwear1.com/01JXEZT1GBQTXA544Q4WW8C19J.webp,image,1,2025-06-11 11:25:55,2025-06-11 11:25:55,,(Camp collar shirt F (black,6849345974a09,"جنس: لینن تیت
رنگ : مشکی

فری سایز(xs الی 2xl)
قد کار 73
عرض سینه 68",0,1,2025-06-11 11:24:05,2025-06-11 11:48:15,,
456,93,http://cdn.mouherwear1.comhttp://cdn.mouherwear1.com/01JXF18DP1H0HV2SR15F3K29JJ.webp,thumbnail,1,2025-06-11 11:51:16,2025-06-11 11:51:16,,(Camp collar shirt F (white,68493bd9d9107,"جنس:لینن تیت
رنگ: سفید

فری سایز(سایز های xs الی 2xl)
قد کار 73
عرض سینه68",0,1,2025-06-11 11:50:27,2025-06-11 11:53:25,,
457,93,http://cdn.mouherwear1.comhttp://cdn.mouherwear1.com/01JXF19NHDZTPWXKPVH35E91R4.webp,image,1,2025-06-11 11:51:56,2025-06-11 11:51:56,,(Camp collar shirt F (white,68493bd9d9107,"جنس:لینن تیت
رنگ: سفید

فری سایز(سایز های xs الی 2xl)
قد کار 73
عرض سینه68",0,1,2025-06-11 11:50:27,2025-06-11 11:53:25,,
458,93,http://cdn.mouherwear1.comhttp://cdn.mouherwear1.com/01JXF1ARQPT493W7188HBSKMH1.webp,image,1,2025-06-11 11:52:32,2025-06-11 11:52:32,,(Camp collar shirt F (white,68493bd9d9107,"جنس:لینن تیت
رنگ: سفید

فری سایز(سایز های xs الی 2xl)
قد کار 73
عرض سینه68",0,1,2025-06-11 11:50:27,2025-06-11 11:53:25,,
459,94,http://cdn.mouherwear1.comhttp://cdn.mouherwear1.com/01JXF1HE102ESG6PY9R9DBWR0E.webp,thumbnail,1,2025-06-11 11:56:11,2025-06-11 11:56:11,,Harir F,68493d07bb15f,"جنس:حریر
رنگ : مشکی

فری سایز( سایز های 36 الی44)
عرض سینه 60
قد جلو 70
قد پشت 75",0,1,2025-06-11 11:54:59,2025-06-11 12:06:59,,
460,94,http://cdn.mouherwear1.comhttp://cdn.mouherwear1.com/01JXF1K4EPGB0X6730TGNX7PPA.webp,image,1,2025-06-11 11:57:07,2025-06-11 11:57:07,,Harir F,68493d07bb15f,"جنس:حریر
رنگ : مشکی

فری سایز( سایز های 36 الی44)
عرض سینه 60
قد جلو 70
قد پشت 75",0,1,2025-06-11 11:54:59,2025-06-11 12:06:59,,
461,94,http://cdn.mouherwear1.comhttp://cdn.mouherwear1.com/01JXF1N83X949VG3WES0R32084.webp,image,1,2025-06-11 11:58:16,2025-06-11 11:58:16,,Harir F,68493d07bb15f,"جنس:حریر
رنگ : مشکی

فری سایز( سایز های 36 الی44)
عرض سینه 60
قد جلو 70
قد پشت 75",0,1,2025-06-11 11:54:59,2025-06-11 12:06:59,,
462,94,http://cdn.mouherwear1.comhttp://cdn.mouherwear1.com/01JXF1R6XT6ZPRHC4JSWSJ6XWM.webp,image,1,2025-06-11 11:59:53,2025-06-11 11:59:53,,Harir F,68493d07bb15f,"جنس:حریر
رنگ : مشکی

فری سایز( سایز های 36 الی44)
عرض سینه 60
قد جلو 70
قد پشت 75",0,1,2025-06-11 11:54:59,2025-06-11 12:06:59,,
463,95,http://cdn.mouherwear1.comhttp://cdn.mouherwear1.com/01JXQVMTH23PGTZB3C6PR5HJJA.webp,thumbnail,1,2025-06-14 22:06:18,2025-06-14 22:06:18,,Slap shirt m (blue),684dbfdccb27c,"جنس:لینن اسلپ
رنگ: آبی آسمانی

فری سایز(m,l,xl,2xl)
قد کار77
عرض 63",0,1,2025-06-14 22:04:26,2025-08-09 09:49:42,,
464,95,http://cdn.mouherwear1.comhttp://cdn.mouherwear1.com/01JXQVNPVZRQAMKCNR95D8HT0V.webp,image,1,2025-06-14 22:06:47,2025-06-14 22:06:47,,Slap shirt m (blue),684dbfdccb27c,"جنس:لینن اسلپ
رنگ: آبی آسمانی

فری سایز(m,l,xl,2xl)
قد کار77
عرض 63",0,1,2025-06-14 22:04:26,2025-08-09 09:49:42,,
465,96,http://cdn.mouherwear1.comhttp://cdn.mouherwear1.com/01JXQVYHFCM3C3VATC4BVHPW1K.webp,thumbnail,1,2025-06-14 22:11:40,2025-06-14 22:11:40,,Slap shirt m (white),684dc206bc576,"جنس:لینن اسلپ
رنگ: سفید

فری سایز(m,l,xl,2xl)
قد کار77
عرض 63",0,1,2025-06-14 22:10:51,2025-06-14 22:19:00,,
466,96,http://cdn.mouherwear1.comhttp://cdn.mouherwear1.com/01JXQVZA0CMP07B4YS969BFR1H.webp,image,1,2025-06-14 22:12:04,2025-06-14 22:12:04,,Slap shirt m (white),684dc206bc576,"جنس:لینن اسلپ
رنگ: سفید

فری سایز(m,l,xl,2xl)
قد کار77
عرض 63",0,1,2025-06-14 22:10:51,2025-06-14 22:19:00,,
467,96,http://cdn.mouherwear1.comhttp://cdn.mouherwear1.com/01JXQW0FV6727M81TPF7SNBFXD.webp,thumbnail,1,2025-06-14 22:12:44,2025-06-14 22:12:44,,Slap shirt m (white),684dc206bc576,"جنس:لینن اسلپ
رنگ: سفید

فری سایز(m,l,xl,2xl)
قد کار77
عرض 63",0,1,2025-06-14 22:10:51,2025-06-14 22:19:00,,
468,96,http://cdn.mouherwear1.comhttp://cdn.mouherwear1.com/01JXQW1G7XDCHK2W4233GN79EQ.webp,image,1,2025-06-14 22:13:17,2025-06-14 22:13:17,,Slap shirt m (white),684dc206bc576,"جنس:لینن اسلپ
رنگ: سفید

فری سایز(m,l,xl,2xl)
قد کار77
عرض 63",0,1,2025-06-14 22:10:51,2025-06-14 22:19:00,,
469,96,http://cdn.mouherwear1.comhttp://cdn.mouherwear1.com/01JXQW2R6PJ57ME0KYMRD6HDZP.webp,image,1,2025-06-14 22:13:58,2025-06-14 22:13:58,,Slap shirt m (white),684dc206bc576,"جنس:لینن اسلپ
رنگ: سفید

فری سایز(m,l,xl,2xl)
قد کار77
عرض 63",0,1,2025-06-14 22:10:51,2025-06-14 22:19:00,,
470,97,http://cdn.mouherwear1.comhttp://cdn.mouherwear1.com/01JXQW6ZHECR7FFE2XN5YH0S70.webp,thumbnail,1,2025-06-14 22:16:16,2025-06-14 22:16:16,,(Slap shirt m (black,684dc30d58073,"جنس:لینن اسلپ
رنگ: مشکی

فری سایز(m,l,xl,2xl)
قد کار77
عرض 63",0,1,2025-06-14 22:15:17,2025-06-14 22:18:33,,
471,97,http://cdn.mouherwear1.comhttp://cdn.mouherwear1.com/01JXQW89HS6SAY4X2H3SAYRYMS.webp,image,1,2025-06-14 22:16:59,2025-06-14 22:16:59,,(Slap shirt m (black,684dc30d58073,"جنس:لینن اسلپ
رنگ: مشکی

فری سایز(m,l,xl,2xl)
قد کار77
عرض 63",0,1,2025-06-14 22:15:17,2025-06-14 22:18:33,,
472,97,http://cdn.mouherwear1.comhttp://cdn.mouherwear1.com/01JXQW9FJG0D5Y6J1RX5BS5EC2.webp,image,1,2025-06-14 22:17:38,2025-06-14 22:17:38,,(Slap shirt m (black,684dc30d58073,"جنس:لینن اسلپ
رنگ: مشکی

فری سایز(m,l,xl,2xl)
قد کار77
عرض 63",0,1,2025-06-14 22:15:17,2025-06-14 22:18:33,,
473,97,http://cdn.mouherwear1.comhttp://cdn.mouherwear1.com/01JXQWA5TFSE91PME4PVNRDJFQ.webp,image,1,2025-06-14 22:18:00,2025-06-14 22:18:00,,(Slap shirt m (black,684dc30d58073,"جنس:لینن اسلپ
رنگ: مشکی

فری سایز(m,l,xl,2xl)
قد کار77
عرض 63",0,1,2025-06-14 22:15:17,2025-06-14 22:18:33,,
474,98,http://cdn.mouherwear1.comhttp://cdn.mouherwear1.com/01JXQWGKDDWPPJ9820DRMJXAFH.webp,thumbnail,1,2025-06-14 22:21:32,2025-06-14 22:21:32,,(Slap shirt m (navy,684dc429d4320,"جنس:لینن اسلپ
رنگ: سرمه ای

فری سایز(m,l,xl,2xl)
قد کار77
عرض 63",0,1,2025-06-14 22:20:14,2025-06-14 22:30:44,,
475,98,http://cdn.mouherwear1.comhttp://cdn.mouherwear1.com/01JXQWKNJHQ6N34MSN7HMY59GF.webp,image,1,2025-06-14 22:23:12,2025-06-14 22:23:12,,(Slap shirt m (navy,684dc429d4320,"جنس:لینن اسلپ
رنگ: سرمه ای

فری سایز(m,l,xl,2xl)
قد کار77
عرض 63",0,1,2025-06-14 22:20:14,2025-06-14 22:30:44,,
476,98,http://cdn.mouherwear1.comhttp://cdn.mouherwear1.com/01JXQX09M9F6DARP85CDRDKW5B.webp,image,1,2025-06-14 22:30:05,2025-06-14 22:30:05,,(Slap shirt m (navy,684dc429d4320,"جنس:لینن اسلپ
رنگ: سرمه ای

فری سایز(m,l,xl,2xl)
قد کار77
عرض 63",0,1,2025-06-14 22:20:14,2025-06-14 22:30:44,,
477,99,http://cdn.mouherwear1.comhttp://cdn.mouherwear1.com/01JXQXM2YQSYN19S8ARDV2A652.webp,thumbnail,1,2025-06-14 22:40:54,2025-06-14 22:40:54,,(Slap shirt m (yellow ,684dc6fc48516,"جنس:لینن اسلپ
رنگ: زرد کره ای

فری سایز(m,l,xl,2xl)
قد کار77
عرض 63",0,1,2025-06-14 22:40:09,2025-06-14 22:42:37,,
478,99,http://cdn.mouherwear1.comhttp://cdn.mouherwear1.com/01JXQXN44721989FM6JGDGP5R2.webp,image,1,2025-06-14 22:41:28,2025-06-14 22:41:28,,(Slap shirt m (yellow ,684dc6fc48516,"جنس:لینن اسلپ
رنگ: زرد کره ای

فری سایز(m,l,xl,2xl)
قد کار77
عرض 63",0,1,2025-06-14 22:40:09,2025-06-14 22:42:37,,
479,99,http://cdn.mouherwear1.comhttp://cdn.mouherwear1.com/01JXQXNW0C71S6DWFSREHEYYM4.webp,image,1,2025-06-14 22:41:52,2025-06-14 22:41:52,,(Slap shirt m (yellow ,684dc6fc48516,"جنس:لینن اسلپ
رنگ: زرد کره ای

فری سایز(m,l,xl,2xl)
قد کار77
عرض 63",0,1,2025-06-14 22:40:09,2025-06-14 22:42:37,,
480,100,http://cdn.mouherwear1.comhttp://cdn.mouherwear1.com/01JXQXXQWEYAGWMZS6KQP82XPC.webp,thumbnail,1,2025-06-14 22:46:10,2025-06-14 22:46:10,,(Slap shirt m (green,684dc9ae16946,"جنس:لینن اسلپ
رنگ: سبز

فری سایز(m,l,xl,2xl)
قد کار77
عرض 63",0,1,2025-06-14 22:43:34,2025-06-14 22:47:28,,
481,100,http://cdn.mouherwear1.comhttp://cdn.mouherwear1.com/01JXQXYA2N78P43YHKK66M269K.webp,image,1,2025-06-14 22:46:29,2025-06-14 22:46:29,,(Slap shirt m (green,684dc9ae16946,"جنس:لینن اسلپ
رنگ: سبز

فری سایز(m,l,xl,2xl)
قد کار77
عرض 63",0,1,2025-06-14 22:43:34,2025-06-14 22:47:28,,
482,100,http://cdn.mouherwear1.comhttp://cdn.mouherwear1.com/01JXQXYZP3NR6YBJDZSD97DR38.webp,image,1,2025-06-14 22:46:51,2025-06-14 22:46:51,,(Slap shirt m (green,684dc9ae16946,"جنس:لینن اسلپ
رنگ: سبز

فری سایز(m,l,xl,2xl)
قد کار77
عرض 63",0,1,2025-06-14 22:43:34,2025-06-14 22:47:28,,
483,101,http://cdn.mouherwear1.comhttp://cdn.mouherwear1.com/01JXQY2KCJ7M6A2ES3D9YAC5K9.webp,thumbnail,1,2025-06-14 22:48:50,2025-06-14 22:48:50,,(Slap shirt m (pink,684dcad0aab17,"جنس:لینن اسلپ
رنگ: صورتی پاستلی

فری سایز(m,l,xl,2xl)
قد کار77
عرض 63",0,1,2025-06-14 22:48:19,2025-06-14 22:51:32,,
484,101,http://cdn.mouherwear1.comhttp://cdn.mouherwear1.com/01JXQY3KV651FESGPDPPATEBRK.webp,image,1,2025-06-14 22:49:23,2025-06-14 22:49:23,,(Slap shirt m (pink,684dcad0aab17,"جنس:لینن اسلپ
رنگ: صورتی پاستلی

فری سایز(m,l,xl,2xl)
قد کار77
عرض 63",0,1,2025-06-14 22:48:19,2025-06-14 22:51:32,,
485,101,http://cdn.mouherwear1.comhttp://cdn.mouherwear1.com/01JXQY4N0KYDJMCKM79ZJCN2Z3.webp,image,1,2025-06-14 22:49:57,2025-06-14 22:49:57,,(Slap shirt m (pink,684dcad0aab17,"جنس:لینن اسلپ
رنگ: صورتی پاستلی

فری سایز(m,l,xl,2xl)
قد کار77
عرض 63",0,1,2025-06-14 22:48:19,2025-06-14 22:51:32,,
486,101,http://cdn.mouherwear1.comhttp://cdn.mouherwear1.com/01JXQY5VNQT3QD2H5CQYM32RKH.webp,image,1,2025-06-14 22:50:37,2025-06-14 22:50:37,,(Slap shirt m (pink,684dcad0aab17,"جنس:لینن اسلپ
رنگ: صورتی پاستلی

فری سایز(m,l,xl,2xl)
قد کار77
عرض 63",0,1,2025-06-14 22:48:19,2025-06-14 22:51:32,,
487,101,http://cdn.mouherwear1.comhttp://cdn.mouherwear1.com/01JXQY6HQ7DQ413NSXRW7KEXQV.webp,image,1,2025-06-14 22:50:59,2025-06-14 22:50:59,,(Slap shirt m (pink,684dcad0aab17,"جنس:لینن اسلپ
رنگ: صورتی پاستلی

فری سایز(m,l,xl,2xl)
قد کار77
عرض 63",0,1,2025-06-14 22:48:19,2025-06-14 22:51:32,,
488,102,http://cdn.mouherwear1.comhttp://cdn.mouherwear1.com/01JXQYAJWMZ976C1E7AB8ZTYEF.webp,thumbnail,1,2025-06-14 22:53:11,2025-06-14 22:53:11,,Oxford shirt m,684dcbcfcc893,"جنس:لینن
رنگ: آبی

فری سایز(m,l,xl,2xl)
قد کار77
عرض 63",0,1,2025-06-14 22:52:31,2025-06-14 22:56:15,,
489,102,http://cdn.mouherwear1.comhttp://cdn.mouherwear1.com/01JXQYBP05X9987J3F6FE7PW82.webp,image,1,2025-06-14 22:53:47,2025-06-14 22:53:47,,Oxford shirt m,684dcbcfcc893,"جنس:لینن
رنگ: آبی

فری سایز(m,l,xl,2xl)
قد کار77
عرض 63",0,1,2025-06-14 22:52:31,2025-06-14 22:56:15,,
490,102,http://cdn.mouherwear1.comhttp://cdn.mouherwear1.com/01JXQYCFR62Y6P664NGB95XFFK.webp,image,1,2025-06-14 22:54:14,2025-06-14 22:54:14,,Oxford shirt m,684dcbcfcc893,"جنس:لینن
رنگ: آبی

فری سایز(m,l,xl,2xl)
قد کار77
عرض 63",0,1,2025-06-14 22:52:31,2025-06-14 22:56:15,,
491,102,http://cdn.mouherwear1.comhttp://cdn.mouherwear1.com/01JXQYDQXFJMCYEPX35BYAPX96.webp,image,1,2025-06-14 22:54:54,2025-06-14 22:54:54,,Oxford shirt m,684dcbcfcc893,"جنس:لینن
رنگ: آبی

فری سایز(m,l,xl,2xl)
قد کار77
عرض 63",0,1,2025-06-14 22:52:31,2025-06-14 22:56:15,,
492,103,http://cdn.mouherwear1.comhttp://cdn.mouherwear1.com/01JXQYNZASZHWTV45R8588B9JR.webp,thumbnail,1,2025-06-14 22:59:25,2025-06-14 22:59:25,,Striped red shirt M,684dcd2c7e6ae,"جنس: لینن
رنگ: قرمر راه راه

فری سایز ( m,l,xl,2xl)
قد پشت و جلو 75
عرض سینه 63",0,1,2025-06-14 22:58:33,2025-06-14 23:02:21,,
493,103,http://cdn.mouherwear1.comhttp://cdn.mouherwear1.com/01JXQYPTFVVARB66Z5CYTH6FBM.webp,image,1,2025-06-14 22:59:52,2025-06-14 22:59:52,,Striped red shirt M,684dcd2c7e6ae,"جنس: لینن
رنگ: قرمر راه راه

فری سایز ( m,l,xl,2xl)
قد پشت و جلو 75
عرض سینه 63",0,1,2025-06-14 22:58:33,2025-06-14 23:02:21,,
494,103,http://cdn.mouherwear1.comhttp://cdn.mouherwear1.com/01JXQYR4Q6R9YDCH0STSH4S6WH.webp,image,1,2025-06-14 23:00:35,2025-06-14 23:00:35,,Striped red shirt M,684dcd2c7e6ae,"جنس: لینن
رنگ: قرمر راه راه

فری سایز ( m,l,xl,2xl)
قد پشت و جلو 75
عرض سینه 63",0,1,2025-06-14 22:58:33,2025-06-14 23:02:21,,
495,103,http://cdn.mouherwear1.comhttp://cdn.mouherwear1.com/01JXQYRPX7XM8A0PH4F3F385DV.webp,image,1,2025-06-14 23:00:55,2025-06-14 23:00:55,,Striped red shirt M,684dcd2c7e6ae,"جنس: لینن
رنگ: قرمر راه راه

فری سایز ( m,l,xl,2xl)
قد پشت و جلو 75
عرض سینه 63",0,1,2025-06-14 22:58:33,2025-06-14 23:02:21,,
496,103,http://cdn.mouherwear1.comhttp://cdn.mouherwear1.com/01JXQYSKPH6Y7FK07KHN44P9E4.webp,image,1,2025-06-14 23:01:24,2025-06-14 23:01:24,,Striped red shirt M,684dcd2c7e6ae,"جنس: لینن
رنگ: قرمر راه راه

فری سایز ( m,l,xl,2xl)
قد پشت و جلو 75
عرض سینه 63",0,1,2025-06-14 22:58:33,2025-06-14 23:02:21,,
497,104,http://cdn.mouherwear1.comhttp://cdn.mouherwear1.com/01JXQZ5FN47YEE0NCY9FDP0DP7.webp,thumbnail,1,2025-06-14 23:07:53,2025-06-14 23:07:53,,Striped gray shirt M,684dceb41eec2,"جنس: لینن
رنگ: طوسی راه راه

فری سایز ( m,l,xl,2xl)
قد پشت و جلو 75
عرض سینه 63",0,1,2025-06-14 23:04:46,2025-06-14 23:11:05,,
498,104,http://cdn.mouherwear1.comhttp://cdn.mouherwear1.com/01JXQZ70ZD1GQKNXN00YMEK8TQ.webp,image,1,2025-06-14 23:08:43,2025-06-14 23:08:43,,Striped gray shirt M,684dceb41eec2,"جنس: لینن
رنگ: طوسی راه راه

فری سایز ( m,l,xl,2xl)
قد پشت و جلو 75
عرض سینه 63",0,1,2025-06-14 23:04:46,2025-06-14 23:11:05,,
499,104,http://cdn.mouherwear1.comhttp://cdn.mouherwear1.com/01JXQZ88YTZF3E07V8KME4XPSJ.webp,image,1,2025-06-14 23:09:25,2025-06-14 23:09:25,,Striped gray shirt M,684dceb41eec2,"جنس: لینن
رنگ: طوسی راه راه

فری سایز ( m,l,xl,2xl)
قد پشت و جلو 75
عرض سینه 63",0,1,2025-06-14 23:04:46,2025-06-14 23:11:05,,
500,104,http://cdn.mouherwear1.comhttp://cdn.mouherwear1.com/01JXQZA86NS39JPD3XBGS6J10D.webp,image,1,2025-06-14 23:10:29,2025-06-14 23:10:29,,Striped gray shirt M,684dceb41eec2,"جنس: لینن
رنگ: طوسی راه راه

فری سایز ( m,l,xl,2xl)
قد پشت و جلو 75
عرض سینه 63",0,1,2025-06-14 23:04:46,2025-06-14 23:11:05,,
501,105,http://cdn.mouherwear1.comhttp://cdn.mouherwear1.com/01JXQZJZWM6847DBNC6XYG9BTW.webp,thumbnail,1,2025-06-14 23:15:16,2025-06-14 23:15:16,,Camp collar shirt M,684dd0dc2928e,"جنس: لینن تیت
رنگ : مشکی

فری سایز(m,l,xl,2xl)
قد کار 73
عرض سینه 68",0,1,2025-06-14 23:14:25,2025-06-14 23:17:43,,
502,105,http://cdn.mouherwear1.comhttp://cdn.mouherwear1.com/01JXQZKYXM72744KQTPE89BB3E.webp,image,1,2025-06-14 23:15:47,2025-06-14 23:15:47,,Camp collar shirt M,684dd0dc2928e,"جنس: لینن تیت
رنگ : مشکی

فری سایز(m,l,xl,2xl)
قد کار 73
عرض سینه 68",0,1,2025-06-14 23:14:25,2025-06-14 23:17:43,,
503,105,http://cdn.mouherwear1.comhttp://cdn.mouherwear1.com/01JXQZMWV7S7CVGY3JPMFZQDZG.webp,image,1,2025-06-14 23:16:18,2025-06-14 23:16:18,,Camp collar shirt M,684dd0dc2928e,"جنس: لینن تیت
رنگ : مشکی

فری سایز(m,l,xl,2xl)
قد کار 73
عرض سینه 68",0,1,2025-06-14 23:14:25,2025-06-14 23:17:43,,
504,105,http://cdn.mouherwear1.comhttp://cdn.mouherwear1.com/01JXQZNKDN0EVAJDN074T2F216.webp,image,1,2025-06-14 23:16:41,2025-06-14 23:16:41,,Camp collar shirt M,684dd0dc2928e,"جنس: لینن تیت
رنگ : مشکی

فری سایز(m,l,xl,2xl)
قد کار 73
عرض سینه 68",0,1,2025-06-14 23:14:25,2025-06-14 23:17:43,,
505,106,http://cdn.mouherwear1.comhttp://cdn.mouherwear1.com/01JXR0Z2JRTA3PH8C0JEMTFW0N.webp,thumbnail,1,2025-06-14 23:39:20,2025-06-14 23:39:20,,(Box shirt M (blue,684dd5133909f,"جنس:لینن اسلپ
رنگ: آبی آسمانی

فری سایز(m,l,xl,2xl)
عرض سینه63
قد 75",0,1,2025-06-14 23:38:07,2025-06-14 23:38:07,,
506,106,http://cdn.mouherwear1.comhttp://cdn.mouherwear1.com/01JXR0ZNP7ETF28WW2B6S62TTB.webp,image,1,2025-06-14 23:39:36,2025-06-14 23:39:36,,(Box shirt M (blue,684dd5133909f,"جنس:لینن اسلپ
رنگ: آبی آسمانی

فری سایز(m,l,xl,2xl)
عرض سینه63
قد 75",0,1,2025-06-14 23:38:07,2025-06-14 23:38:07,,
507,106,http://cdn.mouherwear1.comhttp://cdn.mouherwear1.com/01JXR10BJXHYY7X7WDRSW47REJ.webp,image,1,2025-06-14 23:40:02,2025-06-14 23:40:02,,(Box shirt M (blue,684dd5133909f,"جنس:لینن اسلپ
رنگ: آبی آسمانی

فری سایز(m,l,xl,2xl)
عرض سینه63
قد 75",0,1,2025-06-14 23:38:07,2025-06-14 23:38:07,,
508,106,http://cdn.mouherwear1.comhttp://cdn.mouherwear1.com/01JXR11131KWR9M8DVV7T6NF18.webp,image,1,2025-06-14 23:40:21,2025-06-14 23:40:21,,(Box shirt M (blue,684dd5133909f,"جنس:لینن اسلپ
رنگ: آبی آسمانی

فری سایز(m,l,xl,2xl)
عرض سینه63
قد 75",0,1,2025-06-14 23:38:07,2025-06-14 23:38:07,,
509,107,http://cdn.mouherwear1.comhttp://cdn.mouherwear1.com/01JXR191ADWCV0YSRCTNSWP3MG.webp,thumbnail,1,2025-06-14 23:44:46,2025-06-14 23:44:46,,(Box shirt M (green,684dd7473b96f,"جنس: لینن اسلپ
رنگ : سبز

فری سایز(m,l,xl,2xl)
قد کار 75
عرض سینه 63",0,1,2025-06-14 23:42:21,2025-06-14 23:42:21,,
510,107,http://cdn.mouherwear1.comhttp://cdn.mouherwear1.com/01JXR1AN1Z064E2KVVD9YEP5FH.webp,image,1,2025-06-14 23:45:39,2025-06-14 23:45:39,,(Box shirt M (green,684dd7473b96f,"جنس: لینن اسلپ
رنگ : سبز

فری سایز(m,l,xl,2xl)
قد کار 75
عرض سینه 63",0,1,2025-06-14 23:42:21,2025-06-14 23:42:21,,
511,107,http://cdn.mouherwear1.comhttp://cdn.mouherwear1.com/01JXR1B8B14S4Y8F2CZ3B3KGJQ.webp,image,1,2025-06-14 23:45:59,2025-06-14 23:45:59,,(Box shirt M (green,684dd7473b96f,"جنس: لینن اسلپ
رنگ : سبز

فری سایز(m,l,xl,2xl)
قد کار 75
عرض سینه 63",0,1,2025-06-14 23:42:21,2025-06-14 23:42:21,,
512,107,http://cdn.mouherwear1.comhttp://cdn.mouherwear1.com/01JXR1C1ERF0HMKBY50EGDC2CY.webp,image,1,2025-06-14 23:46:24,2025-06-14 23:46:24,,(Box shirt M (green,684dd7473b96f,"جنس: لینن اسلپ
رنگ : سبز

فری سایز(m,l,xl,2xl)
قد کار 75
عرض سینه 63",0,1,2025-06-14 23:42:21,2025-06-14 23:42:21,,
513,108,http://cdn.mouherwear1.comhttp://cdn.mouherwear1.com/01JXR233PN2D38XTRJTFYW6DZD.webp,thumbnail,1,2025-06-14 23:59:01,2025-06-14 23:59:01,,(Box shirt M (navy,684dd8d591641,"جنس: لینن اسلپ
رنگ : سرمه ای

فری سایز(m,l,xl,2xl)
قد کار 75
عرض سینه 63",0,1,2025-06-14 23:58:25,2025-06-14 23:58:25,,
514,108,http://cdn.mouherwear1.comhttp://cdn.mouherwear1.com/01JXR3332E4VWQ4JCY14QB4RPV.webp,image,1,2025-06-15 00:16:29,2025-06-15 00:16:29,,(Box shirt M (navy,684dd8d591641,"جنس: لینن اسلپ
رنگ : سرمه ای

فری سایز(m,l,xl,2xl)
قد کار 75
عرض سینه 63",0,1,2025-06-14 23:58:25,2025-06-14 23:58:25,,
515,108,http://cdn.mouherwear1.comhttp://cdn.mouherwear1.com/01JXR347D92PPENW2BEXAW2VFZ.webp,image,1,2025-06-15 00:17:06,2025-06-15 00:17:06,,(Box shirt M (navy,684dd8d591641,"جنس: لینن اسلپ
رنگ : سرمه ای

فری سایز(m,l,xl,2xl)
قد کار 75
عرض سینه 63",0,1,2025-06-14 23:58:25,2025-06-14 23:58:25,,
516,109,http://cdn.mouherwear1.comhttp://cdn.mouherwear1.com/01JXS2W6E7P2JFJ41R67ENGP21.webp,thumbnail,1,2025-06-15 09:32:06,2025-06-15 09:32:06,,(Box shirt M (white,684e615f66491,"جنس: لینن اسلپ
رنگ : سفید

فری سایز(m,l,xl,2xl)
قد کار 75
عرض سینه 63",0,1,2025-06-15 09:30:33,2025-06-15 09:36:18,,
517,109,http://cdn.mouherwear1.comhttp://cdn.mouherwear1.com/01JXS2XCAG88ZW0AVK0K2NY2MZ.webp,image,1,2025-06-15 09:32:36,2025-06-15 09:32:36,,(Box shirt M (white,684e615f66491,"جنس: لینن اسلپ
رنگ : سفید

فری سایز(m,l,xl,2xl)
قد کار 75
عرض سینه 63",0,1,2025-06-15 09:30:33,2025-06-15 09:36:18,,
518,109,http://cdn.mouherwear1.comhttp://cdn.mouherwear1.com/01JXS2YMTXXNJZMMV6PZZAWW2K.webp,image,1,2025-06-15 09:33:18,2025-06-15 09:33:18,,(Box shirt M (white,684e615f66491,"جنس: لینن اسلپ
رنگ : سفید

فری سایز(m,l,xl,2xl)
قد کار 75
عرض سینه 63",0,1,2025-06-15 09:30:33,2025-06-15 09:36:18,,
519,110,http://cdn.mouherwear1.comhttp://cdn.mouherwear1.com/01JXS3CXEJZTFR9TT9W97ZH6QZ.webp,thumbnail,1,2025-06-15 09:41:05,2025-06-15 09:41:05,,(Box shirt M (black,684e6307a7925,"جنس: لینن اسلپ
رنگ : مشکی

فری سایز(m,l,xl,2xl)
قد کار 75
عرض سینه 63",0,1,2025-06-15 09:40:02,2025-06-15 09:45:17,,
520,110,http://cdn.mouherwear1.comhttp://cdn.mouherwear1.com/01JXS3ERH5M4G51WR6E525WT83.webp,image,1,2025-06-15 09:42:02,2025-06-15 09:42:02,,(Box shirt M (black,684e6307a7925,"جنس: لینن اسلپ
رنگ : مشکی

فری سایز(m,l,xl,2xl)
قد کار 75
عرض سینه 63",0,1,2025-06-15 09:40:02,2025-06-15 09:45:17,,
521,110,http://cdn.mouherwear1.comhttp://cdn.mouherwear1.com/01JXS3FZ5CN7MW2X74EXKA6T8Q.webp,image,1,2025-06-15 09:42:42,2025-06-15 09:42:42,,(Box shirt M (black,684e6307a7925,"جنس: لینن اسلپ
رنگ : مشکی

فری سایز(m,l,xl,2xl)
قد کار 75
عرض سینه 63",0,1,2025-06-15 09:40:02,2025-06-15 09:45:17,,
522,110,http://cdn.mouherwear1.comhttp://cdn.mouherwear1.com/01JXS3JFR3PPBGHJG7Z7YC3DVD.webp,image,1,2025-06-15 09:44:08,2025-06-15 09:44:08,,(Box shirt M (black,684e6307a7925,"جنس: لینن اسلپ
رنگ : مشکی

فری سایز(m,l,xl,2xl)
قد کار 75
عرض سینه 63",0,1,2025-06-15 09:40:02,2025-06-15 09:45:17,,
523,111,http://cdn.mouherwear1.comhttp://cdn.mouherwear1.com/01JXS5K507GC7HZCXKZC7FRHR2.webp,thumbnail,1,2025-06-15 10:19:26,2025-06-15 10:19:26,,(Dust pants M (cream,684e67b36282b,"جنس:لینن نچرال
رنگ :کرم استخوانی

سایز 1 (XS,S)
سایز 2 (M,L)
سایز 3(XL,2XL)
قد کار ها 110 هست

❗️راهنمای سایز اسلاید آخر❗️
",0,1,2025-06-15 10:18:28,2025-06-15 10:44:57,,
524,111,http://cdn.mouherwear1.comhttp://cdn.mouherwear1.com/01JXS5M87RFT6XP8YQB0GGJJYY.webp,image,1,2025-06-15 10:20:01,2025-06-15 10:20:01,,(Dust pants M (cream,684e67b36282b,"جنس:لینن نچرال
رنگ :کرم استخوانی

سایز 1 (XS,S)
سایز 2 (M,L)
سایز 3(XL,2XL)
قد کار ها 110 هست

❗️راهنمای سایز اسلاید آخر❗️
",0,1,2025-06-15 10:18:28,2025-06-15 10:44:57,,
525,111,http://cdn.mouherwear1.comhttp://cdn.mouherwear1.com/01JXS5NT1R2S56XRNRHDEA7XGY.webp,image,1,2025-06-15 10:20:54,2025-06-15 10:20:54,,(Dust pants M (cream,684e67b36282b,"جنس:لینن نچرال
رنگ :کرم استخوانی

سایز 1 (XS,S)
سایز 2 (M,L)
سایز 3(XL,2XL)
قد کار ها 110 هست

❗️راهنمای سایز اسلاید آخر❗️
",0,1,2025-06-15 10:18:28,2025-06-15 10:44:57,,
526,111,http://cdn.mouherwear1.comhttp://cdn.mouherwear1.com/01JXS5PMKRDJX8ZY9MSFDKSG0R.webp,image,1,2025-06-15 10:21:20,2025-06-15 10:21:20,,(Dust pants M (cream,684e67b36282b,"جنس:لینن نچرال
رنگ :کرم استخوانی

سایز 1 (XS,S)
سایز 2 (M,L)
سایز 3(XL,2XL)
قد کار ها 110 هست

❗️راهنمای سایز اسلاید آخر❗️
",0,1,2025-06-15 10:18:28,2025-06-15 10:44:57,,
527,111,http://cdn.mouherwear1.comhttp://cdn.mouherwear1.com/01JXS6VH8S8MH1Y5S3T893SKKM.webp,image,1,2025-06-15 10:22:39,2025-06-15 10:41:26,,(Dust pants M (cream,684e67b36282b,"جنس:لینن نچرال
رنگ :کرم استخوانی

سایز 1 (XS,S)
سایز 2 (M,L)
سایز 3(XL,2XL)
قد کار ها 110 هست

❗️راهنمای سایز اسلاید آخر❗️
",0,1,2025-06-15 10:18:28,2025-06-15 10:44:57,,
528,112,http://cdn.mouherwear1.comhttp://cdn.mouherwear1.com/01JXS60VGCKBJXB6XAQVEMF0NA.webp,thumbnail,1,2025-06-15 10:26:55,2025-06-15 10:26:55,,(Dust pants M (black,684e6e536b845,"جنس:لینن نچرال
رنگ :مشکی

سایز 1 (XS,S)
سایز 2 (M,L)
سایز 3(XL,2XL)
قد کار ها 110 هست

❗️راهنمای سایز اسلاید آخر❗️
",0,1,2025-06-15 10:26:11,2025-06-15 10:40:46,,
529,112,http://cdn.mouherwear1.comhttp://cdn.mouherwear1.com/01JXS61K8D4M3K2P8MB2GW9BFQ.webp,image,1,2025-06-15 10:27:19,2025-06-15 10:27:19,,(Dust pants M (black,684e6e536b845,"جنس:لینن نچرال
رنگ :مشکی

سایز 1 (XS,S)
سایز 2 (M,L)
سایز 3(XL,2XL)
قد کار ها 110 هست

❗️راهنمای سایز اسلاید آخر❗️
",0,1,2025-06-15 10:26:11,2025-06-15 10:40:46,,
530,112,http://cdn.mouherwear1.comhttp://cdn.mouherwear1.com/01JXS62AFGK5WC8CTP4GTK5317.webp,image,1,2025-06-15 10:27:43,2025-06-15 10:27:43,,(Dust pants M (black,684e6e536b845,"جنس:لینن نچرال
رنگ :مشکی

سایز 1 (XS,S)
سایز 2 (M,L)
سایز 3(XL,2XL)
قد کار ها 110 هست

❗️راهنمای سایز اسلاید آخر❗️
",0,1,2025-06-15 10:26:11,2025-06-15 10:40:46,,
531,112,http://cdn.mouherwear1.comhttp://cdn.mouherwear1.com/01JXS631H331ZKACCVQE2Z7RX5.webp,image,1,2025-06-15 10:28:07,2025-06-15 10:28:07,,(Dust pants M (black,684e6e536b845,"جنس:لینن نچرال
رنگ :مشکی

سایز 1 (XS,S)
سایز 2 (M,L)
سایز 3(XL,2XL)
قد کار ها 110 هست

❗️راهنمای سایز اسلاید آخر❗️
",0,1,2025-06-15 10:26:11,2025-06-15 10:40:46,,
532,112,http://cdn.mouherwear1.comhttp://cdn.mouherwear1.com/01JXS6T3WHND27CDD9YPPZ01NP.webp,image,1,2025-06-15 10:28:27,2025-06-15 10:40:40,,(Dust pants M (black,684e6e536b845,"جنس:لینن نچرال
رنگ :مشکی

سایز 1 (XS,S)
سایز 2 (M,L)
سایز 3(XL,2XL)
قد کار ها 110 هست

❗️راهنمای سایز اسلاید آخر❗️
",0,1,2025-06-15 10:26:11,2025-06-15 10:40:46,,
533,113,http://cdn.mouherwear1.comhttp://cdn.mouherwear1.com/01JXS6CSZKY7B04ZA0ENG6NQB5.webp,thumbnail,1,2025-06-15 10:33:27,2025-06-15 10:33:27,,(Dust pants M( nescafe,684e6f6b14cf7,"جنس:لینن نچرال
رنگ :نسکافه ای

سایز 1 (XS,S)
سایز 2 (M,L)
سایز 3(XL,2XL)
قد کار ها 110 هست

❗️راهنمای سایز اسلاید آخر❗️
",0,1,2025-06-15 10:32:44,2025-06-15 10:39:51,,
534,113,http://cdn.mouherwear1.comhttp://cdn.mouherwear1.com/01JXS6DPJADB4H2NTQG26ZD3NC.webp,image,1,2025-06-15 10:33:55,2025-06-15 10:33:55,,(Dust pants M( nescafe,684e6f6b14cf7,"جنس:لینن نچرال
رنگ :نسکافه ای

سایز 1 (XS,S)
سایز 2 (M,L)
سایز 3(XL,2XL)
قد کار ها 110 هست

❗️راهنمای سایز اسلاید آخر❗️
",0,1,2025-06-15 10:32:44,2025-06-15 10:39:51,,
535,113,http://cdn.mouherwear1.comhttp://cdn.mouherwear1.com/01JXS6EAAM76XYF4NDHN05AFED.webp,image,1,2025-06-15 10:34:15,2025-06-15 10:34:15,,(Dust pants M( nescafe,684e6f6b14cf7,"جنس:لینن نچرال
رنگ :نسکافه ای

سایز 1 (XS,S)
سایز 2 (M,L)
سایز 3(XL,2XL)
قد کار ها 110 هست

❗️راهنمای سایز اسلاید آخر❗️
",0,1,2025-06-15 10:32:44,2025-06-15 10:39:51,,
536,113,http://cdn.mouherwear1.comhttp://cdn.mouherwear1.com/01JXS6F47WX1R2CC8N7D4WMBPA.webp,image,1,2025-06-15 10:34:42,2025-06-15 10:34:42,,(Dust pants M( nescafe,684e6f6b14cf7,"جنس:لینن نچرال
رنگ :نسکافه ای

سایز 1 (XS,S)
سایز 2 (M,L)
سایز 3(XL,2XL)
قد کار ها 110 هست

❗️راهنمای سایز اسلاید آخر❗️
",0,1,2025-06-15 10:32:44,2025-06-15 10:39:51,,
537,113,http://cdn.mouherwear1.comhttp://cdn.mouherwear1.com/01JXS6RFYFANTBW63H91XBVDCZ.webp,image,1,2025-06-15 10:39:46,2025-06-15 10:39:46,,(Dust pants M( nescafe,684e6f6b14cf7,"جنس:لینن نچرال
رنگ :نسکافه ای

سایز 1 (XS,S)
سایز 2 (M,L)
سایز 3(XL,2XL)
قد کار ها 110 هست

❗️راهنمای سایز اسلاید آخر❗️
",0,1,2025-06-15 10:32:44,2025-06-15 10:39:51,,
538,114,http://cdn.mouherwear1.comhttp://cdn.mouherwear1.com/01JXS7QRXGNTFA4QTJPH6BEYQY.webp,thumbnail,1,2025-06-15 10:56:54,2025-06-15 10:56:54,,(Mom pants M (cream,684e74176a32e,"جنس:لینن نچرال
رنگ :کرم استخوانی

سایز1  ( xs,s,m)
سایز 2 (l,xl,2xl)
قد کار ها 95 هست

❗️راهنمای سایز اسلاید آخر❗️
",0,1,2025-06-15 10:55:34,2025-06-15 11:18:50,,
539,114,http://cdn.mouherwear1.comhttp://cdn.mouherwear1.com/01JXS7RG582BWV3GFWZ2MGSZPH.webp,image,1,2025-06-15 10:57:19,2025-06-15 10:57:19,,(Mom pants M (cream,684e74176a32e,"جنس:لینن نچرال
رنگ :کرم استخوانی

سایز1  ( xs,s,m)
سایز 2 (l,xl,2xl)
قد کار ها 95 هست

❗️راهنمای سایز اسلاید آخر❗️
",0,1,2025-06-15 10:55:34,2025-06-15 11:18:50,,
540,114,http://cdn.mouherwear1.comhttp://cdn.mouherwear1.com/01JXS7S7VWN55A6P89W7XQVD41.webp,image,1,2025-06-15 10:57:43,2025-06-15 10:57:43,,(Mom pants M (cream,684e74176a32e,"جنس:لینن نچرال
رنگ :کرم استخوانی

سایز1  ( xs,s,m)
سایز 2 (l,xl,2xl)
قد کار ها 95 هست

❗️راهنمای سایز اسلاید آخر❗️
",0,1,2025-06-15 10:55:34,2025-06-15 11:18:50,,
541,114,http://cdn.mouherwear1.comhttp://cdn.mouherwear1.com/01JXS7SYW2G1JBP31PNQG9T432.webp,image,1,2025-06-15 10:58:06,2025-06-15 10:58:06,,(Mom pants M (cream,684e74176a32e,"جنس:لینن نچرال
رنگ :کرم استخوانی

سایز1  ( xs,s,m)
سایز 2 (l,xl,2xl)
قد کار ها 95 هست

❗️راهنمای سایز اسلاید آخر❗️
",0,1,2025-06-15 10:55:34,2025-06-15 11:18:50,,
542,114,http://cdn.mouherwear1.comhttp://cdn.mouherwear1.com/01JXS7TV5NRKYASSPW0SF39NEE.webp,image,1,2025-06-15 10:58:36,2025-06-15 10:58:36,,(Mom pants M (cream,684e74176a32e,"جنس:لینن نچرال
رنگ :کرم استخوانی

سایز1  ( xs,s,m)
سایز 2 (l,xl,2xl)
قد کار ها 95 هست

❗️راهنمای سایز اسلاید آخر❗️
",0,1,2025-06-15 10:55:34,2025-06-15 11:18:50,,
543,114,http://cdn.mouherwear1.comhttp://cdn.mouherwear1.com/01JXS7VPEBGKSSX9PN3Z80W61P.webp,image,1,2025-06-15 10:59:00,2025-06-15 10:59:00,,(Mom pants M (cream,684e74176a32e,"جنس:لینن نچرال
رنگ :کرم استخوانی

سایز1  ( xs,s,m)
سایز 2 (l,xl,2xl)
قد کار ها 95 هست

❗️راهنمای سایز اسلاید آخر❗️
",0,1,2025-06-15 10:55:34,2025-06-15 11:18:50,,
544,115,http://cdn.mouherwear1.comhttp://cdn.mouherwear1.com/01JXS8F0SCK0QN0XQM6512K6PF.webp,thumbnail,1,2025-06-15 11:09:36,2025-06-15 11:09:36,,(Mom pants M (black,684e765e7df39,"جنس:لینن نچرال
رنگ :مشکی

سایز1  ( xs,s,m)
سایز 2 (l,xl,2xl)
قد کار ها 95 هست

❗️راهنمای سایز اسلاید آخر❗️
",0,1,2025-06-15 11:07:37,2025-06-15 11:14:53,,
545,115,http://cdn.mouherwear1.comhttp://cdn.mouherwear1.com/01JXS8GB7HE02C427XKG0BXCFM.webp,image,1,2025-06-15 11:10:19,2025-06-15 11:10:19,,(Mom pants M (black,684e765e7df39,"جنس:لینن نچرال
رنگ :مشکی

سایز1  ( xs,s,m)
سایز 2 (l,xl,2xl)
قد کار ها 95 هست

❗️راهنمای سایز اسلاید آخر❗️
",0,1,2025-06-15 11:07:37,2025-06-15 11:14:53,,
546,115,http://cdn.mouherwear1.comhttp://cdn.mouherwear1.com/01JXS8HZ1XAHXGWDSNAYEME11E.webp,image,1,2025-06-15 11:11:13,2025-06-15 11:11:13,,(Mom pants M (black,684e765e7df39,"جنس:لینن نچرال
رنگ :مشکی

سایز1  ( xs,s,m)
سایز 2 (l,xl,2xl)
قد کار ها 95 هست

❗️راهنمای سایز اسلاید آخر❗️
",0,1,2025-06-15 11:07:37,2025-06-15 11:14:53,,
547,115,http://cdn.mouherwear1.comhttp://cdn.mouherwear1.com/01JXS8PV3XA8NTETQKR0G73PX9.webp,image,1,2025-06-15 11:13:49,2025-06-15 11:13:49,,(Mom pants M (black,684e765e7df39,"جنس:لینن نچرال
رنگ :مشکی

سایز1  ( xs,s,m)
سایز 2 (l,xl,2xl)
قد کار ها 95 هست

❗️راهنمای سایز اسلاید آخر❗️
",0,1,2025-06-15 11:07:37,2025-06-15 11:14:53,,
548,116,http://cdn.mouherwear1.comhttp://cdn.mouherwear1.com/01JXS9H07VS8KBVBDBPF1XBZ19.webp,thumbnail,1,2025-06-15 11:28:09,2025-06-15 11:28:09,,(Nimo pants M (black,684e7b01176ff,"جنس:لینن
رنگ :مشکی

فری سایز(کمر شلوار قابل تنظیم است)
قد110
",0,1,2025-06-15 11:22:34,2025-06-15 11:45:43,,
549,116,http://cdn.mouherwear1.comhttp://cdn.mouherwear1.com/01JXS9KFA8FZA5JHQ4SWJ8VKXN.webp,image,1,2025-06-15 11:29:30,2025-06-15 11:29:30,,(Nimo pants M (black,684e7b01176ff,"جنس:لینن
رنگ :مشکی

فری سایز(کمر شلوار قابل تنظیم است)
قد110
",0,1,2025-06-15 11:22:34,2025-06-15 11:45:43,,
550,116,http://cdn.mouherwear1.comhttp://cdn.mouherwear1.com/01JXS9MJGB1YZFXQS2YEWXE910.webp,image,1,2025-06-15 11:30:07,2025-06-15 11:30:07,,(Nimo pants M (black,684e7b01176ff,"جنس:لینن
رنگ :مشکی

فری سایز(کمر شلوار قابل تنظیم است)
قد110
",0,1,2025-06-15 11:22:34,2025-06-15 11:45:43,,
551,116,http://cdn.mouherwear1.comhttp://cdn.mouherwear1.com/01JXS9N93J7RAGTPV0RGVZSDTW.webp,image,1,2025-06-15 11:30:29,2025-06-15 11:30:29,,(Nimo pants M (black,684e7b01176ff,"جنس:لینن
رنگ :مشکی

فری سایز(کمر شلوار قابل تنظیم است)
قد110
",0,1,2025-06-15 11:22:34,2025-06-15 11:45:43,,
552,117,http://cdn.mouherwear1.comhttp://cdn.mouherwear1.com/01JXS9AHC1FF0S5FK8HJDT4F29.webp,thumbnail,1,2025-06-15 11:24:39,2025-06-15 11:24:39,,(Nimo pants M (white,684e7bc254c79,"جنس:لینن
رنگ : سفید

فری سایز(کمر شلوار قابل تنظیم)
قد110",0,1,2025-06-15 11:23:54,2025-06-15 11:26:54,,
553,117,http://cdn.mouherwear1.comhttp://cdn.mouherwear1.com/01JXS9B8PP8FQPN0BAJF1P6K3F.webp,image,1,2025-06-15 11:25:02,2025-06-15 11:25:02,,(Nimo pants M (white,684e7bc254c79,"جنس:لینن
رنگ : سفید

فری سایز(کمر شلوار قابل تنظیم)
قد110",0,1,2025-06-15 11:23:54,2025-06-15 11:26:54,,
554,117,http://cdn.mouherwear1.comhttp://cdn.mouherwear1.com/01JXS9BXTZN1D6W8RZDF1VCBGP.webp,image,1,2025-06-15 11:25:23,2025-06-15 11:25:23,,(Nimo pants M (white,684e7bc254c79,"جنس:لینن
رنگ : سفید

فری سایز(کمر شلوار قابل تنظیم)
قد110",0,1,2025-06-15 11:23:54,2025-06-15 11:26:54,,
555,117,http://cdn.mouherwear1.comhttp://cdn.mouherwear1.com/01JXS9DPW6DMTHJSV0GNXQQKMT.webp,image,1,2025-06-15 11:26:23,2025-06-15 11:26:23,,(Nimo pants M (white,684e7bc254c79,"جنس:لینن
رنگ : سفید

فری سایز(کمر شلوار قابل تنظیم)
قد110",0,1,2025-06-15 11:23:54,2025-06-15 11:26:54,,
556,118,http://cdn.mouherwear1.comhttp://cdn.mouherwear1.com/01JXSBEW5G2SVVY205W81PXBPD.webp,thumbnail,1,2025-06-15 12:01:57,2025-06-15 12:01:57,,Nimo striped gray M,684e814c2087a,"جنس:لینن
رنگ :راه راه طوسی


فری سایز(کمر شلوار قابل تنظیم)
فد شلوار 110",0,1,2025-06-15 11:49:23,2025-06-15 12:04:41,,
557,118,http://cdn.mouherwear1.comhttp://cdn.mouherwear1.com/01JXSBFB3PZSF78DF4CXKHSTQR.webp,image,1,2025-06-15 12:02:13,2025-06-15 12:02:13,,Nimo striped gray M,684e814c2087a,"جنس:لینن
رنگ :راه راه طوسی


فری سایز(کمر شلوار قابل تنظیم)
فد شلوار 110",0,1,2025-06-15 11:49:23,2025-06-15 12:04:41,,
558,118,http://cdn.mouherwear1.comhttp://cdn.mouherwear1.com/01JXSBGH2Z93FDWDXKPQ3HCP1W.webp,image,1,2025-06-15 12:02:53,2025-06-15 12:02:53,,Nimo striped gray M,684e814c2087a,"جنس:لینن
رنگ :راه راه طوسی


فری سایز(کمر شلوار قابل تنظیم)
فد شلوار 110",0,1,2025-06-15 11:49:23,2025-06-15 12:04:41,,
559,118,http://cdn.mouherwear1.comhttp://cdn.mouherwear1.com/01JXSBHJ6E4Y1A3SAK0KDCYD3C.webp,image,1,2025-06-15 12:03:26,2025-06-15 12:03:26,,Nimo striped gray M,684e814c2087a,"جنس:لینن
رنگ :راه راه طوسی


فری سایز(کمر شلوار قابل تنظیم)
فد شلوار 110",0,1,2025-06-15 11:49:23,2025-06-15 12:04:41,,
560,119,http://cdn.mouherwear1.comhttp://cdn.mouherwear1.com/01JXSCNHVPHW2DD31VG0B90WW9.webp,thumbnail,1,2025-06-15 12:23:06,2025-06-15 12:23:06,,Striped short red,684e869269407,"جنس:لینن تیت
رنگ: قرمز راه راه


فری سایز(از xs تا 2xl)
قد 50
",0,1,2025-06-15 12:22:10,2025-10-23 12:53:17,,
561,119,http://cdn.mouherwear1.comhttp://cdn.mouherwear1.com/01JXSCPHNYY6HFDF4GWYM1K3C3.webp,image,1,2025-06-15 12:23:38,2025-06-15 12:23:38,,Striped short red,684e869269407,"جنس:لینن تیت
رنگ: قرمز راه راه


فری سایز(از xs تا 2xl)
قد 50
",0,1,2025-06-15 12:22:10,2025-10-23 12:53:17,,
562,119,http://cdn.mouherwear1.comhttp://cdn.mouherwear1.com/01JXSCQRR95MF09RY3YVX4QA11.webp,image,1,2025-06-15 12:24:18,2025-06-15 12:24:18,,Striped short red,684e869269407,"جنس:لینن تیت
رنگ: قرمز راه راه


فری سایز(از xs تا 2xl)
قد 50
",0,1,2025-06-15 12:22:10,2025-10-23 12:53:17,,
563,119,http://cdn.mouherwear1.comhttp://cdn.mouherwear1.com/01JXSCRYSWYK9M2FRXRK2MPAVX.webp,image,1,2025-06-15 12:24:57,2025-06-15 12:24:57,,Striped short red,684e869269407,"جنس:لینن تیت
رنگ: قرمز راه راه


فری سایز(از xs تا 2xl)
قد 50
",0,1,2025-06-15 12:22:10,2025-10-23 12:53:17,,
564,120,http://cdn.mouherwear1.comhttp://cdn.mouherwear1.com/01JXSD0AKAAFDR78FHM33RZ25V.webp,thumbnail,1,2025-06-15 12:28:58,2025-06-15 12:28:58,,Striped short gray,684e8af68a65d,"جنس:لینن تیت
رنگ: طوسی راه راه


فری سایز(از xs تا 2xl)
قد 50
",0,1,2025-06-15 12:28:24,2025-06-15 12:28:24,,
565,120,http://cdn.mouherwear1.comhttp://cdn.mouherwear1.com/01JXSD18PQEKJ73966EF9JY43Q.webp,image,1,2025-06-15 12:29:29,2025-06-15 12:29:29,,Striped short gray,684e8af68a65d,"جنس:لینن تیت
رنگ: طوسی راه راه


فری سایز(از xs تا 2xl)
قد 50
",0,1,2025-06-15 12:28:24,2025-06-15 12:28:24,,
566,120,http://cdn.mouherwear1.comhttp://cdn.mouherwear1.com/01JXSD6WF97079AZ5N2KB167GP.webp,image,1,2025-06-15 12:32:33,2025-06-15 12:32:33,,Striped short gray,684e8af68a65d,"جنس:لینن تیت
رنگ: طوسی راه راه


فری سایز(از xs تا 2xl)
قد 50
",0,1,2025-06-15 12:28:24,2025-06-15 12:28:24,,
567,121,http://cdn.mouherwear1.comhttp://cdn.mouherwear1.com/01JXSDB31Q76JBN482X29Z5HPW.webp,thumbnail,1,2025-06-15 12:34:51,2025-06-15 12:34:51,,Basic short,684e8c45a3115,"جنس:لینن
رنگبندی: مشکی /سفید/کرم استخوانی/خاکی

فری سایز(xs الی 2xl)
قد 50",0,1,2025-06-15 12:34:20,2025-06-15 13:30:27,,
568,121,http://cdn.mouherwear1.comhttp://cdn.mouherwear1.com/01JXSDBQ7B71K8851FMXDPYTN0.webp,image,1,2025-06-15 12:35:08,2025-06-15 12:35:08,,Basic short,684e8c45a3115,"جنس:لینن
رنگبندی: مشکی /سفید/کرم استخوانی/خاکی

فری سایز(xs الی 2xl)
قد 50",0,1,2025-06-15 12:34:20,2025-06-15 13:30:27,,
569,121,http://cdn.mouherwear1.comhttp://cdn.mouherwear1.com/01JXSDC3AYSSXGNTC0K0SY4EZS.webp,image,1,2025-06-15 12:35:23,2025-06-15 12:35:23,,Basic short,684e8c45a3115,"جنس:لینن
رنگبندی: مشکی /سفید/کرم استخوانی/خاکی

فری سایز(xs الی 2xl)
قد 50",0,1,2025-06-15 12:34:20,2025-06-15 13:30:27,,
570,121,http://cdn.mouherwear1.comhttp://cdn.mouherwear1.com/01JXSGD3W48F9W575CCDABJGS0.webp,image,1,2025-06-15 13:28:20,2025-06-15 13:28:20,,Basic short,684e8c45a3115,"جنس:لینن
رنگبندی: مشکی /سفید/کرم استخوانی/خاکی

فری سایز(xs الی 2xl)
قد 50",0,1,2025-06-15 12:34:20,2025-06-15 13:30:27,,
571,122,http://cdn.mouherwear1.comhttp://cdn.mouherwear1.com/01JXSGQXNHSXXVA2FDQGA3A7QY.webp,thumbnail,1,2025-06-15 13:34:17,2025-06-15 13:34:17,,(Tank top(white,684e99c3b029c,"جنس:نخ پنبه میله ای
رنگبندی:سفید

سایزبندی(M,L,xl,2xl)
",0,1,2025-06-15 13:33:39,2025-06-15 13:46:41,,
572,122,http://cdn.mouherwear1.comhttp://cdn.mouherwear1.com/01JXSGRWMNGW1G0F6AR9RRAH1P.webp,image,1,2025-06-15 13:34:49,2025-06-15 13:34:49,,(Tank top(white,684e99c3b029c,"جنس:نخ پنبه میله ای
رنگبندی:سفید

سایزبندی(M,L,xl,2xl)
",0,1,2025-06-15 13:33:39,2025-06-15 13:46:41,,
573,122,http://cdn.mouherwear1.comhttp://cdn.mouherwear1.com/01JXSGSFNRMJQWY5AJ3CWEJ3SE.webp,image,1,2025-06-15 13:35:08,2025-06-15 13:35:08,,(Tank top(white,684e99c3b029c,"جنس:نخ پنبه میله ای
رنگبندی:سفید

سایزبندی(M,L,xl,2xl)
",0,1,2025-06-15 13:33:39,2025-06-15 13:46:41,,
574,123,http://cdn.mouherwear1.comhttp://cdn.mouherwear1.com/01JXSH3RMPZEWEMYJ3RJJCAN91.webp,thumbnail,1,2025-06-15 13:40:44,2025-06-15 13:40:44,,(Tank top (black,684e9bbf0ef42,"جنس :نخ پنبه
رنگ :مشکی

سایز(M,L,Xl,2xl)
",0,1,2025-06-15 13:39:57,2025-06-15 13:45:34,,
575,123,http://cdn.mouherwear1.comhttp://cdn.mouherwear1.com/01JXSH4A2EV57W029AN2XNJ0KY.webp,image,1,2025-06-15 13:41:02,2025-06-15 13:41:02,,(Tank top (black,684e9bbf0ef42,"جنس :نخ پنبه
رنگ :مشکی

سایز(M,L,Xl,2xl)
",0,1,2025-06-15 13:39:57,2025-06-15 13:45:34,,
576,123,http://cdn.mouherwear1.comhttp://cdn.mouherwear1.com/01JXSH5EPFV1W8A0NGMS7P1AW0.webp,image,1,2025-06-15 13:41:39,2025-06-15 13:41:39,,(Tank top (black,684e9bbf0ef42,"جنس :نخ پنبه
رنگ :مشکی

سایز(M,L,Xl,2xl)
",0,1,2025-06-15 13:39:57,2025-06-15 13:45:34,,
577,124,http://cdn.mouherwear1.comhttp://cdn.mouherwear1.com/01JXSMKDET7RK9FH83W1FQC0J3.webp,thumbnail,1,2025-06-15 14:41:43,2025-06-15 14:41:43,,Striped pants F,684ea8e44b612,"جنس:لینن
رنگ:طوسی راه راه

فری سایز(کمر قابل تنظیم)
قد 110",0,1,2025-06-15 14:40:18,2025-06-15 14:44:50,,
578,124,http://cdn.mouherwear1.comhttp://cdn.mouherwear1.com/01JXSMM8TT90CN0Y474FQ3XRC8.webp,image,1,2025-06-15 14:42:10,2025-06-15 14:42:10,,Striped pants F,684ea8e44b612,"جنس:لینن
رنگ:طوسی راه راه

فری سایز(کمر قابل تنظیم)
قد 110",0,1,2025-06-15 14:40:18,2025-06-15 14:44:50,,
579,124,http://cdn.mouherwear1.comhttp://cdn.mouherwear1.com/01JXSMN4PG2TCD6NAV887TX7QM.webp,image,1,2025-06-15 14:42:39,2025-06-15 14:42:39,,Striped pants F,684ea8e44b612,"جنس:لینن
رنگ:طوسی راه راه

فری سایز(کمر قابل تنظیم)
قد 110",0,1,2025-06-15 14:40:18,2025-06-15 14:44:50,,
580,124,http://cdn.mouherwear1.comhttp://cdn.mouherwear1.com/01JXSMPXKE22DX5TFCGNK1GD2Z.webp,image,1,2025-06-15 14:43:40,2025-06-15 14:43:40,,Striped pants F,684ea8e44b612,"جنس:لینن
رنگ:طوسی راه راه

فری سایز(کمر قابل تنظیم)
قد 110",0,1,2025-06-15 14:40:18,2025-06-15 14:44:50,,
581,125,http://cdn.mouherwear1.comhttp://cdn.mouherwear1.com/01JXSNEYJC5HD5M5M9P8ZXDQC9.webp,thumbnail,1,2025-06-15 14:56:44,2025-06-15 14:56:44,,(Everyday pants F (cream,684eab461c749,"جنس:لینن نچرال
رنگ:کرم استخوانی

سایز1(36،38)
سایز2(40،42)
سایز3(44،46)
قد کار 110",0,1,2025-06-15 14:48:28,2025-06-15 15:06:43,,
582,125,http://cdn.mouherwear1.comhttp://cdn.mouherwear1.com/01JXSNFFDEM1PWPE5E5PQYJA7J.webp,image,1,2025-06-15 14:57:01,2025-06-15 14:57:01,,(Everyday pants F (cream,684eab461c749,"جنس:لینن نچرال
رنگ:کرم استخوانی

سایز1(36،38)
سایز2(40،42)
سایز3(44،46)
قد کار 110",0,1,2025-06-15 14:48:28,2025-06-15 15:06:43,,
583,125,http://cdn.mouherwear1.comhttp://cdn.mouherwear1.com/01JXSNGY7PPQCVX30FXNDN7HF4.webp,image,1,2025-06-15 14:57:50,2025-06-15 14:57:50,,(Everyday pants F (cream,684eab461c749,"جنس:لینن نچرال
رنگ:کرم استخوانی

سایز1(36،38)
سایز2(40،42)
سایز3(44،46)
قد کار 110",0,1,2025-06-15 14:48:28,2025-06-15 15:06:43,,
584,125,http://cdn.mouherwear1.comhttp://cdn.mouherwear1.com/01JXSNK7RDDR6ZKEA8X14QXFTZ.webp,image,1,2025-06-15 14:59:05,2025-06-15 14:59:05,,(Everyday pants F (cream,684eab461c749,"جنس:لینن نچرال
رنگ:کرم استخوانی

سایز1(36،38)
سایز2(40،42)
سایز3(44،46)
قد کار 110",0,1,2025-06-15 14:48:28,2025-06-15 15:06:43,,
585,126,http://cdn.mouherwear1.comhttp://cdn.mouherwear1.com/01JXSNSC3229JZXEFDV8DYD106.webp,thumbnail,1,2025-06-15 15:02:26,2025-06-15 15:02:26,,(Everday pants F (black,684eaeed7faaf,"جنس:لینن نچرال
رنگ:مشکی

سایز1(36،38)
سایز2(40،42)
سایز3(44،46)
قد کار 110",0,1,2025-06-15 15:01:46,2025-06-15 15:05:36,,
586,126,http://cdn.mouherwear1.comhttp://cdn.mouherwear1.com/01JXSNT4RXHWF61JRE62TGQB9C.webp,image,1,2025-06-15 15:02:51,2025-06-15 15:02:51,,(Everday pants F (black,684eaeed7faaf,"جنس:لینن نچرال
رنگ:مشکی

سایز1(36،38)
سایز2(40،42)
سایز3(44،46)
قد کار 110",0,1,2025-06-15 15:01:46,2025-06-15 15:05:36,,
587,126,http://cdn.mouherwear1.comhttp://cdn.mouherwear1.com/01JXSNVHP6EQMQ8HHDP27GB2TD.webp,image,1,2025-06-15 15:03:38,2025-06-15 15:03:38,,(Everday pants F (black,684eaeed7faaf,"جنس:لینن نچرال
رنگ:مشکی

سایز1(36،38)
سایز2(40،42)
سایز3(44،46)
قد کار 110",0,1,2025-06-15 15:01:46,2025-06-15 15:05:36,,
588,126,http://cdn.mouherwear1.comhttp://cdn.mouherwear1.com/01JXSNWACTWYH57GWT2F6M6FV5.webp,image,1,2025-06-15 15:04:03,2025-06-15 15:04:03,,(Everday pants F (black,684eaeed7faaf,"جنس:لینن نچرال
رنگ:مشکی

سایز1(36،38)
سایز2(40،42)
سایز3(44،46)
قد کار 110",0,1,2025-06-15 15:01:46,2025-06-15 15:05:36,,
589,126,http://cdn.mouherwear1.comhttp://cdn.mouherwear1.com/01JXSNX5WWB0QP3STHGB62TG3B.webp,image,1,2025-06-15 15:04:32,2025-06-15 15:04:32,,(Everday pants F (black,684eaeed7faaf,"جنس:لینن نچرال
رنگ:مشکی

سایز1(36،38)
سایز2(40،42)
سایز3(44،46)
قد کار 110",0,1,2025-06-15 15:01:46,2025-06-15 15:05:36,,
590,127,http://cdn.mouherwear1.comhttp://cdn.mouherwear1.com/01JXT02D4XP4Q12K3X433N58NX.webp,thumbnail,1,2025-06-15 18:02:08,2025-06-15 18:02:08,,(Everyday pants F (nescafe,684ed8e22f73c,"جنس:لینن نچرال
رنگ:نسکافه ای

سایز1(36،38)
سایز2(40،42)
سایز3(44،46)
قد کار 110",0,1,2025-06-15 18:01:02,2025-06-15 18:44:47,,
591,127,http://cdn.mouherwear1.comhttp://cdn.mouherwear1.com/01JXT03Z6WQB2W7X9PPVP0YNBJ.webp,image,1,2025-06-15 18:03:00,2025-06-15 18:03:00,,(Everyday pants F (nescafe,684ed8e22f73c,"جنس:لینن نچرال
رنگ:نسکافه ای

سایز1(36،38)
سایز2(40،42)
سایز3(44،46)
قد کار 110",0,1,2025-06-15 18:01:02,2025-06-15 18:44:47,,
592,127,http://cdn.mouherwear1.comhttp://cdn.mouherwear1.com/01JXT05HX129D4Y4DH4R1N09FJ.webp,image,1,2025-06-15 18:03:52,2025-06-15 18:03:52,,(Everyday pants F (nescafe,684ed8e22f73c,"جنس:لینن نچرال
رنگ:نسکافه ای

سایز1(36،38)
سایز2(40،42)
سایز3(44،46)
قد کار 110",0,1,2025-06-15 18:01:02,2025-06-15 18:44:47,,
593,128,http://cdn.mouherwear1.comhttp://cdn.mouherwear1.com/01JXT2NDJ1QPPQN8TT2P6QRH25.webp,thumbnail,1,2025-06-15 18:47:29,2025-06-15 18:47:29,,(Nimo pants F (white,684ee38d183f7,"جنس:لینن
رنگ :سفید


فری سایز(کمر شلوار قابل تنظیم است)
قد110",0,1,2025-06-15 18:46:28,2025-06-15 18:50:39,,
594,128,http://cdn.mouherwear1.comhttp://cdn.mouherwear1.com/01JXT2PT9NM3D32RH2FY3CVTMG.webp,image,1,2025-06-15 18:48:14,2025-06-15 18:48:14,,(Nimo pants F (white,684ee38d183f7,"جنس:لینن
رنگ :سفید


فری سایز(کمر شلوار قابل تنظیم است)
قد110",0,1,2025-06-15 18:46:28,2025-06-15 18:50:39,,
595,128,http://cdn.mouherwear1.comhttp://cdn.mouherwear1.com/01JXT2RC67C9JK27S3J5SPPJ6R.webp,image,1,2025-06-15 18:49:05,2025-06-15 18:49:05,,(Nimo pants F (white,684ee38d183f7,"جنس:لینن
رنگ :سفید


فری سایز(کمر شلوار قابل تنظیم است)
قد110",0,1,2025-06-15 18:46:28,2025-06-15 18:50:39,,
596,128,http://cdn.mouherwear1.comhttp://cdn.mouherwear1.com/01JXT2T86SDJB25HGEXQCSAF13.webp,image,1,2025-06-15 18:50:09,2025-06-15 18:50:09,,(Nimo pants F (white,684ee38d183f7,"جنس:لینن
رنگ :سفید


فری سایز(کمر شلوار قابل تنظیم است)
قد110",0,1,2025-06-15 18:46:28,2025-06-15 18:50:39,,
597,129,http://cdn.mouherwear1.comhttp://cdn.mouherwear1.com/01JXT30YPTW1KA9V27F3M34VSX.webp,thumbnail,1,2025-06-15 18:53:46,2025-06-15 18:53:46,,(Nimo pants F (black,684ee4ff78539,"جنس:لینن
رنگ :مشکی


فری سایز(کمر شلوار قابل تنظیم است)
قد110",0,1,2025-06-15 18:52:25,2025-08-20 16:56:40,,
598,130,http://cdn.mouherwear1.comhttp://cdn.mouherwear1.com/01JXWA7GC1F2K4612RHZXH1MVK.webp,thumbnail,1,2025-06-16 15:38:10,2025-06-16 15:38:10,,(Mom pants F (cream,68500873c08e6,"جنس:لینن نچرال
رنگ: کرم استخوانی

فری سایز(سایز های 36 الی 46)
قد 93
",0,1,2025-06-16 15:36:48,2025-06-16 15:39:58,,
599,130,http://cdn.mouherwear1.comhttp://cdn.mouherwear1.com/01JXWA8564TC2V934QW9W8JTNH.webp,image,1,2025-06-16 15:38:31,2025-06-16 15:38:31,,(Mom pants F (cream,68500873c08e6,"جنس:لینن نچرال
رنگ: کرم استخوانی

فری سایز(سایز های 36 الی 46)
قد 93
",0,1,2025-06-16 15:36:48,2025-06-16 15:39:58,,
600,130,http://cdn.mouherwear1.comhttp://cdn.mouherwear1.com/01JXWA93JQ6A87GFF2WBRR7FK5.webp,image,1,2025-06-16 15:39:02,2025-06-16 15:39:02,,(Mom pants F (cream,68500873c08e6,"جنس:لینن نچرال
رنگ: کرم استخوانی

فری سایز(سایز های 36 الی 46)
قد 93
",0,1,2025-06-16 15:36:48,2025-06-16 15:39:58,,
601,130,http://cdn.mouherwear1.comhttp://cdn.mouherwear1.com/01JXWAA08171QTVYV3KBG8E7FJ.webp,image,1,2025-06-16 15:39:31,2025-06-16 15:39:31,,(Mom pants F (cream,68500873c08e6,"جنس:لینن نچرال
رنگ: کرم استخوانی

فری سایز(سایز های 36 الی 46)
قد 93
",0,1,2025-06-16 15:36:48,2025-06-16 15:39:58,,
602,131,http://cdn.mouherwear1.comhttp://cdn.mouherwear1.com/01JXWAFBB8F5RJQ93N2S0VKZNT.webp,thumbnail,1,2025-06-16 15:42:26,2025-06-16 15:42:26,,(Mom pants (black,6850099d4e3cd,"جنس:لینن نچرال
رنگ:مشکی


فری سایز(سایز های 36 الی 46)
قد 93
",0,1,2025-06-16 15:41:54,2025-06-16 15:45:19,,
603,131,http://cdn.mouherwear1.comhttp://cdn.mouherwear1.com/01JXWAGAVASW3TF5HTDDA4M0MJ.webp,image,1,2025-06-16 15:42:59,2025-06-16 15:42:59,,(Mom pants (black,6850099d4e3cd,"جنس:لینن نچرال
رنگ:مشکی


فری سایز(سایز های 36 الی 46)
قد 93
",0,1,2025-06-16 15:41:54,2025-06-16 15:45:19,,
604,131,http://cdn.mouherwear1.comhttp://cdn.mouherwear1.com/01JXWAHYE1WHWP5D5SAD8M1GWS.webp,image,1,2025-06-16 15:43:52,2025-06-16 15:43:52,,(Mom pants (black,6850099d4e3cd,"جنس:لینن نچرال
رنگ:مشکی


فری سایز(سایز های 36 الی 46)
قد 93
",0,1,2025-06-16 15:41:54,2025-06-16 15:45:19,,
605,132,http://cdn.mouherwear1.comhttp://cdn.mouherwear1.com/01JXWATBE9RCKVQ95RMMRS6MFZ.webp,thumbnail,1,2025-06-16 15:48:28,2025-06-16 15:48:28,,(Cargo pants F (green,68500b0f49cca,"جنس:کتان tc
رنگ: سبز


فری سایز(36الی 46)
قد 107
",0,1,2025-06-16 15:47:45,2025-06-16 15:49:33,,
606,132,http://cdn.mouherwear1.comhttp://cdn.mouherwear1.com/01JXWAV05070E35JD9432BB2MT.webp,image,1,2025-06-16 15:48:50,2025-06-16 15:48:50,,(Cargo pants F (green,68500b0f49cca,"جنس:کتان tc
رنگ: سبز


فری سایز(36الی 46)
قد 107
",0,1,2025-06-16 15:47:45,2025-06-16 15:49:33,,
607,132,http://cdn.mouherwear1.comhttp://cdn.mouherwear1.com/01JXWAVGB4SWX1KYWRQYGEVNFK.webp,image,1,2025-06-16 15:49:06,2025-06-16 15:49:06,,(Cargo pants F (green,68500b0f49cca,"جنس:کتان tc
رنگ: سبز


فری سایز(36الی 46)
قد 107
",0,1,2025-06-16 15:47:45,2025-06-16 15:49:33,,
608,133,http://cdn.mouherwear1.comhttp://cdn.mouherwear1.com/01JXWAZ3AYQGH0Z5HYDE8A6H73.webp,thumbnail,1,2025-06-16 15:51:02,2025-06-16 15:51:02,,(Cargo pants F (black,68500bed00841,"جنس:کتان tc
رنگ: مشکی


فری سایز(36الی 46)
قد 107
",0,1,2025-06-16 15:50:42,2025-06-16 15:52:19,,
609,133,http://cdn.mouherwear1.comhttp://cdn.mouherwear1.com/01JXWAZK021VQP66MG4A681A52.webp,image,1,2025-06-16 15:51:19,2025-06-16 15:51:19,,(Cargo pants F (black,68500bed00841,"جنس:کتان tc
رنگ: مشکی


فری سایز(36الی 46)
قد 107
",0,1,2025-06-16 15:50:42,2025-06-16 15:52:19,,
610,133,http://cdn.mouherwear1.comhttp://cdn.mouherwear1.com/01JXWB09DDEY6N04P4C97G5EEQ.webp,image,1,2025-06-16 15:51:41,2025-06-16 15:51:41,,(Cargo pants F (black,68500bed00841,"جنس:کتان tc
رنگ: مشکی


فری سایز(36الی 46)
قد 107
",0,1,2025-06-16 15:50:42,2025-06-16 15:52:19,,
611,133,http://cdn.mouherwear1.comhttp://cdn.mouherwear1.com/01JXWB0VG50XATXGP0AFQA43DW.webp,image,1,2025-06-16 15:52:00,2025-06-16 15:52:00,,(Cargo pants F (black,68500bed00841,"جنس:کتان tc
رنگ: مشکی


فری سایز(36الی 46)
قد 107
",0,1,2025-06-16 15:50:42,2025-06-16 15:52:19,,
612,134,http://cdn.mouherwear1.comhttp://cdn.mouherwear1.com/01JXWBDM37X282AVPFR1PD4960.webp,thumbnail,1,2025-06-16 15:58:58,2025-06-16 15:58:58,,(Cargo pants M (black,68500d3e8b5ff,"جنس:کتان tc
رنگ:مشکی


فری سایز(m ,l,xl,2xl)
قد 110",0,1,2025-06-16 15:57:03,2025-06-16 16:07:26,,
613,134,http://cdn.mouherwear1.comhttp://cdn.mouherwear1.com/01JXWBF8ZSKV0QA4WWTR2HQ2S4.webp,image,1,2025-06-16 15:59:53,2025-06-16 15:59:53,,(Cargo pants M (black,68500d3e8b5ff,"جنس:کتان tc
رنگ:مشکی


فری سایز(m ,l,xl,2xl)
قد 110",0,1,2025-06-16 15:57:03,2025-06-16 16:07:26,,
614,134,http://cdn.mouherwear1.comhttp://cdn.mouherwear1.com/01JXWBWWE5MRNX5C0ZFADXY28N.webp,image,1,2025-06-16 16:07:20,2025-06-16 16:07:20,,(Cargo pants M (black,68500d3e8b5ff,"جنس:کتان tc
رنگ:مشکی


فری سایز(m ,l,xl,2xl)
قد 110",0,1,2025-06-16 15:57:03,2025-06-16 16:07:26,,
615,135,http://cdn.mouherwear1.comhttp://cdn.mouherwear1.com/01JXWC04992DPFHKE7TC2GQ1FV.webp,thumbnail,1,2025-06-16 16:09:05,2025-06-16 16:09:05,,(Cargo pants (green,6850100ead84c,"جنس:کتان tc
رنگ:سبز


فری سایز(m ,l,xl,2xl)
قد 110",0,1,2025-06-16 16:08:32,2025-06-16 16:10:28,,
616,135,http://cdn.mouherwear1.comhttp://cdn.mouherwear1.com/01JXWC0SFHW2MS7S07W5TPQTMW.webp,image,1,2025-06-16 16:09:27,2025-06-16 16:09:27,,(Cargo pants (green,6850100ead84c,"جنس:کتان tc
رنگ:سبز


فری سایز(m ,l,xl,2xl)
قد 110",0,1,2025-06-16 16:08:32,2025-06-16 16:10:28,,
617,135,http://cdn.mouherwear1.comhttp://cdn.mouherwear1.com/01JXWC1G5KVR2WV1G3C117606Q.webp,image,1,2025-06-16 16:09:50,2025-06-16 16:09:50,,(Cargo pants (green,6850100ead84c,"جنس:کتان tc
رنگ:سبز


فری سایز(m ,l,xl,2xl)
قد 110",0,1,2025-06-16 16:08:32,2025-06-16 16:10:28,,
618,136,http://cdn.mouherwear1.comhttp://cdn.mouherwear1.com/01JYNBX3JF56V5REX6XMMVQZT8.webp,thumbnail,1,2025-06-26 09:08:39,2025-06-26 09:08:39,,Crop top,685cdc66eb712,"جنس:ریون پنبه
رنکبندی: طوسی/ سفید/مشکی

سایز بندی :
سایز 1(xs,s)
سایز2(M,l)

برای دیدن تنخور این کار به پیج اینستاگرام دایرکت دهید🙏🏽",0,1,2025-06-26 09:07:46,2025-06-26 09:15:03,,
619,136,http://cdn.mouherwear1.comhttp://cdn.mouherwear1.com/01JYNBZ48XQQKHY3T14J2BVM3H.webp,thumbnail,1,2025-06-26 09:09:34,2025-06-26 09:09:34,,Crop top,685cdc66eb712,"جنس:ریون پنبه
رنکبندی: طوسی/ سفید/مشکی

سایز بندی :
سایز 1(xs,s)
سایز2(M,l)

برای دیدن تنخور این کار به پیج اینستاگرام دایرکت دهید🙏🏽",0,1,2025-06-26 09:07:46,2025-06-26 09:15:03,,
620,136,http://cdn.mouherwear1.comhttp://cdn.mouherwear1.com/01JYNF7TM72YEWGRW3RKP010CY.webp,image,1,2025-06-26 10:06:44,2025-06-26 10:06:44,,Crop top,685cdc66eb712,"جنس:ریون پنبه
رنکبندی: طوسی/ سفید/مشکی

سایز بندی :
سایز 1(xs,s)
سایز2(M,l)

برای دیدن تنخور این کار به پیج اینستاگرام دایرکت دهید🙏🏽",0,1,2025-06-26 09:07:46,2025-06-26 09:15:03,,
621,137,http://cdn.mouherwear1.comhttp://cdn.mouherwear1.com/01K6M99XCGS28YWJC4D0Y840X3.webp,thumbnail,1,2025-10-03 09:09:20,2025-10-03 09:09:20,,Keshmir shirt F(navy),68df5f9ab9af1,"جنس:کشمیر(پشمی)
رنگ:سرمه ای
فری سایز(عرض سینه58/قدپشت75/قدجلو70)",0,1,2025-10-03 09:01:06,2025-10-03 09:14:58,,
622,137,http://cdn.mouherwear1.comhttp://cdn.mouherwear1.com/01K6M9BVEVFTTPZ7545S04DAHA.webp,image,1,2025-10-03 09:10:22,2025-10-03 09:10:22,,Keshmir shirt F(navy),68df5f9ab9af1,"جنس:کشمیر(پشمی)
رنگ:سرمه ای
فری سایز(عرض سینه58/قدپشت75/قدجلو70)",0,1,2025-10-03 09:01:06,2025-10-03 09:14:58,,
623,137,http://cdn.mouherwear1.comhttp://cdn.mouherwear1.com/01K6M9CK22D5PYS6AZ98Q2ZR61.webp,image,1,2025-10-03 09:10:47,2025-10-03 09:10:47,,Keshmir shirt F(navy),68df5f9ab9af1,"جنس:کشمیر(پشمی)
رنگ:سرمه ای
فری سایز(عرض سینه58/قدپشت75/قدجلو70)",0,1,2025-10-03 09:01:06,2025-10-03 09:14:58,,
624,138,http://cdn.mouherwear1.comhttp://cdn.mouherwear1.com/01K6M9RWF6M0RGG3DE52QE3X8C.webp,thumbnail,1,2025-10-03 09:17:32,2025-10-03 09:17:32,,Keshmir shirt F(gray),68df62df9e7b8,"جنس:کشمیر(پشمی)
رنگ:طوسی 
فری سایز(عرض سینه58/قدپشت75/قدجلو70)",0,1,2025-10-03 09:15:03,2025-10-03 09:25:49,,
625,138,http://cdn.mouherwear1.comhttp://cdn.mouherwear1.com/01K6M9SXKCPH44ZW8YVJRMD91X.webp,image,1,2025-10-03 09:18:03,2025-10-03 09:18:03,,Keshmir shirt F(gray),68df62df9e7b8,"جنس:کشمیر(پشمی)
رنگ:طوسی 
فری سایز(عرض سینه58/قدپشت75/قدجلو70)",0,1,2025-10-03 09:15:03,2025-10-03 09:25:49,,
626,138,http://cdn.mouherwear1.comhttp://cdn.mouherwear1.com/01K6M9TFY77PCM0DKXBWFH92N2.webp,image,1,2025-10-03 09:18:22,2025-10-03 09:18:22,,Keshmir shirt F(gray),68df62df9e7b8,"جنس:کشمیر(پشمی)
رنگ:طوسی 
فری سایز(عرض سینه58/قدپشت75/قدجلو70)",0,1,2025-10-03 09:15:03,2025-10-03 09:25:49,,
627,138,http://cdn.mouherwear1.comhttp://cdn.mouherwear1.com/01K6M9VA6PXXC5ZM250XQX08YA.webp,image,1,2025-10-03 09:18:49,2025-10-03 09:18:49,,Keshmir shirt F(gray),68df62df9e7b8,"جنس:کشمیر(پشمی)
رنگ:طوسی 
فری سایز(عرض سینه58/قدپشت75/قدجلو70)",0,1,2025-10-03 09:15:03,2025-10-03 09:25:49,,
628,139,http://cdn.mouherwear1.comhttp://cdn.mouherwear1.com/01K6MA4GFG9HAPW6KFGH3KGC1A.webp,thumbnail,1,2025-10-03 09:23:51,2025-10-03 09:23:51,,Cotton shirt F (black),68df6439ca6e2,"جنس:کتان
رنگ:مشکی
فری سایز(عرض سینه58/قدپشت75/قدجلو70)",0,1,2025-10-03 09:20:49,2025-10-03 09:24:53,,
629,139,http://cdn.mouherwear1.comhttp://cdn.mouherwear1.com/01K6MA5WBAEYJWDKZJG75KXJ0C.webp,image,1,2025-10-03 09:24:35,2025-10-03 09:24:35,,Cotton shirt F (black),68df6439ca6e2,"جنس:کتان
رنگ:مشکی
فری سایز(عرض سینه58/قدپشت75/قدجلو70)",0,1,2025-10-03 09:20:49,2025-10-03 09:24:53,,
630,139,http://cdn.mouherwear1.comhttp://cdn.mouherwear1.com/01K6MA6BJCDVBDTG9X8YX187EH.webp,image,1,2025-10-03 09:24:51,2025-10-03 09:24:51,,Cotton shirt F (black),68df6439ca6e2,"جنس:کتان
رنگ:مشکی
فری سایز(عرض سینه58/قدپشت75/قدجلو70)",0,1,2025-10-03 09:20:49,2025-10-03 09:24:53,,
631,140,http://cdn.mouherwear1.comhttp://cdn.mouherwear1.com/01K6MAEZ3GCKRANH020YC7HA2C.webp,thumbnail,1,2025-10-03 09:29:35,2025-10-03 09:29:35,,Cotton shirt F(brown),68df6569e40d3,"جنس:کتان
رنگ:قهوه ای
فری سایز(عرض سینه58/قدپشت75/قدجلو70)",0,1,2025-10-03 09:25:53,2025-10-03 09:41:30,,
632,140,http://cdn.mouherwear1.comhttp://cdn.mouherwear1.com/01K6MAFJYTSE67TS6S88FB4J10.webp,image,1,2025-10-03 09:29:53,2025-10-03 09:29:53,,Cotton shirt F(brown),68df6569e40d3,"جنس:کتان
رنگ:قهوه ای
فری سایز(عرض سینه58/قدپشت75/قدجلو70)",0,1,2025-10-03 09:25:53,2025-10-03 09:41:30,,
633,140,http://cdn.mouherwear1.comhttp://cdn.mouherwear1.com/01K6MAG6F4JPZ55CAQG9PKBV62.webp,image,1,2025-10-03 09:30:13,2025-10-03 09:30:13,,Cotton shirt F(brown),68df6569e40d3,"جنس:کتان
رنگ:قهوه ای
فری سایز(عرض سینه58/قدپشت75/قدجلو70)",0,1,2025-10-03 09:25:53,2025-10-03 09:41:30,,
634,140,http://cdn.mouherwear1.comhttp://cdn.mouherwear1.com/01K6MAH93HZD9ZBQHDM3V12XRS.webp,image,1,2025-10-03 09:30:49,2025-10-03 09:30:49,,Cotton shirt F(brown),68df6569e40d3,"جنس:کتان
رنگ:قهوه ای
فری سایز(عرض سینه58/قدپشت75/قدجلو70)",0,1,2025-10-03 09:25:53,2025-10-03 09:41:30,,
635,141,http://cdn.mouherwear1.comhttp://cdn.mouherwear1.com/01K6MB15B9HY16DPRH1J8ETG6R.webp,thumbnail,1,2025-10-03 09:39:31,2025-10-03 09:39:42,,Leather jacket F (brown),68df66bec717b,"جنس:چرم مصنوعی
رنگ:قهوه ای
فری سایز(عرض سینه 58/قد 55)",0,1,2025-10-03 09:31:34,2025-10-03 09:42:08,,
636,141,http://cdn.mouherwear1.comhttp://cdn.mouherwear1.com/01K6MB23B66SPWW9YE3KMWYZEB.webp,image,1,2025-10-03 09:40:00,2025-10-03 09:40:00,,Leather jacket F (brown),68df66bec717b,"جنس:چرم مصنوعی
رنگ:قهوه ای
فری سایز(عرض سینه 58/قد 55)",0,1,2025-10-03 09:31:34,2025-10-03 09:42:08,,
637,141,http://cdn.mouherwear1.comhttp://cdn.mouherwear1.com/01K6MB2RY0PXGJQ73TB5XJ88MK.webp,image,1,2025-10-03 09:40:22,2025-10-03 09:40:22,,Leather jacket F (brown),68df66bec717b,"جنس:چرم مصنوعی
رنگ:قهوه ای
فری سایز(عرض سینه 58/قد 55)",0,1,2025-10-03 09:31:34,2025-10-03 09:42:08,,
638,141,http://cdn.mouherwear1.comhttp://cdn.mouherwear1.com/01K6MB3EQYY58PC7N3NW52VGEE.webp,image,1,2025-10-03 09:40:44,2025-10-03 09:40:44,,Leather jacket F (brown),68df66bec717b,"جنس:چرم مصنوعی
رنگ:قهوه ای
فری سایز(عرض سینه 58/قد 55)",0,1,2025-10-03 09:31:34,2025-10-03 09:42:08,,
639,142,http://cdn.mouherwear1.comhttp://cdn.mouherwear1.com/01K6MBAP9NVT1AE1BHJQQPPT4Z.webp,thumbnail,1,2025-10-03 09:44:42,2025-10-03 09:44:42,,Leather jacket F(black),68df693d45e40,"جنس:چرم مصنوعی
رنگ:مشکی
فری سایز(عرض سینه 58/قد 55)",0,1,2025-10-03 09:42:13,2025-10-03 09:49:24,,
640,142,http://cdn.mouherwear1.comhttp://cdn.mouherwear1.com/01K6MBB8WN2JYF2YPCQ0JD7D4W.webp,image,1,2025-10-03 09:45:01,2025-10-03 09:45:01,,Leather jacket F(black),68df693d45e40,"جنس:چرم مصنوعی
رنگ:مشکی
فری سایز(عرض سینه 58/قد 55)",0,1,2025-10-03 09:42:13,2025-10-03 09:49:24,,
641,142,http://cdn.mouherwear1.comhttp://cdn.mouherwear1.com/01K6MBBWBT2PJ0SH7880W3QBCT.webp,image,1,2025-10-03 09:45:21,2025-10-03 09:45:21,,Leather jacket F(black),68df693d45e40,"جنس:چرم مصنوعی
رنگ:مشکی
فری سایز(عرض سینه 58/قد 55)",0,1,2025-10-03 09:42:13,2025-10-03 09:49:24,,
642,143,http://cdn.mouherwear1.comhttp://cdn.mouherwear1.com/01K6MDBS2E14CECYXYB2ZJF90F.webp,thumbnail,1,2025-10-03 10:20:15,2025-10-03 10:20:15,,Casual overcoat F(gray),68df71ad1d24b,"جنس:فوتر
رنگ:طوسی
فری سایز(عرض سینه 64/قد110)

قد مدل 173 و سایز 38",0,1,2025-10-03 10:18:13,2025-10-05 01:20:56,,
643,143,http://cdn.mouherwear1.comhttp://cdn.mouherwear1.com/01K6MDCAAVW3CQK62Y65J3TFNQ.webp,image,1,2025-10-03 10:20:32,2025-10-03 10:20:32,,Casual overcoat F(gray),68df71ad1d24b,"جنس:فوتر
رنگ:طوسی
فری سایز(عرض سینه 64/قد110)

قد مدل 173 و سایز 38",0,1,2025-10-03 10:18:13,2025-10-05 01:20:56,,
644,143,http://cdn.mouherwear1.comhttp://cdn.mouherwear1.com/01K6MDCTDM7BD76WVTZA1DFTWM.webp,image,1,2025-10-03 10:20:49,2025-10-03 10:20:49,,Casual overcoat F(gray),68df71ad1d24b,"جنس:فوتر
رنگ:طوسی
فری سایز(عرض سینه 64/قد110)

قد مدل 173 و سایز 38",0,1,2025-10-03 10:18:13,2025-10-05 01:20:56,,
645,144,http://cdn.mouherwear1.comhttp://cdn.mouherwear1.com/01K6MDY1AP5NNRHF48TYHF0B06.webp,thumbnail,1,2025-10-03 10:30:17,2025-10-03 10:30:17,,Casual overcoat F(Nescafe),68df730fa7222,"جنس:فوتر
رنگ:نسکافه ای
فری سایز(عرض سینه 64/قد110)

قد مدل 173 و سایز 38",0,0,2025-10-03 10:24:07,2025-10-03 10:34:02,,
646,144,http://cdn.mouherwear1.comhttp://cdn.mouherwear1.com/01K6ME08SQ5H506YA25GV199DC.webp,image,1,2025-10-03 10:31:26,2025-10-03 10:31:26,,Casual overcoat F(Nescafe),68df730fa7222,"جنس:فوتر
رنگ:نسکافه ای
فری سایز(عرض سینه 64/قد110)

قد مدل 173 و سایز 38",0,0,2025-10-03 10:24:07,2025-10-03 10:34:02,,
647,144,http://cdn.mouherwear1.comhttp://cdn.mouherwear1.com/01K6ME0WAS0RVSBPRCJBPSZBQ5.webp,image,1,2025-10-03 10:31:46,2025-10-03 10:31:46,,Casual overcoat F(Nescafe),68df730fa7222,"جنس:فوتر
رنگ:نسکافه ای
فری سایز(عرض سینه 64/قد110)

قد مدل 173 و سایز 38",0,0,2025-10-03 10:24:07,2025-10-03 10:34:02,,
648,145,http://cdn.mouherwear1.comhttp://cdn.mouherwear1.com/01K6ME9AMMDSECFQ231PA7JNVS.webp,thumbnail,1,2025-10-03 10:36:23,2025-10-03 10:36:23,,Casual overcoat F(black),68df75a80d36a,"جنس:فوتر
رنگ:مشکی
فری سایز(عرض سینه 64/قد110)

قد مدل 173 و سایز 38",0,1,2025-10-03 10:35:12,2025-10-03 10:38:39,,
649,145,http://cdn.mouherwear1.comhttp://cdn.mouherwear1.com/01K6ME9X90YHSBWS9XCRJY2FD5.webp,image,1,2025-10-03 10:36:42,2025-10-03 10:36:42,,Casual overcoat F(black),68df75a80d36a,"جنس:فوتر
رنگ:مشکی
فری سایز(عرض سینه 64/قد110)

قد مدل 173 و سایز 38",0,1,2025-10-03 10:35:12,2025-10-03 10:38:39,,
650,145,http://cdn.mouherwear1.comhttp://cdn.mouherwear1.com/01K6MEATDK9KQN9XVB0AV6F3TK.webp,image,1,2025-10-03 10:37:11,2025-10-03 10:37:11,,Casual overcoat F(black),68df75a80d36a,"جنس:فوتر
رنگ:مشکی
فری سایز(عرض سینه 64/قد110)

قد مدل 173 و سایز 38",0,1,2025-10-03 10:35:12,2025-10-03 10:38:39,,
651,146,http://cdn.mouherwear1.comhttp://cdn.mouherwear1.com/01K6MESWDPWFVN799NTRN8VVP8.webp,thumbnail,1,2025-10-03 10:45:25,2025-10-03 10:45:25,,Paecoat F(nescafe),68df767e6bcbe,"جنس:فوتر
رنگ:نسکافه ای
فری سایز(عرض سینه 60/قد55)

قد مدل 173 و سایز 38",0,1,2025-10-03 10:38:46,2025-10-03 10:47:44,,
652,146,http://cdn.mouherwear1.comhttp://cdn.mouherwear1.com/01K6METSTF9GT7Z52VGXCHSAHW.webp,image,1,2025-10-03 10:45:55,2025-10-03 10:45:55,,Paecoat F(nescafe),68df767e6bcbe,"جنس:فوتر
رنگ:نسکافه ای
فری سایز(عرض سینه 60/قد55)

قد مدل 173 و سایز 38",0,1,2025-10-03 10:38:46,2025-10-03 10:47:44,,
653,146,http://cdn.mouherwear1.comhttp://cdn.mouherwear1.com/01K6MEVCSB1Y6DPRDA3F1A0N35.webp,image,1,2025-10-03 10:46:15,2025-10-03 10:46:15,,Paecoat F(nescafe),68df767e6bcbe,"جنس:فوتر
رنگ:نسکافه ای
فری سایز(عرض سینه 60/قد55)

قد مدل 173 و سایز 38",0,1,2025-10-03 10:38:46,2025-10-03 10:47:44,,
654,146,http://cdn.mouherwear1.comhttp://cdn.mouherwear1.com/01K6MEVZ2KFHK2VSN1WXV6JQMT.webp,image,1,2025-10-03 10:46:33,2025-10-03 10:46:33,,Paecoat F(nescafe),68df767e6bcbe,"جنس:فوتر
رنگ:نسکافه ای
فری سایز(عرض سینه 60/قد55)

قد مدل 173 و سایز 38",0,1,2025-10-03 10:38:46,2025-10-03 10:47:44,,
655,147,http://cdn.mouherwear1.comhttp://cdn.mouherwear1.com/01K6MF2934QKG4NFRMW70H45RN.webp,thumbnail,1,2025-10-03 10:50:00,2025-10-03 10:50:00,,Paecoat F(black),68df78a4c078c,"جنس:فوتر
رنگ:مشکی
فری سایز(عرض سینه 60/قد55)

قد مدل 173 و سایز 38",0,1,2025-10-03 10:47:56,2025-10-03 10:49:03,,
656,147,http://cdn.mouherwear1.comhttp://cdn.mouherwear1.com/01K6MF31YGSQ1EKZB7ZNTWAQYR.webp,image,1,2025-10-03 10:50:26,2025-10-03 10:50:26,,Paecoat F(black),68df78a4c078c,"جنس:فوتر
رنگ:مشکی
فری سایز(عرض سینه 60/قد55)

قد مدل 173 و سایز 38",0,1,2025-10-03 10:47:56,2025-10-03 10:49:03,,
657,147,http://cdn.mouherwear1.comhttp://cdn.mouherwear1.com/01K6MF3CF13S3SCCT3MYC05DYC.webp,image,1,2025-10-03 10:50:37,2025-10-03 10:50:37,,Paecoat F(black),68df78a4c078c,"جنس:فوتر
رنگ:مشکی
فری سایز(عرض سینه 60/قد55)

قد مدل 173 و سایز 38",0,1,2025-10-03 10:47:56,2025-10-03 10:49:03,,
658,147,http://cdn.mouherwear1.comhttp://cdn.mouherwear1.com/01K6MF3TAQ1G95AP168AGY0YAT.webp,image,1,2025-10-03 10:50:51,2025-10-03 10:50:51,,Paecoat F(black),68df78a4c078c,"جنس:فوتر
رنگ:مشکی
فری سایز(عرض سینه 60/قد55)

قد مدل 173 و سایز 38",0,1,2025-10-03 10:47:56,2025-10-03 10:49:03,,
659,148,http://cdn.mouherwear1.comhttp://cdn.mouherwear1.com/01K6MFAVRDKYFJJE7YTWSDFXAC.webp,thumbnail,1,2025-10-03 10:54:41,2025-10-03 10:54:41,,Trench coat F(begie),68df7972a4684,"جنس:کتان tc(ضد آب)
رنگ:بژ
فری سایز(عرض سینه 64/قد120)

قد مدل 173 و سایز38",0,1,2025-10-03 10:51:22,2025-10-03 10:56:35,,
660,148,http://cdn.mouherwear1.comhttp://cdn.mouherwear1.com/01K6MFB9BGK5MWV3B3NBCBRQZ0.webp,image,1,2025-10-03 10:54:55,2025-10-03 10:54:55,,Trench coat F(begie),68df7972a4684,"جنس:کتان tc(ضد آب)
رنگ:بژ
فری سایز(عرض سینه 64/قد120)

قد مدل 173 و سایز38",0,1,2025-10-03 10:51:22,2025-10-03 10:56:35,,
661,148,http://cdn.mouherwear1.comhttp://cdn.mouherwear1.com/01K6MFBWDA8004M21Z30DGNJRE.webp,image,1,2025-10-03 10:55:15,2025-10-03 10:55:15,,Trench coat F(begie),68df7972a4684,"جنس:کتان tc(ضد آب)
رنگ:بژ
فری سایز(عرض سینه 64/قد120)

قد مدل 173 و سایز38",0,1,2025-10-03 10:51:22,2025-10-03 10:56:35,,
662,148,http://cdn.mouherwear1.comhttp://cdn.mouherwear1.com/01K6MFCDVD6X5Q97B3NZ2XNNMP.webp,image,1,2025-10-03 10:55:33,2025-10-03 10:55:33,,Trench coat F(begie),68df7972a4684,"جنس:کتان tc(ضد آب)
رنگ:بژ
فری سایز(عرض سینه 64/قد120)

قد مدل 173 و سایز38",0,1,2025-10-03 10:51:22,2025-10-03 10:56:35,,
663,149,http://cdn.mouherwear1.comhttp://cdn.mouherwear1.com/01K6NFNW2E8YKHKYFW9A189ZZW.webp,thumbnail,1,2025-10-03 20:19:57,2025-10-03 20:19:57,,Trench coat F(black),68df7aed24202,"جنس:کتان tc(ضد آب)
رنگ:مشکی
فری سایز(عرض سینه 64/قد120)

قد مدل 173 و سایز38",0,1,2025-10-03 10:57:41,2025-10-03 10:58:19,,
664,149,http://cdn.mouherwear1.comhttp://cdn.mouherwear1.com/01K6NFP7XAYVYSJ4A3TC7RX6J5.webp,image,1,2025-10-03 20:20:09,2025-10-03 20:20:09,,Trench coat F(black),68df7aed24202,"جنس:کتان tc(ضد آب)
رنگ:مشکی
فری سایز(عرض سینه 64/قد120)

قد مدل 173 و سایز38",0,1,2025-10-03 10:57:41,2025-10-03 10:58:19,,
665,149,http://cdn.mouherwear1.comhttp://cdn.mouherwear1.com/01K6NFTSQ5WSPRWN20CFZ7S87D.webp,image,1,2025-10-03 20:22:38,2025-10-03 20:22:38,,Trench coat F(black),68df7aed24202,"جنس:کتان tc(ضد آب)
رنگ:مشکی
فری سایز(عرض سینه 64/قد120)

قد مدل 173 و سایز38",0,1,2025-10-03 10:57:41,2025-10-03 10:58:19,,
666,150,http://cdn.mouherwear1.comhttp://cdn.mouherwear1.com/01K6N1G57CBKDFQZSQJ1126Z7M.webp,thumbnail,1,2025-10-03 16:12:10,2025-10-03 16:12:10,,Cropped trench coat(begie),68dfc2fec936b,"جنس:کتان tc (ضد آب)
رنگ:بژ
فری سایز(عرض سینه58/قد57)

قدمدل173و سایز38",0,1,2025-10-03 16:05:10,2025-10-03 16:15:30,,
667,150,http://cdn.mouherwear1.comhttp://cdn.mouherwear1.com/01K6N1GX481PFVNQWEMZMSRYPR.webp,image,1,2025-10-03 16:12:34,2025-10-03 16:12:34,,Cropped trench coat(begie),68dfc2fec936b,"جنس:کتان tc (ضد آب)
رنگ:بژ
فری سایز(عرض سینه58/قد57)

قدمدل173و سایز38",0,1,2025-10-03 16:05:10,2025-10-03 16:15:30,,
668,150,http://cdn.mouherwear1.comhttp://cdn.mouherwear1.com/01K6N1HDYSZ15VHP1TSH4CZ4VK.webp,image,1,2025-10-03 16:12:51,2025-10-03 16:12:51,,Cropped trench coat(begie),68dfc2fec936b,"جنس:کتان tc (ضد آب)
رنگ:بژ
فری سایز(عرض سینه58/قد57)

قدمدل173و سایز38",0,1,2025-10-03 16:05:10,2025-10-03 16:15:30,,
669,150,http://cdn.mouherwear1.comhttp://cdn.mouherwear1.com/01K6N1J6JY5K90KZE038A92HKP.webp,image,1,2025-10-03 16:13:16,2025-10-03 16:13:16,,Cropped trench coat(begie),68dfc2fec936b,"جنس:کتان tc (ضد آب)
رنگ:بژ
فری سایز(عرض سینه58/قد57)

قدمدل173و سایز38",0,1,2025-10-03 16:05:10,2025-10-03 16:15:30,,
670,151,http://cdn.mouherwear1.comhttp://cdn.mouherwear1.com/01K6N1RRVVSB1XMXXSJF23PQB3.webp,thumbnail,1,2025-10-03 16:16:52,2025-10-03 16:16:52,,Cropped trench coat(black),68dfc56f6314c,"جنس:کتان tc (ضد آب)
رنگ:مشکی
فری سایز(عرض سینه58/قد57)

قدمدل173و سایز38",0,1,2025-10-03 16:15:35,2025-10-03 16:19:23,,
671,151,http://cdn.mouherwear1.comhttp://cdn.mouherwear1.com/01K6N1SEETEXKT5QT24S22HBZN.webp,image,1,2025-10-03 16:17:14,2025-10-03 16:17:14,,Cropped trench coat(black),68dfc56f6314c,"جنس:کتان tc (ضد آب)
رنگ:مشکی
فری سایز(عرض سینه58/قد57)

قدمدل173و سایز38",0,1,2025-10-03 16:15:35,2025-10-03 16:19:23,,
672,151,http://cdn.mouherwear1.comhttp://cdn.mouherwear1.com/01K6N1T3PCRGF9SPVS9XP2N1R8.webp,image,1,2025-10-03 16:17:36,2025-10-03 16:17:36,,Cropped trench coat(black),68dfc56f6314c,"جنس:کتان tc (ضد آب)
رنگ:مشکی
فری سایز(عرض سینه58/قد57)

قدمدل173و سایز38",0,1,2025-10-03 16:15:35,2025-10-03 16:19:23,,
673,151,http://cdn.mouherwear1.comhttp://cdn.mouherwear1.com/01K6N1TQERPHVG14JQ29J67N52.webp,image,1,2025-10-03 16:17:56,2025-10-03 16:17:56,,Cropped trench coat(black),68dfc56f6314c,"جنس:کتان tc (ضد آب)
رنگ:مشکی
فری سایز(عرض سینه58/قد57)

قدمدل173و سایز38",0,1,2025-10-03 16:15:35,2025-10-03 16:19:23,,
674,152,http://cdn.mouherwear1.comhttp://cdn.mouherwear1.com/01K6N27M65B90JSB1P43W7X6BH.webp,thumbnail,1,2025-10-03 16:25:00,2025-10-03 16:25:00,,Denim coat F,68dfc6aa8c5aa,"جنس:جین
رنگ:سرمه ای
فری سایز(عرض سینه58/قد57)

قد مدل 173 و سایز 38",0,1,2025-10-03 16:20:50,2025-10-03 16:37:59,,
675,152,http://cdn.mouherwear1.comhttp://cdn.mouherwear1.com/01K6N297Q7F45V8DEC41SXC6BD.webp,image,1,2025-10-03 16:25:51,2025-10-03 16:25:51,,Denim coat F,68dfc6aa8c5aa,"جنس:جین
رنگ:سرمه ای
فری سایز(عرض سینه58/قد57)

قد مدل 173 و سایز 38",0,1,2025-10-03 16:20:50,2025-10-03 16:37:59,,
676,152,http://cdn.mouherwear1.comhttp://cdn.mouherwear1.com/01K6N2A1KTTN9KZ9G0Z655ZSZ6.webp,image,1,2025-10-03 16:26:18,2025-10-03 16:26:18,,Denim coat F,68dfc6aa8c5aa,"جنس:جین
رنگ:سرمه ای
فری سایز(عرض سینه58/قد57)

قد مدل 173 و سایز 38",0,1,2025-10-03 16:20:50,2025-10-03 16:37:59,,
677,152,http://cdn.mouherwear1.comhttp://cdn.mouherwear1.com/01K6N2BQX0N2DAKEER9TYN01NC.webp,image,1,2025-10-03 16:27:13,2025-10-03 16:27:13,,Denim coat F,68dfc6aa8c5aa,"جنس:جین
رنگ:سرمه ای
فری سایز(عرض سینه58/قد57)

قد مدل 173 و سایز 38",0,1,2025-10-03 16:20:50,2025-10-03 16:37:59,,
678,152,http://cdn.mouherwear1.comhttp://cdn.mouherwear1.com/01K6N2Z5TMSEG6C3G35QQ1KZSF.webp,image,1,2025-10-03 16:37:57,2025-10-03 16:37:57,,Denim coat F,68dfc6aa8c5aa,"جنس:جین
رنگ:سرمه ای
فری سایز(عرض سینه58/قد57)

قد مدل 173 و سایز 38",0,1,2025-10-03 16:20:50,2025-10-03 16:37:59,,
679,153,http://cdn.mouherwear1.comhttp://cdn.mouherwear1.com/01K6N37ENPS2QEW57C9P6HRY6P.webp,thumbnail,1,2025-10-03 16:42:21,2025-10-03 16:42:21,,Pollar shirt F(cream),68dfcab602850,"جنس:پولار
رنگ:کرم
فری سایز(عرض سینه64/قد73)

قد173 و سایز38",0,1,2025-10-03 16:38:06,2025-10-04 23:38:32,,
680,153,http://cdn.mouherwear1.comhttp://cdn.mouherwear1.com/01K6N38DZMCAX304KZFC65TWN7.webp,image,1,2025-10-03 16:42:53,2025-10-03 16:42:53,,Pollar shirt F(cream),68dfcab602850,"جنس:پولار
رنگ:کرم
فری سایز(عرض سینه64/قد73)

قد173 و سایز38",0,1,2025-10-03 16:38:06,2025-10-04 23:38:32,,
681,153,http://cdn.mouherwear1.comhttp://cdn.mouherwear1.com/01K6N39NSQK973PF0VP0RN6HTR.webp,image,1,2025-10-03 16:43:34,2025-10-03 16:43:34,,Pollar shirt F(cream),68dfcab602850,"جنس:پولار
رنگ:کرم
فری سایز(عرض سینه64/قد73)

قد173 و سایز38",0,1,2025-10-03 16:38:06,2025-10-04 23:38:32,,
682,154,http://cdn.mouherwear1.comhttp://cdn.mouherwear1.com/01K6NF3HDA593MJ2N7KKVAME14.webp,thumbnail,1,2025-10-03 20:09:56,2025-10-03 20:09:56,,Pollar shirt F(navy),68dffc24b54ce,"جنس:پولار
رنگ:سرمه ای
فری سایز(عرض سینه64/قد73)

قد173 و سایز38",0,1,2025-10-03 20:09:00,2025-10-04 23:39:15,,
683,154,http://cdn.mouherwear1.comhttp://cdn.mouherwear1.com/01K6NF40XX50W7RPRXK4AY7DVY.webp,image,1,2025-10-03 20:10:12,2025-10-03 20:10:12,,Pollar shirt F(navy),68dffc24b54ce,"جنس:پولار
رنگ:سرمه ای
فری سایز(عرض سینه64/قد73)

قد173 و سایز38",0,1,2025-10-03 20:09:00,2025-10-04 23:39:15,,
684,154,http://cdn.mouherwear1.comhttp://cdn.mouherwear1.com/01K6NF4RFXA36SYCC1M3T29K2J.webp,image,1,2025-10-03 20:10:36,2025-10-03 20:10:36,,Pollar shirt F(navy),68dffc24b54ce,"جنس:پولار
رنگ:سرمه ای
فری سایز(عرض سینه64/قد73)

قد173 و سایز38",0,1,2025-10-03 20:09:00,2025-10-04 23:39:15,,
685,154,http://cdn.mouherwear1.comhttp://cdn.mouherwear1.com/01K6NF58A9V6K2FE2MBB9AAHE4.webp,image,1,2025-10-03 20:10:52,2025-10-03 20:10:52,,Pollar shirt F(navy),68dffc24b54ce,"جنس:پولار
رنگ:سرمه ای
فری سایز(عرض سینه64/قد73)

قد173 و سایز38",0,1,2025-10-03 20:09:00,2025-10-04 23:39:15,,
686,155,http://cdn.mouherwear1.comhttp://cdn.mouherwear1.com/01K6NFCC48AM7Z3QATY1VPTTTK.webp,thumbnail,1,2025-10-03 20:14:45,2025-10-03 20:14:45,,Pollar shirt F(green),68dffd18c05a3,"جنس:پولار
رنگ:سبز
فری سایز(عرض سینه64/قد73)

قد173 و سایز38",0,1,2025-10-03 20:13:04,2025-10-04 23:38:05,,
687,155,http://cdn.mouherwear1.comhttp://cdn.mouherwear1.com/01K6NFCQN153RZPVD9AWHRT3G8.webp,image,1,2025-10-03 20:14:57,2025-10-03 20:14:57,,Pollar shirt F(green),68dffd18c05a3,"جنس:پولار
رنگ:سبز
فری سایز(عرض سینه64/قد73)

قد173 و سایز38",0,1,2025-10-03 20:13:04,2025-10-04 23:38:05,,
688,155,http://cdn.mouherwear1.comhttp://cdn.mouherwear1.com/01K6NFD1R514RF9X3578MY2KWF.webp,image,1,2025-10-03 20:15:08,2025-10-03 20:15:08,,Pollar shirt F(green),68dffd18c05a3,"جنس:پولار
رنگ:سبز
فری سایز(عرض سینه64/قد73)

قد173 و سایز38",0,1,2025-10-03 20:13:04,2025-10-04 23:38:05,,
689,156,http://cdn.mouherwear1.comhttp://cdn.mouherwear1.com/01K6NFGHAMA8Y5T6B0TTWA2ZAH.webp,thumbnail,1,2025-10-03 20:17:02,2025-10-03 20:17:02,,Pollar shirt F(black),68dffdcf6b734,"جنس:پولار
رنگ:مشکی
فری سایز(عرض سینه64/قد73)

قد173 و سایز38",0,1,2025-10-03 20:16:07,2025-10-04 23:39:37,,
690,156,http://cdn.mouherwear1.comhttp://cdn.mouherwear1.com/01K6NFGWDXH2V0WEPN9Y71R4NM.webp,image,1,2025-10-03 20:17:13,2025-10-03 20:17:13,,Pollar shirt F(black),68dffdcf6b734,"جنس:پولار
رنگ:مشکی
فری سایز(عرض سینه64/قد73)

قد173 و سایز38",0,1,2025-10-03 20:16:07,2025-10-04 23:39:37,,
691,156,http://cdn.mouherwear1.comhttp://cdn.mouherwear1.com/01K6NFH8BA6BQWZ6N28ZEJQ3DW.webp,image,1,2025-10-03 20:17:25,2025-10-03 20:17:25,,Pollar shirt F(black),68dffdcf6b734,"جنس:پولار
رنگ:مشکی
فری سایز(عرض سینه64/قد73)

قد173 و سایز38",0,1,2025-10-03 20:16:07,2025-10-04 23:39:37,,
692,156,http://cdn.mouherwear1.comhttp://cdn.mouherwear1.com/01K6NFHTV0YEB78KMNY11CJV91.webp,image,1,2025-10-03 20:17:44,2025-10-03 20:17:44,,Pollar shirt F(black),68dffdcf6b734,"جنس:پولار
رنگ:مشکی
فری سایز(عرض سینه64/قد73)

قد173 و سایز38",0,1,2025-10-03 20:16:07,2025-10-04 23:39:37,,
693,157,http://cdn.mouherwear1.comhttp://cdn.mouherwear1.com/01K6NGM5EXNF7AT4DSMV6TJF1K.webp,thumbnail,1,2025-10-03 20:36:30,2025-10-03 20:36:30,,Limited overcoat F(gray),68dfff6d3e9b3,"جنس:فوتر
رنگ:طوسی
فری سایز(عرض سینه60/عرض شانه46/قد115)

قد مدل173 و سایز 38",0,1,2025-10-03 20:23:01,2025-10-11 14:00:16,,
694,157,http://cdn.mouherwear1.comhttp://cdn.mouherwear1.com/01K6NGMX87GBSRT0PAT1A4XRFD.webp,image,1,2025-10-03 20:36:54,2025-10-03 20:36:54,,Limited overcoat F(gray),68dfff6d3e9b3,"جنس:فوتر
رنگ:طوسی
فری سایز(عرض سینه60/عرض شانه46/قد115)

قد مدل173 و سایز 38",0,1,2025-10-03 20:23:01,2025-10-11 14:00:16,,
695,157,http://cdn.mouherwear1.comhttp://cdn.mouherwear1.com/01K6NGP41D66YEGTVHAT8NGB02.webp,image,1,2025-10-03 20:37:34,2025-10-03 20:37:34,,Limited overcoat F(gray),68dfff6d3e9b3,"جنس:فوتر
رنگ:طوسی
فری سایز(عرض سینه60/عرض شانه46/قد115)

قد مدل173 و سایز 38",0,1,2025-10-03 20:23:01,2025-10-11 14:00:16,,
696,158,http://cdn.mouherwear1.comhttp://cdn.mouherwear1.com/01K6NH48RNTE0RESMG5NH1WFSC.webp,thumbnail,1,2025-10-03 20:45:17,2025-10-03 20:45:17,,Limited overcoat F(black),68e00339b86b3,"جنس:فوتر
رنگ:مشکی
فری سایز(عرض سینه60/عرض شانه46/قد115)

قد مدل173 و سایز 38",0,1,2025-10-03 20:39:13,2025-10-11 14:00:31,,
697,158,http://cdn.mouherwear1.comhttp://cdn.mouherwear1.com/01K6NH5FK010C1693BKGDJNV4T.webp,image,1,2025-10-03 20:45:57,2025-10-03 20:45:57,,Limited overcoat F(black),68e00339b86b3,"جنس:فوتر
رنگ:مشکی
فری سایز(عرض سینه60/عرض شانه46/قد115)

قد مدل173 و سایز 38",0,1,2025-10-03 20:39:13,2025-10-11 14:00:31,,
698,158,http://cdn.mouherwear1.comhttp://cdn.mouherwear1.com/01K6NH6AN6J1REY8HR1GNFNMK6.webp,image,1,2025-10-03 20:46:24,2025-10-03 20:46:24,,Limited overcoat F(black),68e00339b86b3,"جنس:فوتر
رنگ:مشکی
فری سایز(عرض سینه60/عرض شانه46/قد115)

قد مدل173 و سایز 38",0,1,2025-10-03 20:39:13,2025-10-11 14:00:31,,
699,158,http://cdn.mouherwear1.comhttp://cdn.mouherwear1.com/01K6NH784F5AWHSR86SYYCDFT1.webp,image,1,2025-10-03 20:46:55,2025-10-03 20:46:55,,Limited overcoat F(black),68e00339b86b3,"جنس:فوتر
رنگ:مشکی
فری سایز(عرض سینه60/عرض شانه46/قد115)

قد مدل173 و سایز 38",0,1,2025-10-03 20:39:13,2025-10-11 14:00:31,,
700,159,http://cdn.mouherwear1.comhttp://cdn.mouherwear1.com/01K6NK2T5W5BBYJCK9KSKZQERT.webp,thumbnail,1,2025-10-03 21:19:27,2025-10-03 21:19:27,,Limited overcoat F(nescafe),68e00c08169b2,"جنس:فوتر
رنگ:نسکافه ای
فری سایز(عرض سینه60/عرض شانه46/قد115)

قد مدل173 و سایز 38",0,1,2025-10-03 21:16:48,2025-10-11 14:00:45,,
701,159,http://cdn.mouherwear1.comhttp://cdn.mouherwear1.com/01K6NK3H9KHNAPCZD6GG5D2B1F.webp,image,1,2025-10-03 21:19:50,2025-10-03 21:19:50,,Limited overcoat F(nescafe),68e00c08169b2,"جنس:فوتر
رنگ:نسکافه ای
فری سایز(عرض سینه60/عرض شانه46/قد115)

قد مدل173 و سایز 38",0,1,2025-10-03 21:16:48,2025-10-11 14:00:45,,
702,159,http://cdn.mouherwear1.comhttp://cdn.mouherwear1.com/01K6NK4682HHFRXN5ZQJ3YZK1D.webp,image,1,2025-10-03 21:20:12,2025-10-03 21:20:12,,Limited overcoat F(nescafe),68e00c08169b2,"جنس:فوتر
رنگ:نسکافه ای
فری سایز(عرض سینه60/عرض شانه46/قد115)

قد مدل173 و سایز 38",0,1,2025-10-03 21:16:48,2025-10-11 14:00:45,,
703,159,http://cdn.mouherwear1.comhttp://cdn.mouherwear1.com/01K6NK56QVR6M09R5A5S1XMGG7.webp,image,1,2025-10-03 21:20:45,2025-10-03 21:20:45,,Limited overcoat F(nescafe),68e00c08169b2,"جنس:فوتر
رنگ:نسکافه ای
فری سایز(عرض سینه60/عرض شانه46/قد115)

قد مدل173 و سایز 38",0,1,2025-10-03 21:16:48,2025-10-11 14:00:45,,
704,160,http://cdn.mouherwear1.comhttp://cdn.mouherwear1.com/01K6NKT56A5JQHQTXA58QZG77V.webp,thumbnail,1,2025-10-03 21:32:13,2025-10-03 21:32:13,,Cotton shirt M(black),68e00ee21fef7,"جنس:کتان
رنگ:مشکی
فری سایز(عرض سینه64/قد77)
مناسب سایز های(m ،l,xl,2xl)

قد مدل188

",0,1,2025-10-03 21:28:58,2025-10-03 22:12:17,,
705,160,http://cdn.mouherwear1.comhttp://cdn.mouherwear1.com/01K6NKTZG5S7VPF6H6N56F7MDW.webp,image,1,2025-10-03 21:32:38,2025-10-03 21:32:38,,Cotton shirt M(black),68e00ee21fef7,"جنس:کتان
رنگ:مشکی
فری سایز(عرض سینه64/قد77)
مناسب سایز های(m ،l,xl,2xl)

قد مدل188

",0,1,2025-10-03 21:28:58,2025-10-03 22:12:17,,
706,160,http://cdn.mouherwear1.comhttp://cdn.mouherwear1.com/01K6NKVEAQZXCCGH8CDJ2MR444.webp,image,1,2025-10-03 21:32:54,2025-10-03 21:32:54,,Cotton shirt M(black),68e00ee21fef7,"جنس:کتان
رنگ:مشکی
فری سایز(عرض سینه64/قد77)
مناسب سایز های(m ،l,xl,2xl)

قد مدل188

",0,1,2025-10-03 21:28:58,2025-10-03 22:12:17,,
707,160,http://cdn.mouherwear1.comhttp://cdn.mouherwear1.com/01K6NKW07XSEVAE6EZDZE8AG6Q.webp,image,1,2025-10-03 21:33:12,2025-10-03 21:33:12,,Cotton shirt M(black),68e00ee21fef7,"جنس:کتان
رنگ:مشکی
فری سایز(عرض سینه64/قد77)
مناسب سایز های(m ،l,xl,2xl)

قد مدل188

",0,1,2025-10-03 21:28:58,2025-10-03 22:12:17,,
708,161,http://cdn.mouherwear1.comhttp://cdn.mouherwear1.com/01K6NM1Y20TZKYVYKJPXPAC2GT.webp,thumbnail,1,2025-10-03 21:36:28,2025-10-03 21:36:28,,Cotton shirt M(brown),68e0105744480,"جنس:کتان
رنگ:قهوه ای
فری سایز(عرض سینه64/قد77)
مناسب سایز های(m ،l,xl,2xl)

قد مدل188
",0,1,2025-10-03 21:35:11,2025-10-03 22:12:46,,
709,161,http://cdn.mouherwear1.comhttp://cdn.mouherwear1.com/01K6NM2D0X3W20Q5YZEKDCDD3T.webp,image,1,2025-10-03 21:36:42,2025-10-03 21:36:42,,Cotton shirt M(brown),68e0105744480,"جنس:کتان
رنگ:قهوه ای
فری سایز(عرض سینه64/قد77)
مناسب سایز های(m ،l,xl,2xl)

قد مدل188
",0,1,2025-10-03 21:35:11,2025-10-03 22:12:46,,
710,161,http://cdn.mouherwear1.comhttp://cdn.mouherwear1.com/01K6NM2VGYX5Z6PABVECD6W2G4.webp,image,1,2025-10-03 21:36:57,2025-10-03 21:36:57,,Cotton shirt M(brown),68e0105744480,"جنس:کتان
رنگ:قهوه ای
فری سایز(عرض سینه64/قد77)
مناسب سایز های(m ،l,xl,2xl)

قد مدل188
",0,1,2025-10-03 21:35:11,2025-10-03 22:12:46,,
711,161,http://cdn.mouherwear1.comhttp://cdn.mouherwear1.com/01K6NM3Q016EAD747ED4F6J2HQ.webp,image,1,2025-10-03 21:37:25,2025-10-03 21:37:25,,Cotton shirt M(brown),68e0105744480,"جنس:کتان
رنگ:قهوه ای
فری سایز(عرض سینه64/قد77)
مناسب سایز های(m ،l,xl,2xl)

قد مدل188
",0,1,2025-10-03 21:35:11,2025-10-03 22:12:46,,
712,162,http://cdn.mouherwear1.comhttp://cdn.mouherwear1.com/01K6NMA5A3RXAJT9SJWRBMHGXZ.webp,thumbnail,1,2025-10-03 21:40:58,2025-10-03 21:40:58,,Keshmir shirt M(gray),68e0110668b0f,"جنس:کشمیر
رنگ:طوسی
فری سایز(عرض سینه64/قد77)
مناسب سایز های(m ،l,xl,2xl)

قد مدل188
",0,1,2025-10-03 21:38:06,2025-10-04 23:06:49,,
713,162,http://cdn.mouherwear1.comhttp://cdn.mouherwear1.com/01K6NMAS80KA8JZXTTKK1Z73JY.webp,image,1,2025-10-03 21:41:16,2025-10-03 21:41:16,,Keshmir shirt M(gray),68e0110668b0f,"جنس:کشمیر
رنگ:طوسی
فری سایز(عرض سینه64/قد77)
مناسب سایز های(m ،l,xl,2xl)

قد مدل188
",0,1,2025-10-03 21:38:06,2025-10-04 23:06:49,,
714,162,http://cdn.mouherwear1.comhttp://cdn.mouherwear1.com/01K6RBKERHHQ4ZXJHNMG1AMP4Z.webp,image,1,2025-10-04 23:06:27,2025-10-04 23:06:27,,Keshmir shirt M(gray),68e0110668b0f,"جنس:کشمیر
رنگ:طوسی
فری سایز(عرض سینه64/قد77)
مناسب سایز های(m ،l,xl,2xl)

قد مدل188
",0,1,2025-10-03 21:38:06,2025-10-04 23:06:49,,
715,162,http://cdn.mouherwear1.comhttp://cdn.mouherwear1.com/01K6RBKVX61ZKMYS18QKE26YMR.webp,image,1,2025-10-04 23:06:40,2025-10-04 23:06:40,,Keshmir shirt M(gray),68e0110668b0f,"جنس:کشمیر
رنگ:طوسی
فری سایز(عرض سینه64/قد77)
مناسب سایز های(m ،l,xl,2xl)

قد مدل188
",0,1,2025-10-03 21:38:06,2025-10-04 23:06:49,,
716,163,http://cdn.mouherwear1.comhttp://cdn.mouherwear1.com/01K6RBPM4K9JRYED63FSH678VZ.webp,thumbnail,1,2025-10-04 23:08:12,2025-10-04 23:08:12,,Keshmir shirt M((navy),68e011d00efe3,"جنس:کشمیر
رنگ:سرمه ای
فری سایز(عرض سینه64/قد77)
مناسب سایز های(m ،l,xl,2xl)

قد مدل188
",0,1,2025-10-03 21:41:28,2025-10-04 23:09:10,,
717,163,http://cdn.mouherwear1.comhttp://cdn.mouherwear1.com/01K6RBQ4K76TGR9Y21MZY9FJRD.webp,image,1,2025-10-04 23:08:27,2025-10-04 23:08:27,,Keshmir shirt M((navy),68e011d00efe3,"جنس:کشمیر
رنگ:سرمه ای
فری سایز(عرض سینه64/قد77)
مناسب سایز های(m ،l,xl,2xl)

قد مدل188
",0,1,2025-10-03 21:41:28,2025-10-04 23:09:10,,
718,163,http://cdn.mouherwear1.comhttp://cdn.mouherwear1.com/01K6RBQK0Q919P12HGPK1PMAWT.webp,image,1,2025-10-04 23:08:42,2025-10-04 23:08:42,,Keshmir shirt M((navy),68e011d00efe3,"جنس:کشمیر
رنگ:سرمه ای
فری سایز(عرض سینه64/قد77)
مناسب سایز های(m ،l,xl,2xl)

قد مدل188
",0,1,2025-10-03 21:41:28,2025-10-04 23:09:10,,
719,163,http://cdn.mouherwear1.comhttp://cdn.mouherwear1.com/01K6RBRAEZ5QTQZW9C0R8Q4XP0.webp,image,1,2025-10-04 23:09:06,2025-10-04 23:09:06,,Keshmir shirt M((navy),68e011d00efe3,"جنس:کشمیر
رنگ:سرمه ای
فری سایز(عرض سینه64/قد77)
مناسب سایز های(m ،l,xl,2xl)

قد مدل188
",0,1,2025-10-03 21:41:28,2025-10-04 23:09:10,,
720,164,http://cdn.mouherwear1.comhttp://cdn.mouherwear1.com/01K6NMHYXG6T0250V6FJT7HHM9.webp,thumbnail,1,2025-10-03 21:45:12,2025-10-03 21:45:12,,Leather jacket M(brown),68e0123fed3e2,"جنس:چرم مصنوعی
رنگ:قهوه ای
فری سایز(عرض سینه64/قد73)
مناسب سایز های(m ،l,xl,2xl)

قد مدل188
",0,1,2025-10-03 21:43:19,2025-10-03 22:15:34,,
721,164,http://cdn.mouherwear1.comhttp://cdn.mouherwear1.com/01K6NMJBESBJ8ZX7ZRVRCX3G6H.webp,image,1,2025-10-03 21:45:24,2025-10-03 21:45:24,,Leather jacket M(brown),68e0123fed3e2,"جنس:چرم مصنوعی
رنگ:قهوه ای
فری سایز(عرض سینه64/قد73)
مناسب سایز های(m ،l,xl,2xl)

قد مدل188
",0,1,2025-10-03 21:43:19,2025-10-03 22:15:34,,
722,164,http://cdn.mouherwear1.comhttp://cdn.mouherwear1.com/01K6NMJP1YZFAT4Q3B2JTRMYQA.webp,image,1,2025-10-03 21:45:35,2025-10-03 21:45:35,,Leather jacket M(brown),68e0123fed3e2,"جنس:چرم مصنوعی
رنگ:قهوه ای
فری سایز(عرض سینه64/قد73)
مناسب سایز های(m ،l,xl,2xl)

قد مدل188
",0,1,2025-10-03 21:43:19,2025-10-03 22:15:34,,
723,165,http://cdn.mouherwear1.comhttp://cdn.mouherwear1.com/01K6RBGPW0DMRHWK0AGTGW89TF.webp,thumbnail,1,2025-10-04 23:04:58,2025-10-04 23:04:58,,Leather jacket M(black),68e012f682232,"جنس:چرم مصنوعی
رنگ:مشکی
فری سایز(عرض سینه64/قد73)
مناسب سایز های(m ،l,xl,2xl)

قد مدل188
",0,1,2025-10-03 21:46:22,2025-10-04 23:05:27,,
724,165,http://cdn.mouherwear1.comhttp://cdn.mouherwear1.com/01K6RBH3REEEJ4G3CZY62YK23V.webp,image,1,2025-10-04 23:05:10,2025-10-04 23:05:10,,Leather jacket M(black),68e012f682232,"جنس:چرم مصنوعی
رنگ:مشکی
فری سایز(عرض سینه64/قد73)
مناسب سایز های(m ،l,xl,2xl)

قد مدل188
",0,1,2025-10-03 21:46:22,2025-10-04 23:05:27,,
725,165,http://cdn.mouherwear1.comhttp://cdn.mouherwear1.com/01K6RBHG8C92BSFX07YR3BQDWV.webp,image,1,2025-10-04 23:05:23,2025-10-04 23:05:23,,Leather jacket M(black),68e012f682232,"جنس:چرم مصنوعی
رنگ:مشکی
فری سایز(عرض سینه64/قد73)
مناسب سایز های(m ،l,xl,2xl)

قد مدل188
",0,1,2025-10-03 21:46:22,2025-10-04 23:05:27,,
726,166,http://cdn.mouherwear1.comhttp://cdn.mouherwear1.com/01K6NMX45HS3BFR5E47RV9YJDP.webp,thumbnail,1,2025-10-03 21:51:17,2025-10-03 21:51:17,,Trench coat M(begie),68e0136d41e0d,"جنس:کتان tc (ضد آب)
رنگ:بژ
فری سایز(عرض سینه64/قد120)
مناسب سایز های(m ،l,xl,2xl)

قد مدل188
",0,1,2025-10-03 21:48:21,2025-10-03 22:14:23,,
727,166,http://cdn.mouherwear1.comhttp://cdn.mouherwear1.com/01K6NMXH2M4JPC5QNKNMK16NXN.webp,image,1,2025-10-03 21:51:30,2025-10-03 21:51:30,,Trench coat M(begie),68e0136d41e0d,"جنس:کتان tc (ضد آب)
رنگ:بژ
فری سایز(عرض سینه64/قد120)
مناسب سایز های(m ،l,xl,2xl)

قد مدل188
",0,1,2025-10-03 21:48:21,2025-10-03 22:14:23,,
728,166,http://cdn.mouherwear1.comhttp://cdn.mouherwear1.com/01K6NMY089WKJ3WT0F634PRW8H.webp,image,1,2025-10-03 21:51:46,2025-10-03 21:51:46,,Trench coat M(begie),68e0136d41e0d,"جنس:کتان tc (ضد آب)
رنگ:بژ
فری سایز(عرض سینه64/قد120)
مناسب سایز های(m ،l,xl,2xl)

قد مدل188
",0,1,2025-10-03 21:48:21,2025-10-03 22:14:23,,
729,166,http://cdn.mouherwear1.comhttp://cdn.mouherwear1.com/01K6NMYAZXSJWPNNGR8GB1X9AA.webp,image,1,2025-10-03 21:51:57,2025-10-03 21:51:57,,Trench coat M(begie),68e0136d41e0d,"جنس:کتان tc (ضد آب)
رنگ:بژ
فری سایز(عرض سینه64/قد120)
مناسب سایز های(m ،l,xl,2xl)

قد مدل188
",0,1,2025-10-03 21:48:21,2025-10-03 22:14:23,,
730,167,http://cdn.mouherwear1.comhttp://cdn.mouherwear1.com/01K6RBXJFWRRGD0NAKENS0GK20.webp,thumbnail,1,2025-10-04 23:11:58,2025-10-04 23:11:58,,Trench coat M (black),68e01521b0cc8,"جنس:کتان tc (ضد آب)
رنگ:مشکی
فری سایز(عرض سینه64/قد120)
مناسب سایز های(m ،l,xl,2xl)

قد مدل188
",0,1,2025-10-03 21:55:37,2025-10-04 23:13:24,,
731,167,http://cdn.mouherwear1.comhttp://cdn.mouherwear1.com/01K6RBXWRHNVG95305XW5DEDBH.webp,image,1,2025-10-04 23:12:08,2025-10-04 23:12:08,,Trench coat M (black),68e01521b0cc8,"جنس:کتان tc (ضد آب)
رنگ:مشکی
فری سایز(عرض سینه64/قد120)
مناسب سایز های(m ،l,xl,2xl)

قد مدل188
",0,1,2025-10-03 21:55:37,2025-10-04 23:13:24,,
732,167,http://cdn.mouherwear1.comhttp://cdn.mouherwear1.com/01K6RBYBJE2955M7FERNG287Z8.webp,image,1,2025-10-04 23:12:24,2025-10-04 23:12:24,,Trench coat M (black),68e01521b0cc8,"جنس:کتان tc (ضد آب)
رنگ:مشکی
فری سایز(عرض سینه64/قد120)
مناسب سایز های(m ،l,xl,2xl)

قد مدل188
",0,1,2025-10-03 21:55:37,2025-10-04 23:13:24,,
733,167,http://cdn.mouherwear1.comhttp://cdn.mouherwear1.com/01K6RBZCXM7QX7TQWYC2BT68HX.webp,image,1,2025-10-04 23:12:58,2025-10-04 23:12:58,,Trench coat M (black),68e01521b0cc8,"جنس:کتان tc (ضد آب)
رنگ:مشکی
فری سایز(عرض سینه64/قد120)
مناسب سایز های(m ،l,xl,2xl)

قد مدل188
",0,1,2025-10-03 21:55:37,2025-10-04 23:13:24,,
734,168,http://cdn.mouherwear1.comhttp://cdn.mouherwear1.com/01K6NNQVQTJHXBC5W6VWKVEN4B.webp,thumbnail,1,2025-10-03 22:05:53,2025-10-03 22:05:53,,Pocket coat (black),68e0157d48099,"جنس:فوتر
رنگ:مشکی
فری سایز(عرض سینه64/قد73)
مناسب سایز های(m ،l,xl,2xl)

قد مدل188
",0,1,2025-10-03 21:57:09,2025-10-03 22:17:40,,
735,168,http://cdn.mouherwear1.comhttp://cdn.mouherwear1.com/01K6NNRJNJY88PQ7W4AE25X3MX.webp,image,1,2025-10-03 22:06:17,2025-10-03 22:06:17,,Pocket coat (black),68e0157d48099,"جنس:فوتر
رنگ:مشکی
فری سایز(عرض سینه64/قد73)
مناسب سایز های(m ،l,xl,2xl)

قد مدل188
",0,1,2025-10-03 21:57:09,2025-10-03 22:17:40,,
736,168,http://cdn.mouherwear1.comhttp://cdn.mouherwear1.com/01K6NNS069HM7GT0E32A189M7J.webp,image,1,2025-10-03 22:06:31,2025-10-03 22:06:31,,Pocket coat (black),68e0157d48099,"جنس:فوتر
رنگ:مشکی
فری سایز(عرض سینه64/قد73)
مناسب سایز های(m ،l,xl,2xl)

قد مدل188
",0,1,2025-10-03 21:57:09,2025-10-03 22:17:40,,
737,168,http://cdn.mouherwear1.comhttp://cdn.mouherwear1.com/01K6NNSMSGG5QGPFZ4G9B9QT03.webp,image,1,2025-10-03 22:06:54,2025-10-03 22:06:54,,Pocket coat (black),68e0157d48099,"جنس:فوتر
رنگ:مشکی
فری سایز(عرض سینه64/قد73)
مناسب سایز های(m ،l,xl,2xl)

قد مدل188
",0,1,2025-10-03 21:57:09,2025-10-03 22:17:40,,
738,168,http://cdn.mouherwear1.comhttp://cdn.mouherwear1.com/01K6NPCWXASVBAAYZ64W42XMTC.webp,image,1,2025-10-03 22:17:23,2025-10-03 22:17:23,,Pocket coat (black),68e0157d48099,"جنس:فوتر
رنگ:مشکی
فری سایز(عرض سینه64/قد73)
مناسب سایز های(m ،l,xl,2xl)

قد مدل188
",0,1,2025-10-03 21:57:09,2025-10-03 22:17:40,,
739,169,http://cdn.mouherwear1.comhttp://cdn.mouherwear1.com/01K6NNZVWQR18617G842G63B4V.webp,thumbnail,1,2025-10-03 22:10:16,2025-10-03 22:10:16,,Pocket coat M(gray),68e0184f64010,"جنس:فوتر
رنگ:طوسی
فری سایز(عرض سینه64/قد73)
مناسب سایز های(m ،l,xl,2xl)

قد مدل188
",0,1,2025-10-03 22:09:11,2025-10-03 22:11:18,,
740,169,http://cdn.mouherwear1.comhttp://cdn.mouherwear1.com/01K6NP07C5TTP3RWKFPD5CCMCM.webp,image,1,2025-10-03 22:10:28,2025-10-03 22:10:28,,Pocket coat M(gray),68e0184f64010,"جنس:فوتر
رنگ:طوسی
فری سایز(عرض سینه64/قد73)
مناسب سایز های(m ،l,xl,2xl)

قد مدل188
",0,1,2025-10-03 22:09:11,2025-10-03 22:11:18,,
741,169,http://cdn.mouherwear1.comhttp://cdn.mouherwear1.com/01K6NP0GT0NKV6S185WTWVJRH7.webp,image,1,2025-10-03 22:10:37,2025-10-03 22:10:37,,Pocket coat M(gray),68e0184f64010,"جنس:فوتر
رنگ:طوسی
فری سایز(عرض سینه64/قد73)
مناسب سایز های(m ،l,xl,2xl)

قد مدل188
",0,1,2025-10-03 22:09:11,2025-10-03 22:11:18,,
742,170,http://cdn.mouherwear1.comhttp://cdn.mouherwear1.com/01K6NREB5DNC136F517QEQ92AW.webp,thumbnail,1,2025-10-03 22:53:08,2025-10-03 22:53:08,,Waterproof hoodie M(blue),68e0213dae6cb,"جنس:کتان tc(ضد آب)
رنگ : آبی 
فری سایز:عرض سینه63/قد73)
مناسب سایز های(m,l,xl,2xl)

قد مدل 188",0,1,2025-10-03 22:47:17,2025-10-11 11:16:16,,
743,170,http://cdn.mouherwear1.comhttp://cdn.mouherwear1.com/01K6NRER4EYYCE5H7K6857EYS6.webp,image,1,2025-10-03 22:53:20,2025-10-03 22:53:20,,Waterproof hoodie M(blue),68e0213dae6cb,"جنس:کتان tc(ضد آب)
رنگ : آبی 
فری سایز:عرض سینه63/قد73)
مناسب سایز های(m,l,xl,2xl)

قد مدل 188",0,1,2025-10-03 22:47:17,2025-10-11 11:16:16,,
744,170,http://cdn.mouherwear1.comhttp://cdn.mouherwear1.com/01K6NRF46VQYTA896TNESMEQ6B.webp,image,1,2025-10-03 22:53:33,2025-10-03 22:53:33,,Waterproof hoodie M(blue),68e0213dae6cb,"جنس:کتان tc(ضد آب)
رنگ : آبی 
فری سایز:عرض سینه63/قد73)
مناسب سایز های(m,l,xl,2xl)

قد مدل 188",0,1,2025-10-03 22:47:17,2025-10-11 11:16:16,,
745,170,http://cdn.mouherwear1.comhttp://cdn.mouherwear1.com/01K6RBTTHST7W5GMTXAWXF5YQW.webp,image,1,2025-10-04 23:10:28,2025-10-04 23:10:28,,Waterproof hoodie M(blue),68e0213dae6cb,"جنس:کتان tc(ضد آب)
رنگ : آبی 
فری سایز:عرض سینه63/قد73)
مناسب سایز های(m,l,xl,2xl)

قد مدل 188",0,1,2025-10-03 22:47:17,2025-10-11 11:16:16,,
746,171,http://cdn.mouherwear1.comhttp://cdn.mouherwear1.com/01K6NRQWCCK6FSH4FCDN3QEV6X.webp,thumbnail,1,2025-10-03 22:58:20,2025-10-03 22:58:20,,Waterproof hoodie M(black),68e0238f35d28,"جنس:کتان tc(ضد آب)
رنگ : مشکی
فری سایز:عرض سینه63/قد73)
مناسب سایز های(m,l,xl,2xl)

قد مدل 188",0,1,2025-10-03 22:57:11,2025-10-11 11:15:54,,
747,171,http://cdn.mouherwear1.comhttp://cdn.mouherwear1.com/01K6NRR8N5Y471JMS5E05XDEJ0.webp,image,1,2025-10-03 22:58:32,2025-10-03 22:58:32,,Waterproof hoodie M(black),68e0238f35d28,"جنس:کتان tc(ضد آب)
رنگ : مشکی
فری سایز:عرض سینه63/قد73)
مناسب سایز های(m,l,xl,2xl)

قد مدل 188",0,1,2025-10-03 22:57:11,2025-10-11 11:15:54,,
748,171,http://cdn.mouherwear1.comhttp://cdn.mouherwear1.com/01K6NRRK2GMM82JPSH1EZFQ36B.webp,image,1,2025-10-03 22:58:43,2025-10-03 22:58:43,,Waterproof hoodie M(black),68e0238f35d28,"جنس:کتان tc(ضد آب)
رنگ : مشکی
فری سایز:عرض سینه63/قد73)
مناسب سایز های(m,l,xl,2xl)

قد مدل 188",0,1,2025-10-03 22:57:11,2025-10-11 11:15:54,,
749,171,http://cdn.mouherwear1.comhttp://cdn.mouherwear1.com/01K6RBVWPDJCD513Q916JVWCRT.webp,image,1,2025-10-04 23:11:03,2025-10-04 23:11:03,,Waterproof hoodie M(black),68e0238f35d28,"جنس:کتان tc(ضد آب)
رنگ : مشکی
فری سایز:عرض سینه63/قد73)
مناسب سایز های(m,l,xl,2xl)

قد مدل 188",0,1,2025-10-03 22:57:11,2025-10-11 11:15:54,,
750,172,http://cdn.mouherwear1.comhttp://cdn.mouherwear1.com/01K6RCYJFR1BW3JSJN2ESH24AF.webp,thumbnail,1,2025-10-04 23:30:02,2025-10-04 23:30:02,,Pollar shirt M( black),68e17b7e0b10a,"جنس:پولار
رنگ: مشکی
فری سایز(عرض سینه64/قد74)
مناسب سایز های(m,l,xl,2xl)

قد مدل 188",0,1,2025-10-04 23:24:38,2025-10-04 23:40:08,,
751,172,http://cdn.mouherwear1.comhttp://cdn.mouherwear1.com/01K6RCZ7YJ2XHQF0DTM4DZTFH4.webp,image,1,2025-10-04 23:30:21,2025-10-04 23:30:21,,Pollar shirt M( black),68e17b7e0b10a,"جنس:پولار
رنگ: مشکی
فری سایز(عرض سینه64/قد74)
مناسب سایز های(m,l,xl,2xl)

قد مدل 188",0,1,2025-10-04 23:24:38,2025-10-04 23:40:08,,
752,172,http://cdn.mouherwear1.comhttp://cdn.mouherwear1.com/01K6RD0B7Q3625HATCSAN8RMFR.webp,thumbnail,1,2025-10-04 23:30:57,2025-10-04 23:30:57,,Pollar shirt M( black),68e17b7e0b10a,"جنس:پولار
رنگ: مشکی
فری سایز(عرض سینه64/قد74)
مناسب سایز های(m,l,xl,2xl)

قد مدل 188",0,1,2025-10-04 23:24:38,2025-10-04 23:40:08,,
753,173,http://cdn.mouherwear1.comhttp://cdn.mouherwear1.com/01K6RD9YTC4KJ4DX3FZ6W0D7C6.webp,thumbnail,1,2025-10-04 23:36:12,2025-10-04 23:36:12,,Pollar shirt M(cream),68e17df38c6f0,"جنس:پولار
رنگ: کرم
فری سایز(عرض سینه64/قد74)
مناسب سایز های(m,l,xl,2xl)

قد مدل 188",0,1,2025-10-04 23:35:07,2025-10-04 23:37:20,,
754,173,http://cdn.mouherwear1.comhttp://cdn.mouherwear1.com/01K6RDAA8RDFFCJ81KG3B18XBD.webp,image,1,2025-10-04 23:36:24,2025-10-04 23:36:24,,Pollar shirt M(cream),68e17df38c6f0,"جنس:پولار
رنگ: کرم
فری سایز(عرض سینه64/قد74)
مناسب سایز های(m,l,xl,2xl)

قد مدل 188",0,1,2025-10-04 23:35:07,2025-10-04 23:37:20,,
755,173,http://cdn.mouherwear1.comhttp://cdn.mouherwear1.com/01K6RDARFQP65E12E1WS9HDXZG.webp,image,1,2025-10-04 23:36:39,2025-10-04 23:36:39,,Pollar shirt M(cream),68e17df38c6f0,"جنس:پولار
رنگ: کرم
فری سایز(عرض سینه64/قد74)
مناسب سایز های(m,l,xl,2xl)

قد مدل 188",0,1,2025-10-04 23:35:07,2025-10-04 23:37:20,,
756,174,http://cdn.mouherwear1.comhttp://cdn.mouherwear1.com/01K6RDVHHWSHR1EH5T52JP83FT.webp,thumbnail,1,2025-10-04 23:45:50,2025-10-04 23:45:50,,Pollar shirt M(green),68e180442d06c,"جنس:پولار
رنگ: سبز
فری سایز(عرض سینه64/قد74)
مناسب سایز های(m,l,xl,2xl)

قد مدل 188",0,1,2025-10-04 23:45:00,2025-10-04 23:46:44,,
757,174,http://cdn.mouherwear1.comhttp://cdn.mouherwear1.com/01K6RDW5VG2HGYRDP9BGGGAEHX.webp,image,1,2025-10-04 23:46:10,2025-10-04 23:46:10,,Pollar shirt M(green),68e180442d06c,"جنس:پولار
رنگ: سبز
فری سایز(عرض سینه64/قد74)
مناسب سایز های(m,l,xl,2xl)

قد مدل 188",0,1,2025-10-04 23:45:00,2025-10-04 23:46:44,,
758,174,http://cdn.mouherwear1.comhttp://cdn.mouherwear1.com/01K6RDWK736JBXXFJ2Y61H5KTX.webp,image,1,2025-10-04 23:46:24,2025-10-04 23:46:24,,Pollar shirt M(green),68e180442d06c,"جنس:پولار
رنگ: سبز
فری سایز(عرض سینه64/قد74)
مناسب سایز های(m,l,xl,2xl)

قد مدل 188",0,1,2025-10-04 23:45:00,2025-10-04 23:46:44,,
759,175,http://cdn.mouherwear1.comhttp://cdn.mouherwear1.com/01K6RDZ1NE4K3PNS2TK97XSP0Y.webp,thumbnail,1,2025-10-04 23:47:43,2025-10-04 23:47:43,,Pollar shirt M (navy),68e180b35d6e0,"جنس:پولار
رنگ: سرمه ای
فری سایز(عرض سینه64/قد74)
مناسب سایز های(m,l,xl,2xl)

قد مدل 188",0,1,2025-10-04 23:46:51,2025-10-04 23:48:38,,
760,175,http://cdn.mouherwear1.comhttp://cdn.mouherwear1.com/01K6RDZDQENG8QD5D9DNCFSNMW.webp,image,1,2025-10-04 23:47:56,2025-10-04 23:47:56,,Pollar shirt M (navy),68e180b35d6e0,"جنس:پولار
رنگ: سرمه ای
فری سایز(عرض سینه64/قد74)
مناسب سایز های(m,l,xl,2xl)

قد مدل 188",0,1,2025-10-04 23:46:51,2025-10-04 23:48:38,,
761,175,http://cdn.mouherwear1.comhttp://cdn.mouherwear1.com/01K6RDZRJ3CQ0F8PAY7YBTKFWB.webp,image,1,2025-10-04 23:48:07,2025-10-04 23:48:07,,Pollar shirt M (navy),68e180b35d6e0,"جنس:پولار
رنگ: سرمه ای
فری سایز(عرض سینه64/قد74)
مناسب سایز های(m,l,xl,2xl)

قد مدل 188",0,1,2025-10-04 23:46:51,2025-10-04 23:48:38,,
762,176,http://cdn.mouherwear1.comhttp://cdn.mouherwear1.com/01K6REBXGS6W8BZ931F86NPQYJ.webp,thumbnail,1,2025-10-04 23:54:49,2025-10-04 23:54:49,,Limited overcoat M(gray),68e181b612242,"جنس:فوتر
رنگ: طوسی
سایز1(عرض سینه62/قد120/عرض شانه46)
سایز2(عرض سینه64/قد120/عرض شانه 50)

*قسمت شانه ها اپل کار شده


قد مدل 188",0,1,2025-10-04 23:51:10,2025-10-05 00:41:40,,
763,176,http://cdn.mouherwear1.comhttp://cdn.mouherwear1.com/01K6REE19MF4PG1ANH3D0T4M1Z.webp,image,1,2025-10-04 23:55:56,2025-10-04 23:55:56,,Limited overcoat M(gray),68e181b612242,"جنس:فوتر
رنگ: طوسی
سایز1(عرض سینه62/قد120/عرض شانه46)
سایز2(عرض سینه64/قد120/عرض شانه 50)

*قسمت شانه ها اپل کار شده


قد مدل 188",0,1,2025-10-04 23:51:10,2025-10-05 00:41:40,,
764,176,http://cdn.mouherwear1.comhttp://cdn.mouherwear1.com/01K6REETG0PZ94MPH6PPYVMYN3.webp,image,1,2025-10-04 23:56:21,2025-10-04 23:56:21,,Limited overcoat M(gray),68e181b612242,"جنس:فوتر
رنگ: طوسی
سایز1(عرض سینه62/قد120/عرض شانه46)
سایز2(عرض سینه64/قد120/عرض شانه 50)

*قسمت شانه ها اپل کار شده


قد مدل 188",0,1,2025-10-04 23:51:10,2025-10-05 00:41:40,,
765,177,http://cdn.mouherwear1.comhttp://cdn.mouherwear1.com/01K6RGNFZKDBK6M5WER5FJ753A.webp,thumbnail,1,2025-10-05 00:34:57,2025-10-05 00:34:57,,Limited overcoat M(black),68e18b0904c57,"جنس:فوتر
رنگ: مشکی
سایز1(عرض سینه62/قد120/عرض شانه46)
سایز2(عرض سینه64/قد120/عرض شانه 50)

*قسمت شانه ها اپل کار شده


قد مدل 188",0,1,2025-10-05 00:30:57,2025-10-11 13:59:17,,
766,177,http://cdn.mouherwear1.comhttp://cdn.mouherwear1.com/01K6RGPADGVAQ0P4HZXX7FXE28.webp,image,1,2025-10-05 00:35:23,2025-10-05 00:35:23,,Limited overcoat M(black),68e18b0904c57,"جنس:فوتر
رنگ: مشکی
سایز1(عرض سینه62/قد120/عرض شانه46)
سایز2(عرض سینه64/قد120/عرض شانه 50)

*قسمت شانه ها اپل کار شده


قد مدل 188",0,1,2025-10-05 00:30:57,2025-10-11 13:59:17,,
767,177,http://cdn.mouherwear1.comhttp://cdn.mouherwear1.com/01K6RGQQSFPBP41T1GSBY95HD3.webp,image,1,2025-10-05 00:36:10,2025-10-05 00:36:10,,Limited overcoat M(black),68e18b0904c57,"جنس:فوتر
رنگ: مشکی
سایز1(عرض سینه62/قد120/عرض شانه46)
سایز2(عرض سینه64/قد120/عرض شانه 50)

*قسمت شانه ها اپل کار شده


قد مدل 188",0,1,2025-10-05 00:30:57,2025-10-11 13:59:17,,
768,178,http://cdn.mouherwear1.comhttp://cdn.mouherwear1.com/01K6RGVZA4TSN4HJX1DS7NJ81F.webp,thumbnail,1,2025-10-05 00:38:28,2025-10-05 00:38:28,,Limited overcoat M(nescafe),68e18c85d086a,"جنس:فوتر
رنگ: نسکافه ای
سایز1(عرض سینه62/قد120/عرض شانه46)
سایز2(عرض سینه64/قد120/عرض شانه 50)

*قسمت شانه ها اپل کار شده


قد مدل 188",0,1,2025-10-05 00:37:17,2025-10-11 13:59:58,,
769,178,http://cdn.mouherwear1.comhttp://cdn.mouherwear1.com/01K6RGWB78S99P1425D4DW55BV.webp,image,1,2025-10-05 00:38:41,2025-10-05 00:38:41,,Limited overcoat M(nescafe),68e18c85d086a,"جنس:فوتر
رنگ: نسکافه ای
سایز1(عرض سینه62/قد120/عرض شانه46)
سایز2(عرض سینه64/قد120/عرض شانه 50)

*قسمت شانه ها اپل کار شده


قد مدل 188",0,1,2025-10-05 00:37:17,2025-10-11 13:59:58,,
770,178,http://cdn.mouherwear1.comhttp://cdn.mouherwear1.com/01K6RGWWF738MAQW8H69Z4R0ZQ.webp,image,1,2025-10-05 00:38:59,2025-10-05 00:38:59,,Limited overcoat M(nescafe),68e18c85d086a,"جنس:فوتر
رنگ: نسکافه ای
سایز1(عرض سینه62/قد120/عرض شانه46)
سایز2(عرض سینه64/قد120/عرض شانه 50)

*قسمت شانه ها اپل کار شده


قد مدل 188",0,1,2025-10-05 00:37:17,2025-10-11 13:59:58,,
771,179,http://cdn.mouherwear1.comhttp://cdn.mouherwear1.com/01K6RHE62B3VW4GRZ29349SPKF.webp,thumbnail,1,2025-10-05 00:48:25,2025-10-05 00:48:25,,Casual overcoat M(black),68e18e802d80f,"جنس:فوتر
رنگ: مشکی
فری سایز(عرض سینه64/قد110)
مناسب سایز های(m,l,xl,2xl)


قد مدل 188",0,1,2025-10-05 00:45:44,2025-10-05 00:50:22,,
772,179,http://cdn.mouherwear1.comhttp://cdn.mouherwear1.com/01K6RHF611N7JKHD9M1HG64718.webp,image,1,2025-10-05 00:48:58,2025-10-05 00:48:58,,Casual overcoat M(black),68e18e802d80f,"جنس:فوتر
رنگ: مشکی
فری سایز(عرض سینه64/قد110)
مناسب سایز های(m,l,xl,2xl)


قد مدل 188",0,1,2025-10-05 00:45:44,2025-10-05 00:50:22,,
773,179,http://cdn.mouherwear1.comhttp://cdn.mouherwear1.com/01K6RHFSFFTQXKV51EF8FQFZ1B.webp,image,1,2025-10-05 00:49:18,2025-10-05 00:49:18,,Casual overcoat M(black),68e18e802d80f,"جنس:فوتر
رنگ: مشکی
فری سایز(عرض سینه64/قد110)
مناسب سایز های(m,l,xl,2xl)


قد مدل 188",0,1,2025-10-05 00:45:44,2025-10-05 00:50:22,,
774,180,http://cdn.mouherwear1.comhttp://cdn.mouherwear1.com/01K6RHKW3HZBNRNEA74103CXYF.webp,thumbnail,1,2025-10-05 00:51:32,2025-10-05 00:51:32,,Casual overcoat M(gray),68e18f9cb0388,"جنس:فوتر
رنگ: طوسی
فری سایز(عرض سینه64/قد110)
مناسب سایز های(m,l,xl,2xl)


قد مدل 188",0,1,2025-10-05 00:50:28,2025-10-05 00:52:45,,
775,180,http://cdn.mouherwear1.comhttp://cdn.mouherwear1.com/01K6RHMT3RXMYBGEY3C780WBMC.webp,image,1,2025-10-05 00:52:02,2025-10-05 00:52:02,,Casual overcoat M(gray),68e18f9cb0388,"جنس:فوتر
رنگ: طوسی
فری سایز(عرض سینه64/قد110)
مناسب سایز های(m,l,xl,2xl)


قد مدل 188",0,1,2025-10-05 00:50:28,2025-10-05 00:52:45,,
776,180,http://cdn.mouherwear1.comhttp://cdn.mouherwear1.com/01K6RHN50SQ0KF3WR2C7Y4VFTE.webp,image,1,2025-10-05 00:52:14,2025-10-05 00:52:14,,Casual overcoat M(gray),68e18f9cb0388,"جنس:فوتر
رنگ: طوسی
فری سایز(عرض سینه64/قد110)
مناسب سایز های(m,l,xl,2xl)


قد مدل 188",0,1,2025-10-05 00:50:28,2025-10-05 00:52:45,,
777,181,http://cdn.mouherwear1.comhttp://cdn.mouherwear1.com/01K6RHS8FGHG7DPMT0FV2C4437.webp,thumbnail,1,2025-10-05 00:54:28,2025-10-05 00:54:28,,Casual overcoat M (nescafe),68e1902bae177,"جنس:فوتر
رنگ: نسکافه ای
فری سایز(عرض سینه64/قد110)
مناسب سایز های(m,l,xl,2xl)


قد مدل 188",0,1,2025-10-05 00:52:51,2025-10-11 14:02:38,,
778,181,http://cdn.mouherwear1.comhttp://cdn.mouherwear1.com/01K6RHSMFZC99M7HVGNXX3QQDS.webp,image,1,2025-10-05 00:54:40,2025-10-05 00:54:40,,Casual overcoat M (nescafe),68e1902bae177,"جنس:فوتر
رنگ: نسکافه ای
فری سایز(عرض سینه64/قد110)
مناسب سایز های(m,l,xl,2xl)


قد مدل 188",0,1,2025-10-05 00:52:51,2025-10-11 14:02:38,,
779,181,http://cdn.mouherwear1.comhttp://cdn.mouherwear1.com/01K6RHT0Y5A3NC99CXYZ9VE4GJ.webp,image,1,2025-10-05 00:54:53,2025-10-05 00:54:53,,Casual overcoat M (nescafe),68e1902bae177,"جنس:فوتر
رنگ: نسکافه ای
فری سایز(عرض سینه64/قد110)
مناسب سایز های(m,l,xl,2xl)


قد مدل 188",0,1,2025-10-05 00:52:51,2025-10-11 14:02:38,,
780,182,http://cdn.mouherwear1.comhttp://cdn.mouherwear1.com/01K6RKH0PF93QPD61DDRRR4J7X.webp,thumbnail,1,2025-10-05 01:24:59,2025-10-05 01:24:59,,Denim coat M,68e196d5c5bbe,"جنس:جین
رنگ:سرمه ای
فری سایز(عرض سینه63/قد73)
مناسب سایزهای(m,l,xl,2xl)

قد188",0,1,2025-10-05 01:21:17,2025-10-05 01:26:35,,
781,182,http://cdn.mouherwear1.comhttp://cdn.mouherwear1.com/01K6RKHJREYYV4EMWX03TYYMRS.webp,image,1,2025-10-05 01:25:14,2025-10-05 01:25:14,,Denim coat M,68e196d5c5bbe,"جنس:جین
رنگ:سرمه ای
فری سایز(عرض سینه63/قد73)
مناسب سایزهای(m,l,xl,2xl)

قد188",0,1,2025-10-05 01:21:17,2025-10-05 01:26:35,,
782,182,http://cdn.mouherwear1.comhttp://cdn.mouherwear1.com/01K6RKJ152X75JW7AG5WN14JJZ.webp,image,1,2025-10-05 01:25:28,2025-10-05 01:25:28,,Denim coat M,68e196d5c5bbe,"جنس:جین
رنگ:سرمه ای
فری سایز(عرض سینه63/قد73)
مناسب سایزهای(m,l,xl,2xl)

قد188",0,1,2025-10-05 01:21:17,2025-10-05 01:26:35,,
783,183,http://cdn.mouherwear1.comhttp://cdn.mouherwear1.com/01K6RM0ZKY2V1BCM6NV3ZJ4WFF.webp,thumbnail,1,2025-10-05 01:33:38,2025-10-05 01:33:38,,Waterproof hoodie F(blue),68e1985f69ff1,"جنس:کتان tc (ضد آب)
رنگ:آبی
فری سایز(عرض سینه 63/قد 73)

قد مدل 173",0,1,2025-10-05 01:27:51,2025-10-05 01:36:52,,
784,183,http://cdn.mouherwear1.comhttp://cdn.mouherwear1.com/01K6RM18ZQNGRBFRSY6H5QPPG0.webp,image,1,2025-10-05 01:33:48,2025-10-05 01:33:48,,Waterproof hoodie F(blue),68e1985f69ff1,"جنس:کتان tc (ضد آب)
رنگ:آبی
فری سایز(عرض سینه 63/قد 73)

قد مدل 173",0,1,2025-10-05 01:27:51,2025-10-05 01:36:52,,
785,183,http://cdn.mouherwear1.comhttp://cdn.mouherwear1.com/01K6RM2EZSC1KHD0KMMY0XY9JB.webp,image,1,2025-10-05 01:34:27,2025-10-05 01:34:27,,Waterproof hoodie F(blue),68e1985f69ff1,"جنس:کتان tc (ضد آب)
رنگ:آبی
فری سایز(عرض سینه 63/قد 73)

قد مدل 173",0,1,2025-10-05 01:27:51,2025-10-05 01:36:52,,
786,184,http://cdn.mouherwear1.comhttp://cdn.mouherwear1.com/01K6RMB9NHWKKFANV1F9BA70JV.webp,thumbnail,1,2025-10-05 01:39:17,2025-10-05 01:39:17,,Waterproof hoodie F(black),68e19a8233619,"جنس:کتان tc (ضد آب)
رنگ:مشکی
فری سایز(عرض سینه63/قد73)

قد مدل173",0,1,2025-10-05 01:36:58,2025-10-05 01:47:18,,
787,184,http://cdn.mouherwear1.comhttp://cdn.mouherwear1.com/01K6RMBP7SMC5SVS0CYXB203FT.webp,image,1,2025-10-05 01:39:29,2025-10-05 01:39:29,,Waterproof hoodie F(black),68e19a8233619,"جنس:کتان tc (ضد آب)
رنگ:مشکی
فری سایز(عرض سینه63/قد73)

قد مدل173",0,1,2025-10-05 01:36:58,2025-10-05 01:47:18,,
788,184,http://cdn.mouherwear1.comhttp://cdn.mouherwear1.com/01K6RMC3P7TWXEDB1S3C2H5A84.webp,image,1,2025-10-05 01:39:43,2025-10-05 01:39:43,,Waterproof hoodie F(black),68e19a8233619,"جنس:کتان tc (ضد آب)
رنگ:مشکی
فری سایز(عرض سینه63/قد73)

قد مدل173",0,1,2025-10-05 01:36:58,2025-10-05 01:47:18,,
789,185,http://cdn.mouherwear1.comhttp://cdn.mouherwear1.com/01K6RN3HCZW88KR4BH4NCRAEN0.webp,thumbnail,1,2025-10-05 01:52:31,2025-10-05 01:52:31,,Mazerati pants M(brown),68e19d1178558,"جنس:مازراتی
رنگ :قهوه ای
سایز1(دورکمر72 الی90)
سایز2(دورکمر85 الی110)
قد 110",0,1,2025-10-05 01:47:53,2025-10-05 01:55:51,,
790,185,http://cdn.mouherwear1.comhttp://cdn.mouherwear1.com/01K6RN3WR7PQMSF6DQ349KJ94V.webp,image,1,2025-10-05 01:52:42,2025-10-05 01:52:42,,Mazerati pants M(brown),68e19d1178558,"جنس:مازراتی
رنگ :قهوه ای
سایز1(دورکمر72 الی90)
سایز2(دورکمر85 الی110)
قد 110",0,1,2025-10-05 01:47:53,2025-10-05 01:55:51,,
791,185,http://cdn.mouherwear1.comhttp://cdn.mouherwear1.com/01K6RN47D9BGWZBZ6PTG4JRPPW.webp,image,1,2025-10-05 01:52:53,2025-10-05 01:52:53,,Mazerati pants M(brown),68e19d1178558,"جنس:مازراتی
رنگ :قهوه ای
سایز1(دورکمر72 الی90)
سایز2(دورکمر85 الی110)
قد 110",0,1,2025-10-05 01:47:53,2025-10-05 01:55:51,,
792,186,http://cdn.mouherwear1.comhttp://cdn.mouherwear1.com/01K6RNB5TTZP8QTKY9NG0MR73E.webp,thumbnail,1,2025-10-05 01:56:41,2025-10-05 01:56:41,,Mazerati pants M (black),68e19ea256e49,"جنس:مازراتی
رنگ :قهوه ای
سایز1(دورکمر72 الی90)
سایز2(دورکمر85 الی110)
قد 110",0,1,2025-10-05 01:54:34,2025-10-05 02:01:36,,
793,186,http://cdn.mouherwear1.comhttp://cdn.mouherwear1.com/01K6RNC1J1DKZ88AE3A4DYXBAQ.webp,image,1,2025-10-05 01:57:09,2025-10-05 01:57:09,,Mazerati pants M (black),68e19ea256e49,"جنس:مازراتی
رنگ :قهوه ای
سایز1(دورکمر72 الی90)
سایز2(دورکمر85 الی110)
قد 110",0,1,2025-10-05 01:54:34,2025-10-05 02:01:36,,
794,186,http://cdn.mouherwear1.comhttp://cdn.mouherwear1.com/01K6RNCNKCFNFD4EHTTYN93AWX.webp,image,1,2025-10-05 01:57:30,2025-10-05 01:57:30,,Mazerati pants M (black),68e19ea256e49,"جنس:مازراتی
رنگ :قهوه ای
سایز1(دورکمر72 الی90)
سایز2(دورکمر85 الی110)
قد 110",0,1,2025-10-05 01:54:34,2025-10-05 02:01:36,,
795,187,http://cdn.mouherwear1.comhttp://cdn.mouherwear1.com/01K6RP06S0NHFBN08P90THANE0.webp,thumbnail,1,2025-10-05 02:08:10,2025-10-05 02:08:10,,Kebrit pants M (black),68e1a04d75ca0,"جنس:مخمل کبریتی
رنگ:مشکی
سایز1(دورکمر72الی 90)
سایز2(دوکمر 86 الی110)
قد 110
",0,1,2025-10-05 02:01:41,2025-10-05 09:45:20,,
796,187,http://cdn.mouherwear1.comhttp://cdn.mouherwear1.com/01K6RP1A7V68YW2WZ9R3MPP255.webp,image,1,2025-10-05 02:08:46,2025-10-05 02:08:46,,Kebrit pants M (black),68e1a04d75ca0,"جنس:مخمل کبریتی
رنگ:مشکی
سایز1(دورکمر72الی 90)
سایز2(دوکمر 86 الی110)
قد 110
",0,1,2025-10-05 02:01:41,2025-10-05 09:45:20,,
797,187,http://cdn.mouherwear1.comhttp://cdn.mouherwear1.com/01K6RP1M8BD1TH2PY162M34NNP.webp,image,1,2025-10-05 02:08:57,2025-10-05 02:08:57,,Kebrit pants M (black),68e1a04d75ca0,"جنس:مخمل کبریتی
رنگ:مشکی
سایز1(دورکمر72الی 90)
سایز2(دوکمر 86 الی110)
قد 110
",0,1,2025-10-05 02:01:41,2025-10-05 09:45:20,,
798,188,http://cdn.mouherwear1.comhttp://cdn.mouherwear1.com/01K6SGAEJAJNK73CSKAKDHY2YP.webp,thumbnail,1,2025-10-05 09:48:09,2025-10-05 09:48:09,,Kebrit pants M (cream),68e20cfd3c465,"جنس:مخمل کبریتی
رنگ: کرم
سایز1(دورکمر72 الی90)
سایز2(دورکمر85 الی110)
قد کار 110

قد مدل 188",0,1,2025-10-05 09:45:25,2025-10-05 09:50:16,,
799,188,http://cdn.mouherwear1.comhttp://cdn.mouherwear1.com/01K6SGAR9K1YESWENWQ8ABH9C5.webp,image,1,2025-10-05 09:48:19,2025-10-05 09:48:19,,Kebrit pants M (cream),68e20cfd3c465,"جنس:مخمل کبریتی
رنگ: کرم
سایز1(دورکمر72 الی90)
سایز2(دورکمر85 الی110)
قد کار 110

قد مدل 188",0,1,2025-10-05 09:45:25,2025-10-05 09:50:16,,
800,188,http://cdn.mouherwear1.comhttp://cdn.mouherwear1.com/01K6SGB8YQJMXAG7DRVN9D4NN6.webp,image,1,2025-10-05 09:48:36,2025-10-05 09:48:36,,Kebrit pants M (cream),68e20cfd3c465,"جنس:مخمل کبریتی
رنگ: کرم
سایز1(دورکمر72 الی90)
سایز2(دورکمر85 الی110)
قد کار 110

قد مدل 188",0,1,2025-10-05 09:45:25,2025-10-05 09:50:16,,
801,189,http://cdn.mouherwear1.comhttp://cdn.mouherwear1.com/01K6SGFWCACMH6HAX6VS42P8PM.webp,thumbnail,1,2025-10-05 09:51:07,2025-10-05 09:51:07,,Kebrit pants M (green),68e20e23d24ed,"جنس:مخمل کبریتی
رنگ: سبز
سایز1(دورکمر72 الی90)
سایز2(دورکمر85 الی110)
قد کار 110

قد مدل 188",0,1,2025-10-05 09:50:19,2025-10-05 09:52:16,,
802,189,http://cdn.mouherwear1.comhttp://cdn.mouherwear1.com/01K6SGG7QHB5238GCYGRX5MXKT.webp,image,1,2025-10-05 09:51:18,2025-10-05 09:51:18,,Kebrit pants M (green),68e20e23d24ed,"جنس:مخمل کبریتی
رنگ: سبز
سایز1(دورکمر72 الی90)
سایز2(دورکمر85 الی110)
قد کار 110

قد مدل 188",0,1,2025-10-05 09:50:19,2025-10-05 09:52:16,,
803,189,http://cdn.mouherwear1.comhttp://cdn.mouherwear1.com/01K6SGGN5WNNVNXXYRQWC02FC0.webp,image,1,2025-10-05 09:51:32,2025-10-05 09:51:32,,Kebrit pants M (green),68e20e23d24ed,"جنس:مخمل کبریتی
رنگ: سبز
سایز1(دورکمر72 الی90)
سایز2(دورکمر85 الی110)
قد کار 110

قد مدل 188",0,1,2025-10-05 09:50:19,2025-10-05 09:52:16,,
804,190,http://cdn.mouherwear1.comhttp://cdn.mouherwear1.com/01K6SQVDH8VYMKPVJ742WZY6D6.webp,image,1,2025-10-05 11:59:45,2025-10-05 11:59:45,,Mouher shawl,68e22ba74c44e,"جنس:موهر
رنگ:مشکی/سرمه ای/کرم/قهوه ای/قرمز/سبز

*این محصول جنسیت ندارد(unisex)

فری سایز(ابعاد",0,1,2025-10-05 11:56:15,2025-10-13 09:13:44,,
805,190,http://cdn.mouherwear1.comhttp://cdn.mouherwear1.com/01K6SQVVG7AGADGP49R337JSJM.webp,image,1,2025-10-05 11:59:59,2025-10-05 11:59:59,,Mouher shawl,68e22ba74c44e,"جنس:موهر
رنگ:مشکی/سرمه ای/کرم/قهوه ای/قرمز/سبز

*این محصول جنسیت ندارد(unisex)

فری سایز(ابعاد",0,1,2025-10-05 11:56:15,2025-10-13 09:13:44,,
806,190,http://cdn.mouherwear1.comhttp://cdn.mouherwear1.com/01K6SQWQG353YG35B1N3G4BY4G.webp,image,1,2025-10-05 12:00:28,2025-10-05 12:00:28,,Mouher shawl,68e22ba74c44e,"جنس:موهر
رنگ:مشکی/سرمه ای/کرم/قهوه ای/قرمز/سبز

*این محصول جنسیت ندارد(unisex)

فری سایز(ابعاد",0,1,2025-10-05 11:56:15,2025-10-13 09:13:44,,
807,190,http://cdn.mouherwear1.comhttp://cdn.mouherwear1.com/01K6SQZJMWX0H5AYC8SMQMPJAN.webp,image,1,2025-10-05 12:02:01,2025-10-05 12:02:01,,Mouher shawl,68e22ba74c44e,"جنس:موهر
رنگ:مشکی/سرمه ای/کرم/قهوه ای/قرمز/سبز

*این محصول جنسیت ندارد(unisex)

فری سایز(ابعاد",0,1,2025-10-05 11:56:15,2025-10-13 09:13:44,,
808,190,http://cdn.mouherwear1.comhttp://cdn.mouherwear1.com/01K6SR14DV16RFE47SMHNHEJE1.webp,image,1,2025-10-05 12:02:52,2025-10-05 12:02:52,,Mouher shawl,68e22ba74c44e,"جنس:موهر
رنگ:مشکی/سرمه ای/کرم/قهوه ای/قرمز/سبز

*این محصول جنسیت ندارد(unisex)

فری سایز(ابعاد",0,1,2025-10-05 11:56:15,2025-10-13 09:13:44,,
809,190,http://cdn.mouherwear1.comhttp://cdn.mouherwear1.com/01K6SR1QFZY0J5VP5CA68BEG94.webp,image,1,2025-10-05 12:03:12,2025-10-05 12:03:12,,Mouher shawl,68e22ba74c44e,"جنس:موهر
رنگ:مشکی/سرمه ای/کرم/قهوه ای/قرمز/سبز

*این محصول جنسیت ندارد(unisex)

فری سایز(ابعاد",0,1,2025-10-05 11:56:15,2025-10-13 09:13:44,,
810,190,http://cdn.mouherwear1.comhttp://cdn.mouherwear1.com/01K6SR4CDJ6HJ930S74PZKDY44.webp,image,1,2025-10-05 12:04:38,2025-10-05 12:04:38,,Mouher shawl,68e22ba74c44e,"جنس:موهر
رنگ:مشکی/سرمه ای/کرم/قهوه ای/قرمز/سبز

*این محصول جنسیت ندارد(unisex)

فری سایز(ابعاد",0,1,2025-10-05 11:56:15,2025-10-13 09:13:44,,
811,190,http://cdn.mouherwear1.comhttp://cdn.mouherwear1.com/01K6TY53RCEG2ZZ5E49CKRJY7B.webp,thumbnail,1,2025-10-05 23:09:09,2025-10-05 23:09:09,,Mouher shawl,68e22ba74c44e,"جنس:موهر
رنگ:مشکی/سرمه ای/کرم/قهوه ای/قرمز/سبز

*این محصول جنسیت ندارد(unisex)

فری سایز(ابعاد",0,1,2025-10-05 11:56:15,2025-10-13 09:13:44,,
812,190,http://cdn.mouherwear1.comhttp://cdn.mouherwear1.com/01K6TY5T7M8MKK3H32NYRNMMXR.webp,image,1,2025-10-05 23:09:37,2025-10-05 23:09:37,,Mouher shawl,68e22ba74c44e,"جنس:موهر
رنگ:مشکی/سرمه ای/کرم/قهوه ای/قرمز/سبز

*این محصول جنسیت ندارد(unisex)

فری سایز(ابعاد",0,1,2025-10-05 11:56:15,2025-10-13 09:13:44,,
813,190,http://cdn.mouherwear1.comhttp://cdn.mouherwear1.com/01K6TY6WC4DA17VDAJR8VNRQW7.webp,image,1,2025-10-05 23:10:06,2025-10-05 23:10:06,,Mouher shawl,68e22ba74c44e,"جنس:موهر
رنگ:مشکی/سرمه ای/کرم/قهوه ای/قرمز/سبز

*این محصول جنسیت ندارد(unisex)

فری سایز(ابعاد",0,1,2025-10-05 11:56:15,2025-10-13 09:13:44,,
814,190,http://cdn.mouherwear1.comhttp://cdn.mouherwear1.com/01K6TY7MX0CXN04MWDBNTXJRM4.webp,image,1,2025-10-05 23:10:32,2025-10-05 23:10:32,,Mouher shawl,68e22ba74c44e,"جنس:موهر
رنگ:مشکی/سرمه ای/کرم/قهوه ای/قرمز/سبز

*این محصول جنسیت ندارد(unisex)

فری سایز(ابعاد",0,1,2025-10-05 11:56:15,2025-10-13 09:13:44,,
815,190,http://cdn.mouherwear1.comhttp://cdn.mouherwear1.com/01K6TY8H63YPT65AVPQ37C6EVG.webp,image,1,2025-10-05 23:11:01,2025-10-05 23:11:01,,Mouher shawl,68e22ba74c44e,"جنس:موهر
رنگ:مشکی/سرمه ای/کرم/قهوه ای/قرمز/سبز

*این محصول جنسیت ندارد(unisex)

فری سایز(ابعاد",0,1,2025-10-05 11:56:15,2025-10-13 09:13:44,,
816,190,http://cdn.mouherwear1.comhttp://cdn.mouherwear1.com/01K6TY8ZFBMRMFCCW2P23SGQZP.webp,image,1,2025-10-05 23:11:15,2025-10-05 23:11:15,,Mouher shawl,68e22ba74c44e,"جنس:موهر
رنگ:مشکی/سرمه ای/کرم/قهوه ای/قرمز/سبز

*این محصول جنسیت ندارد(unisex)

فری سایز(ابعاد",0,1,2025-10-05 11:56:15,2025-10-13 09:13:44,,
817,191,http://cdn.mouherwear1.comhttp://cdn.mouherwear1.com/01K6SS2G7PXPNW980QE2AR9WJZ.webp,image,1,2025-10-05 12:21:12,2025-10-05 12:21:12,,gloves M,68e22e7cac5f4,"جنس رویه :کتان tc(ضد آب)
جنس داخل:پولار تدی
رنگبندی:مشکی/طوسی/سبز/نسکافه ای

روی انگشت اشاره محصول باز میشود(برای کار با تلفن همراه)
*محصول مناسب آقایان هست",0,1,2025-10-05 12:08:20,2025-10-05 23:14:43,,
818,191,http://cdn.mouherwear1.comhttp://cdn.mouherwear1.com/01K6SS4A9NJ52J57179VW3FXVJ.webp,image,1,2025-10-05 12:22:06,2025-10-05 12:22:06,,gloves M,68e22e7cac5f4,"جنس رویه :کتان tc(ضد آب)
جنس داخل:پولار تدی
رنگبندی:مشکی/طوسی/سبز/نسکافه ای

روی انگشت اشاره محصول باز میشود(برای کار با تلفن همراه)
*محصول مناسب آقایان هست",0,1,2025-10-05 12:08:20,2025-10-05 23:14:43,,
819,191,http://cdn.mouherwear1.comhttp://cdn.mouherwear1.com/01K6TYEXG5NMJ7JDE2EN1QZDNJ.webp,thumbnail,1,2025-10-05 23:14:30,2025-10-05 23:14:30,,gloves M,68e22e7cac5f4,"جنس رویه :کتان tc(ضد آب)
جنس داخل:پولار تدی
رنگبندی:مشکی/طوسی/سبز/نسکافه ای

روی انگشت اشاره محصول باز میشود(برای کار با تلفن همراه)
*محصول مناسب آقایان هست",0,1,2025-10-05 12:08:20,2025-10-05 23:14:43,,
