id,cart_id,variant_id,quantity,created_at,updated_at,deleted_at
13,13,9,1,2024-04-03 16:39:32,2024-04-03 19:04:51,2024-04-03 19:04:51
14,13,13,1,2024-04-03 16:39:43,2024-04-03 19:02:56,2024-04-03 19:02:56
15,13,52,1,2024-04-03 19:04:49,2024-04-03 19:04:49,
16,14,8,1,2024-04-03 19:22:39,2025-06-27 20:34:14,2025-06-27 20:34:14
17,12,28,1,2024-04-03 19:50:17,2024-04-03 19:50:17,
18,16,48,1,2024-04-03 23:34:27,2024-04-03 23:34:27,
19,17,21,9,2024-04-04 01:12:10,2024-08-22 23:23:40,2024-08-22 23:23:40
20,18,50,1,2024-04-04 01:37:27,2024-04-04 01:37:27,
21,18,44,1,2024-04-04 02:15:16,2024-04-04 02:15:16,
22,20,13,1,2024-04-04 14:31:59,2024-04-04 14:31:59,
23,22,12,2,2024-04-04 14:53:54,2024-04-21 20:25:02,2024-04-21 20:25:02
24,23,36,2,2024-04-04 17:52:32,2024-04-04 17:52:38,
25,24,49,1,2024-04-04 22:36:30,2024-04-04 22:36:30,
26,26,7,1,2024-04-04 23:17:00,2024-04-04 23:17:00,
27,28,48,1,2024-04-05 00:44:32,2024-04-05 00:44:32,
28,29,50,2,2024-04-05 00:51:08,2024-04-05 00:51:16,
29,30,26,1,2024-04-05 06:31:27,2024-04-05 06:31:27,
30,30,28,1,2024-04-05 06:33:37,2024-04-05 06:33:37,
31,14,29,0,2024-04-05 15:21:12,2024-06-18 15:51:30,2024-06-18 15:51:30
32,14,33,0,2024-04-05 15:27:59,2025-09-26 09:04:31,2025-09-26 09:04:31
33,11,9,1,2024-04-05 18:10:27,2024-09-08 20:58:54,2024-09-08 20:58:54
34,11,29,0,2024-04-05 18:10:50,2024-09-08 20:58:50,2024-09-08 20:58:50
35,11,32,1,2024-04-05 18:11:27,2024-10-16 21:20:49,2024-10-16 21:20:49
36,32,58,1,2024-04-06 16:41:14,2024-04-06 16:41:14,
37,34,58,2,2024-04-06 16:49:01,2024-04-06 16:51:50,2024-04-06 16:51:50
38,34,58,1,2024-04-06 16:52:00,2024-04-06 16:52:00,
39,36,17,1,2024-04-07 02:29:07,2024-04-07 02:29:07,
40,37,25,1,2024-04-07 02:45:37,2024-04-07 02:45:37,
41,39,58,1,2024-04-07 16:02:10,2024-04-07 16:15:45,2024-04-07 16:15:45
42,39,45,1,2024-04-07 16:10:36,2024-04-07 16:15:46,2024-04-07 16:15:46
43,39,31,1,2024-04-07 16:11:32,2024-04-07 16:15:47,2024-04-07 16:15:47
44,39,35,1,2024-04-07 16:11:51,2024-04-07 16:15:48,2024-04-07 16:15:48
45,15,49,1,2024-04-07 22:21:44,2024-06-21 17:08:17,2024-06-21 17:08:17
46,15,16,1,2024-04-07 22:22:04,2024-06-21 17:08:25,2024-06-21 17:08:25
47,40,32,1,2024-04-07 22:32:23,2024-04-07 22:32:23,
48,42,27,1,2024-04-08 05:32:18,2024-04-08 05:32:18,
49,43,25,1,2024-04-08 14:11:05,2024-04-08 14:11:05,
50,44,58,1,2024-04-08 17:42:22,2024-04-08 17:42:22,
51,45,29,1,2024-04-08 17:44:42,2024-04-08 17:44:42,
52,45,50,1,2024-04-08 17:45:49,2024-04-08 17:45:49,
53,45,44,1,2024-04-08 17:46:12,2024-04-08 17:52:17,2024-04-08 17:52:17
54,45,45,1,2024-04-08 17:52:52,2024-04-08 17:52:52,
55,46,58,1,2024-04-08 17:57:24,2024-04-08 17:57:24,
56,17,24,10,2024-04-08 19:22:27,2024-04-08 19:22:57,2024-04-08 19:22:57
57,48,25,1,2024-04-08 23:00:32,2024-04-09 01:00:37,2024-04-09 01:00:37
58,48,32,1,2024-04-08 23:01:04,2024-04-08 23:01:40,2024-04-08 23:01:40
59,48,58,1,2024-04-08 23:01:31,2024-04-08 23:01:31,
60,31,58,1,2024-04-08 23:41:52,2024-04-08 23:41:52,
61,31,50,1,2024-04-08 23:42:55,2024-04-08 23:42:55,
62,50,26,1,2024-04-09 22:48:06,2024-04-09 22:48:06,
63,52,13,1,2024-04-10 19:22:29,2024-04-10 19:22:29,
64,54,17,1,2024-04-11 13:51:59,2024-04-11 13:51:59,
65,56,23,2,2024-04-11 14:32:42,2024-04-15 13:32:28,
66,57,28,1,2024-04-11 15:58:10,2024-04-11 15:58:10,
67,57,29,1,2024-04-11 15:58:13,2024-04-11 15:58:13,
68,60,44,1,2024-04-12 11:43:18,2024-10-17 21:17:59,2024-10-17 21:17:59
69,61,58,1,2024-04-12 22:35:42,2024-04-12 22:35:42,
70,62,21,1,2024-04-13 03:42:45,2024-04-13 03:43:09,2024-04-13 03:43:09
71,63,23,1,2024-04-15 13:37:14,2024-04-15 13:37:14,
72,65,51,3,2024-04-16 18:49:49,2024-04-19 00:34:57,2024-04-19 00:34:57
73,65,46,1,2024-04-16 18:50:18,2024-04-19 00:36:38,2024-04-19 00:36:38
74,66,50,1,2024-04-16 23:10:16,2024-04-16 23:10:16,
75,66,19,1,2024-04-16 23:11:54,2024-04-16 23:14:58,2024-04-16 23:14:58
76,66,21,1,2024-04-16 23:12:41,2024-04-16 23:19:37,2024-04-16 23:19:37
77,66,45,1,2024-04-16 23:19:29,2024-04-16 23:19:29,
78,67,10,1,2024-04-17 01:43:50,2024-04-17 01:43:50,
79,67,14,1,2024-04-17 01:43:59,2024-04-17 01:43:59,
80,69,58,1,2024-04-17 16:34:55,2024-04-17 16:34:55,
81,70,47,2,2024-04-17 17:45:31,2024-04-17 17:45:40,2024-04-17 17:45:40
82,70,47,1,2024-04-17 17:45:45,2024-06-18 20:40:41,2024-06-18 20:40:41
83,72,58,2,2024-04-18 20:26:56,2024-04-18 20:27:04,2024-04-18 20:27:04
84,72,58,1,2024-04-18 20:27:12,2024-04-18 20:27:12,
85,65,51,2,2024-04-19 00:35:06,2024-04-19 00:36:39,2024-04-19 00:36:39
86,65,31,1,2024-04-19 00:35:53,2024-04-19 00:36:04,2024-04-19 00:36:04
87,65,51,1,2024-04-19 00:36:52,2024-04-19 00:36:52,
88,65,46,1,2024-04-19 00:37:04,2024-04-19 00:37:04,
89,73,29,1,2024-04-19 13:56:05,2024-04-19 13:56:05,
90,72,27,1,2024-04-19 17:03:02,2024-04-19 17:03:40,2024-04-19 17:03:40
91,76,58,1,2024-04-20 01:56:15,2024-07-01 19:49:57,2024-07-01 19:49:57
92,76,27,1,2024-04-20 01:59:44,2024-04-20 01:59:59,2024-04-20 01:59:59
93,78,28,1,2024-04-21 06:25:31,2024-04-21 06:25:31,
94,22,12,3,2024-04-21 20:25:09,2025-03-14 01:05:06,2025-03-14 01:05:06
95,79,62,1,2024-04-22 02:14:41,2024-04-22 02:14:41,
96,81,40,1,2024-04-22 21:46:18,2024-04-22 21:46:18,
97,76,17,1,2024-04-23 00:39:15,2024-04-23 00:41:26,2024-04-23 00:41:26
98,76,27,2,2024-04-23 00:39:41,2024-07-04 04:35:32,2024-07-04 04:35:32
99,84,44,2,2024-04-24 01:15:35,2024-04-24 02:04:27,2024-04-24 02:04:27
100,84,44,1,2024-04-24 02:04:45,2024-04-24 02:04:45,
101,86,58,2,2024-04-26 03:27:16,2024-06-01 01:21:36,2024-06-01 01:21:36
102,41,34,1,2024-04-27 21:40:13,2024-04-27 21:40:13,
103,14,10,0,2024-05-06 16:43:22,2025-06-27 20:33:56,2025-06-27 20:33:56
104,88,50,1,2024-05-07 05:21:00,2024-05-07 05:21:00,
105,89,44,1,2024-05-07 17:02:08,2024-05-07 17:02:08,
106,88,44,1,2024-05-07 19:30:02,2024-05-07 19:35:54,2024-05-07 19:35:54
107,88,12,1,2024-05-07 19:30:42,2024-05-07 19:32:51,2024-05-07 19:32:51
108,91,11,0,2024-05-13 18:37:44,2025-01-17 04:39:33,2025-01-17 04:39:33
109,90,46,1,2024-05-17 05:41:51,2024-05-17 05:41:51,
110,93,26,1,2024-05-17 16:09:11,2024-05-17 16:09:11,
111,93,27,1,2024-05-17 16:09:13,2024-05-17 16:09:13,
112,94,26,1,2024-05-18 14:40:57,2024-05-18 14:40:57,
113,96,50,1,2024-05-18 20:41:52,2024-05-18 20:49:30,2024-05-18 20:49:30
114,96,29,1,2024-05-18 20:42:15,2024-05-18 20:49:26,2024-05-18 20:49:26
115,96,58,1,2024-05-18 20:49:06,2024-05-18 20:49:06,
116,96,27,1,2024-05-18 20:49:21,2024-05-18 20:49:21,
117,98,17,2,2024-05-19 09:21:45,2024-05-19 09:21:49,
118,95,8,1,2024-05-19 18:24:35,2024-05-19 18:25:23,2024-05-19 18:25:23
119,99,58,1,2024-05-20 21:50:10,2024-05-20 21:50:10,
120,99,26,0,2024-05-20 21:50:23,2024-10-29 16:00:58,2024-10-29 16:00:58
121,99,29,1,2024-05-20 21:51:13,2024-05-20 21:52:01,2024-05-20 21:52:01
122,100,50,1,2024-05-21 04:05:17,2024-05-21 04:05:17,
123,101,26,1,2024-05-21 19:27:03,2024-05-21 19:27:03,
124,101,31,1,2024-05-21 19:31:36,2024-05-21 19:31:36,
125,102,50,1,2024-05-22 02:32:01,2024-05-25 18:46:46,2024-05-25 18:46:46
126,102,44,1,2024-05-22 02:33:17,2024-05-25 18:46:50,2024-05-25 18:46:50
127,103,47,2,2024-05-28 18:22:53,2024-05-28 18:27:24,2024-05-28 18:27:24
128,103,20,1,2024-05-28 18:27:14,2024-05-28 18:28:01,2024-05-28 18:28:01
129,103,19,1,2024-05-28 18:27:55,2024-05-28 18:27:55,
130,105,58,3,2024-05-29 06:18:22,2024-05-29 06:24:15,2024-05-29 06:24:15
131,105,61,1,2024-05-29 06:24:05,2024-05-29 06:24:17,2024-05-29 06:24:17
132,105,58,1,2024-05-29 06:24:42,2024-05-29 06:24:42,
133,106,46,1,2024-05-30 16:41:57,2024-05-30 16:41:57,
134,107,25,1,2024-05-30 19:08:24,2024-05-30 19:08:24,
135,107,27,1,2024-05-30 19:10:07,2024-05-30 19:10:07,
136,109,48,1,2024-05-30 20:52:38,2024-05-31 01:10:46,2024-05-31 01:10:46
137,109,17,0,2024-05-30 20:53:19,2025-09-14 08:02:19,2025-09-14 08:02:19
138,109,19,1,2024-05-30 20:57:35,2024-05-30 20:58:18,2024-05-30 20:58:18
139,109,45,1,2024-05-31 01:04:57,2024-05-31 01:27:08,2024-05-31 01:27:08
140,109,13,1,2024-05-31 01:27:02,2025-09-14 08:02:43,2025-09-14 08:02:43
141,110,42,1,2024-05-31 09:36:34,2024-05-31 09:36:34,
142,112,13,1,2024-05-31 15:52:33,2024-05-31 15:52:33,
143,114,28,1,2024-05-31 16:07:10,2024-05-31 16:07:10,
144,114,12,1,2024-05-31 16:08:38,2024-05-31 16:08:38,
145,115,58,1,2024-05-31 17:23:59,2024-05-31 17:23:59,
146,117,50,1,2024-05-31 18:21:56,2024-05-31 18:21:56,
147,117,61,1,2024-05-31 18:24:42,2024-05-31 18:24:42,
148,86,58,1,2024-06-01 01:23:14,2024-06-01 01:23:14,
149,120,58,1,2024-06-01 16:03:00,2024-06-01 16:03:00,
150,38,27,1,2024-06-01 19:16:03,2024-06-01 19:16:03,
151,124,31,1,2024-06-02 18:48:45,2024-06-02 18:48:45,
152,125,26,0,2024-06-02 19:54:48,2025-01-06 20:37:39,2025-01-06 20:37:39
153,126,31,2,2024-06-02 21:16:59,2024-06-02 22:16:23,2024-06-02 22:16:23
154,126,31,1,2024-06-02 22:16:28,2024-06-02 22:16:28,
155,128,44,1,2024-06-03 12:53:15,2024-06-03 17:58:56,2024-06-03 17:58:56
156,128,30,1,2024-06-03 12:53:57,2024-06-03 12:53:57,
157,128,19,1,2024-06-03 17:59:17,2024-06-03 17:59:17,
158,130,28,1,2024-06-04 23:00:27,2024-06-04 23:05:21,2024-06-04 23:05:21
159,130,50,1,2024-06-04 23:01:45,2024-06-04 23:01:53,2024-06-04 23:01:53
160,130,51,1,2024-06-04 23:01:48,2024-06-04 23:01:48,
161,130,31,1,2024-06-04 23:05:32,2024-06-04 23:05:32,
162,129,44,1,2024-06-05 00:17:57,2024-06-05 00:19:27,2024-06-05 00:19:27
163,129,62,1,2024-06-05 00:18:03,2024-06-05 00:19:28,2024-06-05 00:19:28
164,129,40,1,2024-06-05 00:18:08,2024-06-05 00:19:28,2024-06-05 00:19:28
165,129,50,1,2024-06-05 00:18:17,2024-06-05 00:19:30,2024-06-05 00:19:30
166,129,58,1,2024-06-05 00:18:22,2024-06-05 00:19:31,2024-06-05 00:19:31
167,129,57,1,2024-06-05 00:18:30,2024-06-05 00:19:32,2024-06-05 00:19:32
168,129,17,1,2024-06-05 00:18:48,2024-06-05 00:19:32,2024-06-05 00:19:32
169,129,21,1,2024-06-05 00:18:55,2024-06-05 00:19:33,2024-06-05 00:19:33
170,129,32,1,2024-06-05 00:19:12,2024-06-05 00:19:34,2024-06-05 00:19:34
171,129,8,1,2024-06-05 00:19:17,2024-06-05 00:19:35,2024-06-05 00:19:35
172,129,44,1,2024-06-05 00:19:55,2025-09-01 16:30:29,2025-09-01 16:30:29
173,129,62,1,2024-06-05 00:20:00,2025-09-01 16:30:15,2025-09-01 16:30:15
174,131,31,1,2024-06-09 15:30:06,2024-06-09 15:30:06,
175,133,50,2,2024-06-09 20:13:00,2024-07-02 03:20:46,2024-07-02 03:20:46
176,133,36,1,2024-06-09 20:13:51,2024-07-02 03:21:03,2024-07-02 03:21:03
177,134,50,1,2024-06-12 15:21:57,2024-06-12 15:21:57,
178,136,21,2,2024-06-12 16:03:40,2024-06-15 15:02:23,2024-06-15 15:02:23
179,137,58,2,2024-06-13 19:12:05,2024-06-13 19:12:23,2024-06-13 19:12:23
180,137,58,1,2024-06-13 19:12:27,2024-06-13 19:12:27,
181,138,46,1,2024-06-14 16:27:33,2024-06-14 16:27:33,
182,138,51,1,2024-06-14 16:27:53,2024-06-14 16:27:53,
183,138,48,1,2024-06-14 16:28:20,2024-06-15 01:14:53,2024-06-15 01:14:53
184,139,49,1,2024-06-15 02:06:40,2024-06-15 02:06:40,
185,139,7,2,2024-06-15 02:08:25,2024-06-20 17:11:27,2024-06-20 17:11:27
186,140,50,1,2024-06-15 06:25:56,2024-06-15 06:25:56,
187,136,21,1,2024-06-15 15:02:41,2024-06-15 15:02:41,
188,142,45,1,2024-06-15 19:00:29,2024-06-15 19:00:29,
189,132,29,1,2024-06-15 22:54:10,2024-06-15 22:54:10,
190,145,58,1,2024-06-17 00:02:24,2024-06-17 00:02:24,
191,70,44,2,2024-06-18 20:40:33,2024-06-18 20:40:43,2024-06-18 20:40:43
192,70,45,1,2024-06-18 20:40:54,2024-06-18 20:40:54,
193,139,7,1,2024-06-20 17:11:37,2024-06-20 17:11:37,
194,147,50,1,2024-06-21 00:46:25,2024-06-21 00:46:25,
195,148,7,0,2024-06-21 17:06:19,2025-01-06 20:31:01,2025-01-06 20:31:01
196,149,40,1,2024-06-25 19:05:42,2024-06-25 19:10:04,2024-06-25 19:10:04
197,149,46,2,2024-06-25 19:09:04,2024-06-25 19:11:09,2024-06-25 19:11:09
198,149,27,1,2024-06-25 19:09:40,2024-06-25 19:09:40,
199,149,42,1,2024-06-25 19:10:00,2024-06-25 19:10:00,
200,149,46,1,2024-06-25 19:11:35,2024-06-25 19:11:35,
201,150,27,1,2024-06-26 04:14:54,2024-06-26 04:14:54,
202,150,45,1,2024-06-26 04:15:32,2024-06-26 04:15:32,
203,152,41,1,2024-06-26 15:25:33,2024-06-26 15:25:33,
204,152,37,1,2024-06-26 15:27:21,2024-06-26 15:27:21,
205,154,26,1,2024-06-27 12:09:10,2024-06-27 12:09:10,
206,155,44,1,2024-06-28 00:20:31,2024-06-28 00:20:31,
207,156,41,1,2024-07-01 16:04:38,2024-07-01 16:04:38,
208,76,25,1,2024-07-01 19:50:25,2024-08-10 21:13:14,2024-08-10 21:13:14
209,157,36,1,2024-07-01 23:16:00,2024-07-01 23:16:00,
210,133,44,0,2024-07-02 03:21:15,2024-12-20 05:25:16,2024-12-20 05:25:16
211,133,50,1,2024-07-02 03:21:31,2024-11-22 22:02:31,2024-11-22 22:02:31
212,159,7,1,2024-07-02 07:24:47,2024-07-02 07:24:47,
213,76,26,2,2024-07-04 04:35:43,2024-07-15 23:19:25,2024-07-15 23:19:25
214,76,27,1,2024-07-04 04:35:48,2024-08-10 21:13:15,2024-08-10 21:13:15
215,76,58,1,2024-07-04 04:39:38,2024-07-13 16:08:32,2024-07-13 16:08:32
216,161,64,1,2024-07-07 18:18:16,2024-07-07 18:18:16,
217,161,66,1,2024-07-07 18:19:50,2024-07-07 18:19:50,
218,163,28,1,2024-07-08 02:48:29,2024-07-08 02:48:29,
219,165,46,1,2024-07-08 03:00:09,2024-07-08 03:38:52,2024-07-08 03:38:52
220,165,64,1,2024-07-08 03:00:36,2024-07-08 03:00:36,
221,165,47,1,2024-07-08 03:38:45,2024-07-08 03:38:45,
222,76,58,1,2024-07-13 16:10:10,2024-08-10 21:13:16,2024-08-10 21:13:16
223,168,64,1,2024-07-14 05:09:01,2024-07-14 05:09:01,
224,169,50,1,2024-07-14 05:57:49,2024-07-14 05:57:49,
225,169,58,2,2024-07-14 05:58:21,2024-08-03 03:48:49,
226,169,26,1,2024-07-14 05:58:26,2024-07-14 05:58:26,
227,169,66,1,2024-07-14 05:58:41,2024-07-14 05:58:41,
228,76,26,1,2024-07-15 23:19:48,2024-08-10 21:13:16,2024-08-10 21:13:16
229,170,37,1,2024-07-18 15:08:49,2024-07-18 15:08:49,
230,172,36,1,2024-07-19 00:17:49,2024-07-19 00:17:49,
231,172,66,1,2024-07-19 00:20:19,2024-07-19 00:20:19,
232,172,12,1,2024-07-19 00:22:05,2024-07-20 12:57:04,2024-07-20 12:57:04
233,173,41,2,2024-07-21 19:23:17,2024-07-21 19:23:38,2024-07-21 19:23:38
234,173,41,1,2024-07-21 19:23:58,2024-07-21 19:23:58,
235,173,45,1,2024-07-21 19:24:41,2024-07-21 19:24:41,
236,175,25,1,2024-07-21 23:24:07,2024-07-21 23:24:07,
237,175,81,1,2024-07-21 23:25:10,2024-07-21 23:25:10,
238,51,46,2,2024-07-23 04:54:40,2024-07-23 04:54:49,2024-07-23 04:54:49
239,51,46,1,2024-07-23 04:54:56,2024-07-23 04:55:53,2024-07-23 04:55:53
240,51,46,1,2024-07-23 04:56:19,2024-07-23 05:20:45,2024-07-23 05:20:45
241,51,46,1,2024-07-23 05:20:54,2024-07-23 05:21:31,2024-07-23 05:21:31
242,51,46,1,2024-07-23 05:21:43,2024-07-23 05:21:43,
243,179,46,1,2024-07-23 05:27:47,2024-07-23 05:27:56,2024-07-23 05:27:56
244,104,44,1,2024-07-24 21:18:46,2024-07-24 21:18:56,2024-07-24 21:18:56
245,104,46,1,2024-07-24 21:18:49,2024-07-24 21:18:49,
246,180,46,1,2024-07-24 21:23:15,2024-07-24 21:23:22,2024-07-24 21:23:22
247,181,36,1,2024-07-26 03:39:14,2024-07-26 03:39:14,
248,181,64,2,2024-07-26 03:43:56,2024-07-26 03:43:56,
249,182,79,2,2024-07-29 23:34:00,2024-07-29 23:34:03,
250,183,64,1,2024-07-30 19:45:24,2024-07-30 19:46:18,2024-07-30 19:46:18
251,184,87,1,2024-08-03 02:18:13,2024-08-07 20:19:18,2024-08-07 20:19:18
252,186,50,1,2024-08-07 19:17:51,2024-08-07 19:17:51,
253,186,44,1,2024-08-07 19:18:59,2024-08-07 19:18:59,
254,186,31,1,2024-08-07 19:20:18,2024-08-07 19:20:18,
255,184,94,1,2024-08-07 20:19:11,2024-08-07 20:19:26,2024-08-07 20:19:26
256,184,98,1,2024-08-07 20:19:22,2024-08-07 20:19:22,
257,187,10,3,2024-08-08 14:16:07,2024-08-09 08:43:06,2024-08-09 08:43:06
258,187,42,1,2024-08-09 08:41:00,2024-08-09 08:41:00,
259,187,20,1,2024-08-09 08:43:01,2024-08-09 08:43:01,
260,188,62,1,2024-08-10 21:59:54,2024-08-10 21:59:54,
261,189,87,1,2024-08-11 22:29:51,2024-08-11 22:29:51,
262,189,88,1,2024-08-11 22:30:14,2024-08-11 22:30:14,
263,189,96,1,2024-08-11 22:30:38,2024-08-11 22:31:00,2024-08-11 22:31:00
264,190,44,1,2024-08-20 17:47:36,2024-08-20 17:47:36,
265,191,79,2,2024-08-21 02:05:31,2024-08-21 02:06:20,2024-08-21 02:06:20
266,191,79,1,2024-08-21 02:06:45,2024-08-21 02:06:45,
267,192,64,1,2024-08-25 05:45:21,2024-08-25 05:45:21,
268,192,40,1,2024-08-25 05:46:33,2024-08-25 05:46:33,
269,194,95,1,2024-09-01 04:25:39,2024-09-01 04:25:39,
270,195,64,1,2024-09-02 06:39:15,2024-09-02 06:39:15,
271,76,26,0,2024-09-02 15:32:34,2024-09-07 20:46:06,2024-09-07 20:46:06
272,76,25,0,2024-09-02 15:33:26,2024-09-07 20:46:06,2024-09-07 20:46:06
273,196,9,1,2024-09-07 00:05:24,2024-09-07 00:05:24,
274,196,13,1,2024-09-07 00:06:14,2024-09-07 00:06:14,
275,196,58,1,2024-09-07 00:08:00,2024-09-07 00:08:00,
276,198,58,1,2024-09-07 21:06:25,2024-09-07 21:06:25,
277,199,64,1,2024-09-08 18:56:18,2024-09-08 18:56:18,
278,201,64,1,2024-09-09 03:08:06,2024-09-09 03:08:06,
279,202,19,1,2024-09-09 03:14:09,2024-09-09 03:14:09,
280,204,97,1,2024-09-11 12:18:46,2024-11-19 19:43:58,2024-11-19 19:43:58
281,204,99,1,2024-09-11 12:18:49,2024-11-19 19:43:56,2024-11-19 19:43:56
282,205,65,1,2024-09-14 12:39:30,2024-09-14 12:39:30,
283,206,64,1,2024-09-14 17:21:05,2024-09-14 17:21:05,
284,207,88,1,2024-09-15 01:18:30,2024-09-15 01:18:30,
285,208,65,2,2024-09-15 02:39:36,2024-09-15 02:50:25,2024-09-15 02:50:25
286,208,64,1,2024-09-15 02:50:17,2024-09-15 02:50:28,2024-09-15 02:50:28
287,208,65,1,2024-09-15 02:50:34,2024-09-15 02:50:34,
288,211,66,1,2024-09-15 20:40:00,2024-09-15 20:40:00,
289,211,64,1,2024-09-15 20:41:21,2024-09-15 20:41:21,
290,214,32,1,2024-09-16 19:02:18,2024-09-16 19:02:18,
291,215,58,1,2024-10-02 17:25:25,2024-10-02 17:25:25,
292,11,64,1,2024-10-12 17:49:12,2024-10-16 21:20:52,2024-10-16 21:20:52
293,216,103,1,2024-10-13 04:32:36,2024-10-13 04:36:18,2024-10-13 04:36:18
294,216,102,1,2024-10-13 04:37:48,2024-10-13 04:37:48,
295,218,103,1,2024-10-14 17:20:24,2024-10-14 17:20:24,
296,11,62,2,2024-10-15 14:19:14,2024-10-16 21:20:54,2024-10-16 21:20:54
297,219,58,1,2024-10-16 20:56:26,2024-10-16 21:14:46,2024-10-16 21:14:46
298,11,62,1,2024-10-16 21:21:04,2024-10-16 21:21:04,
299,220,62,1,2024-10-16 22:29:06,2024-10-16 22:29:06,
300,221,62,1,2024-10-16 22:40:57,2024-10-16 22:40:57,
301,222,88,1,2024-10-17 14:45:52,2024-10-17 14:50:17,2024-10-17 14:50:17
302,222,64,1,2024-10-17 14:50:14,2024-10-17 14:50:14,
303,225,129,1,2024-10-17 16:33:40,2024-10-19 18:45:31,2024-10-19 18:45:31
304,226,106,1,2024-10-17 16:47:23,2024-10-17 16:47:23,
305,227,135,1,2024-10-17 17:15:10,2024-10-19 19:01:55,2024-10-19 19:01:55
306,228,114,1,2024-10-17 17:52:58,2024-10-17 17:52:58,
307,229,143,1,2024-10-17 19:29:03,2024-10-17 19:29:03,
308,230,45,0,2024-10-17 21:10:50,2024-12-20 19:43:38,2024-12-20 19:43:38
309,60,145,1,2024-10-17 21:18:05,2024-10-17 21:18:05,
310,231,133,1,2024-10-17 23:40:03,2024-10-17 23:53:55,2024-10-17 23:53:55
311,231,104,3,2024-10-17 23:41:36,2024-10-17 23:53:54,2024-10-17 23:53:54
312,231,145,1,2024-10-17 23:41:56,2024-10-17 23:51:47,2024-10-17 23:51:47
313,231,116,2,2024-10-17 23:42:10,2024-10-17 23:53:56,2024-10-17 23:53:56
314,231,54,1,2024-10-17 23:46:00,2024-10-17 23:51:45,2024-10-17 23:51:45
315,231,134,1,2024-10-17 23:52:56,2024-10-17 23:53:57,2024-10-17 23:53:57
316,231,134,1,2024-10-17 23:54:14,2024-10-17 23:54:14,
317,231,116,1,2024-10-17 23:54:21,2024-10-17 23:54:21,
318,231,104,1,2024-10-17 23:54:31,2024-10-17 23:54:31,
319,233,114,1,2024-10-18 00:15:39,2024-12-18 14:41:32,2024-12-18 14:41:32
320,233,108,1,2024-10-18 00:19:45,2024-12-18 14:41:33,2024-12-18 14:41:33
321,233,53,1,2024-10-18 00:26:03,2024-10-31 13:06:27,2024-10-31 13:06:27
322,234,133,1,2024-10-18 01:13:49,2024-10-18 01:13:49,
323,235,109,1,2024-10-18 01:37:54,2024-10-20 12:46:10,2024-10-20 12:46:10
324,236,136,1,2024-10-18 04:50:00,2025-07-09 19:41:23,2025-07-09 19:41:23
325,237,141,1,2024-10-18 16:32:05,2024-10-18 16:32:05,
326,238,136,1,2024-10-18 16:37:00,2024-11-01 19:35:47,2024-11-01 19:35:47
327,240,133,1,2024-10-18 16:57:23,2024-10-18 16:57:23,
328,240,135,1,2024-10-18 16:57:25,2024-10-18 16:57:25,
329,241,136,1,2024-10-18 17:03:18,2024-10-18 17:03:18,
330,245,145,1,2024-10-19 01:00:13,2025-08-22 22:36:04,2025-08-22 22:36:04
331,133,114,1,2024-10-19 08:15:07,2024-10-19 08:16:09,2024-10-19 08:16:09
332,214,66,1,2024-10-19 12:01:54,2024-10-19 12:01:54,
333,246,102,1,2024-10-19 17:53:50,2024-10-19 17:53:50,
334,248,108,1,2024-10-19 17:57:24,2024-10-19 17:57:24,
335,225,107,1,2024-10-19 18:45:28,2024-10-19 18:46:00,2024-10-19 18:46:00
336,227,114,1,2024-10-19 18:52:27,2024-10-19 18:52:27,
337,249,148,1,2024-10-19 19:10:49,2024-10-22 20:47:08,2024-10-22 20:47:08
338,249,114,1,2024-10-19 19:13:00,2024-10-19 19:13:00,
339,249,103,1,2024-10-19 19:14:34,2024-10-19 19:14:34,
340,249,127,1,2024-10-19 19:15:59,2024-10-19 19:15:59,
341,249,122,1,2024-10-19 19:16:15,2024-10-19 19:16:15,
342,226,147,1,2024-10-19 20:06:09,2024-10-19 20:06:09,
343,251,148,1,2024-10-19 20:53:15,2024-10-19 20:53:15,
344,252,102,1,2024-10-19 21:25:54,2024-10-19 21:30:41,2024-10-19 21:30:41
345,253,110,3,2024-10-20 04:33:15,2024-10-20 04:33:46,
346,254,57,1,2024-10-20 05:14:13,2024-10-20 05:15:36,2024-10-20 05:15:36
347,254,133,1,2024-10-20 05:16:02,2024-10-20 05:16:44,2024-10-20 05:16:44
348,255,145,1,2024-10-20 15:13:37,2024-10-29 21:39:48,2024-10-29 21:39:48
349,87,147,0,2024-10-20 15:14:35,2025-03-20 05:24:27,2025-03-20 05:24:27
350,256,113,2,2024-10-21 01:32:38,2024-10-21 01:38:46,2024-10-21 01:38:46
351,256,142,1,2024-10-21 01:36:08,2024-10-21 01:36:08,
352,256,144,1,2024-10-21 01:40:18,2024-10-21 01:44:00,2024-10-21 01:44:00
353,258,136,1,2024-10-21 07:32:09,2024-10-21 07:32:09,
354,260,134,1,2024-10-21 14:26:10,2024-10-21 14:29:11,2024-10-21 14:29:11
355,260,113,1,2024-10-21 14:31:52,2024-11-07 18:14:19,2024-11-07 18:14:19
356,261,104,1,2024-10-21 20:34:06,2024-10-21 20:34:06,
357,263,114,1,2024-10-22 06:31:00,2024-10-22 06:31:00,
358,263,115,1,2024-10-22 06:31:02,2024-10-22 06:31:02,
359,263,133,1,2024-10-22 06:31:47,2024-10-22 06:31:47,
360,266,137,1,2024-10-22 23:49:55,2024-10-23 00:20:32,2024-10-23 00:20:32
361,266,138,2,2024-10-23 00:19:58,2024-10-23 03:37:58,2024-10-23 03:37:58
362,267,142,1,2024-10-23 02:40:29,2024-10-23 02:40:29,
363,266,138,1,2024-10-23 03:38:16,2024-10-23 03:38:16,
364,257,144,1,2024-10-23 04:17:40,2024-10-23 04:17:40,
365,272,109,2,2024-10-23 15:05:53,2024-10-23 15:13:52,2024-10-23 15:13:52
366,272,109,1,2024-10-23 15:14:01,2024-10-23 15:14:01,
367,219,147,1,2024-10-23 15:37:40,2024-10-23 15:37:40,
368,274,106,2,2024-10-23 17:49:05,2024-10-23 17:49:26,2024-10-23 17:49:26
369,274,106,1,2024-10-23 17:49:44,2024-10-24 02:28:15,2024-10-24 02:28:15
370,276,112,1,2024-10-23 23:37:36,2024-10-23 23:38:06,2024-10-23 23:38:06
371,277,114,1,2024-10-23 23:51:58,2024-11-20 02:58:32,2024-11-20 02:58:32
372,277,50,2,2024-10-23 23:56:19,2024-11-20 03:00:04,2024-11-20 03:00:04
373,278,142,2,2024-10-24 00:46:49,2024-10-24 05:30:19,2024-10-24 05:30:19
374,279,147,1,2024-10-24 02:25:21,2024-10-24 02:25:21,
375,274,104,2,2024-10-24 02:28:06,2024-10-24 02:28:17,2024-10-24 02:28:17
376,274,104,1,2024-10-24 02:28:32,2024-10-24 02:28:32,
377,278,142,1,2024-10-24 05:30:31,2024-10-24 05:30:31,
378,282,147,1,2024-10-24 15:23:47,2024-10-24 15:23:47,
379,284,148,1,2024-10-24 19:28:16,2024-10-24 19:28:16,
380,286,64,2,2024-10-24 19:52:50,2024-10-24 19:52:58,2024-10-24 19:52:58
381,286,64,1,2024-10-24 19:53:08,2024-10-24 19:53:08,
382,287,148,1,2024-10-24 21:26:47,2024-10-24 21:26:47,
383,288,108,1,2024-10-25 00:11:02,2024-11-25 20:10:48,2024-11-25 20:10:48
384,276,112,1,2024-10-25 00:30:07,2024-10-25 00:55:49,2024-10-25 00:55:49
385,290,104,1,2024-10-25 20:00:02,2024-10-25 20:00:02,
386,291,147,1,2024-10-25 20:18:54,2024-10-25 20:18:54,
387,292,58,1,2024-10-25 22:49:58,2024-10-25 22:49:58,
388,293,127,2,2024-10-25 22:50:10,2024-10-25 22:50:38,2024-10-25 22:50:38
389,293,127,1,2024-10-25 22:51:07,2024-10-25 22:51:07,
390,276,112,1,2024-10-25 23:08:57,2024-10-25 23:09:42,2024-10-25 23:09:42
391,276,112,1,2024-10-25 23:17:59,2024-10-25 23:17:59,
392,296,104,1,2024-10-26 00:09:42,2024-10-26 00:09:42,
393,297,141,1,2024-10-26 00:14:32,2024-10-26 00:15:58,2024-10-26 00:15:58
394,297,141,1,2024-10-26 00:20:27,2024-10-26 00:20:27,
395,297,113,1,2024-10-26 00:22:24,2024-10-26 00:22:24,
396,297,105,3,2024-10-26 00:27:55,2024-10-26 00:28:12,2024-10-26 00:28:12
397,297,105,1,2024-10-26 00:28:29,2024-10-26 00:28:29,
398,297,147,2,2024-10-26 00:33:29,2024-10-26 00:35:31,2024-10-26 00:35:31
399,297,53,1,2024-10-26 00:39:35,2024-10-26 00:39:35,
400,297,147,1,2024-10-26 00:42:44,2024-10-26 00:42:44,
401,298,141,2,2024-10-26 00:56:31,2024-10-26 00:56:52,2024-10-26 00:56:52
402,298,142,1,2024-10-26 00:56:42,2024-10-26 00:56:48,2024-10-26 00:56:48
403,298,142,1,2024-10-26 00:57:08,2024-10-26 00:57:08,
404,300,91,2,2024-10-26 01:18:13,2024-10-26 01:18:26,2024-10-26 01:18:26
405,301,102,1,2024-10-26 01:24:59,2024-10-26 01:25:06,2024-10-26 01:25:06
406,301,103,1,2024-10-26 01:25:14,2024-10-26 01:25:14,
407,302,147,6,2024-10-26 01:47:59,2024-10-26 01:48:45,2024-10-26 01:48:45
408,304,147,1,2024-10-26 03:21:21,2024-10-26 03:21:21,
409,305,147,1,2024-10-26 05:32:33,2024-10-26 05:32:33,
410,305,145,1,2024-10-26 05:32:47,2024-10-26 05:32:47,
411,305,108,1,2024-10-26 05:33:23,2024-10-26 05:33:23,
412,306,122,1,2024-10-26 12:22:07,2024-10-26 12:22:29,2024-10-26 12:22:29
413,307,49,1,2024-10-26 13:33:20,2024-10-26 13:33:20,
414,308,126,2,2024-10-26 15:15:52,2024-11-22 22:39:32,2024-11-22 22:39:32
415,250,105,1,2024-10-26 15:56:11,2024-10-26 16:03:53,2024-10-26 16:03:53
416,250,110,1,2024-10-26 16:03:10,2024-10-26 16:03:10,
417,310,104,1,2024-10-26 21:38:19,2024-10-26 21:38:19,
418,312,143,2,2024-10-27 00:37:51,2024-10-27 00:38:42,2024-10-27 00:38:42
419,312,143,1,2024-10-27 00:38:58,2024-10-27 00:38:58,
420,133,147,0,2024-10-27 07:44:01,2025-04-03 03:11:23,2025-04-03 03:11:23
421,133,137,1,2024-10-27 07:45:45,2024-11-22 22:02:30,2024-11-22 22:02:30
422,313,112,1,2024-10-27 18:09:01,2024-10-27 18:09:01,
423,314,103,3,2024-10-27 20:13:05,2024-10-27 22:57:21,2024-10-27 22:57:21
424,314,102,1,2024-10-27 20:13:17,2024-10-27 20:14:18,2024-10-27 20:14:18
425,314,103,1,2024-10-27 22:57:44,2024-10-27 22:57:44,
426,118,108,1,2024-10-27 23:18:17,2024-10-27 23:18:17,
427,316,142,1,2024-10-28 00:25:48,2024-10-28 00:25:48,
428,317,127,2,2024-10-28 00:34:19,2024-10-28 00:54:16,2024-10-28 00:54:16
429,317,127,2,2024-10-28 00:54:28,2024-10-31 04:08:37,2024-10-31 04:08:37
430,319,142,1,2024-10-28 01:26:31,2024-10-28 01:26:31,
431,321,102,1,2024-10-28 02:21:00,2024-10-28 02:21:00,
432,322,103,1,2024-10-28 03:11:01,2024-10-28 03:11:01,
433,324,142,1,2024-10-28 03:18:38,2024-10-28 03:18:38,
434,326,148,2,2024-10-28 03:59:58,2024-10-28 04:00:44,2024-10-28 04:00:44
435,326,147,2,2024-10-28 04:00:52,2024-10-30 00:51:37,2024-10-30 00:51:37
436,325,127,1,2024-10-28 04:11:03,2024-10-28 04:11:03,
437,318,148,1,2024-10-28 12:55:24,2024-11-07 16:53:37,2024-11-07 16:53:37
438,318,142,1,2024-10-28 12:57:02,2024-11-07 16:55:20,2024-11-07 16:55:20
439,318,113,1,2024-10-28 12:59:09,2024-10-28 12:59:09,
440,318,102,1,2024-10-28 13:00:03,2024-10-28 13:00:03,
441,318,126,2,2024-10-28 13:01:20,2024-11-07 16:55:07,2024-11-07 16:55:07
442,318,141,1,2024-10-28 16:02:01,2024-10-28 16:02:01,
443,328,148,1,2024-10-28 17:53:28,2024-10-28 17:53:28,
444,330,148,2,2024-10-28 19:54:40,2024-10-28 19:54:48,2024-10-28 19:54:48
445,330,148,1,2024-10-28 19:54:56,2024-10-28 19:54:56,
446,331,102,2,2024-10-29 05:49:03,2024-10-29 05:49:18,2024-10-29 05:49:18
447,331,102,1,2024-10-29 05:49:31,2024-10-29 05:55:11,2024-10-29 05:55:11
448,331,103,1,2024-10-29 05:54:04,2024-10-29 05:54:46,2024-10-29 05:54:46
449,332,146,1,2024-10-29 16:40:44,2024-10-29 16:40:44,
450,333,147,1,2024-10-29 21:20:12,2024-10-29 21:20:25,2024-10-29 21:20:25
451,333,148,2,2024-10-29 21:20:22,2024-11-26 20:16:51,2024-11-26 20:16:51
452,333,127,2,2024-10-29 21:21:45,2024-11-13 01:28:58,2024-11-13 01:28:58
453,333,109,1,2024-10-29 21:22:11,2024-11-13 01:28:16,2024-11-13 01:28:16
454,255,55,1,2024-10-29 21:39:33,2024-10-29 21:39:33,
455,272,106,1,2024-10-29 22:24:31,2024-10-29 22:24:38,2024-10-29 22:24:38
456,334,148,1,2024-10-30 00:47:57,2024-10-30 00:47:57,
457,335,105,1,2024-10-30 20:54:32,2024-10-30 20:54:32,
458,337,102,0,2024-10-31 03:11:17,2024-12-21 00:12:59,2024-12-21 00:12:59
459,317,127,1,2024-10-31 04:08:43,2024-10-31 04:08:43,
460,339,138,1,2024-10-31 04:24:02,2024-10-31 04:24:02,
461,341,148,1,2024-10-31 06:06:51,2024-11-15 03:10:31,2024-11-15 03:10:31
462,341,142,2,2024-10-31 06:07:54,2024-10-31 17:54:32,2024-10-31 17:54:32
463,341,113,1,2024-10-31 06:08:23,2024-11-15 03:10:34,2024-11-15 03:10:34
464,341,104,1,2024-10-31 06:09:10,2024-10-31 17:53:50,2024-10-31 17:53:50
465,233,7,1,2024-10-31 12:14:02,2024-10-31 12:14:53,2024-10-31 12:14:53
466,233,44,1,2024-10-31 12:17:16,2024-12-18 14:41:34,2024-12-18 14:41:34
467,233,143,1,2024-10-31 12:25:33,2024-12-18 14:41:35,2024-12-18 14:41:35
468,342,44,1,2024-10-31 13:16:06,2024-11-29 18:43:14,2024-11-29 18:43:14
469,342,114,1,2024-10-31 13:16:27,2024-11-29 18:43:16,2024-11-29 18:43:16
470,342,143,1,2024-10-31 13:16:52,2024-11-29 18:43:18,2024-11-29 18:43:18
471,342,108,2,2024-10-31 13:17:27,2024-11-29 18:44:52,2024-11-29 18:44:52
472,326,147,1,2024-10-31 16:59:45,2024-10-31 17:00:04,2024-10-31 17:00:04
473,326,148,1,2024-10-31 16:59:51,2024-10-31 16:59:51,
474,341,142,2,2024-10-31 17:56:02,2024-11-04 16:09:50,2024-11-04 16:09:50
475,343,147,3,2024-11-01 02:30:18,2024-11-01 02:43:56,2024-11-01 02:43:56
476,343,147,1,2024-11-01 02:44:50,2024-11-01 02:44:50,
477,235,148,1,2024-11-01 12:23:52,2024-11-01 12:30:39,2024-11-01 12:30:39
478,235,148,1,2024-11-01 12:34:24,2024-11-01 12:34:24,
479,344,147,1,2024-11-01 13:15:08,2024-11-01 13:15:08,
480,15,147,1,2024-11-01 14:01:54,2024-12-14 18:12:12,2024-12-14 18:12:12
481,345,148,1,2024-11-01 16:33:13,2024-11-01 16:33:13,
482,238,103,1,2024-11-01 19:35:33,2024-11-01 19:35:33,
483,348,141,1,2024-11-01 22:58:36,2025-08-29 21:42:27,2025-08-29 21:42:27
484,349,137,1,2024-11-02 18:39:46,2024-11-02 18:39:46,
485,351,126,1,2024-11-02 21:55:59,2024-11-02 21:55:59,
486,350,137,1,2024-11-02 22:28:26,2024-11-04 19:07:07,2024-11-04 19:07:07
487,353,109,1,2024-11-03 01:43:11,2024-11-03 01:43:11,
488,353,102,1,2024-11-03 01:49:06,2024-11-03 01:49:06,
489,354,108,1,2024-11-03 03:28:11,2024-11-03 03:28:11,
490,355,147,1,2024-11-03 05:00:33,2024-12-31 11:25:47,2024-12-31 11:25:47
491,356,106,2,2024-11-04 04:23:02,2024-11-04 15:29:54,2024-11-04 15:29:54
492,357,144,2,2024-11-04 15:19:57,2024-11-19 01:28:40,2024-11-19 01:28:40
493,356,107,2,2024-11-04 15:29:08,2024-11-06 20:39:03,2024-11-06 20:39:03
494,356,137,2,2024-11-04 15:29:43,2024-11-06 20:39:06,2024-11-06 20:39:06
495,341,142,1,2024-11-04 16:10:16,2024-11-15 03:10:16,2024-11-15 03:10:16
496,358,129,1,2024-11-04 17:21:45,2024-11-04 17:21:45,
497,164,133,1,2024-11-04 19:46:52,2024-11-04 19:48:50,2024-11-04 19:48:50
498,331,102,1,2024-11-04 19:54:57,2024-11-04 19:54:57,
499,359,45,1,2024-11-04 22:31:25,2024-11-04 22:31:25,
500,361,108,2,2024-11-05 00:21:13,2024-11-05 00:21:16,
501,362,123,1,2024-11-05 03:43:30,2024-11-05 03:43:30,
502,363,123,1,2024-11-05 03:55:34,2024-11-05 03:55:34,
503,364,123,1,2024-11-05 04:08:34,2024-11-05 04:08:46,2024-11-05 04:08:46
504,365,147,1,2024-11-05 08:23:29,2025-02-15 00:56:00,2025-02-15 00:56:00
505,39,134,1,2024-11-05 12:26:13,2024-11-05 12:26:13,
506,39,107,1,2024-11-05 12:26:29,2024-11-05 12:26:29,
507,366,129,1,2024-11-05 13:11:43,2024-11-05 13:11:43,
508,347,148,1,2024-11-05 15:44:06,2024-11-05 15:44:13,2024-11-05 15:44:13
509,342,147,1,2024-11-05 17:49:37,2024-11-29 18:43:34,2024-11-29 18:43:34
510,342,126,1,2024-11-05 17:53:53,2024-11-29 18:43:21,2024-11-29 18:43:21
511,369,127,1,2024-11-05 20:51:53,2024-11-05 20:51:53,
512,371,138,1,2024-11-06 12:11:55,2024-11-06 12:11:55,
513,371,112,1,2024-11-06 12:13:18,2024-11-06 12:13:18,
514,373,148,1,2024-11-06 19:23:51,2024-11-06 19:23:51,
515,356,137,1,2024-11-06 20:39:12,2024-11-06 20:39:12,
516,356,107,3,2024-11-06 20:39:46,2024-11-06 21:51:44,2024-11-06 21:51:44
517,356,107,1,2024-11-06 21:51:53,2024-11-06 21:51:53,
518,318,126,1,2024-11-07 16:55:55,2024-11-07 16:55:55,
519,260,103,1,2024-11-07 18:17:08,2024-11-07 18:17:08,
520,378,129,2,2024-11-08 02:11:44,2024-11-08 02:12:26,2024-11-08 02:12:26
521,378,129,1,2024-11-08 02:14:44,2024-11-08 02:15:02,2024-11-08 02:15:02
522,378,127,1,2024-11-08 02:15:17,2024-11-08 02:16:04,2024-11-08 02:16:04
523,379,102,1,2024-11-08 19:25:33,2024-11-08 19:25:33,
524,377,104,1,2024-11-08 21:17:06,2024-12-27 01:19:25,2024-12-27 01:19:25
525,381,127,1,2024-11-08 23:09:05,2024-11-08 23:09:05,
526,225,109,1,2024-11-08 23:45:15,2024-11-08 23:45:15,
527,382,146,2,2024-11-09 04:02:52,2024-11-09 04:03:02,2024-11-09 04:03:02
528,382,146,3,2024-11-09 04:03:11,2024-11-13 03:19:41,2024-11-13 03:19:41
529,342,149,1,2024-11-10 18:43:25,2024-11-29 18:43:24,2024-11-29 18:43:24
530,383,103,1,2024-11-10 23:39:07,2024-11-10 23:39:07,
531,384,113,1,2024-11-11 00:47:57,2024-11-11 00:49:11,2024-11-11 00:49:11
532,385,58,1,2024-11-11 15:11:28,2024-11-11 15:11:28,
533,342,112,1,2024-11-11 17:20:02,2024-11-29 18:43:27,2024-11-29 18:43:27
534,386,128,1,2024-11-12 16:40:59,2024-11-12 16:41:18,2024-11-12 16:41:18
535,386,128,1,2024-11-12 16:41:54,2024-11-12 16:41:54,
536,386,105,1,2024-11-12 16:47:35,2024-11-12 16:47:35,
537,386,13,1,2024-11-12 17:07:46,2024-11-12 17:19:54,2024-11-12 17:19:54
538,388,111,1,2024-11-12 22:36:55,2024-11-12 22:36:55,
539,333,127,1,2024-11-13 01:29:35,2024-11-26 20:17:00,2024-11-26 20:17:00
540,382,146,3,2024-11-13 03:19:50,2024-11-13 03:25:07,2024-11-13 03:25:07
541,382,146,1,2024-11-13 03:25:13,2024-11-13 03:25:13,
542,390,142,1,2024-11-13 17:05:57,2024-11-13 17:05:57,
543,308,58,1,2024-11-14 02:52:44,2024-11-22 22:41:06,2024-11-22 22:41:06
544,391,28,1,2024-11-14 16:46:58,2024-11-14 16:46:58,
545,392,148,1,2024-11-14 21:54:48,2024-11-14 21:54:48,
546,393,128,1,2024-11-15 00:31:27,2024-11-16 20:50:33,2024-11-16 20:50:33
547,393,126,1,2024-11-15 00:31:47,2024-11-15 00:31:54,2024-11-15 00:31:54
548,341,148,1,2024-11-15 03:11:06,2024-11-15 03:11:06,
549,341,113,2,2024-11-15 03:11:40,2024-11-15 03:12:19,2024-11-15 03:12:19
550,341,113,1,2024-11-15 03:12:24,2024-11-15 04:07:06,2024-11-15 04:07:06
551,395,128,1,2024-11-15 22:09:09,2024-11-15 22:09:09,
552,395,126,1,2024-11-15 22:11:34,2024-11-15 22:11:49,2024-11-15 22:11:49
553,397,112,1,2024-11-16 05:30:30,2024-11-16 05:30:30,
554,393,139,1,2024-11-16 20:50:28,2024-11-16 20:50:28,
555,398,137,1,2024-11-16 21:17:05,2024-11-16 21:17:10,2024-11-16 21:17:10
556,398,138,1,2024-11-16 21:17:23,2024-11-16 21:17:34,2024-11-16 21:17:34
557,399,111,1,2024-11-17 04:22:29,2024-11-17 04:22:55,2024-11-17 04:22:55
558,400,145,1,2024-11-18 21:26:53,2024-11-18 21:26:53,
559,401,145,1,2024-11-19 00:45:28,2024-11-19 00:45:28,
560,357,144,2,2024-11-19 01:28:53,2024-11-23 00:31:01,2024-11-23 00:31:01
561,402,108,1,2024-11-19 02:42:55,2024-11-19 02:42:55,
562,404,127,1,2024-11-19 03:24:48,2024-11-19 03:24:48,
563,405,111,2,2024-11-19 12:49:16,2024-11-19 12:49:30,2024-11-19 12:49:30
564,405,111,1,2024-11-19 12:49:44,2024-11-19 12:49:44,
565,405,13,1,2024-11-19 12:50:02,2024-11-19 12:50:02,
566,406,66,1,2024-11-19 15:40:40,2024-11-19 15:40:40,
567,306,127,1,2024-11-19 15:56:16,2024-11-19 15:56:16,
568,162,127,2,2024-11-19 17:17:16,2024-11-19 17:17:37,2024-11-19 17:17:37
569,162,127,1,2024-11-19 17:18:03,2024-11-19 17:18:03,
570,407,113,1,2024-11-19 18:06:17,2024-11-19 18:06:17,
571,204,113,1,2024-11-19 19:42:34,2025-02-18 22:06:35,2025-02-18 22:06:35
572,204,109,1,2024-11-19 19:47:26,2025-02-18 22:06:40,2025-02-18 22:06:40
573,277,50,1,2024-11-20 03:00:11,2024-11-20 03:00:11,
574,273,106,1,2024-11-20 13:07:11,2024-11-20 13:07:11,
575,411,127,1,2024-11-21 12:44:02,2024-11-21 12:44:02,
576,151,148,1,2024-11-21 21:13:00,2024-11-21 21:13:00,
577,151,109,1,2024-11-21 21:16:51,2024-11-21 21:16:51,
578,364,142,3,2024-11-21 23:16:12,2024-11-24 17:34:44,2024-11-24 17:34:44
579,413,147,1,2024-11-22 00:42:14,2024-11-22 00:42:14,
580,308,126,3,2024-11-22 22:40:39,2024-11-26 20:14:30,2024-11-26 20:14:30
581,414,144,2,2024-11-23 00:14:25,2024-11-23 00:14:28,
582,357,144,1,2024-11-23 00:31:09,2024-11-25 23:39:08,2024-11-25 23:39:08
583,415,148,2,2024-11-23 01:11:33,2024-11-23 21:59:40,2024-11-23 21:59:40
584,416,128,0,2024-11-23 04:37:13,2025-11-14 01:05:38,2025-11-14 01:05:38
585,417,152,1,2024-11-23 17:22:39,2024-11-23 17:22:39,
586,415,148,1,2024-11-23 22:00:16,2024-11-23 22:00:16,
587,419,137,1,2024-11-23 23:03:32,2024-11-23 23:10:16,2024-11-23 23:10:16
588,419,8,1,2024-11-23 23:04:44,2024-11-25 20:32:58,2024-11-25 20:32:58
589,419,128,3,2024-11-23 23:05:38,2024-11-23 23:09:28,2024-11-23 23:09:28
590,419,128,2,2024-11-23 23:09:55,2024-11-25 20:33:10,2024-11-25 20:33:10
591,419,126,1,2024-11-23 23:09:58,2024-11-23 23:10:11,2024-11-23 23:10:11
592,420,127,1,2024-11-24 08:42:25,2024-11-24 08:42:25,
593,364,142,1,2024-11-24 17:34:54,2025-06-11 22:00:00,2025-06-11 22:00:00
594,421,139,1,2024-11-24 18:20:33,2024-11-24 18:20:53,2024-11-24 18:20:53
595,422,140,1,2024-11-24 19:20:05,2024-11-24 19:20:05,
596,422,127,2,2024-11-24 19:20:30,2024-11-24 19:20:39,2024-11-24 19:20:39
597,425,142,2,2024-11-24 22:30:22,2024-11-25 20:41:50,2024-11-25 20:41:50
598,426,126,1,2024-11-25 02:12:36,2024-11-25 02:12:36,
599,427,126,1,2024-11-25 02:23:35,2024-11-25 02:23:35,
600,164,39,1,2024-11-25 04:34:06,2024-11-25 04:34:06,
601,403,132,2,2024-11-25 18:06:22,2024-11-25 18:07:06,2024-11-25 18:07:06
602,403,131,1,2024-11-25 18:06:59,2024-11-25 18:07:05,2024-11-25 18:07:05
603,403,132,1,2024-11-25 18:09:08,2024-12-07 13:50:01,2024-12-07 13:50:01
604,430,142,2,2024-11-25 19:06:33,2024-11-25 19:08:20,2024-11-25 19:08:20
605,430,142,1,2024-11-25 19:08:43,2024-11-25 19:08:43,
606,432,147,1,2024-11-25 19:55:32,2024-11-25 23:55:40,2024-11-25 23:55:40
607,433,127,1,2024-11-25 20:24:23,2024-11-25 20:24:23,
608,419,128,2,2024-11-25 20:33:28,2024-11-25 20:33:35,2024-11-25 20:33:35
609,419,128,1,2024-11-25 20:34:12,2024-11-25 20:34:12,
610,223,62,1,2024-11-25 20:34:47,2024-11-30 15:50:04,2024-11-30 15:50:04
611,425,142,1,2024-11-25 20:41:58,2024-11-25 20:41:58,
612,425,112,1,2024-11-25 20:45:23,2024-11-25 20:45:35,2024-11-25 20:45:35
613,435,147,1,2024-11-25 20:54:11,2024-11-25 20:55:20,2024-11-25 20:55:20
614,435,142,1,2024-11-25 20:55:51,2025-02-22 02:29:15,2025-02-22 02:29:15
615,288,145,1,2024-11-25 20:56:17,2024-11-28 20:15:28,2024-11-28 20:15:28
616,288,126,1,2024-11-25 20:56:54,2024-11-28 20:15:42,2024-11-28 20:15:42
617,392,147,1,2024-11-25 21:03:12,2024-11-25 21:03:23,2024-11-25 21:03:23
618,436,127,1,2024-11-25 21:07:15,2024-11-25 21:07:15,
619,437,127,1,2024-11-25 21:13:38,2024-11-25 21:13:38,
620,438,147,1,2024-11-25 21:26:47,2024-11-25 21:26:47,
621,441,45,1,2024-11-25 21:51:39,2024-11-25 21:51:39,
622,441,47,1,2024-11-25 21:51:42,2024-11-25 21:51:42,
623,347,104,1,2024-11-25 21:54:38,2024-11-27 00:43:03,2024-11-27 00:43:03
624,291,104,1,2024-11-25 21:55:13,2024-11-25 21:55:13,
625,443,113,1,2024-11-25 22:04:51,2024-11-29 05:04:27,2024-11-29 05:04:27
626,445,53,1,2024-11-25 22:21:37,2024-11-25 22:21:37,
627,446,129,2,2024-11-25 22:23:01,2024-11-27 20:14:08,2024-11-27 20:14:08
628,446,84,1,2024-11-25 22:24:09,2024-11-27 20:14:48,2024-11-27 20:14:48
629,445,141,1,2024-11-25 22:25:34,2024-11-25 22:25:34,
630,445,137,1,2024-11-25 22:26:27,2024-11-25 22:29:32,2024-11-25 22:29:32
631,445,12,1,2024-11-25 22:26:57,2024-11-25 23:49:29,2024-11-25 23:49:29
632,445,44,1,2024-11-25 22:27:33,2024-11-25 22:32:29,2024-11-25 22:32:29
633,446,100,1,2024-11-25 22:28:25,2024-11-27 20:14:11,2024-11-27 20:14:11
634,445,58,1,2024-11-25 22:28:44,2024-11-25 22:43:06,2024-11-25 22:43:06
635,447,123,1,2024-11-25 22:30:13,2024-11-25 22:30:13,
636,92,123,1,2024-11-25 22:32:30,2024-11-25 22:32:30,
637,445,147,1,2024-11-25 22:32:59,2024-11-25 22:32:59,
638,445,122,1,2024-11-25 22:33:55,2024-11-25 22:35:21,2024-11-25 22:35:21
639,445,123,1,2024-11-25 22:34:17,2024-11-25 22:49:13,2024-11-25 22:49:13
640,449,142,1,2024-11-25 22:35:51,2024-11-25 22:35:51,
641,450,147,1,2024-11-25 22:41:35,2024-11-25 22:41:35,
642,445,153,1,2024-11-25 22:42:03,2024-11-26 02:44:14,2024-11-26 02:44:14
643,452,114,1,2024-11-25 23:06:29,2024-11-25 23:27:21,2024-11-25 23:27:21
644,452,126,1,2024-11-25 23:32:32,2024-11-25 23:32:32,
645,445,123,1,2024-11-25 23:47:35,2024-11-25 23:48:39,2024-11-25 23:48:39
646,432,147,1,2024-11-25 23:56:08,2024-11-25 23:56:08,
647,357,143,1,2024-11-26 00:13:34,2024-11-26 00:16:24,2024-11-26 00:16:24
648,357,143,1,2024-11-26 00:16:35,2024-11-26 00:16:35,
649,453,102,1,2024-11-26 00:18:27,2024-11-26 00:18:27,
650,453,112,1,2024-11-26 00:19:22,2024-11-26 00:19:22,
651,417,154,1,2024-11-26 00:23:21,2024-11-26 00:24:00,2024-11-26 00:24:00
652,417,155,1,2024-11-26 00:23:51,2024-11-26 00:23:51,
653,455,127,0,2024-11-26 00:53:32,2025-02-03 19:00:09,2025-02-03 19:00:09
654,456,128,2,2024-11-26 00:58:59,2024-11-26 00:59:04,
655,459,145,1,2024-11-26 01:11:25,2024-11-26 01:11:25,
656,459,133,1,2024-11-26 01:12:08,2024-11-26 01:12:08,
657,440,126,1,2024-11-26 01:25:34,2024-11-26 01:25:34,
658,413,142,1,2024-11-26 01:38:44,2024-11-26 01:38:44,
659,413,113,1,2024-11-26 01:39:35,2024-11-26 01:39:35,
660,445,152,1,2024-11-26 02:42:59,2024-11-26 02:47:12,2024-11-26 02:47:12
661,445,152,1,2024-11-26 02:54:02,2024-11-26 02:54:26,2024-11-26 02:54:26
662,463,109,1,2024-11-26 06:48:16,2024-11-26 06:48:16,
663,423,122,1,2024-11-26 09:15:08,2024-11-26 09:17:00,2024-11-26 09:17:00
664,423,104,1,2024-11-26 09:16:10,2024-11-26 09:17:01,2024-11-26 09:17:01
665,423,105,1,2024-11-26 09:19:34,2025-02-23 19:33:11,2025-02-23 19:33:11
666,465,141,1,2024-11-26 10:34:34,2024-11-26 10:34:34,
667,465,143,1,2024-11-26 10:34:40,2024-11-26 10:34:40,
668,468,147,1,2024-11-26 14:24:52,2024-11-26 14:24:52,
669,420,129,1,2024-11-26 14:29:36,2024-11-26 19:22:19,2024-11-26 19:22:19
670,372,11,1,2024-11-26 15:28:29,2024-11-26 15:28:29,
671,372,129,1,2024-11-26 15:29:40,2024-11-27 00:49:27,2024-11-27 00:49:27
672,470,122,1,2024-11-26 16:25:33,2024-11-26 16:25:33,
673,408,105,2,2024-11-26 19:25:11,2024-11-26 19:27:30,2024-11-26 19:27:30
674,408,105,1,2024-11-26 19:27:44,2024-11-26 19:27:44,
675,308,126,1,2024-11-26 20:15:29,2024-11-26 20:15:29,
676,333,148,2,2024-11-26 20:17:08,2024-11-26 20:47:35,2024-11-26 20:47:35
677,333,127,2,2024-11-26 20:18:18,2024-11-26 20:47:37,2024-11-26 20:47:37
678,461,149,1,2024-11-26 21:30:48,2024-12-07 06:50:06,2024-12-07 06:50:06
679,474,147,0,2024-11-26 21:49:45,2025-09-13 20:33:28,2025-09-13 20:33:28
680,475,148,1,2024-11-26 21:51:27,2024-11-26 21:52:04,2024-11-26 21:52:04
681,475,147,1,2024-11-26 21:51:56,2025-01-17 20:47:31,2025-01-17 20:47:31
682,476,108,1,2024-11-26 22:20:19,2024-11-26 22:20:19,
683,476,64,1,2024-11-26 22:23:20,2024-11-26 22:23:20,
684,462,106,1,2024-11-26 22:30:35,2024-11-26 22:30:35,
685,478,104,2,2024-11-26 23:02:53,2024-11-26 23:06:55,2024-11-26 23:06:55
686,478,106,1,2024-11-26 23:06:40,2024-11-26 23:06:40,
687,478,104,1,2024-11-26 23:07:07,2024-11-26 23:07:07,
688,480,113,1,2024-11-27 00:18:45,2024-11-27 00:18:45,
689,481,147,1,2024-11-27 00:20:21,2024-11-27 00:20:21,
690,481,64,1,2024-11-27 00:22:46,2024-11-27 00:22:46,
691,347,102,1,2024-11-27 00:42:52,2024-11-27 00:42:52,
692,484,113,1,2024-11-27 01:27:09,2024-12-19 18:08:15,2024-12-19 18:08:15
693,372,50,1,2024-11-27 01:37:33,2024-11-27 01:37:33,
694,389,144,1,2024-11-27 01:57:31,2024-11-27 01:57:31,
695,380,58,2,2024-11-27 03:19:39,2024-11-27 14:58:06,2024-11-27 14:58:06
696,380,145,2,2024-11-27 03:20:34,2024-11-27 16:55:29,2024-11-27 16:55:29
697,71,58,1,2024-11-27 04:37:51,2024-11-27 04:37:51,
698,445,151,1,2024-11-27 13:58:12,2024-11-28 01:50:38,2024-11-28 01:50:38
699,488,44,1,2024-11-27 14:35:13,2024-11-27 14:35:13,
700,488,122,1,2024-11-27 14:36:04,2024-11-27 14:36:04,
701,488,113,1,2024-11-27 14:37:06,2024-11-27 14:37:06,
702,380,58,1,2024-11-27 14:58:22,2024-11-27 14:58:22,
703,482,129,1,2024-11-27 15:53:44,2024-11-27 20:12:57,2024-11-27 20:12:57
704,489,147,1,2024-11-27 16:33:03,2024-11-27 16:49:20,2024-11-27 16:49:20
705,380,145,1,2024-11-27 16:55:42,2024-11-27 16:55:42,
706,492,114,1,2024-11-27 18:22:26,2024-11-30 10:54:35,2024-11-30 10:54:35
707,493,114,1,2024-11-27 18:24:38,2024-11-27 18:24:38,
708,247,147,1,2024-11-27 20:07:33,2024-11-27 20:07:33,
709,482,129,2,2024-11-27 20:13:32,2024-11-27 20:13:38,2024-11-27 20:13:38
710,482,129,1,2024-11-27 20:13:51,2024-11-27 20:13:51,
711,446,129,1,2024-11-27 20:14:33,2024-11-27 20:14:33,
712,496,141,1,2024-11-27 20:30:58,2024-11-28 11:20:17,2024-11-28 11:20:17
713,497,41,1,2024-11-27 20:33:32,2024-11-27 20:33:32,
714,496,150,2,2024-11-27 20:33:45,2024-11-27 21:17:58,2024-11-27 21:17:58
715,496,122,1,2024-11-27 20:37:45,2024-11-27 20:38:40,2024-11-27 20:38:40
716,496,150,1,2024-11-27 21:18:08,2024-11-28 11:20:18,2024-11-28 11:20:18
717,448,100,1,2024-11-27 21:20:48,2024-11-27 21:20:48,
718,499,28,1,2024-11-27 21:34:34,2024-11-27 21:34:34,
719,500,148,1,2024-11-27 21:35:07,2024-11-27 21:35:07,
720,501,66,1,2024-11-27 21:41:06,2024-11-28 01:07:39,2024-11-28 01:07:39
721,502,113,3,2024-11-27 22:31:11,2024-11-27 22:37:01,2024-11-27 22:37:01
722,502,113,2,2024-11-27 22:37:06,2024-11-29 17:06:34,2024-11-29 17:06:34
723,504,110,3,2024-11-27 23:12:09,2024-11-27 23:12:33,2024-11-27 23:12:33
724,504,112,1,2024-11-27 23:13:44,2024-11-27 23:13:44,
725,505,148,2,2024-11-27 23:34:12,2024-11-27 23:37:15,2024-11-27 23:37:15
726,505,148,0,2024-11-27 23:37:28,2025-01-20 18:39:12,2025-01-20 18:39:12
727,506,148,1,2024-11-27 23:50:43,2024-11-27 23:50:43,
728,507,66,1,2024-11-28 00:54:25,2024-11-28 12:37:18,2024-11-28 12:37:18
729,442,142,1,2024-11-28 01:06:02,2024-11-28 01:06:02,
730,509,149,1,2024-11-28 01:33:40,2024-11-28 01:33:40,
731,510,126,1,2024-11-28 01:36:23,2024-11-28 01:36:23,
732,510,36,1,2024-11-28 01:40:03,2024-11-28 01:40:03,
733,512,154,1,2024-11-28 01:56:52,2024-11-28 01:56:52,
734,501,66,1,2024-11-28 03:11:47,2024-11-28 03:12:35,2024-11-28 03:12:35
735,501,77,1,2024-11-28 03:12:18,2024-11-28 03:12:37,2024-11-28 03:12:37
736,501,77,1,2024-11-28 03:12:53,2024-11-28 03:14:05,2024-11-28 03:14:05
737,516,124,1,2024-11-28 03:21:01,2024-11-28 03:21:01,
738,501,77,1,2024-11-28 03:35:18,2024-11-28 03:36:16,2024-11-28 03:36:16
739,501,66,1,2024-11-28 03:40:55,2024-11-28 03:41:12,2024-11-28 03:41:12
740,518,45,1,2024-11-28 04:44:01,2024-11-28 04:44:01,
741,519,126,0,2024-11-28 05:05:13,2025-02-13 03:08:03,2025-02-13 03:08:03
742,520,110,1,2024-11-28 05:59:02,2024-11-28 05:59:02,
743,521,109,2,2024-11-28 06:41:28,2024-11-28 06:44:47,2024-11-28 06:44:47
744,521,109,1,2024-11-28 06:45:00,2024-11-29 16:48:17,2024-11-29 16:48:17
745,521,122,1,2024-11-28 06:47:15,2024-11-28 13:33:13,2024-11-28 13:33:13
746,501,77,1,2024-11-28 11:52:56,2024-11-28 11:54:02,2024-11-28 11:54:02
747,501,77,1,2024-11-28 12:20:38,2024-11-28 12:26:06,2024-11-28 12:26:06
748,501,77,1,2024-11-28 12:26:13,2024-11-28 12:47:14,2024-11-28 12:47:14
749,507,133,2,2024-11-28 12:37:44,2024-11-28 12:38:08,2024-11-28 12:38:08
750,507,133,1,2024-11-28 12:38:13,2024-11-28 12:38:13,
751,501,77,1,2024-11-28 12:47:27,2024-11-28 12:47:27,
752,501,88,1,2024-11-28 12:48:45,2024-11-28 12:48:45,
753,501,12,1,2024-11-28 13:02:59,2024-11-28 13:02:59,
754,525,106,1,2024-11-28 14:23:51,2024-11-28 14:23:51,
755,525,104,1,2024-11-28 14:28:21,2024-11-28 14:28:21,
756,472,64,0,2024-11-28 17:12:08,2024-12-29 01:54:53,2024-12-29 01:54:53
757,527,149,1,2024-11-28 17:19:37,2024-11-28 17:22:20,2024-11-28 17:22:20
758,527,147,1,2024-11-28 17:19:50,2024-11-28 17:25:53,2024-11-28 17:25:53
759,527,148,1,2024-11-28 17:25:40,2024-11-28 17:25:40,
760,528,114,1,2024-11-28 19:00:33,2024-11-28 19:00:33,
761,529,126,1,2024-11-28 20:26:10,2024-11-28 20:26:10,
762,531,147,3,2024-11-29 00:14:55,2024-11-29 00:15:07,
763,530,148,1,2024-11-29 00:29:20,2024-11-29 00:29:20,
764,421,140,1,2024-11-29 01:43:27,2025-01-06 01:07:20,2025-01-06 01:07:20
765,119,129,1,2024-11-29 01:43:32,2024-11-29 01:43:32,
766,421,165,1,2024-11-29 01:43:40,2024-11-29 01:43:49,2024-11-29 01:43:49
767,421,138,1,2024-11-29 01:43:57,2024-11-29 01:44:02,2024-11-29 01:44:02
768,532,147,1,2024-11-29 01:48:25,2024-11-29 01:48:25,
769,533,12,1,2024-11-29 01:49:08,2024-11-29 01:49:08,
770,533,9,1,2024-11-29 01:49:27,2024-11-29 01:49:27,
771,534,102,1,2024-11-29 01:58:39,2024-11-29 01:58:39,
772,534,110,1,2024-11-29 01:59:38,2024-11-29 01:59:38,
773,534,104,1,2024-11-29 01:59:56,2024-11-29 01:59:56,
774,429,102,1,2024-11-29 02:29:57,2024-11-29 02:29:57,
775,535,113,1,2024-11-29 02:33:08,2024-11-29 22:20:02,2024-11-29 22:20:02
776,523,88,1,2024-11-29 02:51:00,2024-11-29 02:51:20,2024-11-29 02:51:20
777,538,149,1,2024-11-29 02:53:28,2024-11-29 02:53:28,
778,537,106,2,2024-11-29 03:04:42,2024-11-29 12:23:02,2024-11-29 12:23:02
779,539,16,1,2024-11-29 03:14:01,2024-11-29 03:14:01,
780,540,147,1,2024-11-29 03:23:23,2024-11-29 03:23:43,2024-11-29 03:23:43
781,541,99,1,2024-11-29 03:36:58,2024-11-29 03:36:58,
782,542,126,1,2024-11-29 04:52:16,2024-11-29 04:52:16,
783,443,148,2,2024-11-29 05:04:13,2024-11-29 05:04:31,2024-11-29 05:04:31
784,443,147,1,2024-11-29 05:04:49,2024-11-29 19:16:54,2024-11-29 19:16:54
785,543,148,1,2024-11-29 05:11:29,2024-11-29 05:11:29,
786,545,113,1,2024-11-29 05:28:28,2024-11-29 05:28:28,
787,544,102,0,2024-11-29 05:29:18,2024-11-29 15:11:38,2024-11-29 15:11:38
788,544,141,1,2024-11-29 05:30:11,2024-11-29 05:30:11,
789,546,102,1,2024-11-29 05:37:31,2024-11-29 05:37:31,
790,547,109,1,2024-11-29 06:07:09,2024-11-29 06:07:09,
791,464,129,1,2024-11-29 06:11:04,2024-11-29 06:11:19,2024-11-29 06:11:19
792,548,126,1,2024-11-29 06:30:10,2024-11-29 06:30:29,2024-11-29 06:30:29
793,549,114,1,2024-11-29 07:57:09,2024-11-29 07:57:09,
794,549,28,1,2024-11-29 07:58:16,2024-11-29 07:58:16,
795,550,135,1,2024-11-29 10:25:30,2024-11-29 10:25:30,
796,550,133,1,2024-11-29 10:25:57,2024-11-29 10:37:01,2024-11-29 10:37:01
797,551,113,1,2024-11-29 11:38:14,2024-11-29 11:38:14,
798,552,102,1,2024-11-29 11:47:33,2024-11-29 11:47:33,
799,537,106,1,2024-11-29 12:23:08,2024-11-29 17:04:02,2024-11-29 17:04:02
800,555,106,1,2024-11-29 12:47:03,2024-11-29 21:57:01,2024-11-29 21:57:01
801,555,66,1,2024-11-29 12:48:21,2024-11-29 21:56:57,2024-11-29 21:56:57
802,556,129,1,2024-11-29 12:49:09,2024-11-29 12:49:31,2024-11-29 12:49:31
803,556,148,1,2024-11-29 12:52:31,2024-11-29 12:53:30,2024-11-29 12:53:30
804,556,127,1,2024-11-29 12:54:21,2024-11-29 12:54:21,
805,555,127,1,2024-11-29 12:58:45,2024-11-29 13:00:50,2024-11-29 13:00:50
806,555,129,1,2024-11-29 13:00:20,2024-12-01 00:22:02,2024-12-01 00:22:02
807,557,149,1,2024-11-29 13:59:05,2024-11-29 13:59:48,2024-11-29 13:59:48
808,558,149,1,2024-11-29 14:22:54,2024-11-29 14:22:54,
809,559,126,1,2024-11-29 14:24:24,2024-11-29 14:24:24,
810,560,149,1,2024-11-29 14:32:40,2024-11-29 14:32:40,
811,558,145,1,2024-11-29 14:40:07,2024-11-29 14:41:04,2024-11-29 14:41:04
812,561,103,1,2024-11-29 15:03:52,2024-11-29 15:03:52,
813,562,56,1,2024-11-29 15:06:03,2024-11-29 15:06:41,2024-11-29 15:06:41
814,562,55,1,2024-11-29 15:06:37,2024-11-29 15:06:37,
815,563,145,4,2024-11-29 15:30:38,2024-11-29 15:30:46,
816,565,110,1,2024-11-29 15:44:12,2024-11-29 15:45:07,2024-11-29 15:45:07
817,566,149,2,2024-11-29 15:54:55,2024-11-29 15:55:20,2024-11-29 15:55:20
818,566,149,1,2024-11-29 15:55:51,2024-11-29 15:55:51,
819,564,145,1,2024-11-29 16:39:22,2024-11-29 17:32:08,2024-11-29 17:32:08
820,567,146,1,2024-11-29 16:45:19,2024-11-29 16:45:19,
821,521,108,1,2024-11-29 16:48:12,2024-11-29 16:51:53,2024-11-29 16:51:53
822,569,148,1,2024-11-29 17:01:31,2024-11-29 17:01:31,
823,537,108,2,2024-11-29 17:03:57,2024-11-29 17:26:51,2024-11-29 17:26:51
824,521,108,1,2024-11-29 17:10:00,2024-11-29 17:19:17,2024-11-29 17:19:17
825,570,148,1,2024-11-29 17:10:17,2024-11-29 17:10:17,
826,537,108,1,2024-11-29 17:27:00,2024-11-29 17:27:00,
827,571,147,2,2024-11-29 17:44:28,2024-11-29 23:43:42,2024-11-29 23:43:42
828,572,37,1,2024-11-29 18:03:00,2024-11-29 18:08:03,2024-11-29 18:08:03
829,573,126,1,2024-11-29 18:08:05,2024-11-29 18:08:05,
830,573,127,1,2024-11-29 18:08:12,2024-11-29 18:08:12,
831,574,106,1,2024-11-29 18:20:58,2024-11-29 18:21:11,2024-11-29 18:21:11
832,574,109,1,2024-11-29 18:21:04,2024-11-29 18:21:04,
833,342,108,1,2024-11-29 18:45:56,2024-11-29 18:45:56,
834,575,149,4,2024-11-29 18:53:21,2024-11-29 18:54:03,2024-11-29 18:54:03
835,575,149,1,2024-11-29 18:54:07,2024-11-29 18:54:07,
836,443,148,1,2024-11-29 19:16:44,2024-12-02 17:19:17,2024-12-02 17:19:17
837,577,113,2,2024-11-29 19:41:47,2024-11-29 19:42:02,2024-11-29 19:42:02
838,577,113,1,2024-11-29 19:42:16,2024-11-29 19:42:16,
839,578,147,1,2024-11-29 19:44:55,2024-11-29 19:44:55,
840,579,141,1,2024-11-29 20:00:51,2024-11-29 20:01:33,2024-11-29 20:01:33
841,579,142,2,2024-11-29 20:01:22,2024-11-29 23:31:09,2024-11-29 23:31:09
842,580,148,1,2024-11-29 20:32:51,2024-11-29 20:32:51,
843,581,58,3,2024-11-29 20:50:00,2025-01-16 20:11:44,2025-01-16 20:11:44
844,583,126,2,2024-11-29 21:02:10,2024-11-29 23:50:32,2024-11-29 23:50:32
845,586,105,1,2024-11-29 21:48:56,2024-11-29 21:48:56,
846,587,114,2,2024-11-29 21:49:31,2024-11-29 21:49:55,2024-11-29 21:49:55
847,587,114,1,2024-11-29 21:50:16,2024-11-29 22:03:13,2024-11-29 22:03:13
848,588,122,1,2024-11-29 21:54:24,2024-11-29 21:54:24,
849,535,142,1,2024-11-29 22:19:17,2024-11-29 22:19:17,
850,590,110,1,2024-11-29 22:26:46,2024-11-29 22:26:46,
851,591,148,1,2024-11-29 22:41:02,2024-11-29 22:41:02,
852,592,147,1,2024-11-29 22:52:00,2024-11-29 22:52:00,
853,593,122,1,2024-11-29 23:01:48,2024-12-11 01:09:51,2024-12-11 01:09:51
854,555,64,1,2024-11-29 23:10:31,2024-11-30 03:35:21,2024-11-30 03:35:21
855,579,142,2,2024-11-29 23:31:23,2024-11-29 23:31:36,2024-11-29 23:31:36
856,579,141,1,2024-11-29 23:31:41,2024-11-29 23:31:41,
857,571,147,1,2024-11-29 23:43:49,2024-11-29 23:43:49,
858,458,103,1,2024-11-29 23:47:51,2024-11-29 23:47:51,
859,458,104,1,2024-11-29 23:48:38,2024-11-29 23:48:38,
860,583,126,1,2024-11-29 23:50:35,2024-11-29 23:50:35,
861,521,108,1,2024-11-29 23:54:10,2024-11-29 23:54:10,
862,597,45,1,2024-11-29 23:58:29,2024-11-29 23:58:29,
863,524,20,1,2024-11-30 00:34:26,2024-11-30 00:34:26,
864,599,127,1,2024-11-30 00:35:30,2024-11-30 00:35:53,2024-11-30 00:35:53
865,599,122,1,2024-11-30 00:39:11,2024-11-30 01:14:13,2024-11-30 01:14:13
866,601,19,1,2024-11-30 01:05:47,2024-11-30 01:05:47,
867,601,37,1,2024-11-30 01:07:23,2024-11-30 01:16:05,2024-11-30 01:16:05
868,601,13,1,2024-11-30 01:08:11,2024-11-30 01:08:11,
869,601,67,1,2024-11-30 01:11:20,2024-11-30 01:15:36,2024-11-30 01:15:36
870,601,69,1,2024-11-30 01:11:22,2024-11-30 01:11:22,
871,601,134,1,2024-11-30 01:12:11,2024-11-30 01:12:11,
872,601,33,1,2024-11-30 01:14:05,2024-11-30 01:14:05,
873,599,105,1,2024-11-30 01:14:57,2024-11-30 01:14:57,
874,601,105,1,2024-11-30 01:15:16,2024-11-30 01:15:16,
875,602,126,1,2024-11-30 01:16:02,2024-11-30 01:16:02,
876,604,149,1,2024-11-30 02:20:26,2024-11-30 02:20:26,
877,605,147,1,2024-11-30 02:22:25,2024-11-30 02:25:45,2024-11-30 02:25:45
878,606,149,1,2024-11-30 03:06:34,2024-11-30 03:06:34,
879,555,127,1,2024-11-30 03:34:54,2024-11-30 03:35:24,2024-11-30 03:35:24
880,607,30,1,2024-11-30 05:29:46,2024-11-30 05:29:46,
881,607,32,1,2024-11-30 05:31:36,2024-11-30 05:32:05,2024-11-30 05:32:05
882,609,17,1,2024-11-30 13:54:32,2024-11-30 13:54:32,
883,487,36,1,2024-11-30 15:03:07,2024-11-30 15:03:07,
884,223,124,1,2024-11-30 15:38:56,2024-11-30 15:38:56,
885,223,135,1,2024-11-30 15:57:44,2024-11-30 15:58:01,2024-11-30 15:58:01
886,223,113,0,2024-11-30 15:57:58,2025-05-27 12:17:57,2025-05-27 12:17:57
887,611,127,1,2024-11-30 16:26:37,2024-11-30 16:26:37,
888,613,125,1,2024-11-30 19:37:37,2024-11-30 19:37:37,
889,614,141,1,2024-11-30 19:43:05,2024-11-30 19:45:15,2024-11-30 19:45:15
890,614,30,2,2024-11-30 19:45:07,2024-11-30 19:45:17,2024-11-30 19:45:17
891,614,30,1,2024-11-30 19:45:24,2024-11-30 19:45:24,
892,401,128,1,2024-11-30 20:00:22,2024-11-30 20:00:22,
893,615,147,1,2024-11-30 21:29:59,2024-11-30 21:29:59,
894,615,58,1,2024-11-30 21:34:12,2024-11-30 21:34:12,
895,615,133,1,2024-11-30 21:34:26,2024-11-30 21:34:26,
896,288,128,1,2024-11-30 21:39:44,2024-11-30 21:39:44,
897,615,8,1,2024-11-30 21:40:06,2024-12-01 21:09:48,2024-12-01 21:09:48
898,288,126,1,2024-11-30 21:40:14,2024-11-30 21:40:23,2024-11-30 21:40:23
899,615,114,1,2024-11-30 21:40:46,2024-12-02 03:42:56,2024-12-02 03:42:56
900,615,50,1,2024-11-30 21:41:42,2024-12-02 03:43:14,2024-12-02 03:43:14
901,615,19,1,2024-11-30 21:53:05,2024-12-02 03:19:19,2024-12-02 03:19:19
902,615,64,1,2024-11-30 21:54:12,2024-11-30 21:54:12,
903,617,109,2,2024-11-30 23:56:35,2024-11-30 23:56:59,2024-11-30 23:56:59
904,617,109,1,2024-11-30 23:57:12,2024-11-30 23:57:12,
905,555,127,1,2024-12-01 00:21:54,2024-12-01 00:21:54,
906,618,126,1,2024-12-01 00:29:15,2024-12-06 04:17:04,2024-12-06 04:17:04
907,615,116,1,2024-12-01 00:58:02,2024-12-02 03:16:35,2024-12-02 03:16:35
908,619,140,1,2024-12-01 02:05:29,2024-12-01 02:05:29,
909,619,92,1,2024-12-01 02:06:15,2024-12-01 02:06:15,
910,619,92,1,2024-12-01 02:06:15,2024-12-01 02:06:54,2024-12-01 02:06:54
911,620,147,1,2024-12-01 02:56:07,2024-12-01 02:56:07,
912,621,28,1,2024-12-01 03:00:11,2024-12-01 03:00:11,
913,624,103,1,2024-12-01 12:52:36,2024-12-01 12:52:36,
914,625,147,1,2024-12-01 17:26:07,2024-12-01 17:26:07,
915,626,127,1,2024-12-01 18:17:17,2024-12-01 18:17:17,
916,550,133,1,2024-12-01 18:39:52,2024-12-01 18:39:52,
917,628,149,1,2024-12-01 18:44:06,2024-12-01 18:47:22,2024-12-01 18:47:22
918,628,133,1,2024-12-01 18:59:04,2024-12-01 18:59:28,2024-12-01 18:59:28
919,628,113,1,2024-12-01 19:00:10,2024-12-01 19:00:27,2024-12-01 19:00:27
920,630,127,1,2024-12-01 19:00:58,2024-12-01 23:41:12,2024-12-01 23:41:12
921,628,141,1,2024-12-01 19:01:14,2024-12-01 19:01:27,2024-12-01 19:01:27
922,631,147,2,2024-12-01 19:13:40,2024-12-01 19:13:50,2024-12-01 19:13:50
923,631,148,1,2024-12-01 19:13:46,2024-12-01 19:14:00,2024-12-01 19:14:00
924,631,148,2,2024-12-01 19:14:20,2024-12-01 19:15:09,2024-12-01 19:15:09
925,628,149,1,2024-12-01 19:14:31,2024-12-01 19:14:55,2024-12-01 19:14:55
926,631,148,1,2024-12-01 19:15:57,2024-12-01 19:15:57,
927,628,145,1,2024-12-01 22:41:58,2024-12-01 22:42:20,2024-12-01 22:42:20
928,628,149,1,2024-12-01 23:36:17,2024-12-01 23:36:17,
929,630,126,1,2024-12-01 23:41:01,2024-12-01 23:41:34,2024-12-01 23:41:34
930,630,127,1,2024-12-01 23:41:27,2024-12-01 23:41:27,
931,634,126,1,2024-12-02 01:32:30,2024-12-05 07:41:53,2024-12-05 07:41:53
932,615,7,2,2024-12-02 03:17:33,2024-12-02 03:18:07,2024-12-02 03:18:07
933,615,66,1,2024-12-02 03:18:26,2024-12-02 03:18:26,
934,615,36,1,2024-12-02 03:18:37,2024-12-02 03:18:37,
935,615,40,1,2024-12-02 03:19:08,2024-12-02 03:19:08,
936,615,96,1,2024-12-02 03:24:31,2024-12-02 03:24:31,
937,635,148,1,2024-12-02 03:29:41,2024-12-02 03:29:41,
938,636,147,1,2024-12-02 03:49:26,2024-12-02 03:49:26,
939,630,126,1,2024-12-02 05:20:47,2024-12-02 05:20:53,2024-12-02 05:20:53
940,637,109,1,2024-12-02 09:11:09,2024-12-02 09:11:09,
941,638,147,3,2024-12-02 12:27:40,2024-12-02 12:27:56,2024-12-02 12:27:56
942,638,147,1,2024-12-02 12:28:00,2024-12-02 12:28:00,
943,443,105,1,2024-12-02 17:19:13,2024-12-02 17:19:13,
944,639,147,2,2024-12-02 19:08:55,2024-12-28 23:30:59,2024-12-28 23:30:59
945,639,133,1,2024-12-02 19:09:19,2024-12-28 23:31:01,2024-12-28 23:31:01
946,639,58,1,2024-12-02 19:09:32,2024-12-28 23:31:02,2024-12-28 23:31:02
947,639,96,1,2024-12-02 19:10:02,2024-12-28 23:31:05,2024-12-28 23:31:05
948,639,64,0,2024-12-02 19:10:12,2024-12-28 23:28:57,2024-12-28 23:28:57
949,639,40,1,2024-12-02 19:10:47,2024-12-28 23:31:09,2024-12-28 23:31:09
950,639,36,1,2024-12-02 19:10:58,2024-12-28 23:31:10,2024-12-28 23:31:10
951,639,66,1,2024-12-02 19:11:42,2024-12-28 23:31:13,2024-12-28 23:31:13
952,642,141,1,2024-12-02 22:50:38,2024-12-02 22:50:38,
953,643,104,1,2024-12-03 01:21:16,2024-12-03 01:21:16,
954,633,64,1,2024-12-03 02:02:22,2024-12-03 02:02:50,2024-12-03 02:02:50
955,633,126,1,2024-12-03 02:07:15,2024-12-03 02:07:31,2024-12-03 02:07:31
956,644,58,1,2024-12-03 02:16:45,2024-12-22 02:52:59,2024-12-22 02:52:59
957,645,141,1,2024-12-03 03:49:24,2024-12-03 03:49:24,
958,646,114,4,2024-12-03 09:47:10,2024-12-03 09:47:46,2024-12-03 09:47:46
959,646,114,1,2024-12-03 09:47:55,2024-12-03 09:47:55,
960,644,53,1,2024-12-03 10:16:53,2024-12-03 10:24:49,2024-12-03 10:24:49
961,644,55,1,2024-12-03 10:17:06,2024-12-03 10:19:31,2024-12-03 10:19:31
962,644,137,1,2024-12-03 10:20:57,2024-12-21 13:40:08,2024-12-21 13:40:08
963,644,113,1,2024-12-03 10:24:42,2024-12-03 10:26:34,2024-12-03 10:26:34
964,644,114,1,2024-12-03 10:26:06,2024-12-04 13:37:17,2024-12-04 13:37:17
965,644,64,0,2024-12-03 13:09:48,2024-12-21 04:42:19,2024-12-21 04:42:19
966,647,105,1,2024-12-03 16:15:48,2024-12-03 16:19:12,2024-12-03 16:19:12
967,647,137,1,2024-12-03 16:16:23,2024-12-03 16:16:23,
968,647,104,1,2024-12-03 16:18:03,2024-12-03 16:18:03,
969,649,145,1,2024-12-03 22:02:53,2024-12-03 22:02:53,
970,650,141,2,2024-12-04 03:06:30,2024-12-04 03:08:15,2024-12-04 03:08:15
971,650,141,1,2024-12-04 03:09:43,2024-12-04 03:09:43,
972,651,139,1,2024-12-04 03:23:04,2024-12-04 03:23:04,
973,651,137,1,2024-12-04 03:25:19,2024-12-04 03:27:56,2024-12-04 03:27:56
974,203,122,1,2024-12-04 12:31:06,2024-12-04 12:33:14,2024-12-04 12:33:14
975,203,122,2,2024-12-04 12:34:10,2024-12-20 13:10:41,2024-12-20 13:10:41
976,457,149,1,2024-12-04 19:46:50,2024-12-04 20:48:27,2024-12-04 20:48:27
977,653,128,1,2024-12-05 03:08:23,2024-12-05 03:08:41,2024-12-05 03:08:41
978,653,126,0,2024-12-05 03:08:27,2025-01-31 18:40:33,2025-01-31 18:40:33
979,654,138,1,2024-12-05 06:21:32,2024-12-07 05:20:29,2024-12-07 05:20:29
980,634,128,1,2024-12-05 07:44:07,2024-12-05 07:44:07,
981,634,126,1,2024-12-05 07:44:19,2024-12-05 07:44:25,2024-12-05 07:44:25
982,655,145,1,2024-12-05 13:31:56,2024-12-05 13:31:56,
983,656,64,1,2024-12-05 15:00:44,2024-12-05 15:02:29,2024-12-05 15:02:29
984,656,132,1,2024-12-05 15:02:23,2024-12-05 15:02:23,
985,657,129,2,2024-12-05 23:00:11,2024-12-05 23:00:32,2024-12-05 23:00:32
986,657,129,1,2024-12-05 23:00:37,2024-12-05 23:00:37,
987,618,137,1,2024-12-06 04:17:00,2024-12-18 16:15:01,2024-12-18 16:15:01
988,618,127,2,2024-12-06 04:20:33,2024-12-18 16:15:07,2024-12-18 16:15:07
989,659,104,1,2024-12-06 05:19:50,2024-12-06 05:19:50,
990,660,127,2,2024-12-06 21:31:21,2024-12-06 21:31:36,2024-12-06 21:31:36
991,660,127,1,2024-12-06 21:31:47,2024-12-08 14:34:37,2024-12-08 14:34:37
992,661,127,1,2024-12-07 01:06:56,2024-12-07 01:06:56,
993,654,109,1,2024-12-07 05:15:25,2024-12-07 05:15:25,
994,461,122,1,2024-12-07 06:50:00,2024-12-07 06:50:00,
995,644,53,1,2024-12-07 22:24:54,2024-12-08 19:34:25,2024-12-08 19:34:25
996,660,126,1,2024-12-08 14:34:31,2024-12-10 05:45:47,2024-12-10 05:45:47
997,665,127,4,2024-12-08 16:34:10,2024-12-08 16:34:53,2024-12-08 16:34:53
998,665,127,1,2024-12-08 16:35:37,2024-12-11 20:05:02,2024-12-11 20:05:02
999,667,126,1,2024-12-09 00:07:39,2024-12-09 00:07:39,
1000,669,58,1,2024-12-09 02:29:23,2024-12-09 02:29:23,
1001,670,137,1,2024-12-09 03:55:13,2024-12-09 03:55:13,
1002,671,19,1,2024-12-09 03:57:58,2024-12-09 03:57:58,
1003,671,133,1,2024-12-09 03:59:33,2024-12-09 03:59:33,
1004,674,148,1,2024-12-09 14:51:34,2024-12-09 14:51:34,
1005,675,148,1,2024-12-10 01:28:13,2024-12-10 01:28:13,
1006,677,63,1,2024-12-10 01:44:57,2024-12-10 01:44:57,
1007,677,135,1,2024-12-10 01:46:51,2024-12-10 01:46:51,
1008,678,145,1,2024-12-10 04:52:14,2024-12-10 04:52:14,
1009,678,138,1,2024-12-10 04:54:09,2024-12-10 04:54:09,
1010,678,37,1,2024-12-10 04:58:08,2024-12-10 04:58:08,
1011,679,142,1,2024-12-10 04:59:20,2024-12-10 04:59:20,
1012,660,127,1,2024-12-10 05:45:34,2024-12-10 05:45:34,
1013,681,113,1,2024-12-10 09:40:43,2024-12-10 09:40:43,
1014,683,141,1,2024-12-10 13:39:26,2024-12-10 13:39:26,
1015,593,103,1,2024-12-11 01:09:43,2024-12-11 01:09:43,
1016,687,138,1,2024-12-11 03:43:18,2024-12-11 05:20:50,2024-12-11 05:20:50
1017,687,69,1,2024-12-11 05:20:45,2024-12-11 05:20:58,2024-12-11 05:20:58
1018,665,126,1,2024-12-11 20:04:57,2024-12-11 20:04:57,
1019,688,111,1,2024-12-12 02:52:42,2024-12-12 02:52:42,
1020,689,126,1,2024-12-12 08:07:58,2024-12-12 08:07:58,
1021,690,53,1,2024-12-13 00:03:09,2024-12-13 00:03:09,
1022,690,105,1,2024-12-13 00:03:57,2024-12-13 00:03:57,
1023,193,126,2,2024-12-13 02:05:35,2025-01-09 17:32:29,2025-01-09 17:32:29
1024,691,147,1,2024-12-13 23:42:25,2024-12-13 23:42:25,
1025,693,108,1,2024-12-14 02:33:00,2024-12-14 02:33:00,
1026,15,144,1,2024-12-14 18:12:08,2024-12-14 18:12:13,2024-12-14 18:12:13
1027,694,126,1,2024-12-16 03:22:08,2024-12-16 03:32:13,2024-12-16 03:32:13
1028,694,126,1,2024-12-16 03:33:45,2024-12-16 03:33:45,
1029,695,126,1,2024-12-16 05:00:07,2024-12-16 05:20:54,2024-12-16 05:20:54
1030,695,148,3,2024-12-16 05:20:26,2024-12-16 05:20:58,2024-12-16 05:20:58
1031,696,19,1,2024-12-16 05:29:38,2024-12-16 05:29:38,
1032,696,113,1,2024-12-16 05:30:10,2024-12-16 05:30:10,
1033,695,137,1,2024-12-16 05:31:51,2024-12-16 05:32:34,2024-12-16 05:32:34
1034,695,148,5,2024-12-16 05:34:43,2024-12-16 05:34:48,2024-12-16 05:34:48
1035,695,148,1,2024-12-16 05:37:08,2024-12-16 23:32:08,2024-12-16 23:32:08
1036,698,126,1,2024-12-16 17:13:49,2024-12-16 17:13:49,
1037,695,147,2,2024-12-16 23:36:59,2024-12-16 23:37:14,2024-12-16 23:37:14
1038,695,147,1,2024-12-16 23:38:30,2024-12-16 23:38:30,
1039,699,147,1,2024-12-17 00:04:09,2024-12-17 00:04:09,
1040,658,141,1,2024-12-17 10:44:41,2024-12-17 10:44:41,
1041,701,122,1,2024-12-17 13:11:33,2024-12-17 13:11:33,
1042,702,142,3,2024-12-17 15:22:43,2024-12-17 15:22:55,2024-12-17 15:22:55
1043,702,142,1,2024-12-17 15:25:01,2025-01-18 22:28:40,2025-01-18 22:28:40
1044,703,108,1,2024-12-17 17:19:50,2024-12-17 17:20:12,2024-12-17 17:20:12
1045,233,141,1,2024-12-18 14:42:14,2025-01-13 18:22:04,2025-01-13 18:22:04
1046,618,127,1,2024-12-18 16:15:13,2024-12-19 19:46:00,2024-12-19 19:46:00
1047,704,105,1,2024-12-18 17:25:39,2025-02-13 23:16:48,2025-02-13 23:16:48
1048,283,145,1,2024-12-18 18:08:51,2024-12-18 18:08:51,
1049,616,12,1,2024-12-19 01:51:42,2024-12-19 01:51:42,
1050,708,64,1,2024-12-19 14:39:36,2024-12-19 14:39:36,
1051,710,47,1,2024-12-19 17:11:55,2024-12-19 17:11:55,
1052,710,195,1,2024-12-19 17:12:00,2024-12-19 17:12:00,
1053,712,66,1,2024-12-19 17:19:11,2024-12-19 17:19:11,
1054,712,64,1,2024-12-19 17:19:36,2024-12-19 17:19:36,
1055,712,94,1,2024-12-19 17:22:18,2024-12-19 17:27:14,2024-12-19 17:27:14
1056,712,96,1,2024-12-19 17:26:32,2024-12-19 17:27:09,2024-12-19 17:27:09
1057,712,97,1,2024-12-19 17:26:53,2024-12-19 17:26:53,
1058,484,20,1,2024-12-19 18:04:33,2024-12-19 18:04:33,
1059,484,174,1,2024-12-19 18:05:43,2024-12-19 18:08:36,2024-12-19 18:08:36
1060,484,84,1,2024-12-19 18:07:56,2024-12-19 18:07:56,
1061,709,66,1,2024-12-19 18:52:49,2024-12-19 18:52:49,
1062,709,20,1,2024-12-19 18:53:23,2024-12-19 18:53:23,
1063,618,129,1,2024-12-19 19:45:55,2024-12-20 17:30:59,2024-12-20 17:30:59
1064,716,126,1,2024-12-19 21:00:21,2024-12-19 21:00:21,
1065,716,128,1,2024-12-19 21:00:24,2024-12-19 21:00:24,
1066,719,188,1,2024-12-20 02:37:43,2024-12-20 02:37:43,
1067,720,188,1,2024-12-20 02:49:13,2024-12-20 02:49:13,
1068,721,188,3,2024-12-20 02:50:18,2024-12-20 02:50:45,2024-12-20 02:50:45
1069,723,172,1,2024-12-20 03:08:31,2024-12-20 03:52:56,2024-12-20 03:52:56
1070,723,94,1,2024-12-20 03:13:02,2024-12-20 03:53:42,2024-12-20 03:53:42
1071,724,184,1,2024-12-20 07:55:18,2024-12-22 04:38:49,2024-12-22 04:38:49
1072,714,62,1,2024-12-20 09:10:45,2025-02-22 22:01:16,2025-02-22 22:01:16
1073,203,122,1,2024-12-20 13:10:55,2024-12-23 00:45:18,2024-12-23 00:45:18
1074,725,141,1,2024-12-20 15:48:57,2024-12-20 15:48:57,
1075,485,43,1,2024-12-20 16:10:54,2024-12-23 00:25:36,2024-12-23 00:25:36
1076,726,126,2,2024-12-20 16:55:03,2024-12-20 16:55:27,2024-12-20 16:55:27
1077,726,126,1,2024-12-20 16:55:36,2024-12-20 16:55:36,
1078,618,77,1,2024-12-20 17:31:26,2024-12-20 17:31:26,
1079,618,129,1,2024-12-20 17:33:33,2024-12-20 17:33:33,
1080,503,20,1,2024-12-20 19:36:25,2024-12-20 19:36:25,
1081,503,54,2,2024-12-20 19:38:55,2024-12-20 19:48:32,2024-12-20 19:48:32
1082,230,188,1,2024-12-20 19:43:57,2024-12-20 19:43:57,
1083,503,54,1,2024-12-20 19:49:44,2024-12-20 19:49:44,
1084,503,186,1,2024-12-20 19:51:35,2024-12-20 19:54:58,2024-12-20 19:54:58
1085,337,49,1,2024-12-21 00:14:49,2024-12-21 00:14:49,
1086,337,7,1,2024-12-21 01:10:46,2024-12-21 01:10:46,
1087,730,166,2,2024-12-21 01:28:01,2024-12-21 03:32:11,2024-12-21 03:32:11
1088,730,179,1,2024-12-21 03:31:02,2024-12-21 03:31:02,
1089,730,185,1,2024-12-21 03:31:31,2024-12-21 03:31:31,
1090,730,166,1,2024-12-21 03:32:36,2024-12-21 03:32:36,
1091,644,182,1,2024-12-21 04:50:22,2024-12-21 13:40:20,2024-12-21 13:40:20
1092,682,75,1,2024-12-21 06:39:41,2024-12-21 06:46:09,2024-12-21 06:46:09
1093,682,99,1,2024-12-21 06:43:32,2024-12-21 06:45:31,2024-12-21 06:45:31
1094,682,17,1,2024-12-21 06:44:45,2024-12-21 06:53:34,2024-12-21 06:53:34
1095,682,76,1,2024-12-21 06:46:00,2024-12-21 06:55:59,2024-12-21 06:55:59
1096,682,20,1,2024-12-21 06:52:40,2024-12-21 06:56:38,2024-12-21 06:56:38
1097,682,17,1,2024-12-21 06:54:00,2024-12-21 06:54:00,
1098,732,195,1,2024-12-21 12:42:30,2024-12-21 12:42:30,
1099,644,55,1,2024-12-21 13:38:38,2024-12-22 02:52:54,2024-12-22 02:52:54
1100,644,167,1,2024-12-21 13:39:24,2024-12-22 02:52:56,2024-12-22 02:52:56
1101,734,122,1,2024-12-21 13:43:44,2024-12-21 14:13:12,2024-12-21 14:13:12
1102,734,127,1,2024-12-21 13:47:14,2024-12-21 14:13:11,2024-12-21 14:13:11
1103,734,127,1,2024-12-21 14:43:02,2024-12-21 14:43:02,
1104,734,105,1,2024-12-21 14:56:32,2024-12-21 14:57:21,2024-12-21 14:57:21
1105,735,122,3,2024-12-21 16:14:36,2024-12-21 16:17:12,2024-12-21 16:17:12
1106,735,122,1,2024-12-21 16:17:24,2024-12-21 16:17:24,
1107,737,68,1,2024-12-21 18:11:33,2024-12-21 18:11:33,
1108,739,129,1,2024-12-21 18:31:48,2024-12-21 18:31:48,
1109,233,126,1,2024-12-22 02:43:30,2024-12-23 11:06:35,2024-12-23 11:06:35
1110,644,55,1,2024-12-22 02:54:03,2024-12-22 02:54:03,
1111,724,129,1,2024-12-22 04:38:43,2024-12-23 01:08:16,2024-12-23 01:08:16
1112,742,126,1,2024-12-22 12:23:30,2024-12-22 12:23:30,
1113,568,145,1,2024-12-22 12:42:15,2024-12-22 12:42:15,
1114,744,112,1,2024-12-22 18:42:32,2024-12-22 18:42:32,
1115,745,108,1,2024-12-22 22:35:19,2024-12-23 00:11:02,2024-12-23 00:11:02
1116,746,128,1,2024-12-23 00:09:45,2024-12-23 00:09:45,
1117,745,108,1,2024-12-23 00:11:24,2024-12-23 01:57:44,2024-12-23 01:57:44
1118,485,197,1,2024-12-23 00:25:30,2024-12-23 00:25:30,
1119,724,200,1,2024-12-23 01:08:04,2024-12-23 01:08:04,
1120,409,198,1,2024-12-23 01:25:07,2024-12-23 01:25:07,
1121,749,198,1,2024-12-23 01:28:55,2024-12-23 01:29:21,2024-12-23 01:29:21
1122,745,108,1,2024-12-23 01:58:03,2024-12-23 01:58:03,
1123,275,196,1,2024-12-23 02:52:08,2024-12-23 02:52:08,
1124,733,194,1,2024-12-23 13:47:26,2024-12-23 13:47:48,2024-12-23 13:47:48
1125,751,141,1,2024-12-23 15:33:05,2025-01-16 13:17:39,2025-01-16 13:17:39
1126,752,49,1,2024-12-23 18:12:24,2024-12-23 18:12:24,
1127,360,172,2,2024-12-23 19:58:52,2024-12-23 20:00:39,2024-12-23 20:00:39
1128,360,172,1,2024-12-23 20:00:49,2024-12-23 20:00:49,
1129,755,186,1,2024-12-24 03:28:56,2024-12-24 03:28:56,
1130,755,144,1,2024-12-24 03:33:01,2024-12-24 03:33:01,
1131,756,147,2,2024-12-24 03:37:55,2024-12-27 19:20:42,2024-12-27 19:20:42
1132,757,104,1,2024-12-24 04:42:14,2024-12-30 06:40:58,2024-12-30 06:40:58
1133,758,166,1,2024-12-24 05:40:43,2024-12-24 05:40:43,
1134,239,187,1,2024-12-24 06:16:41,2024-12-24 06:16:41,
1135,759,189,1,2024-12-24 06:18:49,2024-12-24 06:19:10,2024-12-24 06:19:10
1136,759,187,1,2024-12-24 06:19:32,2024-12-24 06:19:32,
1137,454,193,1,2024-12-24 15:46:21,2024-12-25 02:55:47,2024-12-25 02:55:47
1138,760,148,1,2024-12-24 17:34:21,2024-12-24 17:34:21,
1139,761,196,1,2024-12-24 19:11:57,2024-12-24 20:37:38,2024-12-24 20:37:38
1140,761,198,3,2024-12-24 20:38:30,2024-12-24 20:38:58,2024-12-24 20:38:58
1141,761,198,1,2024-12-24 20:40:31,2024-12-24 20:40:31,
1142,763,197,1,2024-12-24 21:13:20,2024-12-24 21:13:20,
1143,765,201,2,2024-12-24 23:47:20,2025-01-19 02:14:01,2025-01-19 02:14:01
1144,766,186,0,2024-12-25 00:54:50,2025-01-29 22:01:00,2025-01-29 22:01:00
1145,454,188,1,2024-12-25 01:51:33,2024-12-25 01:51:33,
1146,454,187,1,2024-12-25 01:51:37,2024-12-25 01:51:37,
1147,454,189,1,2024-12-25 01:52:01,2024-12-25 01:52:01,
1148,454,184,1,2024-12-25 01:54:57,2024-12-25 04:02:21,2024-12-25 04:02:21
1149,454,186,1,2024-12-25 01:54:59,2024-12-25 04:02:26,2024-12-25 04:02:26
1150,768,139,1,2024-12-25 02:29:45,2024-12-25 02:29:45,
1151,454,185,1,2024-12-25 02:56:27,2024-12-25 04:02:30,2024-12-25 04:02:30
1152,454,185,1,2024-12-25 04:34:41,2024-12-25 04:34:41,
1153,769,147,2,2024-12-25 04:50:41,2024-12-25 04:51:05,2024-12-25 04:51:05
1154,769,147,1,2024-12-25 04:51:17,2024-12-25 04:53:07,2024-12-25 04:53:07
1155,771,193,1,2024-12-25 17:36:21,2024-12-25 17:37:11,2024-12-25 17:37:11
1156,644,21,1,2024-12-25 19:20:05,2024-12-25 19:22:11,2024-12-25 19:22:11
1157,644,139,1,2024-12-25 19:25:32,2024-12-25 19:25:32,
1158,644,32,1,2024-12-25 19:26:45,2024-12-26 21:49:15,2024-12-26 21:49:15
1159,773,126,1,2024-12-26 02:33:06,2024-12-26 02:33:13,2024-12-26 02:33:13
1160,773,127,1,2024-12-26 02:35:04,2024-12-26 02:35:04,
1161,769,147,3,2024-12-26 02:43:25,2025-02-18 00:06:15,2025-02-18 00:06:15
1162,775,58,30,2024-12-26 18:40:01,2024-12-26 18:41:52,2024-12-26 18:41:52
1163,775,58,1,2024-12-26 18:42:23,2024-12-26 18:42:23,
1164,412,22,1,2024-12-27 16:55:26,2024-12-28 16:10:58,2024-12-28 16:10:58
1165,756,147,1,2024-12-27 19:20:58,2024-12-27 19:20:58,
1166,779,140,1,2024-12-27 20:19:54,2024-12-27 20:19:54,
1167,781,186,1,2024-12-27 20:38:07,2024-12-27 20:38:07,
1168,783,145,1,2024-12-27 21:53:19,2024-12-27 21:53:19,
1169,783,105,1,2024-12-27 21:53:49,2024-12-27 21:53:49,
1170,783,191,1,2024-12-27 21:54:10,2024-12-27 21:54:10,
1171,783,166,1,2024-12-27 21:54:35,2024-12-27 21:54:35,
1172,784,146,1,2024-12-28 01:56:41,2024-12-28 01:56:41,
1173,412,201,1,2024-12-28 15:54:20,2024-12-28 16:05:53,2024-12-28 16:05:53
1174,412,129,1,2024-12-28 16:05:47,2025-01-01 14:16:43,2025-01-01 14:16:43
1175,786,168,3,2024-12-28 16:38:30,2025-01-14 19:47:58,2025-01-14 19:47:58
1176,787,46,2,2024-12-28 17:33:17,2024-12-28 17:45:16,2024-12-28 17:45:16
1177,787,46,1,2024-12-28 17:51:48,2024-12-28 17:51:48,
1178,639,40,1,2024-12-28 23:31:32,2024-12-29 00:12:51,2024-12-29 00:12:51
1179,639,191,1,2024-12-28 23:31:57,2024-12-31 21:16:32,2024-12-31 21:16:32
1180,639,184,1,2024-12-28 23:32:03,2024-12-31 21:16:34,2024-12-31 21:16:34
1181,639,147,1,2024-12-28 23:32:17,2025-01-11 16:23:36,2025-01-11 16:23:36
1182,639,58,1,2024-12-28 23:32:21,2024-12-28 23:32:21,
1183,639,133,1,2024-12-28 23:33:05,2025-01-11 16:23:43,2025-01-11 16:23:43
1184,789,187,1,2024-12-29 01:27:53,2024-12-29 01:27:53,
1185,790,149,1,2024-12-29 21:30:32,2024-12-29 21:30:32,
1186,791,110,1,2024-12-29 21:34:14,2024-12-29 21:34:22,2024-12-29 21:34:22
1187,791,112,1,2024-12-29 21:34:18,2024-12-29 21:34:18,
1188,792,196,1,2024-12-30 00:19:24,2024-12-30 00:19:24,
1189,793,200,1,2024-12-30 00:42:55,2024-12-30 00:42:55,
1190,203,122,1,2024-12-30 03:18:39,2024-12-30 03:18:39,
1191,203,126,1,2024-12-30 03:19:39,2024-12-30 03:19:39,
1192,796,197,2,2024-12-30 05:35:02,2025-01-05 01:24:36,2025-01-05 01:24:36
1193,797,37,1,2024-12-30 15:50:38,2024-12-30 15:50:38,
1194,797,67,1,2024-12-30 15:52:33,2024-12-30 15:52:33,
1195,797,57,1,2024-12-30 15:52:59,2024-12-30 15:52:59,
1196,797,174,1,2024-12-30 15:54:06,2024-12-30 15:54:06,
1197,797,110,1,2024-12-30 15:55:59,2024-12-30 15:55:59,
1198,797,122,1,2024-12-30 15:56:26,2024-12-30 15:56:26,
1199,799,104,1,2024-12-30 16:23:46,2024-12-30 16:23:46,
1200,467,147,1,2024-12-30 16:24:11,2024-12-30 16:24:11,
1201,466,147,1,2024-12-30 16:24:25,2024-12-30 16:24:25,
1202,801,196,2,2024-12-30 22:09:13,2025-01-05 22:34:26,2025-01-05 22:34:26
1203,802,147,1,2024-12-30 23:50:28,2024-12-30 23:50:28,
1204,767,174,1,2024-12-31 02:11:10,2024-12-31 02:11:10,
1205,767,197,1,2024-12-31 02:11:35,2024-12-31 02:11:35,
1206,806,167,1,2024-12-31 05:09:03,2025-03-26 18:43:18,2025-03-26 18:43:18
1207,805,184,1,2024-12-31 05:09:08,2024-12-31 05:09:08,
1208,806,194,1,2024-12-31 05:10:10,2025-08-09 02:33:10,2025-08-09 02:33:10
1209,805,28,1,2024-12-31 05:10:19,2024-12-31 05:10:19,
1210,806,79,1,2024-12-31 05:10:49,2025-08-09 02:33:09,2025-08-09 02:33:09
1211,806,77,1,2024-12-31 05:11:10,2025-08-09 02:33:11,2025-08-09 02:33:11
1212,806,12,1,2024-12-31 05:11:38,2024-12-31 05:12:18,2024-12-31 05:12:18
1213,806,122,1,2024-12-31 05:22:26,2025-08-09 02:33:20,2025-08-09 02:33:20
1214,355,196,1,2024-12-31 11:25:50,2024-12-31 11:25:50,
1215,807,141,1,2024-12-31 14:48:15,2024-12-31 18:34:28,2024-12-31 18:34:28
1216,807,127,1,2024-12-31 14:49:15,2025-01-16 14:35:41,2025-01-16 14:35:41
1217,807,142,2,2024-12-31 18:34:18,2025-01-16 14:35:48,2025-01-16 14:35:48
1218,636,57,1,2024-12-31 18:41:58,2024-12-31 18:41:58,
1219,749,207,1,2024-12-31 20:03:39,2024-12-31 20:03:39,
1220,633,113,1,2024-12-31 21:24:29,2025-01-02 15:50:40,2025-01-02 15:50:40
1221,809,126,1,2025-01-01 01:13:21,2025-01-01 01:13:21,
1222,809,128,1,2025-01-01 01:13:27,2025-01-01 01:13:27,
1223,811,196,1,2025-01-01 01:48:13,2025-01-01 01:48:13,
1224,412,73,1,2025-01-01 14:09:46,2025-01-01 14:16:44,2025-01-01 14:16:44
1225,412,37,1,2025-01-01 14:16:33,2025-01-01 14:52:03,2025-01-01 14:52:03
1226,412,129,1,2025-01-01 14:50:35,2025-01-01 14:50:35,
1227,412,73,1,2025-01-01 14:51:22,2025-01-01 14:51:22,
1228,762,137,1,2025-01-01 16:52:35,2025-01-01 16:52:35,
1229,814,196,1,2025-01-01 20:46:48,2025-01-02 01:19:37,2025-01-02 01:19:37
1230,815,137,1,2025-01-02 00:11:59,2025-01-02 00:11:59,
1231,814,126,1,2025-01-02 01:19:33,2025-01-02 01:19:33,
1232,780,145,1,2025-01-02 02:13:17,2025-01-02 02:13:17,
1233,633,184,1,2025-01-02 15:50:28,2025-01-18 20:37:32,2025-01-18 20:37:32
1234,818,108,1,2025-01-02 17:31:30,2025-01-02 17:37:44,2025-01-02 17:37:44
1235,673,20,2,2025-01-03 20:16:23,2025-01-03 20:16:37,
1236,820,197,1,2025-01-04 06:11:48,2025-01-04 06:11:48,
1237,822,200,1,2025-01-04 11:32:29,2025-01-04 11:32:29,
1238,818,106,1,2025-01-04 15:07:46,2025-01-04 15:08:26,2025-01-04 15:08:26
1239,338,196,1,2025-01-04 16:57:37,2025-01-04 16:57:37,
1240,823,105,1,2025-01-05 00:00:40,2025-01-05 00:00:40,
1241,796,196,1,2025-01-05 01:24:26,2025-01-05 01:24:42,2025-01-05 01:24:42
1242,796,197,1,2025-01-05 01:24:47,2025-01-05 23:44:38,2025-01-05 23:44:38
1243,824,23,1,2025-01-05 06:24:52,2025-01-05 06:37:59,2025-01-05 06:37:59
1244,824,188,1,2025-01-05 06:28:54,2025-01-05 06:28:54,
1245,825,193,1,2025-01-05 06:29:26,2025-01-05 06:29:26,
1246,824,22,1,2025-01-05 06:37:01,2025-01-05 06:37:01,
1247,812,37,1,2025-01-05 15:09:21,2025-01-05 15:09:21,
1248,828,103,1,2025-01-05 20:02:39,2025-06-10 12:55:28,2025-06-10 12:55:28
1249,829,145,1,2025-01-05 22:18:46,2025-01-05 22:18:46,
1250,796,197,1,2025-01-05 23:45:45,2025-01-05 23:45:45,
1251,830,197,1,2025-01-06 00:13:04,2025-01-06 00:13:04,
1252,421,138,1,2025-01-06 01:07:15,2025-01-06 01:07:15,
1253,834,137,1,2025-01-06 02:49:42,2025-01-06 02:58:16,2025-01-06 02:58:16
1254,834,137,1,2025-01-06 02:58:42,2025-01-06 02:58:42,
1255,270,102,1,2025-01-06 03:30:51,2025-01-06 03:43:13,2025-01-06 03:43:13
1256,270,22,1,2025-01-06 03:43:03,2025-01-06 03:43:03,
1257,270,110,1,2025-01-06 03:44:19,2025-01-06 03:44:19,
1258,836,129,2,2025-01-06 04:26:30,2025-01-06 04:26:59,2025-01-06 04:26:59
1259,836,129,2,2025-01-06 04:27:53,2025-01-06 04:29:39,2025-01-06 04:29:39
1260,836,129,1,2025-01-06 04:29:59,2025-01-06 04:29:59,
1261,818,106,1,2025-01-06 14:32:05,2025-01-06 14:32:05,
1262,838,108,1,2025-01-06 14:39:46,2025-01-06 14:39:54,2025-01-06 14:39:54
1263,839,138,1,2025-01-06 15:12:19,2025-01-06 15:35:20,2025-01-06 15:35:20
1264,839,193,1,2025-01-06 15:30:01,2025-01-06 15:30:01,
1265,801,199,1,2025-01-06 17:14:30,2025-01-06 17:14:30,
1266,148,62,1,2025-01-06 20:31:11,2025-01-06 20:31:11,
1267,125,126,0,2025-01-06 20:37:45,2025-02-18 20:14:19,2025-02-18 20:14:19
1268,841,112,1,2025-01-07 01:43:18,2025-02-02 14:58:09,2025-02-02 14:58:09
1269,841,206,1,2025-01-07 01:44:31,2025-02-02 14:58:08,2025-02-02 14:58:08
1270,842,207,1,2025-01-07 18:01:09,2025-01-07 18:01:09,
1271,844,21,1,2025-01-08 00:11:38,2025-01-08 00:11:38,
1272,265,148,1,2025-01-08 01:14:35,2025-01-08 01:14:35,
1273,847,184,1,2025-01-08 15:07:16,2025-01-08 15:07:16,
1274,771,193,1,2025-01-08 18:51:56,2025-01-08 18:52:13,2025-01-08 18:52:13
1275,832,117,1,2025-01-08 20:34:32,2025-01-08 20:34:32,
1276,850,174,1,2025-01-09 16:41:39,2025-01-09 16:41:39,
1277,193,126,1,2025-01-09 17:32:36,2025-01-09 17:32:36,
1278,193,12,1,2025-01-09 18:54:58,2025-01-09 18:54:58,
1279,853,187,1,2025-01-09 20:14:54,2025-01-09 20:15:06,2025-01-09 20:15:06
1280,853,188,1,2025-01-09 20:14:56,2025-01-12 11:28:30,2025-01-12 11:28:30
1281,854,137,1,2025-01-09 21:56:33,2025-01-09 21:59:10,2025-01-09 21:59:10
1282,854,135,1,2025-01-09 21:57:26,2025-01-09 21:57:26,
1283,854,136,1,2025-01-09 21:57:59,2025-01-09 21:57:59,
1284,817,196,1,2025-01-10 00:05:09,2025-01-10 00:12:08,2025-01-10 00:12:08
1285,817,127,1,2025-01-10 00:11:42,2025-01-10 23:18:22,2025-01-10 23:18:22
1286,855,141,1,2025-01-10 03:32:27,2025-01-10 03:33:08,2025-01-10 03:33:08
1287,855,142,1,2025-01-10 03:32:31,2025-01-10 03:32:31,
1288,855,36,1,2025-01-10 03:33:52,2025-01-10 03:39:49,2025-01-10 03:39:49
1289,855,114,1,2025-01-10 03:35:59,2025-01-10 03:41:43,2025-01-10 03:41:43
1290,855,17,1,2025-01-10 03:36:50,2025-01-10 03:39:53,2025-01-10 03:39:53
1291,855,188,1,2025-01-10 03:48:51,2025-01-10 04:13:25,2025-01-10 04:13:25
1292,855,114,1,2025-01-10 03:53:13,2025-01-10 04:07:41,2025-01-10 04:07:41
1293,856,127,2,2025-01-10 04:07:41,2025-01-10 04:09:23,2025-01-10 04:09:23
1294,856,127,1,2025-01-10 04:09:31,2025-01-10 04:09:31,
1295,859,49,1,2025-01-10 05:12:46,2025-01-10 05:21:56,2025-01-10 05:21:56
1296,817,183,1,2025-01-10 11:36:33,2025-01-10 23:17:08,2025-01-10 23:17:08
1297,817,8,1,2025-01-10 11:36:58,2025-01-10 17:57:48,2025-01-10 17:57:48
1298,817,147,1,2025-01-10 12:03:34,2025-01-10 23:17:10,2025-01-10 23:17:10
1299,817,108,1,2025-01-10 12:04:12,2025-01-10 16:06:36,2025-01-10 16:06:36
1300,860,201,1,2025-01-10 12:38:25,2025-02-13 03:01:19,2025-02-13 03:01:19
1301,861,140,1,2025-01-10 17:51:39,2025-09-14 19:29:29,2025-09-14 19:29:29
1302,861,165,0,2025-01-10 17:52:20,2025-09-14 19:21:29,2025-09-14 19:21:29
1303,861,129,0,2025-01-10 17:56:53,2025-02-15 18:08:09,2025-02-15 18:08:09
1304,861,112,7,2025-01-10 17:58:44,2025-09-14 19:31:09,2025-09-14 19:31:09
1305,861,20,0,2025-01-10 18:01:42,2025-01-24 20:42:24,2025-01-24 20:42:24
1306,861,13,1,2025-01-10 18:06:10,2025-09-14 19:29:26,2025-09-14 19:29:26
1307,861,47,1,2025-01-10 18:08:51,2025-09-14 19:29:35,2025-09-14 19:29:35
1308,861,195,0,2025-01-10 18:09:03,2025-09-14 19:21:29,2025-09-14 19:21:29
1309,861,58,0,2025-01-10 18:11:57,2025-09-14 19:21:29,2025-09-14 19:21:29
1310,861,63,0,2025-01-10 18:13:28,2025-09-14 19:21:29,2025-09-14 19:21:29
1311,861,91,1,2025-01-10 18:15:55,2025-09-14 19:33:09,2025-09-14 19:33:09
1312,861,104,1,2025-01-10 18:17:14,2025-01-10 18:17:14,
1313,862,200,1,2025-01-10 21:52:55,2025-01-10 21:52:55,
1314,817,108,1,2025-01-10 23:18:17,2025-01-10 23:18:17,
1315,817,147,1,2025-01-10 23:47:23,2025-01-11 02:21:40,2025-01-11 02:21:40
1316,864,17,1,2025-01-11 04:39:34,2025-01-11 04:39:34,
1317,866,65,1,2025-01-11 05:58:54,2025-01-11 05:58:54,
1318,868,143,1,2025-01-11 15:26:49,2025-01-11 15:26:49,
1319,639,96,1,2025-01-11 16:25:11,2025-03-12 20:20:54,2025-03-12 20:20:54
1320,639,88,1,2025-01-11 16:25:31,2025-01-16 04:33:47,2025-01-16 04:33:47
1321,639,65,1,2025-01-11 16:26:20,2025-01-16 04:34:35,2025-01-16 04:34:35
1322,639,66,1,2025-01-11 16:26:26,2025-03-12 20:21:00,2025-03-12 20:21:00
1323,639,36,1,2025-01-11 16:27:09,2025-01-16 04:34:06,2025-01-16 04:34:06
1324,639,30,1,2025-01-11 16:27:34,2025-01-16 04:34:28,2025-01-16 04:34:28
1325,870,184,1,2025-01-11 18:03:24,2025-01-11 18:03:24,
1326,870,188,1,2025-01-11 18:04:34,2025-01-11 18:04:34,
1327,870,191,1,2025-01-11 18:08:46,2025-01-11 18:08:46,
1328,872,196,1,2025-01-12 02:16:18,2025-01-12 02:16:38,2025-01-12 02:16:38
1329,873,141,1,2025-01-12 04:19:49,2025-01-12 04:19:49,
1330,853,20,1,2025-01-12 11:27:39,2025-01-12 11:27:39,
1331,853,96,1,2025-01-12 11:28:25,2025-01-12 11:28:25,
1332,857,32,1,2025-01-12 21:07:43,2025-01-16 20:59:33,2025-01-16 20:59:33
1333,874,201,1,2025-01-13 02:23:27,2025-01-13 02:23:27,
1334,874,197,1,2025-01-13 02:23:47,2025-01-13 02:23:47,
1335,233,147,1,2025-01-13 18:22:37,2025-01-13 18:22:37,
1336,464,197,1,2025-01-13 19:08:42,2025-01-13 19:08:42,
1337,876,28,1,2025-01-13 19:52:13,2025-01-13 19:53:39,2025-01-13 19:53:39
1338,876,105,1,2025-01-13 19:53:05,2025-01-13 19:53:05,
1339,876,28,1,2025-01-13 19:55:33,2025-01-13 19:55:33,
1340,876,30,1,2025-01-13 20:00:59,2025-01-13 20:01:39,2025-01-13 20:01:39
1341,876,30,1,2025-01-13 20:02:25,2025-01-13 20:02:49,2025-01-13 20:02:49
1342,871,148,2,2025-01-14 18:37:45,2025-01-14 21:25:25,2025-01-14 21:25:25
1343,871,105,1,2025-01-14 18:38:42,2025-01-14 21:25:27,2025-01-14 21:25:27
1344,878,108,1,2025-01-14 19:44:29,2025-01-14 19:44:29,
1345,786,168,1,2025-01-14 19:48:11,2025-01-14 19:48:11,
1346,871,148,1,2025-01-14 21:25:36,2025-01-14 21:25:36,
1347,377,9,1,2025-01-14 21:50:42,2025-03-17 13:55:59,2025-03-17 13:55:59
1348,783,204,3,2025-01-14 23:34:42,2025-01-14 23:37:13,2025-01-14 23:37:13
1349,783,204,1,2025-01-14 23:37:52,2025-01-14 23:37:52,
1350,882,122,1,2025-01-14 23:51:14,2025-01-14 23:51:14,
1351,727,104,1,2025-01-15 16:00:24,2025-01-15 16:00:24,
1352,783,193,1,2025-01-15 20:05:52,2025-01-15 20:06:28,2025-01-15 20:06:28
1353,884,92,1,2025-01-15 20:59:47,2025-01-15 20:59:47,
1354,885,35,1,2025-01-15 21:29:35,2025-01-15 21:29:35,
1355,885,22,1,2025-01-15 21:30:06,2025-01-15 21:30:06,
1356,629,126,1,2025-01-15 22:18:08,2025-01-19 00:24:04,2025-01-19 00:24:04
1357,629,188,1,2025-01-15 22:18:31,2025-01-15 22:18:31,
1358,629,133,1,2025-01-15 22:18:58,2025-01-18 23:51:11,2025-01-18 23:51:11
1359,629,166,1,2025-01-15 22:19:54,2025-01-24 03:31:17,2025-01-24 03:31:17
1360,865,17,1,2025-01-15 23:45:23,2025-01-15 23:46:06,2025-01-15 23:46:06
1361,840,204,1,2025-01-16 00:35:54,2025-01-16 00:36:06,2025-01-16 00:36:06
1362,840,205,1,2025-01-16 00:35:59,2025-01-16 00:49:51,2025-01-16 00:49:51
1363,840,204,1,2025-01-16 00:50:44,2025-01-16 00:50:44,
1364,888,197,1,2025-01-16 01:57:12,2025-01-16 01:57:12,
1365,890,126,1,2025-01-16 02:54:57,2025-01-16 02:54:57,
1366,639,114,1,2025-01-16 04:25:27,2025-03-12 20:20:57,2025-03-12 20:20:57
1367,639,40,1,2025-01-16 04:35:24,2025-01-17 15:55:07,2025-01-17 15:55:07
1368,639,68,1,2025-01-16 04:38:11,2025-01-17 15:55:10,2025-01-17 15:55:10
1369,751,113,1,2025-01-16 12:27:34,2025-01-16 12:27:34,
1370,807,142,1,2025-01-16 14:35:59,2025-01-16 14:35:59,
1371,891,108,1,2025-01-16 19:34:04,2025-01-16 19:34:04,
1372,581,58,1,2025-01-16 20:12:23,2025-01-16 20:12:23,
1373,857,191,1,2025-01-16 20:57:48,2025-01-16 20:59:31,2025-01-16 20:59:31
1374,857,193,1,2025-01-16 20:58:17,2025-01-16 21:01:50,2025-01-16 21:01:50
1375,857,188,1,2025-01-16 21:01:41,2025-01-16 21:01:46,2025-01-16 21:01:46
1376,857,188,1,2025-01-16 21:01:57,2025-01-17 22:56:07,2025-01-17 22:56:07
1377,91,147,0,2025-01-17 04:39:37,2025-04-01 21:24:07,2025-04-01 21:24:07
1378,895,203,1,2025-01-17 20:21:05,2025-01-17 20:21:05,
1379,475,207,1,2025-01-17 20:47:52,2025-01-17 20:47:52,
1380,897,50,1,2025-01-17 22:41:05,2025-01-17 22:45:04,2025-01-17 22:45:04
1381,897,101,1,2025-01-17 22:41:45,2025-01-17 22:45:08,2025-01-17 22:45:08
1382,897,114,1,2025-01-17 22:42:56,2025-01-17 22:49:41,2025-01-17 22:49:41
1383,897,111,1,2025-01-17 22:43:47,2025-01-17 22:43:47,
1384,857,114,1,2025-01-17 22:53:06,2025-01-17 22:53:06,
1385,857,105,1,2025-01-17 22:54:16,2025-01-17 22:54:16,
1386,857,193,1,2025-01-17 22:55:41,2025-01-17 22:56:42,2025-01-17 22:56:42
1387,723,94,2,2025-01-18 00:04:02,2025-01-18 00:04:31,2025-01-18 00:04:31
1388,723,94,1,2025-01-18 00:04:41,2025-01-18 00:04:41,
1389,899,133,1,2025-01-18 02:34:21,2025-01-18 02:34:21,
1390,900,149,1,2025-01-18 16:01:54,2025-01-18 16:01:54,
1391,902,145,1,2025-01-18 17:52:40,2025-01-18 17:52:40,
1392,702,105,2,2025-01-18 22:28:23,2025-01-18 22:28:31,2025-01-18 22:28:31
1393,702,105,1,2025-01-18 22:28:46,2025-01-18 22:28:46,
1394,904,116,1,2025-01-18 22:33:00,2025-01-18 22:33:00,
1395,629,135,1,2025-01-18 23:50:54,2025-01-18 23:50:54,
1396,629,108,1,2025-01-19 00:10:33,2025-01-19 00:10:33,
1397,629,12,1,2025-01-19 00:22:33,2025-01-24 03:38:58,2025-01-24 03:38:58
1398,905,146,2,2025-01-19 01:18:54,2025-01-19 01:35:36,2025-01-19 01:35:36
1399,905,146,1,2025-01-19 01:35:49,2025-01-31 05:02:25,2025-01-31 05:02:25
1400,765,201,1,2025-01-19 02:14:13,2025-01-19 02:14:13,
1401,907,49,1,2025-01-19 03:56:36,2025-01-19 03:56:36,
1402,908,66,1,2025-01-19 04:52:52,2025-01-19 04:52:52,
1403,908,75,1,2025-01-19 04:55:47,2025-02-03 23:00:30,2025-02-03 23:00:30
1404,908,194,1,2025-01-19 05:00:48,2025-01-19 05:00:48,
1405,908,94,1,2025-01-19 05:02:59,2025-02-03 23:03:25,2025-02-03 23:03:25
1406,133,203,0,2025-01-19 06:14:15,2025-04-03 03:11:23,2025-04-03 03:11:23
1407,133,206,1,2025-01-19 06:15:51,2025-04-26 20:34:38,2025-04-26 20:34:38
1408,133,193,0,2025-01-19 06:16:50,2025-04-03 03:11:23,2025-04-03 03:11:23
1409,909,112,1,2025-01-19 07:01:26,2025-07-12 01:25:41,2025-07-12 01:25:41
1410,911,133,1,2025-01-20 01:30:30,2025-01-20 01:30:30,
1411,912,196,1,2025-01-20 02:06:36,2025-01-20 02:06:36,
1412,915,197,1,2025-01-20 02:28:37,2025-01-20 02:28:37,
1413,917,184,1,2025-01-20 02:48:05,2025-01-20 02:48:05,
1414,917,174,1,2025-01-20 02:48:30,2025-01-20 02:55:36,2025-01-20 02:55:36
1415,917,66,1,2025-01-20 02:49:45,2025-01-20 02:49:58,2025-01-20 02:49:58
1416,917,67,1,2025-01-20 02:49:51,2025-01-20 02:49:51,
1417,729,207,2,2025-01-21 03:29:58,2025-01-21 03:30:28,2025-01-21 03:30:28
1418,729,207,1,2025-01-21 03:31:01,2025-01-23 14:32:30,2025-01-23 14:32:30
1419,729,102,1,2025-01-21 12:42:45,2025-01-23 14:32:26,2025-01-23 14:32:26
1420,909,111,1,2025-01-21 17:49:41,2025-07-12 01:25:44,2025-07-12 01:25:44
1421,920,41,1,2025-01-21 22:25:12,2025-01-22 04:34:05,2025-01-22 04:34:05
1422,921,147,3,2025-01-22 01:39:47,2025-01-24 03:37:29,2025-01-24 03:37:29
1423,922,147,1,2025-01-22 02:45:09,2025-01-22 02:45:09,
1424,920,40,1,2025-01-22 04:34:27,2025-01-22 04:34:27,
1425,924,104,1,2025-01-22 07:26:04,2025-01-22 07:26:04,
1426,924,150,1,2025-01-22 07:26:56,2025-01-22 07:26:56,
1427,403,113,1,2025-01-22 12:12:14,2025-01-22 12:15:27,2025-01-22 12:15:27
1428,403,145,1,2025-01-22 12:14:09,2025-01-22 12:15:25,2025-01-22 12:15:25
1429,926,199,1,2025-01-22 13:33:28,2025-01-22 13:33:28,
1430,926,193,1,2025-01-22 13:34:14,2025-01-22 13:39:23,2025-01-22 13:39:23
1431,928,103,1,2025-01-23 02:40:57,2025-01-23 02:40:57,
1432,928,30,1,2025-01-23 02:41:52,2025-01-23 02:41:52,
1433,929,104,1,2025-01-23 03:47:39,2025-01-23 03:47:39,
1434,931,56,1,2025-01-23 20:34:42,2025-02-13 14:03:41,2025-02-13 14:03:41
1435,932,102,1,2025-01-24 01:08:25,2025-01-24 01:08:25,
1436,933,184,1,2025-01-24 01:30:41,2025-01-24 01:31:25,2025-01-24 01:31:25
1437,934,103,1,2025-01-24 01:51:07,2025-01-24 01:51:07,
1438,921,147,1,2025-01-24 03:37:46,2025-01-24 03:37:46,
1439,629,20,1,2025-01-24 03:37:57,2025-01-24 03:37:57,
1440,869,196,2,2025-01-24 15:27:12,2025-01-30 19:13:20,2025-01-30 19:13:20
1441,936,147,1,2025-01-24 18:00:42,2025-01-24 18:00:42,
1442,861,207,1,2025-01-24 20:46:24,2025-09-14 19:32:06,2025-09-14 19:32:06
1443,861,199,0,2025-01-24 20:47:50,2025-07-06 11:28:16,2025-07-06 11:28:16
1444,938,193,1,2025-01-25 17:49:47,2025-01-25 17:49:47,
1445,939,196,1,2025-01-25 22:44:30,2025-01-25 22:44:39,2025-01-25 22:44:39
1446,939,197,1,2025-01-25 22:44:46,2025-01-25 22:44:46,
1447,941,184,1,2025-01-26 02:13:36,2025-01-26 02:13:36,
1448,943,193,1,2025-01-26 04:33:15,2025-01-26 04:33:15,
1449,945,134,2,2025-01-27 07:01:44,2025-01-28 15:43:41,2025-01-28 15:43:41
1450,946,191,3,2025-01-27 17:49:06,2025-01-27 17:49:45,2025-01-27 17:49:45
1451,946,191,1,2025-01-27 17:49:51,2025-01-27 17:50:45,2025-01-27 17:50:45
1452,947,68,2,2025-01-27 17:58:04,2025-01-27 17:58:18,2025-01-27 17:58:18
1453,947,68,1,2025-01-27 17:58:32,2025-01-27 17:58:32,
1454,919,141,1,2025-01-27 18:50:41,2025-05-10 14:47:17,2025-05-10 14:47:17
1455,948,30,1,2025-01-27 19:54:50,2025-01-27 19:54:50,
1456,948,96,1,2025-01-27 20:02:09,2025-01-27 20:02:09,
1457,949,104,1,2025-01-27 20:41:48,2025-01-27 20:41:48,
1458,950,198,1,2025-01-27 22:25:09,2025-01-27 22:25:09,
1459,707,40,1,2025-01-27 22:27:40,2025-03-03 13:36:03,2025-03-03 13:36:03
1460,951,87,1,2025-01-28 03:18:06,2025-01-28 03:18:06,
1461,953,17,1,2025-01-28 04:11:15,2025-04-24 23:57:57,2025-04-24 23:57:57
1462,955,191,1,2025-01-28 05:11:16,2025-01-28 05:11:16,
1463,956,196,1,2025-01-28 05:36:24,2025-01-28 18:31:51,2025-01-28 18:31:51
1464,945,134,1,2025-01-28 15:43:59,2025-01-28 15:43:59,
1465,956,197,1,2025-01-28 18:31:41,2025-01-28 18:31:41,
1466,958,149,1,2025-01-29 00:10:26,2025-01-29 00:10:26,
1467,960,141,1,2025-01-29 14:39:24,2025-01-29 14:39:24,
1468,960,57,1,2025-01-29 14:48:44,2025-01-29 14:48:44,
1469,960,34,1,2025-01-29 14:53:27,2025-01-29 14:53:27,
1470,963,104,1,2025-01-29 17:22:22,2025-01-29 17:22:22,
1471,964,142,1,2025-01-30 04:05:19,2025-01-30 04:05:19,
1472,966,94,2,2025-01-30 12:44:35,2025-01-30 14:03:31,2025-01-30 14:03:31
1473,966,94,1,2025-01-30 14:03:47,2025-01-30 14:03:47,
1474,869,196,1,2025-01-30 19:13:45,2025-01-30 19:13:45,
1475,972,106,1,2025-01-31 02:47:01,2025-01-31 02:47:06,2025-01-31 02:47:06
1476,972,109,2,2025-01-31 02:48:51,2025-01-31 02:48:59,2025-01-31 02:48:59
1477,972,109,1,2025-01-31 02:49:19,2025-01-31 02:49:19,
1478,905,149,1,2025-01-31 04:58:59,2025-01-31 04:58:59,
1479,973,30,1,2025-01-31 18:42:57,2025-01-31 18:42:57,
1480,898,98,1,2025-01-31 20:39:34,2025-01-31 20:39:34,
1481,898,75,1,2025-01-31 20:52:51,2025-01-31 20:52:51,
1482,976,198,1,2025-02-01 06:32:46,2025-02-01 06:32:46,
1483,978,199,1,2025-02-01 16:09:42,2025-02-01 16:09:42,
1484,511,72,1,2025-02-02 02:10:25,2025-02-19 12:29:21,2025-02-19 12:29:21
1485,511,79,1,2025-02-02 02:11:50,2025-02-13 04:39:35,2025-02-13 04:39:35
1486,511,34,1,2025-02-02 02:13:48,2025-02-13 04:39:30,2025-02-13 04:39:30
1487,511,23,1,2025-02-02 02:14:17,2025-02-02 02:14:17,
1488,511,21,1,2025-02-02 02:14:38,2025-02-02 02:14:38,
1489,511,75,1,2025-02-02 02:16:04,2025-02-02 02:16:04,
1490,979,198,1,2025-02-02 04:42:12,2025-02-02 04:42:40,2025-02-02 04:42:40
1491,980,149,1,2025-02-02 05:14:49,2025-02-02 05:20:38,2025-02-02 05:20:38
1492,980,149,1,2025-02-02 05:21:09,2025-02-02 05:21:09,
1493,970,112,1,2025-02-02 09:17:28,2025-02-16 17:28:37,2025-02-16 17:28:37
1494,841,40,1,2025-02-02 14:56:10,2025-03-15 23:17:51,2025-03-15 23:17:51
1495,633,28,1,2025-02-03 00:17:26,2025-09-08 11:51:16,2025-09-08 11:51:16
1496,633,57,1,2025-02-03 00:18:04,2025-09-08 11:51:14,2025-09-08 11:51:14
1497,981,145,1,2025-02-03 02:46:32,2025-02-03 02:46:32,
1498,841,206,1,2025-02-03 12:19:13,2025-03-15 23:17:48,2025-03-15 23:17:48
1499,498,82,1,2025-02-03 17:22:23,2025-02-03 20:31:38,2025-02-03 20:31:38
1500,498,22,1,2025-02-03 17:22:45,2025-02-03 20:31:42,2025-02-03 20:31:42
1501,498,41,1,2025-02-03 17:23:03,2025-02-03 20:30:51,2025-02-03 20:30:51
1502,455,197,1,2025-02-03 19:04:40,2025-02-03 19:04:40,
1503,498,21,1,2025-02-03 20:31:35,2025-02-03 20:31:35,
1504,498,40,1,2025-02-03 20:32:22,2025-02-03 20:32:22,
1505,984,46,1,2025-02-03 22:11:26,2025-02-03 22:11:26,
1506,984,108,1,2025-02-03 22:14:00,2025-02-03 22:14:00,
1507,908,94,1,2025-02-03 23:11:03,2025-02-03 23:11:03,
1508,21,94,1,2025-02-05 15:23:38,2025-02-05 15:23:38,
1509,15,62,1,2025-02-06 04:09:21,2025-03-02 21:57:18,2025-03-02 21:57:18
1510,986,129,1,2025-02-11 22:26:33,2025-02-11 22:26:33,
1511,860,197,1,2025-02-13 02:55:16,2025-02-13 02:55:23,2025-02-13 02:55:23
1512,860,69,1,2025-02-13 03:00:15,2025-02-14 00:07:36,2025-02-14 00:07:36
1513,860,197,1,2025-02-13 03:01:10,2025-02-13 03:01:10,
1514,519,66,1,2025-02-13 03:08:06,2025-02-13 03:10:39,2025-02-13 03:10:39
1515,519,50,1,2025-02-13 03:10:34,2025-02-15 17:31:33,2025-02-15 17:31:33
1516,511,151,1,2025-02-13 04:42:10,2025-02-13 04:42:53,2025-02-13 04:42:53
1517,511,153,1,2025-02-13 04:42:42,2025-02-13 04:46:26,2025-02-13 04:46:26
1518,511,152,1,2025-02-13 04:46:18,2025-02-13 04:46:18,
1519,989,196,1,2025-02-13 04:48:22,2025-02-13 19:55:34,2025-02-13 19:55:34
1520,511,94,1,2025-02-13 04:53:02,2025-02-13 04:53:02,
1521,990,197,1,2025-02-13 05:06:36,2025-02-13 05:06:36,
1522,808,204,1,2025-02-13 12:30:02,2025-02-13 12:31:11,2025-02-13 12:31:11
1523,403,132,1,2025-02-13 13:12:44,2025-02-13 13:20:39,2025-02-13 13:20:39
1524,403,145,1,2025-02-13 13:13:16,2025-05-03 11:07:16,2025-05-03 11:07:16
1525,403,113,0,2025-02-13 13:14:04,2025-05-03 11:07:05,2025-05-03 11:07:05
1526,931,57,1,2025-02-13 14:01:43,2025-08-20 17:34:20,2025-08-20 17:34:20
1527,993,112,1,2025-02-13 15:50:13,2025-02-13 15:50:13,
1528,995,147,0,2025-02-13 17:27:01,2025-06-27 17:43:19,2025-06-27 17:43:19
1529,995,114,1,2025-02-13 17:30:27,2025-02-13 17:33:41,2025-02-13 17:33:41
1530,995,154,1,2025-02-13 17:31:28,2025-06-27 17:43:29,2025-06-27 17:43:29
1531,995,58,1,2025-02-13 17:32:23,2025-06-27 17:43:31,2025-06-27 17:43:31
1532,996,170,1,2025-02-13 18:33:00,2025-02-13 18:33:00,
1533,989,197,2,2025-02-13 19:56:01,2025-02-13 19:56:41,2025-02-13 19:56:41
1534,989,197,2,2025-02-13 19:57:03,2025-02-13 19:57:33,2025-02-13 19:57:33
1535,989,196,1,2025-02-13 19:57:49,2025-02-13 19:58:20,2025-02-13 19:58:20
1536,989,197,1,2025-02-13 19:58:35,2025-02-13 19:58:35,
1537,906,196,1,2025-02-13 20:05:27,2025-02-13 20:05:43,2025-02-13 20:05:43
1538,906,197,1,2025-02-13 20:05:53,2025-02-13 20:07:05,2025-02-13 20:07:05
1539,906,197,1,2025-02-13 20:07:31,2025-02-13 20:07:31,
1540,729,207,1,2025-02-13 20:57:06,2025-02-13 20:57:06,
1541,704,196,1,2025-02-13 23:01:50,2025-02-13 23:01:50,
1542,704,141,2,2025-02-13 23:03:06,2025-02-13 23:17:03,2025-02-13 23:17:03
1543,704,141,1,2025-02-13 23:18:37,2025-02-13 23:21:31,2025-02-13 23:21:31
1544,1001,196,2,2025-02-13 23:29:13,2025-02-13 23:29:23,2025-02-13 23:29:23
1545,1001,196,0,2025-02-13 23:29:34,2025-03-13 19:01:27,2025-03-13 19:01:27
1546,1003,197,2,2025-02-14 01:30:06,2025-02-14 01:30:21,2025-02-14 01:30:21
1547,1003,197,1,2025-02-14 01:30:30,2025-02-14 01:30:30,
1548,1004,200,1,2025-02-14 17:21:22,2025-02-14 17:21:22,
1549,384,50,1,2025-02-14 21:37:17,2025-02-14 21:37:17,
1550,384,92,1,2025-02-14 21:40:01,2025-03-06 22:21:57,2025-03-06 22:21:57
1551,365,196,1,2025-02-15 00:56:12,2025-02-15 00:56:12,
1552,999,196,1,2025-02-15 01:49:55,2025-02-15 01:49:55,
1553,1006,46,1,2025-02-15 02:37:05,2025-02-15 02:37:05,
1554,852,104,1,2025-02-15 15:43:07,2025-02-15 15:43:07,
1555,1000,149,1,2025-02-15 16:35:48,2025-03-06 20:10:46,2025-03-06 20:10:46
1556,1000,141,1,2025-02-15 16:36:18,2025-02-15 16:36:18,
1557,808,204,1,2025-02-15 16:59:06,2025-02-15 16:59:38,2025-02-15 16:59:38
1558,1008,154,1,2025-02-15 17:25:01,2025-02-17 13:50:54,2025-02-17 13:50:54
1559,1008,151,1,2025-02-15 17:25:47,2025-02-15 17:25:47,
1560,519,113,1,2025-02-15 17:31:28,2025-02-17 22:50:46,2025-02-17 22:50:46
1561,1009,197,1,2025-02-15 18:06:50,2025-02-15 18:11:18,2025-02-15 18:11:18
1562,346,126,0,2025-02-15 18:18:52,2025-03-29 18:44:44,2025-03-29 18:44:44
1563,1010,201,1,2025-02-16 04:16:17,2025-02-16 04:16:17,
1564,970,55,1,2025-02-16 17:28:26,2025-02-16 17:28:26,
1565,969,126,2,2025-02-17 13:18:39,2025-02-17 14:33:24,
1566,969,147,1,2025-02-17 14:33:00,2025-02-17 14:33:00,
1567,519,135,1,2025-02-17 22:50:34,2025-02-19 13:08:09,2025-02-19 13:08:09
1568,769,147,0,2025-02-18 00:06:24,2025-02-18 22:20:23,2025-02-18 22:20:23
1569,1014,147,1,2025-02-18 14:21:55,2025-02-18 14:21:55,
1570,125,131,1,2025-02-18 20:14:22,2025-02-18 20:16:37,2025-02-18 20:16:37
1571,125,132,1,2025-02-18 20:14:24,2025-02-18 20:14:24,
1572,125,97,1,2025-02-18 20:23:02,2025-02-25 00:45:12,2025-02-25 00:45:12
1573,204,47,1,2025-02-18 22:07:53,2025-02-18 22:07:53,
1574,259,58,1,2025-02-19 02:43:49,2025-02-19 02:43:49,
1575,519,136,1,2025-02-19 13:07:58,2025-02-19 13:08:04,2025-02-19 13:08:04
1576,519,136,1,2025-02-19 13:08:24,2025-02-19 13:08:24,
1577,1018,197,2,2025-02-19 16:46:03,2025-02-20 02:20:22,2025-02-20 02:20:22
1578,1018,197,0,2025-02-20 02:20:29,2025-03-02 19:08:34,2025-03-02 19:08:34
1579,1019,131,1,2025-02-20 14:45:56,2025-02-20 14:46:33,2025-02-20 14:46:33
1580,1020,197,1,2025-02-20 16:39:17,2025-02-20 16:39:17,
1581,210,58,1,2025-02-20 20:17:50,2025-02-20 20:17:50,
1582,1023,140,1,2025-02-21 00:31:42,2025-02-21 00:31:42,
1583,511,122,1,2025-02-21 18:55:43,2025-02-22 12:25:57,2025-02-22 12:25:57
1584,511,125,1,2025-02-21 18:56:43,2025-02-21 19:02:02,2025-02-21 19:02:02
1585,511,113,1,2025-02-21 18:57:04,2025-02-21 18:57:04,
1586,511,58,1,2025-02-21 18:59:04,2025-02-21 19:02:09,2025-02-21 19:02:09
1587,511,72,1,2025-02-21 19:00:26,2025-02-21 19:22:38,2025-02-21 19:22:38
1588,511,98,1,2025-02-21 19:03:48,2025-02-21 19:29:52,2025-02-21 19:29:52
1589,511,58,1,2025-02-21 19:15:12,2025-02-21 19:29:33,2025-02-21 19:29:33
1590,435,63,0,2025-02-22 02:29:00,2025-11-07 14:54:04,2025-11-07 14:54:04
1591,435,58,0,2025-02-22 02:30:07,2025-11-07 14:54:04,2025-11-07 14:54:04
1592,511,188,1,2025-02-22 03:25:20,2025-02-22 03:25:20,
1593,1026,102,1,2025-02-22 05:44:29,2025-08-03 16:56:35,2025-08-03 16:56:35
1594,1026,104,1,2025-02-22 05:45:05,2025-08-03 16:56:45,2025-08-03 16:56:45
1595,1026,56,1,2025-02-22 05:46:10,2025-08-03 16:56:47,2025-08-03 16:56:47
1596,714,28,1,2025-02-22 22:00:00,2025-02-22 22:01:23,2025-02-22 22:01:23
1597,714,92,2,2025-02-22 22:01:04,2025-03-02 16:59:03,2025-03-02 16:59:03
1598,1028,197,1,2025-02-23 03:41:10,2025-02-23 03:42:03,2025-02-23 03:42:03
1599,1028,108,1,2025-02-23 03:44:07,2025-02-23 03:44:07,
1600,1028,109,1,2025-02-23 03:44:15,2025-02-23 03:44:25,2025-02-23 03:44:25
1601,1029,62,1,2025-02-23 06:07:33,2025-02-23 06:07:33,
1602,1007,102,1,2025-02-23 13:11:40,2025-02-26 21:58:58,2025-02-26 21:58:58
1603,1007,57,1,2025-02-23 13:11:55,2025-02-23 13:22:50,2025-02-23 13:22:50
1604,1007,46,1,2025-02-23 13:15:25,2025-02-23 13:22:05,2025-02-23 13:22:05
1605,1007,12,1,2025-02-23 13:21:54,2025-02-23 13:26:21,2025-02-23 13:26:21
1606,1007,194,1,2025-02-23 13:25:53,2025-02-23 13:25:53,
1607,1007,57,0,2025-02-23 13:27:02,2025-02-23 13:36:51,2025-02-23 13:36:51
1608,1030,104,1,2025-02-23 14:10:56,2025-02-23 14:15:02,2025-02-23 14:15:02
1609,1007,83,1,2025-02-23 14:17:38,2025-02-23 14:29:18,2025-02-23 14:29:18
1610,1007,70,1,2025-02-23 14:27:52,2025-02-23 17:16:28,2025-02-23 17:16:28
1611,1007,85,1,2025-02-23 14:29:13,2025-02-26 21:59:00,2025-02-26 21:59:00
1612,166,21,2,2025-02-23 16:19:36,2025-02-23 16:40:28,2025-02-23 16:40:28
1613,166,33,1,2025-02-23 16:40:19,2025-08-22 17:13:14,2025-08-22 17:13:14
1614,1007,63,1,2025-02-23 17:17:58,2025-02-26 21:59:01,2025-02-26 21:59:01
1615,1031,36,1,2025-02-23 17:34:32,2025-02-23 17:34:32,
1616,1007,182,1,2025-02-23 18:34:46,2025-02-26 21:59:02,2025-02-26 21:59:02
1617,423,199,1,2025-02-23 19:30:58,2025-02-23 19:33:51,2025-02-23 19:33:51
1618,423,40,1,2025-02-23 19:33:48,2025-02-23 19:33:48,
1619,738,194,1,2025-02-23 19:36:34,2025-06-27 22:49:15,2025-06-27 22:49:15
1620,384,112,1,2025-02-23 21:24:25,2025-03-06 22:21:55,2025-03-06 22:21:55
1621,1032,151,1,2025-02-23 22:41:38,2025-02-23 22:42:37,2025-02-23 22:42:37
1622,1032,153,1,2025-02-23 22:42:22,2025-02-23 22:42:22,
1623,1032,156,1,2025-02-23 22:43:08,2025-03-05 05:15:33,2025-03-05 05:15:33
1624,1033,109,1,2025-02-24 14:44:21,2025-02-24 14:44:21,
1625,1034,113,1,2025-02-24 22:19:59,2025-02-24 22:19:59,
1626,125,182,1,2025-02-25 00:42:43,2025-02-25 00:46:19,2025-02-25 00:46:19
1627,125,87,1,2025-02-25 00:43:01,2025-02-25 00:45:03,2025-02-25 00:45:03
1628,125,71,1,2025-02-25 00:43:45,2025-02-25 00:47:57,2025-02-25 00:47:57
1629,125,67,1,2025-02-25 00:47:53,2025-02-25 00:55:58,2025-02-25 00:55:58
1630,125,68,1,2025-02-25 00:54:31,2025-02-25 00:55:13,2025-02-25 00:55:13
1631,125,72,1,2025-02-25 00:54:41,2025-02-25 00:55:35,2025-02-25 00:55:35
1632,125,73,1,2025-02-25 00:54:45,2025-02-25 00:55:59,2025-02-25 00:55:59
1633,125,182,1,2025-02-25 00:55:04,2025-02-25 00:56:00,2025-02-25 00:56:00
1634,125,69,1,2025-02-25 00:55:20,2025-02-25 00:56:01,2025-02-25 00:56:01
1635,125,67,1,2025-02-25 00:57:04,2025-02-25 00:57:04,
1636,125,182,1,2025-02-25 00:57:38,2025-02-25 00:57:38,
1637,1037,96,1,2025-02-26 18:37:56,2025-02-26 18:37:56,
1638,179,12,1,2025-02-26 19:55:37,2025-02-26 19:55:37,
1639,1040,37,1,2025-02-26 20:54:17,2025-02-26 20:59:20,2025-02-26 20:59:20
1640,1040,108,1,2025-02-26 20:57:39,2025-02-26 20:59:12,2025-02-26 20:59:12
1641,1040,138,1,2025-02-26 20:58:17,2025-02-26 20:59:14,2025-02-26 20:59:14
1642,1040,138,1,2025-02-26 20:59:47,2025-02-26 20:59:47,
1643,1042,201,1,2025-02-28 00:24:49,2025-02-28 00:24:49,
1644,1043,17,1,2025-03-02 02:19:26,2025-03-02 02:29:48,2025-03-02 02:29:48
1645,707,214,1,2025-03-02 12:29:14,2025-03-05 17:49:11,2025-03-05 17:49:11
1646,715,220,2,2025-03-02 16:27:24,2025-03-13 15:29:34,2025-03-13 15:29:34
1647,714,91,1,2025-03-02 16:59:16,2025-03-02 16:59:50,2025-03-02 16:59:50
1648,714,92,1,2025-03-02 16:59:45,2025-04-26 21:56:42,2025-04-26 21:56:42
1649,1044,15,1,2025-03-02 17:59:44,2025-03-02 18:00:37,2025-03-02 18:00:37
1650,1044,14,1,2025-03-02 18:00:14,2025-03-02 18:00:24,2025-03-02 18:00:24
1651,1044,14,1,2025-03-02 18:01:00,2025-03-02 18:01:00,
1652,1002,211,1,2025-03-02 19:10:18,2025-03-02 19:10:18,
1653,15,221,2,2025-03-02 21:57:15,2025-04-29 11:02:43,2025-04-29 11:02:43
1654,987,17,1,2025-03-02 23:07:41,2025-03-06 16:27:48,2025-03-06 16:27:48
1655,1045,133,1,2025-03-02 23:13:55,2025-03-02 23:13:55,
1656,987,66,1,2025-03-03 00:53:46,2025-03-06 16:27:50,2025-03-06 16:27:50
1657,707,208,1,2025-03-03 13:35:48,2025-03-03 13:36:08,2025-03-03 13:36:08
1658,1046,214,1,2025-03-03 17:40:49,2025-03-03 17:40:49,
1659,808,221,1,2025-03-04 18:21:52,2025-03-04 18:22:23,2025-03-04 18:22:23
1660,846,201,0,2025-03-05 00:35:47,2025-07-15 14:55:54,2025-07-15 14:55:54
1661,1032,215,1,2025-03-05 05:14:51,2025-03-05 05:14:51,
1662,707,235,1,2025-03-05 18:17:02,2025-03-05 19:53:27,2025-03-05 19:53:27
1663,707,62,1,2025-03-05 19:53:19,2025-03-05 19:53:19,
1664,295,225,1,2025-03-05 23:12:29,2025-03-06 03:33:31,2025-03-06 03:33:31
1665,987,8,1,2025-03-06 16:27:43,2025-03-06 16:27:43,
1666,1048,221,1,2025-03-06 21:42:59,2025-03-06 21:42:59,
1667,1049,77,1,2025-03-07 14:55:08,2025-03-07 14:55:08,
1668,808,214,1,2025-03-07 14:55:58,2025-03-07 14:56:30,2025-03-07 14:56:30
1669,1049,184,1,2025-03-07 14:56:59,2025-03-07 14:58:42,2025-03-07 14:58:42
1670,295,30,1,2025-03-07 16:05:26,2025-03-07 16:05:26,
1671,295,225,1,2025-03-07 16:07:41,2025-03-07 16:07:41,
1672,444,71,1,2025-03-08 15:01:20,2025-03-08 15:07:11,2025-03-08 15:07:11
1673,444,97,1,2025-03-08 15:03:20,2025-03-08 15:43:00,2025-03-08 15:43:00
1674,444,69,1,2025-03-08 15:04:01,2025-03-08 15:18:30,2025-03-08 15:18:30
1675,444,174,1,2025-03-08 15:05:54,2025-03-08 15:53:18,2025-03-08 15:53:18
1676,444,37,1,2025-03-08 15:06:41,2025-03-08 15:18:25,2025-03-08 15:18:25
1677,444,45,1,2025-03-08 15:18:19,2025-03-08 21:05:13,2025-03-08 21:05:13
1678,444,71,1,2025-03-08 15:45:14,2025-03-08 15:46:13,2025-03-08 15:46:13
1679,444,24,1,2025-03-08 15:47:32,2025-03-08 21:05:19,2025-03-08 21:05:19
1680,444,47,1,2025-03-08 15:52:31,2025-03-08 15:52:31,
1681,444,22,1,2025-03-08 15:53:03,2025-03-08 15:53:03,
1682,1006,66,1,2025-03-08 16:54:35,2025-03-08 16:55:16,2025-03-08 16:55:16
1683,444,33,1,2025-03-08 21:10:32,2025-03-08 21:19:40,2025-03-08 21:19:40
1684,444,35,1,2025-03-08 21:10:46,2025-03-08 21:19:42,2025-03-08 21:19:42
1685,1054,217,1,2025-03-09 08:19:55,2025-03-09 08:19:55,
1686,946,66,1,2025-03-09 21:00:24,2025-03-09 21:00:24,
1687,1055,94,1,2025-03-10 02:23:22,2025-03-10 19:01:10,2025-03-10 19:01:10
1688,1056,65,1,2025-03-10 14:15:28,2025-03-10 14:15:28,
1689,1055,56,1,2025-03-10 19:01:04,2025-03-10 19:08:14,2025-03-10 19:08:14
1690,1055,101,1,2025-03-10 19:01:59,2025-03-10 19:02:38,2025-03-10 19:02:38
1691,1055,18,1,2025-03-10 19:02:32,2025-03-10 19:10:56,2025-03-10 19:10:56
1692,1055,100,1,2025-03-10 19:10:52,2025-03-10 19:10:52,
1693,728,69,2,2025-03-11 20:17:37,2025-03-11 20:18:08,2025-03-11 20:18:08
1694,728,69,2,2025-03-11 20:18:22,2025-03-13 21:29:28,2025-03-13 21:29:28
1695,714,208,1,2025-03-11 20:28:26,2025-04-26 21:56:45,2025-04-26 21:56:45
1696,1057,188,2,2025-03-12 01:33:21,2025-03-12 01:35:58,2025-03-12 01:35:58
1697,1057,188,1,2025-03-12 01:36:18,2025-03-12 01:36:18,
1698,748,9,1,2025-03-12 08:05:17,2025-03-12 08:05:17,
1699,748,43,1,2025-03-12 08:06:39,2025-03-12 08:14:41,2025-03-12 08:14:41
1700,639,212,1,2025-03-12 20:21:39,2025-04-30 09:49:44,2025-04-30 09:49:44
1701,639,222,1,2025-03-12 20:21:57,2025-04-30 09:49:45,2025-04-30 09:49:45
1702,1047,66,0,2025-03-13 12:18:44,2025-10-05 11:51:02,2025-10-05 11:51:02
1703,715,30,1,2025-03-13 15:30:37,2025-03-13 15:30:37,
1704,715,220,1,2025-03-13 15:30:54,2025-03-13 15:30:54,
1705,715,229,1,2025-03-13 15:36:17,2025-03-13 15:36:17,
1706,1060,131,1,2025-03-13 15:45:25,2025-03-13 15:47:44,2025-03-13 15:47:44
1707,1060,142,1,2025-03-13 15:47:34,2025-03-13 15:47:34,
1708,748,43,1,2025-03-13 16:39:59,2025-03-13 17:01:26,2025-03-13 17:01:26
1709,748,14,1,2025-03-13 16:41:18,2025-03-13 16:42:10,2025-03-13 16:42:10
1710,748,49,1,2025-03-13 16:59:43,2025-03-13 17:04:17,2025-03-13 17:04:17
1711,748,240,1,2025-03-13 17:00:43,2025-03-13 17:00:43,
1712,748,14,1,2025-03-13 17:01:06,2025-03-13 17:01:06,
1713,1062,68,2,2025-03-13 17:18:03,2025-03-13 17:18:22,2025-03-13 17:18:22
1714,1062,68,1,2025-03-13 17:18:31,2025-03-13 17:18:31,
1715,728,69,1,2025-03-13 21:29:47,2025-03-13 21:29:47,
1716,22,183,1,2025-03-14 01:03:34,2025-03-14 01:05:11,2025-03-14 01:05:11
1717,22,156,1,2025-03-14 01:05:33,2025-06-29 23:34:48,2025-06-29 23:34:48
1718,22,153,1,2025-03-14 01:05:44,2025-06-29 23:34:52,2025-06-29 23:34:52
1719,1064,92,1,2025-03-14 03:15:53,2025-03-14 03:15:53,
1720,1064,95,1,2025-03-14 03:16:38,2025-03-14 03:16:38,
1721,1066,165,1,2025-03-14 16:08:14,2025-03-14 16:08:14,
1722,1067,225,1,2025-03-15 18:28:18,2025-03-15 18:28:18,
1723,1068,56,1,2025-03-15 19:27:13,2025-03-15 20:12:37,2025-03-15 20:12:37
1724,1068,19,1,2025-03-15 20:12:03,2025-03-27 14:39:19,2025-03-27 14:39:19
1725,841,66,1,2025-03-15 23:17:57,2025-03-15 23:18:14,2025-03-15 23:18:14
1726,841,68,1,2025-03-15 23:18:01,2025-03-15 23:18:01,
1727,1070,191,1,2025-03-16 03:47:45,2025-03-16 03:47:45,
1728,1073,50,1,2025-03-16 10:12:29,2025-03-16 10:12:29,
1729,1071,50,1,2025-03-16 10:12:39,2025-03-16 10:12:39,
1730,1071,45,1,2025-03-16 10:13:19,2025-03-16 10:13:19,
1731,1071,101,1,2025-03-16 10:15:26,2025-03-16 10:15:26,
1732,1074,62,1,2025-03-16 14:56:17,2025-03-16 14:59:54,2025-03-16 14:59:54
1733,1074,63,1,2025-03-16 14:56:35,2025-03-16 14:56:35,
1734,377,36,1,2025-03-17 13:55:55,2025-03-17 13:56:09,2025-03-17 13:56:09
1735,377,37,1,2025-03-17 13:56:06,2025-03-17 13:56:06,
1736,536,221,1,2025-03-17 19:12:02,2025-03-17 19:12:02,
1737,1078,50,1,2025-03-17 19:37:58,2025-03-17 19:37:58,
1738,1078,96,1,2025-03-17 20:07:56,2025-03-17 20:07:56,
1739,1079,137,1,2025-03-18 23:25:03,2025-03-18 23:25:03,
1740,1079,237,1,2025-03-18 23:38:16,2025-03-18 23:38:16,
1741,1072,44,1,2025-03-20 04:12:25,2025-04-07 20:51:09,2025-04-07 20:51:09
1742,1072,50,1,2025-03-20 04:12:35,2025-04-07 20:51:08,2025-04-07 20:51:08
1743,1072,95,1,2025-03-20 04:15:55,2025-03-20 17:03:45,2025-03-20 17:03:45
1744,1072,91,1,2025-03-20 04:17:11,2025-08-09 23:19:41,2025-08-09 23:19:41
1745,1072,28,1,2025-03-20 04:17:26,2025-08-09 23:19:47,2025-08-09 23:19:47
1746,1072,31,0,2025-03-20 04:17:28,2025-04-07 20:50:29,2025-04-07 20:50:29
1747,1072,35,1,2025-03-20 04:18:04,2025-04-07 20:51:23,2025-04-07 20:51:23
1748,87,19,1,2025-03-20 05:24:31,2025-03-20 05:24:31,
1749,1072,33,1,2025-03-20 17:03:59,2025-08-09 23:19:44,2025-08-09 23:19:44
1750,808,214,1,2025-03-23 16:12:44,2025-03-23 16:12:44,
1751,1084,28,1,2025-03-23 16:56:08,2025-03-23 16:56:08,
1752,1084,31,1,2025-03-23 16:56:10,2025-03-23 16:56:10,
1753,1084,89,1,2025-03-23 16:56:59,2025-03-23 16:56:59,
1754,1084,66,1,2025-03-23 17:01:11,2025-03-23 17:01:11,
1755,1086,50,1,2025-03-24 03:29:25,2025-03-24 03:29:25,
1756,1087,134,1,2025-03-25 19:53:01,2025-03-25 19:53:01,
1757,806,237,1,2025-03-26 18:42:22,2025-08-09 02:33:29,2025-08-09 02:33:29
1758,806,55,1,2025-03-26 18:42:57,2025-08-09 02:33:30,2025-08-09 02:33:30
1759,1088,174,1,2025-03-27 15:06:22,2025-03-27 15:06:22,
1760,1088,221,2,2025-03-27 15:14:10,2025-03-27 15:15:31,2025-03-27 15:15:31
1761,1088,221,1,2025-03-27 15:15:34,2025-03-27 16:12:54,2025-03-27 16:12:54
1762,1088,63,1,2025-03-27 16:08:30,2025-03-27 16:08:30,
1763,1091,13,1,2025-03-30 19:23:45,2025-03-30 19:23:45,
1764,1091,9,1,2025-03-30 19:24:16,2025-03-30 19:24:16,
1765,903,68,1,2025-03-31 01:07:47,2025-03-31 01:07:47,
1766,1093,37,1,2025-03-31 08:53:24,2025-03-31 08:53:24,
1767,1095,69,1,2025-03-31 13:36:52,2025-03-31 13:36:52,
1768,718,104,1,2025-03-31 14:45:58,2025-03-31 14:45:58,
1769,718,105,1,2025-03-31 14:46:00,2025-03-31 14:46:00,
1770,810,214,1,2025-03-31 19:07:47,2025-03-31 19:14:17,2025-03-31 19:14:17
1771,810,44,1,2025-03-31 19:10:37,2025-03-31 19:15:21,2025-03-31 19:15:21
1772,810,15,1,2025-03-31 19:11:26,2025-03-31 19:14:25,2025-03-31 19:14:25
1773,810,68,1,2025-03-31 19:12:31,2025-03-31 19:14:30,2025-03-31 19:14:30
1774,810,215,1,2025-03-31 19:14:08,2025-03-31 19:14:08,
1775,1098,94,1,2025-03-31 20:00:28,2025-03-31 20:00:28,
1776,1099,98,1,2025-03-31 20:40:07,2025-03-31 20:40:07,
1777,1101,37,1,2025-03-31 22:52:14,2025-03-31 22:52:14,
1778,1101,33,1,2025-03-31 22:52:27,2025-03-31 22:52:27,
1779,1102,71,2,2025-03-31 23:08:25,2025-04-12 20:01:42,2025-04-12 20:01:42
1780,1104,87,1,2025-04-01 05:46:33,2025-04-01 05:46:33,
1781,1105,166,1,2025-04-01 05:51:11,2025-04-01 05:51:11,
1782,838,75,1,2025-04-01 20:53:08,2025-04-01 20:53:08,
1783,838,21,1,2025-04-01 20:53:28,2025-04-01 20:53:28,
1784,91,237,1,2025-04-01 21:24:10,2025-04-02 04:15:08,2025-04-02 04:15:08
1785,91,224,1,2025-04-01 21:24:51,2025-04-02 04:15:11,2025-04-02 04:15:11
1786,91,222,1,2025-04-01 21:25:09,2025-04-02 04:15:09,2025-04-02 04:15:09
1787,91,218,1,2025-04-01 21:26:10,2025-04-02 04:15:13,2025-04-02 04:15:13
1788,91,212,1,2025-04-01 21:26:22,2025-04-02 04:15:12,2025-04-02 04:15:12
1789,91,58,1,2025-04-01 21:27:00,2025-04-02 04:15:15,2025-04-02 04:15:15
1790,91,50,1,2025-04-01 21:27:27,2025-04-02 04:15:14,2025-04-02 04:15:14
1791,91,232,1,2025-04-01 21:27:50,2025-04-02 04:15:17,2025-04-02 04:15:17
1792,91,234,1,2025-04-01 21:27:51,2025-04-02 04:15:16,2025-04-02 04:15:16
1793,91,89,1,2025-04-01 21:28:21,2025-04-02 04:15:20,2025-04-02 04:15:20
1794,91,37,1,2025-04-01 21:28:55,2025-04-02 04:15:19,2025-04-02 04:15:19
1795,1108,99,1,2025-04-01 22:11:54,2025-04-01 22:11:54,
1796,1108,178,1,2025-04-01 22:17:07,2025-04-01 22:17:07,
1797,91,222,2,2025-04-02 04:15:48,2025-04-02 04:32:13,2025-04-02 04:32:13
1798,91,218,3,2025-04-02 04:16:02,2025-11-08 00:01:14,2025-11-08 00:01:14
1799,91,58,0,2025-04-02 04:16:45,2025-11-08 00:01:03,2025-11-08 00:01:03
1800,91,89,2,2025-04-02 04:17:13,2025-11-08 00:01:17,2025-11-08 00:01:17
1801,91,37,0,2025-04-02 04:17:33,2025-11-08 00:01:03,2025-11-08 00:01:03
1802,91,19,1,2025-04-02 04:18:05,2025-11-08 00:01:22,2025-11-08 00:01:22
1803,91,41,1,2025-04-02 04:21:30,2025-04-02 04:22:29,2025-04-02 04:22:29
1804,91,237,1,2025-04-02 04:25:20,2025-11-08 00:01:20,2025-11-08 00:01:20
1805,91,236,1,2025-04-02 04:25:22,2025-11-08 00:01:24,2025-11-08 00:01:24
1806,91,235,1,2025-04-02 04:25:28,2025-11-08 00:01:27,2025-11-08 00:01:27
1807,91,229,1,2025-04-02 04:25:34,2025-11-08 00:01:49,2025-11-08 00:01:49
1808,91,228,0,2025-04-02 04:25:41,2025-11-08 00:01:03,2025-11-08 00:01:03
1809,91,227,1,2025-04-02 04:25:47,2025-11-08 00:01:51,2025-11-08 00:01:51
1810,91,226,0,2025-04-02 04:25:52,2025-11-08 00:01:03,2025-11-08 00:01:03
1811,91,224,0,2025-04-02 04:26:00,2025-11-08 00:01:03,2025-11-08 00:01:03
1812,91,225,1,2025-04-02 04:26:06,2025-11-08 00:01:53,2025-11-08 00:01:53
1813,91,223,1,2025-04-02 04:26:14,2025-11-08 00:01:55,2025-11-08 00:01:55
1814,91,219,1,2025-04-02 04:26:30,2025-11-08 00:01:36,2025-11-08 00:01:36
1815,91,220,0,2025-04-02 04:26:31,2025-11-08 00:01:03,2025-11-08 00:01:03
1816,91,221,1,2025-04-02 04:26:40,2025-11-08 00:01:35,2025-11-08 00:01:35
1817,91,214,0,2025-04-02 04:26:50,2025-11-08 00:01:03,2025-11-08 00:01:03
1818,91,217,1,2025-04-02 04:26:57,2025-11-08 00:01:59,2025-11-08 00:01:59
1819,91,212,0,2025-04-02 04:27:05,2025-11-08 00:01:03,2025-11-08 00:01:03
1820,91,213,0,2025-04-02 04:27:06,2025-11-08 00:01:04,2025-11-08 00:01:04
1821,91,149,1,2025-04-02 04:27:26,2025-11-08 00:01:38,2025-11-08 00:01:38
1822,91,150,1,2025-04-02 04:27:28,2025-11-08 00:01:40,2025-11-08 00:01:40
1823,91,50,1,2025-04-02 04:27:46,2025-11-08 00:01:41,2025-11-08 00:01:41
1824,91,51,1,2025-04-02 04:27:48,2025-11-08 00:02:00,2025-11-08 00:02:00
1825,91,61,0,2025-04-02 04:28:04,2025-11-08 00:01:04,2025-11-08 00:01:04
1826,91,109,0,2025-04-02 04:28:38,2025-04-13 23:07:43,2025-04-13 23:07:43
1827,91,107,1,2025-04-02 04:28:40,2025-11-08 00:02:18,2025-11-08 00:02:18
1828,91,112,1,2025-04-02 04:28:57,2025-11-08 00:03:01,2025-11-08 00:03:01
1829,91,111,1,2025-04-02 04:29:06,2025-11-08 00:03:06,2025-11-08 00:03:06
1830,91,110,1,2025-04-02 04:29:08,2025-11-08 00:03:19,2025-11-08 00:03:19
1831,91,234,1,2025-04-02 04:29:40,2025-11-08 00:03:26,2025-11-08 00:03:26
1832,91,232,1,2025-04-02 04:29:41,2025-11-08 00:02:25,2025-11-08 00:02:25
1833,91,165,0,2025-04-02 04:29:59,2025-11-08 00:01:04,2025-11-08 00:01:04
1834,91,140,1,2025-04-02 04:30:00,2025-11-08 00:02:30,2025-11-08 00:02:30
1835,91,138,1,2025-04-02 04:30:02,2025-11-08 00:02:33,2025-11-08 00:02:33
1836,91,195,0,2025-04-02 04:30:21,2025-11-08 00:01:04,2025-11-08 00:01:04
1837,91,47,1,2025-04-02 04:30:22,2025-11-08 00:02:32,2025-11-08 00:02:32
1838,91,45,1,2025-04-02 04:30:23,2025-11-08 00:02:36,2025-11-08 00:02:36
1839,91,13,0,2025-04-02 04:30:32,2025-11-08 00:01:04,2025-11-08 00:01:04
1840,91,14,0,2025-04-02 04:30:33,2025-11-08 00:01:04,2025-11-08 00:01:04
1841,91,230,1,2025-04-02 04:30:41,2025-11-08 00:02:37,2025-11-08 00:02:37
1842,91,9,0,2025-04-02 04:30:56,2025-11-08 00:01:04,2025-11-08 00:01:04
1843,91,43,1,2025-04-02 04:31:03,2025-11-08 00:03:33,2025-11-08 00:03:33
1844,91,41,1,2025-04-02 04:31:06,2025-11-08 00:03:36,2025-11-08 00:03:36
1845,91,183,0,2025-04-02 04:31:17,2025-11-08 00:01:04,2025-11-08 00:01:04
1846,91,199,0,2025-04-02 04:31:34,2025-04-13 23:07:44,2025-04-13 23:07:44
1847,91,201,0,2025-04-02 04:31:36,2025-04-13 23:07:44,2025-04-13 23:07:44
1848,91,240,1,2025-04-02 04:31:46,2025-11-08 00:03:37,2025-11-08 00:03:37
1849,91,209,1,2025-04-02 04:31:47,2025-11-08 00:04:01,2025-11-08 00:04:01
1850,91,207,1,2025-04-02 04:32:04,2025-11-08 00:03:44,2025-11-08 00:03:44
1851,91,205,0,2025-04-02 04:32:05,2025-11-08 00:01:04,2025-11-08 00:01:04
1852,1027,98,1,2025-04-02 17:16:47,2025-04-02 17:16:47,
1853,1027,96,1,2025-04-02 17:20:59,2025-04-02 17:21:21,2025-04-02 17:21:21
1854,1027,96,1,2025-04-02 17:52:42,2025-04-02 17:52:42,
1855,1027,32,1,2025-04-02 17:56:06,2025-04-02 17:57:42,2025-04-02 17:57:42
1856,1110,62,1,2025-04-02 18:10:02,2025-04-02 18:10:02,
1857,133,214,1,2025-04-03 03:12:17,2025-04-03 03:12:17,
1858,133,88,2,2025-04-03 03:13:07,2025-05-06 01:50:02,
1859,1113,182,1,2025-04-05 02:44:13,2025-04-05 02:44:13,
1860,1115,97,0,2025-04-05 18:42:21,2025-10-18 20:34:14,2025-10-18 20:34:14
1861,1103,47,1,2025-04-06 12:22:44,2025-04-06 12:22:44,
1862,1103,182,1,2025-04-06 12:32:43,2025-04-06 12:32:43,
1863,1117,76,1,2025-04-07 15:08:54,2025-04-07 15:08:54,
1864,1117,22,1,2025-04-07 15:10:22,2025-04-07 15:10:22,
1865,1119,75,1,2025-04-09 03:26:54,2025-04-09 03:26:54,
1866,1119,21,1,2025-04-09 03:36:35,2025-04-09 03:36:35,
1867,1120,75,1,2025-04-09 03:48:51,2025-04-09 03:49:02,2025-04-09 03:49:02
1868,133,191,1,2025-04-11 18:31:16,2025-05-06 22:45:59,2025-05-06 22:45:59
1869,133,233,1,2025-04-11 18:31:46,2025-04-11 18:31:46,
1870,133,118,1,2025-04-11 18:33:43,2025-04-26 20:34:35,2025-04-26 20:34:35
1871,1121,137,1,2025-04-11 19:23:05,2025-04-11 19:30:43,2025-04-11 19:30:43
1872,1121,138,1,2025-04-11 19:24:25,2025-04-11 19:24:25,
1873,1121,165,1,2025-04-11 19:24:48,2025-04-11 19:32:34,2025-04-11 19:32:34
1874,1121,19,1,2025-04-11 19:25:14,2025-04-11 19:25:14,
1875,1121,182,1,2025-04-11 19:25:46,2025-04-11 19:25:46,
1876,1121,181,1,2025-04-11 19:26:23,2025-04-11 19:26:23,
1877,1121,152,1,2025-04-11 19:26:47,2025-04-11 19:26:47,
1878,1121,104,1,2025-04-11 19:27:46,2025-04-11 19:27:46,
1879,1102,107,1,2025-04-12 20:01:35,2025-04-12 20:01:35,
1880,1017,231,1,2025-04-13 16:49:50,2025-04-13 16:52:14,2025-04-13 16:52:14
1881,1017,180,1,2025-04-13 16:51:55,2025-05-09 14:57:05,2025-05-09 14:57:05
1882,1017,181,1,2025-04-13 17:01:04,2025-05-09 14:57:03,2025-05-09 14:57:03
1883,1017,37,1,2025-04-13 17:04:39,2025-05-09 14:57:02,2025-05-09 14:57:02
1884,1060,131,2,2025-04-13 17:38:30,2025-04-13 17:38:40,2025-04-13 17:38:40
1885,1060,131,1,2025-04-13 17:38:53,2025-04-13 17:41:12,2025-04-13 17:41:12
1886,1123,142,1,2025-04-13 17:44:21,2025-04-13 17:44:21,
1887,1061,49,1,2025-04-13 19:04:37,2025-04-13 19:04:37,
1888,526,152,1,2025-04-13 19:13:48,2025-04-13 19:16:15,2025-04-13 19:16:15
1889,526,158,1,2025-04-13 19:14:30,2025-04-13 19:16:14,2025-04-13 19:16:14
1890,526,151,1,2025-04-13 19:16:49,2025-04-13 19:16:56,2025-04-13 19:16:56
1891,1126,124,1,2025-04-13 19:28:53,2025-04-13 19:28:53,
1892,1063,180,1,2025-04-13 21:46:27,2025-08-20 12:13:46,2025-08-20 12:13:46
1893,1106,141,2,2025-04-14 17:51:59,2025-04-15 04:18:53,2025-04-15 04:18:53
1894,1127,66,1,2025-04-14 20:49:40,2025-04-14 20:49:40,
1895,1128,174,1,2025-04-15 00:30:38,2025-04-15 00:30:38,
1896,490,105,1,2025-04-15 03:52:47,2025-04-15 03:52:47,
1897,1106,141,2,2025-04-15 04:19:08,2025-04-15 05:00:15,2025-04-15 05:00:15
1898,1130,141,1,2025-04-15 04:28:34,2025-04-15 04:28:34,
1899,1106,141,1,2025-04-15 05:00:25,2025-04-15 05:00:25,
1900,731,237,1,2025-04-15 08:35:07,2025-04-15 17:08:38,2025-04-15 17:08:38
1901,1132,236,1,2025-04-15 11:59:06,2025-05-26 19:05:50,2025-05-26 19:05:50
1902,731,205,1,2025-04-15 17:08:22,2025-04-15 17:08:22,
1903,1133,204,2,2025-04-15 17:11:07,2025-04-15 17:11:24,2025-04-15 17:11:24
1904,1133,204,1,2025-04-15 17:11:42,2025-04-15 17:11:42,
1905,1136,191,1,2025-04-15 19:27:02,2025-04-15 19:27:02,
1906,1136,182,1,2025-04-15 19:27:51,2025-04-15 19:27:51,
1907,1137,55,1,2025-04-15 19:37:53,2025-04-15 19:38:19,2025-04-15 19:38:19
1908,1137,167,1,2025-04-15 19:38:31,2025-04-29 12:57:18,2025-04-29 12:57:18
1909,1137,169,2,2025-04-15 19:38:56,2025-04-29 12:57:15,2025-04-29 12:57:15
1910,1065,149,1,2025-04-15 20:44:13,2025-04-15 20:44:13,
1911,1122,239,1,2025-04-16 01:55:41,2025-04-16 01:55:41,
1922,1145,40,1,2025-04-22 06:54:29,2025-04-22 06:54:29,
1923,1146,135,1,2025-04-23 01:10:21,2025-04-23 01:10:21,
1924,953,182,1,2025-04-24 23:57:43,2025-04-24 23:57:43,
1925,1148,208,2,2025-04-25 03:42:40,2025-07-15 21:57:27,2025-07-15 21:57:27
1926,166,35,1,2025-04-25 15:39:01,2025-08-22 17:13:16,2025-08-22 17:13:16
1927,1139,142,1,2025-04-25 16:37:39,2025-05-06 14:12:46,2025-05-06 14:12:46
1928,714,166,1,2025-04-26 21:56:33,2025-04-26 21:56:33,
1929,1149,149,1,2025-04-27 11:39:45,2025-04-27 11:39:45,
1930,1138,110,1,2025-04-27 18:36:18,2025-04-27 18:36:18,
1931,1153,188,1,2025-04-28 10:47:48,2025-04-28 10:47:48,
1932,1144,181,3,2025-04-29 04:40:03,2025-04-29 05:05:26,2025-04-29 05:05:26
1933,1144,181,1,2025-04-29 05:05:42,2025-04-29 05:07:06,2025-04-29 05:07:06
1934,1144,181,1,2025-04-29 05:07:44,2025-04-29 05:17:54,2025-04-29 05:17:54
1935,1144,180,1,2025-04-29 05:18:00,2025-04-29 05:18:40,2025-04-29 05:18:40
1936,1144,87,1,2025-04-29 05:18:55,2025-04-29 05:19:13,2025-04-29 05:19:13
1937,1144,180,1,2025-04-29 05:22:06,2025-04-29 05:22:12,2025-04-29 05:22:12
1938,1144,181,1,2025-04-29 05:22:09,2025-04-29 10:36:11,2025-04-29 10:36:11
1939,1144,181,1,2025-04-29 10:36:24,2025-04-29 10:36:24,
1940,15,221,1,2025-04-29 11:03:09,2025-08-30 11:35:41,2025-08-30 11:35:41
1941,523,221,1,2025-04-29 17:38:00,2025-04-29 17:38:00,
1942,1155,17,1,2025-04-29 17:43:43,2025-04-29 22:02:42,2025-04-29 22:02:42
1943,1155,32,1,2025-04-29 21:50:34,2025-04-30 13:34:04,2025-04-30 13:34:04
1944,639,114,1,2025-04-30 09:49:19,2025-04-30 09:49:19,
1945,639,191,1,2025-04-30 09:50:36,2025-04-30 09:50:36,
1946,1155,219,1,2025-04-30 13:33:59,2025-05-02 01:43:27,2025-05-02 01:43:27
1947,1156,121,1,2025-04-30 23:26:25,2025-05-09 17:04:28,2025-05-09 17:04:28
1948,1156,119,1,2025-04-30 23:26:31,2025-04-30 23:49:26,2025-04-30 23:49:26
1949,877,224,1,2025-05-01 01:39:03,2025-05-10 23:51:03,2025-05-10 23:51:03
1950,1157,184,1,2025-05-01 09:15:50,2025-05-01 09:16:38,2025-05-01 09:16:38
1951,1155,214,1,2025-05-02 01:43:16,2025-05-02 19:06:46,2025-05-02 19:06:46
1952,1111,77,1,2025-05-02 13:42:04,2025-05-02 13:42:04,
1953,1111,228,1,2025-05-02 13:42:58,2025-05-02 13:48:27,2025-05-02 13:48:27
1954,1111,225,1,2025-05-02 13:44:52,2025-05-02 13:48:28,2025-05-02 13:48:28
1955,1160,87,2,2025-05-04 12:46:06,2025-05-04 14:33:22,2025-05-04 14:33:22
1956,1160,238,1,2025-05-04 14:30:01,2025-05-04 14:34:06,2025-05-04 14:34:06
1957,1160,99,1,2025-05-04 14:30:42,2025-05-04 14:34:04,2025-05-04 14:34:04
1958,1160,236,1,2025-05-04 14:31:35,2025-05-04 14:33:59,2025-05-04 14:33:59
1959,1160,87,1,2025-05-04 14:33:31,2025-05-04 14:33:31,
1960,1161,55,1,2025-05-04 14:42:51,2025-05-04 14:42:51,
1961,1161,228,1,2025-05-04 15:11:51,2025-05-04 15:11:51,
1962,1163,224,1,2025-05-04 18:33:05,2025-05-04 18:33:05,
1963,1162,32,1,2025-05-05 13:59:31,2025-05-05 14:00:45,2025-05-05 14:00:45
1964,1162,34,1,2025-05-05 13:59:32,2025-05-05 13:59:32,
1965,714,182,1,2025-05-06 01:27:03,2025-05-06 01:27:03,
1966,133,231,1,2025-05-06 01:48:28,2025-05-06 01:48:28,
1967,133,236,1,2025-05-06 01:49:18,2025-05-06 01:49:18,
1968,1164,238,1,2025-05-06 12:45:41,2025-05-06 12:45:41,
1969,1151,103,1,2025-05-06 14:06:53,2025-07-15 10:41:52,2025-07-15 10:41:52
1970,1151,191,1,2025-05-06 14:11:05,2025-05-06 14:14:25,2025-05-06 14:14:25
1971,1151,182,1,2025-05-06 14:12:06,2025-05-06 14:14:32,2025-05-06 14:14:32
1972,1139,206,1,2025-05-06 14:12:30,2025-05-06 14:12:30,
1973,1151,224,1,2025-05-06 14:13:40,2025-07-15 10:41:54,2025-07-15 10:41:54
1974,714,213,1,2025-05-06 14:57:30,2025-05-06 15:08:04,2025-05-06 15:08:04
1975,714,223,1,2025-05-06 14:58:15,2025-05-06 15:12:23,2025-05-06 15:12:23
1976,714,61,1,2025-05-06 15:06:34,2025-05-06 15:09:35,2025-05-06 15:09:35
1977,1168,107,1,2025-05-06 16:27:06,2025-05-06 16:27:06,
1978,133,66,1,2025-05-06 22:44:23,2025-05-06 22:44:23,
1979,1167,62,1,2025-05-07 10:16:46,2025-05-11 18:38:37,2025-05-11 18:38:37
1980,600,221,1,2025-05-08 18:14:27,2025-05-08 18:14:27,
1981,1017,222,1,2025-05-09 14:57:24,2025-05-09 14:57:24,
1982,919,21,1,2025-05-10 14:47:47,2025-05-16 16:45:23,2025-05-16 16:45:23
1983,877,226,1,2025-05-10 23:50:57,2025-05-10 23:50:57,
1984,1171,32,1,2025-05-13 11:34:50,2025-05-13 11:34:50,
1985,1171,100,1,2025-05-13 11:42:32,2025-05-13 11:42:32,
1986,919,93,1,2025-05-15 15:23:32,2025-05-15 15:33:20,2025-05-15 15:33:20
1987,919,223,1,2025-05-15 15:38:33,2025-05-16 16:43:47,2025-05-16 16:43:47
1988,1172,64,1,2025-05-15 18:06:23,2025-05-15 18:06:23,
1989,919,32,1,2025-05-16 16:48:10,2025-05-16 16:48:10,
1990,919,229,1,2025-05-16 16:51:06,2025-05-16 17:03:47,2025-05-16 17:03:47
1991,919,44,1,2025-05-16 16:53:01,2025-05-16 17:03:51,2025-05-16 17:03:51
1992,1173,44,1,2025-05-17 14:17:31,2025-05-18 10:45:44,2025-05-18 10:45:44
1993,1174,238,1,2025-05-17 22:15:42,2025-05-17 22:15:42,
1994,1173,227,1,2025-05-18 10:40:18,2025-05-18 10:40:18,
1995,1173,64,1,2025-05-21 16:57:43,2025-05-24 15:54:57,2025-05-24 15:54:57
1996,1176,13,1,2025-05-23 17:57:24,2025-05-23 17:57:24,
1997,1179,208,1,2025-05-25 06:40:26,2025-05-25 06:40:26,
1998,1179,13,1,2025-05-25 06:41:35,2025-05-25 06:41:35,
1999,1179,220,1,2025-05-25 06:42:38,2025-05-25 06:42:38,
2000,1179,213,1,2025-05-25 06:43:05,2025-05-25 06:43:05,
2001,1179,138,1,2025-05-25 06:43:34,2025-05-25 06:43:34,
2002,837,228,1,2025-05-26 10:27:14,2025-05-26 10:27:14,
2003,837,229,1,2025-05-26 10:27:31,2025-05-26 10:27:31,
2004,837,227,1,2025-05-26 10:27:40,2025-05-26 10:27:40,
2005,1132,229,2,2025-05-26 19:05:45,2025-05-26 19:56:25,2025-05-26 19:56:25
2006,1132,229,1,2025-05-26 19:56:30,2025-05-26 19:56:30,
2007,1077,225,1,2025-05-27 10:57:22,2025-05-27 10:57:22,
2008,1077,224,1,2025-05-27 10:57:41,2025-05-27 10:57:41,
2009,1183,64,1,2025-05-28 19:23:35,2025-05-28 19:23:35,
2010,1185,182,1,2025-05-30 14:12:54,2025-05-30 14:12:54,
2011,1188,104,1,2025-05-31 12:17:21,2025-05-31 12:17:21,
2012,1189,221,1,2025-06-01 11:43:39,2025-06-01 11:43:39,
2013,1190,228,1,2025-06-01 12:10:41,2025-06-01 12:10:41,
2014,1192,221,1,2025-06-01 19:11:17,2025-06-01 19:11:17,
2015,1193,218,2,2025-06-02 11:51:05,2025-06-02 11:51:15,2025-06-02 11:51:15
2016,1193,220,1,2025-06-02 11:51:47,2025-06-02 11:51:47,
2017,1195,239,1,2025-06-02 12:34:35,2025-06-02 12:34:35,
2018,1197,212,1,2025-06-02 16:58:00,2025-06-02 16:58:00,
2019,1199,212,1,2025-06-03 10:08:48,2025-06-03 10:08:48,
2020,1200,239,1,2025-06-04 08:50:34,2025-06-04 08:50:34,
2021,1202,151,1,2025-06-08 01:09:13,2025-06-08 01:09:13,
2022,1202,154,1,2025-06-08 01:09:15,2025-06-08 01:09:15,
2023,1203,221,1,2025-06-10 12:47:59,2025-06-10 12:47:59,
2024,828,19,1,2025-06-10 12:55:52,2025-06-10 13:05:15,2025-06-10 13:05:15
2025,828,238,1,2025-06-10 12:57:39,2025-06-10 12:59:32,2025-06-10 12:59:32
2026,828,238,1,2025-06-10 13:06:09,2025-06-10 13:06:09,
2027,1198,238,1,2025-06-10 13:14:07,2025-06-10 13:14:07,
2028,1205,238,1,2025-06-11 17:13:15,2025-06-11 17:13:15,
2029,1059,36,1,2025-06-11 20:01:45,2025-06-11 20:01:45,
2030,1207,221,1,2025-06-11 20:20:18,2025-06-11 20:20:18,
2031,364,225,1,2025-06-11 21:59:38,2025-08-19 13:05:38,2025-08-19 13:05:38
2032,483,63,1,2025-06-26 09:52:16,2025-06-26 09:52:16,
2033,1210,260,2,2025-06-26 19:10:10,2025-07-16 12:12:28,2025-07-16 12:12:28
2034,1210,258,1,2025-06-26 19:10:38,2025-07-11 13:43:23,2025-07-11 13:43:23
2035,1140,289,1,2025-06-27 17:28:13,2025-09-07 20:18:02,2025-09-07 20:18:02
2036,995,245,1,2025-06-27 17:43:44,2025-06-27 17:43:44,
2037,14,87,1,2025-06-27 20:34:08,2025-06-27 20:34:08,
2038,1083,259,1,2025-06-27 21:46:58,2025-06-27 21:46:58,
2039,738,263,1,2025-06-27 22:42:36,2025-06-27 22:42:36,
2040,738,262,1,2025-06-27 22:44:00,2025-06-27 22:44:00,
2041,738,258,1,2025-06-27 22:44:36,2025-06-27 22:58:41,2025-06-27 22:58:41
2042,738,279,1,2025-06-27 22:50:41,2025-06-27 22:50:41,
2043,738,280,1,2025-06-27 22:57:01,2025-06-27 22:58:52,2025-06-27 22:58:52
2044,1212,254,1,2025-06-27 23:21:23,2025-06-27 23:21:23,
2045,1039,266,1,2025-06-28 01:12:26,2025-06-28 01:12:26,
2046,795,88,1,2025-06-28 13:44:27,2025-07-01 11:07:25,2025-07-01 11:07:25
2047,1092,254,1,2025-06-28 14:06:45,2025-06-28 14:06:45,
2048,1216,230,1,2025-06-28 14:32:54,2025-06-28 14:32:54,
2049,795,259,1,2025-06-28 14:36:52,2025-07-04 14:59:00,2025-07-04 14:59:00
2050,1218,174,1,2025-06-29 22:51:16,2025-06-29 23:06:17,2025-06-29 23:06:17
2051,1218,256,2,2025-06-29 22:51:34,2025-06-29 23:06:20,2025-06-29 23:06:20
2052,1218,256,1,2025-06-29 23:06:40,2025-06-29 23:06:40,
2053,22,262,1,2025-06-29 23:35:21,2025-07-15 14:56:12,2025-07-15 14:56:12
2054,1220,241,1,2025-06-30 08:35:51,2025-06-30 08:35:51,
2055,1220,44,2,2025-06-30 08:36:30,2025-07-04 21:32:05,2025-07-04 21:32:05
2056,1220,312,1,2025-06-30 08:39:08,2025-06-30 08:39:29,2025-06-30 08:39:29
2057,684,263,1,2025-07-01 00:02:50,2025-08-05 01:18:37,2025-08-05 01:18:37
2058,684,266,1,2025-07-01 00:04:20,2025-07-04 14:51:37,2025-07-04 14:51:37
2059,1221,267,1,2025-07-01 01:22:31,2025-07-01 01:22:31,
2060,1154,265,1,2025-07-01 02:48:53,2025-07-01 02:48:53,
2061,795,279,1,2025-07-01 09:04:03,2025-07-04 15:01:22,2025-07-04 15:01:22
2062,795,279,1,2025-07-01 09:04:03,2025-07-01 11:07:15,2025-07-01 11:07:15
2063,1223,107,1,2025-07-01 11:03:36,2025-07-01 11:03:43,2025-07-01 11:03:43
2064,1214,257,1,2025-07-01 12:50:23,2025-07-01 12:50:23,
2065,508,262,1,2025-07-01 17:59:13,2025-07-01 17:59:13,
2066,508,258,1,2025-07-01 18:00:25,2025-07-01 18:00:25,
2067,706,259,1,2025-07-03 13:06:55,2025-07-03 13:06:55,
2068,795,255,1,2025-07-03 14:53:15,2025-07-03 14:53:15,
2069,795,288,1,2025-07-03 14:53:26,2025-07-04 14:59:04,2025-07-04 14:59:04
2070,1227,241,1,2025-07-03 15:40:48,2025-07-03 15:40:48,
2071,1229,84,1,2025-07-03 19:10:51,2025-07-03 19:10:51,
2072,1229,64,1,2025-07-03 19:13:31,2025-07-03 19:14:27,2025-07-03 19:14:27
2073,1229,262,1,2025-07-03 19:13:52,2025-07-03 19:14:56,2025-07-03 19:14:56
2074,1229,174,1,2025-07-03 19:14:37,2025-07-03 19:15:00,2025-07-03 19:15:00
2075,1229,64,1,2025-07-03 19:15:05,2025-07-03 19:15:05,
2076,1230,260,1,2025-07-03 20:10:08,2025-07-03 20:10:08,
2077,1231,221,1,2025-07-03 20:17:28,2025-07-03 20:17:28,
2078,684,289,1,2025-07-04 14:49:38,2025-08-23 00:59:49,2025-08-23 00:59:49
2079,684,164,1,2025-07-04 14:50:28,2025-07-20 01:16:44,2025-07-20 01:16:44
2080,684,267,1,2025-07-04 14:50:53,2025-07-04 14:52:01,2025-07-04 14:52:01
2081,684,318,1,2025-07-04 14:51:01,2025-07-20 01:14:56,2025-07-20 01:14:56
2082,795,288,1,2025-07-04 15:01:46,2025-07-04 15:01:46,
2083,1233,279,1,2025-07-04 15:03:59,2025-07-04 15:03:59,
2084,1233,259,1,2025-07-04 16:56:22,2025-07-04 16:56:22,
2085,983,266,1,2025-07-04 17:01:05,2025-07-09 14:06:38,2025-07-09 14:06:38
2086,1220,44,1,2025-07-04 21:32:14,2025-07-04 21:32:14,
2087,1220,312,1,2025-07-04 21:32:57,2025-07-05 08:43:38,2025-07-05 08:43:38
2088,1235,257,1,2025-07-05 07:29:20,2025-07-05 07:29:20,
2089,1235,256,1,2025-07-05 07:30:31,2025-07-05 07:30:31,
2090,1235,9,1,2025-07-05 07:32:36,2025-07-05 07:32:36,
2091,1235,64,2,2025-07-05 07:33:08,2025-07-05 07:33:21,
2092,1235,174,1,2025-07-05 07:33:09,2025-07-05 07:33:09,
2093,612,249,1,2025-07-05 22:50:00,2025-07-05 22:50:00,
2094,861,67,0,2025-07-06 11:28:20,2025-09-14 19:21:29,2025-09-14 19:21:29
2095,861,69,0,2025-07-06 11:28:25,2025-09-14 19:21:29,2025-09-14 19:21:29
2096,861,299,1,2025-07-06 11:29:29,2025-09-14 19:32:10,2025-09-14 19:32:10
2097,1238,257,1,2025-07-06 21:50:24,2025-07-06 21:50:24,
2098,1239,259,1,2025-07-06 23:45:38,2025-07-06 23:45:38,
2099,1240,259,1,2025-07-07 13:42:14,2025-07-07 13:42:14,
2100,1240,45,1,2025-07-07 13:55:37,2025-07-07 13:55:37,
2101,738,249,1,2025-07-07 14:29:42,2025-07-07 14:29:42,
2102,1208,258,1,2025-07-07 23:29:01,2025-07-07 23:29:01,
2103,983,318,1,2025-07-09 14:06:32,2025-07-09 14:06:32,
2104,983,258,1,2025-07-09 15:15:57,2025-07-10 13:28:29,2025-07-10 13:28:29
2105,236,261,3,2025-07-09 19:41:14,2025-07-29 16:06:27,2025-07-29 16:06:27
2106,1201,264,1,2025-07-09 21:01:49,2025-07-09 21:02:05,2025-07-09 21:02:05
2107,1246,257,6,2025-07-11 01:36:53,2025-07-11 01:37:10,2025-07-11 01:37:10
2108,1246,257,1,2025-07-11 01:38:18,2025-07-11 01:38:18,
2109,1210,257,1,2025-07-11 13:54:05,2025-08-03 12:29:52,2025-08-03 12:29:52
2110,1247,258,1,2025-07-11 16:49:52,2025-07-11 16:49:52,
2111,909,314,1,2025-07-11 17:40:43,2025-07-22 00:51:13,2025-07-22 00:51:13
2112,1248,145,1,2025-07-11 17:55:09,2025-07-11 18:23:47,2025-07-11 18:23:47
2113,1248,111,1,2025-07-11 17:55:54,2025-07-11 18:24:19,2025-07-11 18:24:19
2114,1248,143,1,2025-07-11 17:56:28,2025-07-11 18:23:21,2025-07-11 18:23:21
2115,1248,308,1,2025-07-11 18:19:59,2025-07-21 20:31:54,2025-07-21 20:31:54
2116,1248,306,1,2025-07-11 18:22:14,2025-07-11 18:24:34,2025-07-11 18:24:34
2117,909,300,1,2025-07-12 01:25:28,2025-07-12 01:25:54,2025-07-12 01:25:54
2118,909,306,1,2025-07-12 01:26:40,2025-07-27 20:06:05,2025-07-27 20:06:05
2119,909,245,2,2025-07-12 01:27:47,2025-07-22 00:50:50,2025-07-22 00:50:50
2120,1191,258,1,2025-07-12 10:37:56,2025-07-12 10:37:56,
2121,1251,257,1,2025-07-12 13:51:18,2025-07-12 13:51:18,
2122,1252,258,1,2025-07-12 20:00:54,2025-07-12 20:00:54,
2123,232,254,7,2025-07-13 00:42:29,2025-08-21 05:58:25,2025-08-21 05:58:25
2124,232,308,1,2025-07-13 00:43:23,2025-08-21 05:58:02,2025-08-21 05:58:02
2125,232,253,1,2025-07-13 00:44:19,2025-08-21 06:01:44,2025-08-21 06:01:44
2126,1012,260,2,2025-07-13 11:14:11,2025-07-13 11:25:56,2025-07-13 11:25:56
2127,1255,254,1,2025-07-13 11:24:13,2025-07-13 11:24:13,
2128,1012,260,1,2025-07-13 11:26:17,2025-07-13 11:26:17,
2129,1257,58,1,2025-07-14 01:08:03,2025-07-14 01:08:03,
2130,1259,258,1,2025-07-14 15:18:30,2025-07-14 15:18:30,
2131,1151,64,1,2025-07-15 11:02:46,2025-07-15 11:02:46,
2132,1261,64,1,2025-07-15 11:08:55,2025-07-15 11:08:55,
2133,22,247,1,2025-07-15 14:56:04,2025-07-15 15:14:32,2025-07-15 15:14:32
2134,846,258,1,2025-07-15 14:56:15,2025-07-15 14:56:15,
2135,22,258,2,2025-07-15 14:56:26,2025-07-15 17:24:12,2025-07-15 17:24:12
2136,846,293,1,2025-07-15 14:57:19,2025-07-15 14:57:19,
2137,846,289,1,2025-07-15 14:57:31,2025-07-15 14:57:31,
2138,22,258,1,2025-07-15 17:24:34,2025-07-15 17:24:34,
2139,1148,208,1,2025-07-15 21:57:34,2025-07-15 21:57:34,
2140,1210,260,1,2025-07-16 12:12:53,2025-08-03 14:01:43,2025-08-03 14:01:43
2141,223,282,1,2025-07-16 16:48:59,2025-07-16 16:49:47,2025-07-16 16:49:47
2142,223,64,0,2025-07-16 16:49:42,2025-10-23 22:53:53,2025-10-23 22:53:53
2143,1264,150,1,2025-07-16 23:36:45,2025-07-16 23:37:07,2025-07-16 23:37:07
2144,909,230,1,2025-07-16 23:58:30,2025-07-16 23:58:30,
2145,909,255,3,2025-07-17 00:01:18,2025-07-17 00:03:36,2025-07-17 00:03:36
2146,909,255,1,2025-07-17 00:07:57,2025-07-27 03:19:56,2025-07-27 03:19:56
2147,1263,318,1,2025-07-17 14:13:34,2025-08-04 14:33:57,2025-08-04 14:33:57
2148,236,255,1,2025-07-17 16:19:30,2025-07-29 16:06:24,2025-07-29 16:06:24
2149,1248,260,1,2025-07-18 15:00:37,2025-07-18 15:00:37,
2150,1262,255,0,2025-07-18 16:15:38,2025-08-22 16:51:34,2025-08-22 16:51:34
2151,1262,259,1,2025-07-18 16:15:58,2025-08-22 16:51:49,2025-08-22 16:51:49
2152,1262,262,1,2025-07-18 16:16:45,2025-07-18 16:16:45,
2153,1262,257,1,2025-07-18 16:17:11,2025-07-18 16:17:11,
2154,281,257,1,2025-07-18 20:06:11,2025-07-18 20:06:11,
2155,281,260,1,2025-07-18 20:06:45,2025-07-18 20:07:17,2025-07-18 20:07:17
2156,281,258,1,2025-07-18 20:06:54,2025-07-18 20:06:54,
2157,281,256,1,2025-07-18 20:07:02,2025-07-18 20:07:02,
2158,281,262,1,2025-07-18 20:08:29,2025-07-22 15:31:51,2025-07-22 15:31:51
2159,281,260,1,2025-07-18 20:08:36,2025-07-22 15:31:49,2025-07-22 15:31:49
2160,281,255,1,2025-07-18 20:08:48,2025-07-22 15:31:48,2025-07-22 15:31:48
2161,1265,256,1,2025-07-19 14:56:48,2025-07-19 14:56:48,
2162,1265,279,1,2025-07-19 14:57:16,2025-07-19 14:57:16,
2163,684,266,1,2025-07-19 17:49:09,2025-08-05 01:04:11,2025-08-05 01:04:11
2164,1267,263,1,2025-07-19 20:40:54,2025-07-19 20:40:54,
2165,684,137,1,2025-07-20 01:15:22,2025-08-05 00:50:18,2025-08-05 00:50:18
2166,684,138,1,2025-07-20 01:15:33,2025-07-20 01:16:47,2025-07-20 01:16:47
2167,1269,254,1,2025-07-20 19:30:44,2025-07-20 19:30:44,
2168,1271,254,1,2025-07-21 21:37:48,2025-07-21 21:37:48,
2169,1272,267,4,2025-07-21 21:46:17,2025-07-21 21:46:39,2025-07-21 21:46:39
2170,1272,267,1,2025-07-21 21:46:45,2025-07-21 21:46:45,
2171,909,245,1,2025-07-22 00:51:29,2025-07-27 20:06:08,2025-07-27 20:06:08
2172,1243,258,0,2025-07-22 10:14:11,2025-08-22 00:14:30,2025-08-22 00:14:30
2173,1273,262,1,2025-07-22 15:46:14,2025-07-22 15:46:14,
2174,1273,260,1,2025-07-22 15:46:23,2025-07-22 15:46:23,
2175,1273,255,1,2025-07-22 15:46:43,2025-07-22 15:46:43,
2176,777,265,1,2025-07-24 00:04:14,2025-07-25 23:17:51,2025-07-25 23:17:51
2177,1275,50,1,2025-07-24 15:55:47,2025-07-24 15:55:47,
2178,418,259,1,2025-07-25 01:40:23,2025-07-25 01:40:23,
2179,418,238,1,2025-07-25 01:41:15,2025-07-25 01:41:15,
2180,418,263,1,2025-07-25 01:48:10,2025-07-25 01:48:10,
2181,418,271,2,2025-07-25 01:51:15,2025-07-25 01:54:24,2025-07-25 01:54:24
2182,418,269,1,2025-07-25 01:54:40,2025-07-25 18:59:16,2025-07-25 18:59:16
2183,1276,243,1,2025-07-25 02:27:29,2025-07-25 02:27:29,
2184,418,319,1,2025-07-25 18:51:38,2025-07-25 18:51:38,
2185,418,271,1,2025-07-25 18:59:47,2025-07-25 18:59:47,
2186,1278,88,1,2025-07-25 19:06:52,2025-07-25 19:07:28,2025-07-25 19:07:28
2187,777,268,1,2025-07-25 23:17:46,2025-07-25 23:17:46,
2188,95,257,1,2025-07-26 12:30:22,2025-07-26 12:30:22,
2189,95,256,1,2025-07-26 12:30:40,2025-07-26 12:30:40,
2190,909,258,1,2025-07-27 03:20:07,2025-07-27 03:20:07,
2191,909,314,1,2025-07-27 03:23:09,2025-07-27 20:06:11,2025-07-27 20:06:11
2192,1224,256,1,2025-07-27 10:22:57,2025-07-27 10:22:57,
2193,909,245,1,2025-07-27 20:23:54,2025-07-27 20:23:54,
2194,909,306,1,2025-07-27 20:24:03,2025-07-27 20:24:03,
2195,909,314,1,2025-07-28 00:58:55,2025-07-28 00:59:57,2025-07-28 00:59:57
2196,909,314,1,2025-07-28 01:03:16,2025-07-28 02:23:43,2025-07-28 02:23:43
2197,909,314,1,2025-07-28 02:25:15,2025-07-28 02:25:15,
2198,1182,262,1,2025-07-29 14:16:19,2025-07-29 14:16:19,
2199,1182,258,1,2025-07-29 14:16:33,2025-07-29 14:16:33,
2200,399,279,1,2025-07-29 14:25:09,2025-07-29 14:25:09,
2201,236,261,1,2025-07-29 16:06:39,2025-07-29 16:06:39,
2202,1286,282,1,2025-07-29 23:45:11,2025-07-29 23:45:11,
2203,1286,263,1,2025-07-30 10:12:28,2025-07-30 10:12:28,
2204,944,255,1,2025-07-30 22:38:36,2025-07-30 22:56:29,2025-07-30 22:56:29
2205,944,262,1,2025-07-30 22:38:52,2025-07-30 22:38:52,
2206,944,257,1,2025-07-30 22:39:02,2025-07-30 22:39:02,
2207,944,64,1,2025-07-30 22:43:51,2025-07-30 22:47:23,2025-07-30 22:47:23
2208,944,261,1,2025-07-30 22:51:09,2025-07-30 22:51:09,
2209,944,278,1,2025-07-30 22:53:51,2025-07-30 22:53:51,
2210,944,258,1,2025-07-30 22:56:39,2025-07-30 22:56:39,
2211,1289,282,1,2025-08-02 15:14:54,2025-08-02 15:14:54,
2212,1226,318,1,2025-08-02 15:37:58,2025-08-02 15:37:58,
2213,1291,318,1,2025-08-03 09:16:48,2025-08-03 09:16:48,
2214,1291,237,1,2025-08-03 09:17:46,2025-08-03 09:30:34,2025-08-03 09:30:34
2215,1291,37,1,2025-08-03 09:27:23,2025-08-03 09:30:28,2025-08-03 09:30:28
2216,1291,278,1,2025-08-03 09:28:00,2025-08-03 09:30:11,2025-08-03 09:30:11
2217,1291,276,1,2025-08-03 09:29:33,2025-08-03 09:29:33,
2218,1210,258,1,2025-08-03 12:27:43,2025-08-03 12:27:43,
2219,1210,221,1,2025-08-03 12:35:10,2025-08-03 13:59:54,2025-08-03 13:59:54
2220,1292,259,1,2025-08-03 12:41:26,2025-08-03 12:41:26,
2221,76,249,1,2025-08-03 13:16:33,2025-08-03 13:16:33,
2222,1210,319,1,2025-08-03 14:01:08,2025-08-03 14:01:08,
2223,1294,64,1,2025-08-03 14:02:27,2025-08-03 14:02:27,
2224,1295,258,6,2025-08-03 14:13:25,2025-08-03 14:14:21,2025-08-03 14:14:21
2225,1210,289,1,2025-08-03 14:13:57,2025-08-03 14:13:57,
2226,1296,306,1,2025-08-03 14:17:14,2025-08-03 14:17:14,
2227,1298,257,1,2025-08-03 14:29:29,2025-08-03 14:29:29,
2228,1299,258,1,2025-08-03 14:30:15,2025-08-03 14:30:15,
2229,1213,258,1,2025-08-03 15:12:08,2025-08-03 17:07:18,2025-08-03 17:07:18
2230,1300,45,1,2025-08-03 16:11:39,2025-08-03 16:11:39,
2231,1301,45,2,2025-08-03 16:13:31,2025-08-03 17:06:19,2025-08-03 17:06:19
2232,1026,258,0,2025-08-03 16:56:18,2025-08-20 16:34:00,2025-08-20 16:34:00
2233,1301,45,1,2025-08-03 17:06:29,2025-08-03 17:06:29,
2234,1213,266,1,2025-08-03 17:06:43,2025-08-03 17:06:43,
2235,1297,292,1,2025-08-03 17:18:21,2025-08-22 13:54:55,2025-08-22 13:54:55
2236,1297,319,1,2025-08-03 17:18:38,2025-08-22 13:54:54,2025-08-22 13:54:54
2237,1297,258,0,2025-08-03 17:18:54,2025-08-22 13:53:15,2025-08-22 13:53:15
2238,1302,258,1,2025-08-03 17:26:42,2025-08-03 18:08:56,2025-08-03 18:08:56
2239,1302,318,1,2025-08-03 18:09:11,2025-08-03 18:09:11,
2240,1304,264,1,2025-08-03 18:15:03,2025-08-03 18:15:03,
2241,1305,258,1,2025-08-03 18:23:20,2025-08-03 18:23:20,
2242,717,318,1,2025-08-03 20:57:05,2025-08-03 20:57:05,
2243,1306,254,1,2025-08-03 23:15:16,2025-08-03 23:15:16,
2244,1307,221,1,2025-08-03 23:25:12,2025-08-03 23:28:15,2025-08-03 23:28:15
2245,1308,254,5,2025-08-04 00:19:08,2025-08-04 00:19:40,2025-08-04 00:19:40
2246,1308,258,1,2025-08-04 00:20:03,2025-08-04 00:20:03,
2247,1309,258,1,2025-08-04 00:39:48,2025-08-04 00:39:48,
2248,1310,258,1,2025-08-04 01:09:25,2025-08-04 01:09:25,
2249,1311,255,2,2025-08-04 01:12:45,2025-08-04 01:13:11,2025-08-04 01:13:11
2250,1311,255,1,2025-08-04 01:13:16,2025-08-04 01:13:16,
2251,1311,256,1,2025-08-04 01:16:28,2025-08-04 01:16:28,
2252,1311,257,1,2025-08-04 01:16:36,2025-08-04 01:16:36,
2253,1311,258,1,2025-08-04 01:16:46,2025-08-04 01:16:46,
2254,1311,279,1,2025-08-04 01:24:08,2025-08-04 01:27:46,2025-08-04 01:27:46
2255,1312,255,1,2025-08-04 01:48:18,2025-08-04 01:48:18,
2256,232,40,1,2025-08-04 02:05:09,2025-08-21 06:01:36,2025-08-21 06:01:36
2257,1313,258,1,2025-08-04 09:07:34,2025-08-04 09:07:34,
2258,1314,258,1,2025-08-04 09:48:22,2025-08-04 09:48:22,
2259,1315,258,2,2025-08-04 13:10:24,2025-08-04 17:00:50,2025-08-04 17:00:50
2260,1285,255,1,2025-08-04 14:15:56,2025-08-04 14:15:56,
2261,1263,241,1,2025-08-04 14:27:10,2025-08-04 14:35:04,2025-08-04 14:35:04
2262,1263,258,0,2025-08-04 14:34:10,2025-10-22 18:05:49,2025-10-22 18:05:49
2263,1315,258,3,2025-08-04 17:01:34,2025-08-04 17:01:56,2025-08-04 17:01:56
2264,1315,258,1,2025-08-04 17:02:10,2025-08-04 17:02:10,
2265,1280,276,1,2025-08-04 18:55:43,2025-08-04 18:55:43,
2266,1318,266,1,2025-08-04 22:10:29,2025-08-04 22:10:29,
2267,1318,267,1,2025-08-04 22:19:02,2025-08-04 22:25:57,2025-08-04 22:25:57
2268,684,293,1,2025-08-05 00:54:08,2025-08-06 13:55:26,2025-08-06 13:55:26
2269,684,258,1,2025-08-05 00:56:46,2025-08-05 01:18:40,2025-08-05 01:18:40
2270,722,255,1,2025-08-05 03:45:51,2025-08-05 03:45:51,
2271,754,255,2,2025-08-05 16:37:29,2025-08-05 16:39:03,2025-08-05 16:39:03
2272,754,255,2,2025-08-05 16:39:27,2025-08-05 16:39:54,2025-08-05 16:39:54
2273,754,255,1,2025-08-05 16:40:11,2025-08-05 16:40:11,
2274,1280,275,1,2025-08-05 19:25:00,2025-08-05 19:25:08,2025-08-05 19:25:08
2275,1322,289,1,2025-08-06 01:21:08,2025-08-06 01:21:08,
2276,1322,268,1,2025-08-06 01:21:44,2025-08-06 01:21:44,
2277,684,255,0,2025-08-06 13:55:06,2025-08-16 00:45:33,2025-08-16 00:45:33
2278,684,258,0,2025-08-06 13:56:51,2025-08-20 17:30:20,2025-08-20 17:30:20
2279,1323,262,1,2025-08-06 21:12:35,2025-08-06 21:12:35,
2280,1069,247,2,2025-08-07 13:55:31,2025-08-07 13:57:07,
2281,1069,245,1,2025-08-07 13:55:48,2025-08-07 13:55:48,
2282,1069,244,1,2025-08-07 13:56:00,2025-08-07 13:56:00,
2283,806,262,1,2025-08-09 02:31:53,2025-08-09 02:31:53,
2284,806,122,1,2025-08-09 03:06:33,2025-08-09 03:06:33,
2285,1326,255,2,2025-08-09 09:22:07,2025-08-09 09:33:03,2025-08-09 09:33:03
2286,1326,255,1,2025-08-09 09:33:06,2025-08-09 09:33:06,
2287,806,164,1,2025-08-09 12:58:19,2025-08-09 12:58:19,
2288,806,139,1,2025-08-09 13:06:36,2025-08-09 13:06:36,
2289,1328,259,1,2025-08-09 21:09:29,2025-08-20 16:08:48,2025-08-20 16:08:48
2290,1328,262,2,2025-08-09 21:11:20,2025-08-20 16:09:07,2025-08-20 16:09:07
2291,1329,261,1,2025-08-10 19:41:33,2025-08-10 19:41:33,
2292,1329,224,1,2025-08-10 19:50:16,2025-08-10 19:50:16,
2293,1331,294,1,2025-08-11 14:07:36,2025-08-11 14:07:36,
2294,108,258,1,2025-08-11 17:33:16,2025-08-11 17:33:16,
2295,1097,319,1,2025-08-12 01:39:53,2025-08-12 02:06:50,2025-08-12 02:06:50
2296,1097,33,2,2025-08-12 01:43:01,2025-08-12 02:03:58,2025-08-12 02:03:58
2297,1097,22,1,2025-08-12 01:46:08,2025-08-12 02:04:21,2025-08-12 02:04:21
2298,1097,73,1,2025-08-12 01:52:31,2025-08-12 02:08:27,2025-08-12 02:08:27
2299,1097,45,1,2025-08-12 01:59:28,2025-08-12 02:05:40,2025-08-12 02:05:40
2300,1097,298,1,2025-08-12 02:00:46,2025-08-12 02:00:46,
2301,1097,232,1,2025-08-12 02:02:24,2025-08-12 02:09:04,2025-08-12 02:09:04
2302,1097,138,1,2025-08-12 02:02:52,2025-08-12 02:04:52,2025-08-12 02:04:52
2303,1097,33,1,2025-08-12 02:04:42,2025-08-12 02:04:42,
2304,1336,296,1,2025-08-12 09:46:18,2025-08-12 09:46:18,
2305,1337,255,1,2025-08-13 14:14:10,2025-08-13 14:14:10,
2306,1339,315,1,2025-08-15 13:54:30,2025-08-15 13:54:30,
2307,1342,289,1,2025-08-17 12:04:12,2025-08-17 12:04:12,
2308,1342,279,1,2025-08-17 12:05:13,2025-08-17 12:05:13,
2309,1342,266,1,2025-08-17 12:06:51,2025-08-17 12:06:51,
2310,1339,319,1,2025-08-18 16:36:39,2025-08-18 16:36:39,
2311,1344,319,1,2025-08-18 18:06:04,2025-08-18 18:06:04,
2312,662,35,0,2025-08-18 22:45:15,2025-10-30 22:33:15,2025-10-30 22:33:15
2313,364,44,1,2025-08-19 13:05:41,2025-08-19 13:05:41,
2314,1346,319,1,2025-08-20 11:24:46,2025-08-20 11:24:46,
2315,1346,276,1,2025-08-20 11:25:44,2025-08-20 11:25:44,
2316,514,266,1,2025-08-20 12:02:47,2025-08-20 12:02:47,
2317,1063,258,1,2025-08-20 12:14:16,2025-08-20 12:14:16,
2318,1349,258,1,2025-08-20 12:48:34,2025-08-20 12:48:34,
2319,1351,19,1,2025-08-20 13:00:42,2025-08-20 13:00:42,
2320,1351,64,1,2025-08-20 13:06:13,2025-08-20 13:06:13,
2321,1351,69,1,2025-08-20 13:12:14,2025-08-20 13:20:56,2025-08-20 13:20:56
2322,1351,37,1,2025-08-20 13:21:51,2025-08-20 13:21:51,
2323,1281,279,1,2025-08-20 13:37:06,2025-08-20 13:37:06,
2324,1225,257,2,2025-08-20 13:43:45,2025-08-20 13:46:31,2025-08-20 13:46:31
2325,1225,37,1,2025-08-20 13:45:12,2025-08-20 13:45:12,
2326,1225,257,1,2025-08-20 13:46:38,2025-08-20 13:46:38,
2327,1225,256,1,2025-08-20 13:47:14,2025-08-20 13:47:14,
2328,1225,61,1,2025-08-20 13:48:59,2025-08-20 13:48:59,
2329,1241,256,1,2025-08-20 13:49:07,2025-08-20 13:49:07,
2330,1241,290,1,2025-08-20 13:49:22,2025-08-20 13:49:22,
2331,1241,257,1,2025-08-20 13:49:45,2025-08-20 13:49:45,
2332,1355,260,1,2025-08-20 14:46:50,2025-08-28 15:24:31,2025-08-28 15:24:31
2333,1355,84,1,2025-08-20 14:49:45,2025-08-28 15:24:32,2025-08-28 15:24:32
2334,1328,258,1,2025-08-20 16:10:09,2025-08-20 16:10:09,
2335,1328,262,1,2025-08-20 16:10:31,2025-08-20 16:10:31,
2336,1026,263,1,2025-08-20 16:35:22,2025-08-20 16:35:22,
2337,1026,280,1,2025-08-20 16:35:41,2025-08-20 16:35:41,
2338,1026,274,1,2025-08-20 16:36:21,2025-08-20 16:36:21,
2339,1026,257,1,2025-08-20 16:36:33,2025-08-20 16:36:33,
2340,1026,319,1,2025-08-20 16:36:53,2025-08-20 16:38:13,2025-08-20 16:38:13
2341,1026,318,1,2025-08-20 16:38:00,2025-08-20 16:54:19,2025-08-20 16:54:19
2342,1026,137,1,2025-08-20 16:53:57,2025-08-20 16:54:13,2025-08-20 16:54:13
2343,1026,138,1,2025-08-20 16:54:02,2025-08-20 16:54:02,
2344,1026,92,1,2025-08-20 16:56:03,2025-08-20 16:56:03,
2345,931,274,1,2025-08-20 17:34:08,2025-08-20 17:34:08,
2346,931,13,1,2025-08-20 17:35:35,2025-08-20 17:35:35,
2347,931,299,1,2025-08-20 17:37:48,2025-08-20 17:46:27,2025-08-20 17:46:27
2348,931,37,1,2025-08-20 17:41:31,2025-08-20 17:56:03,2025-08-20 17:56:03
2349,1357,174,1,2025-08-20 17:47:37,2025-08-20 18:19:40,2025-08-20 18:19:40
2350,1357,260,1,2025-08-20 17:53:29,2025-08-20 17:53:29,
2351,1357,262,1,2025-08-20 18:19:49,2025-08-20 18:19:49,
2352,1357,256,1,2025-08-20 18:20:04,2025-08-20 18:20:04,
2353,1043,262,1,2025-08-20 19:01:46,2025-08-20 19:01:46,
2354,1043,274,1,2025-08-20 19:08:57,2025-08-20 19:08:57,
2355,1043,266,1,2025-08-20 19:14:14,2025-08-20 19:15:24,2025-08-20 19:15:24
2356,1362,319,1,2025-08-20 20:18:10,2025-08-20 20:18:10,
2357,1362,318,1,2025-08-20 20:22:19,2025-08-20 20:22:19,
2358,684,87,1,2025-08-21 01:08:28,2025-08-21 01:09:45,2025-08-21 01:09:45
2359,684,187,1,2025-08-21 01:08:38,2025-08-21 01:08:38,
2360,684,263,1,2025-08-21 01:09:03,2025-08-23 00:59:26,2025-08-23 00:59:26
2361,684,256,0,2025-08-21 01:09:07,2025-08-25 22:25:32,2025-08-25 22:25:32
2362,684,262,1,2025-08-21 01:09:10,2025-08-23 00:59:53,2025-08-23 00:59:53
2363,1365,249,1,2025-08-21 01:44:50,2025-08-21 01:44:50,
2364,1365,247,1,2025-08-21 01:47:30,2025-08-21 01:47:30,
2365,1222,293,1,2025-08-21 05:27:11,2025-08-21 05:27:11,
2366,232,248,1,2025-08-21 05:55:40,2025-08-21 05:55:40,
2367,232,252,1,2025-08-21 05:57:12,2025-08-25 13:57:34,2025-08-25 13:57:34
2368,232,254,1,2025-08-21 05:58:40,2025-08-21 05:58:40,
2369,1368,260,1,2025-08-21 09:17:27,2025-08-21 09:17:27,
2370,1370,262,1,2025-08-21 11:16:40,2025-08-21 11:16:40,
2371,1373,270,1,2025-08-21 17:17:07,2025-08-21 17:17:07,
2372,1373,267,1,2025-08-21 17:39:11,2025-08-21 17:39:11,
2373,1375,244,1,2025-08-21 20:21:29,2025-08-21 20:21:29,
2374,1245,259,1,2025-08-22 00:59:45,2025-08-22 00:59:45,
2375,684,87,1,2025-08-22 01:34:38,2025-08-24 14:20:01,2025-08-24 14:20:01
2376,962,243,1,2025-08-22 15:50:06,2025-08-22 15:50:06,
2377,277,251,1,2025-08-22 15:51:20,2025-08-22 15:51:44,2025-08-22 15:51:44
2378,962,320,1,2025-08-22 16:09:03,2025-08-22 16:09:03,
2379,1374,257,1,2025-08-22 16:14:30,2025-08-22 16:14:30,
2380,1262,256,1,2025-08-22 16:52:53,2025-08-22 16:52:53,
2381,166,279,1,2025-08-22 17:13:07,2025-08-25 11:52:38,2025-08-25 11:52:38
2382,166,257,1,2025-08-22 17:13:36,2025-08-25 11:53:17,2025-08-25 11:53:17
2383,166,263,1,2025-08-22 17:13:48,2025-08-22 17:13:48,
2384,166,262,2,2025-08-22 17:14:00,2025-08-25 11:52:45,2025-08-25 11:52:45
2385,1250,256,1,2025-08-22 17:40:48,2025-08-22 17:40:48,
2386,245,284,1,2025-08-22 22:34:54,2025-08-22 22:34:54,
2387,1129,248,1,2025-08-23 01:06:09,2025-08-24 19:34:57,2025-08-24 19:34:57
2388,127,229,1,2025-08-23 18:18:38,2025-08-23 18:26:09,2025-08-23 18:26:09
2389,127,229,1,2025-08-23 18:35:30,2025-08-23 18:42:31,2025-08-23 18:42:31
2390,127,229,1,2025-08-23 18:57:36,2025-08-23 18:57:36,
2391,1375,241,1,2025-08-23 23:11:45,2025-08-23 23:11:45,
2392,1288,276,1,2025-08-24 02:08:50,2025-08-24 02:08:50,
2393,1288,268,1,2025-08-24 02:15:05,2025-08-24 02:15:58,2025-08-24 02:15:58
2394,1288,238,1,2025-08-24 02:18:00,2025-08-24 02:18:00,
2395,1384,297,1,2025-08-24 12:34:35,2025-08-24 12:34:35,
2396,1384,252,1,2025-08-24 12:36:11,2025-08-24 12:42:28,2025-08-24 12:42:28
2397,1384,152,1,2025-08-24 12:36:49,2025-08-24 12:36:49,
2398,1129,312,1,2025-08-24 19:30:34,2025-08-24 19:31:08,2025-08-24 19:31:08
2399,1129,313,1,2025-08-24 19:30:49,2025-08-24 19:35:00,2025-08-24 19:35:00
2400,1129,315,1,2025-08-24 19:30:53,2025-08-25 23:06:17,2025-08-25 23:06:17
2401,1129,242,1,2025-08-24 19:31:53,2025-08-25 23:00:40,2025-08-25 23:00:40
2402,1129,252,1,2025-08-24 19:32:22,2025-08-24 19:32:22,
2403,1129,321,1,2025-08-24 19:33:10,2025-08-24 19:33:10,
2404,1129,244,0,2025-08-24 19:34:16,2025-08-24 19:35:56,2025-08-24 19:35:56
2405,1129,36,1,2025-08-24 19:36:59,2025-08-24 19:40:48,2025-08-24 19:40:48
2406,1382,227,1,2025-08-24 19:49:16,2025-08-24 19:49:16,
2407,166,260,1,2025-08-25 11:51:36,2025-08-25 11:51:36,
2408,166,230,1,2025-08-25 11:52:25,2025-08-25 11:52:25,
2409,166,262,1,2025-08-25 11:53:10,2025-08-25 11:53:10,
2410,232,40,1,2025-08-25 13:44:05,2025-08-25 13:44:05,
2411,232,225,1,2025-08-25 13:46:00,2025-08-25 13:46:00,
2412,232,28,1,2025-08-25 13:46:36,2025-08-25 13:46:36,
2413,232,247,1,2025-08-25 13:47:48,2025-08-25 13:47:48,
2414,232,251,1,2025-08-25 14:02:02,2025-08-25 14:02:02,
2415,232,297,1,2025-08-25 14:03:38,2025-08-25 14:04:17,2025-08-25 14:04:17
2416,770,280,1,2025-08-25 20:53:13,2025-08-25 20:53:13,
2417,1297,257,0,2025-08-25 21:03:32,2025-10-06 13:00:32,2025-10-06 13:00:32
2418,1389,319,1,2025-08-25 21:31:51,2025-08-25 21:36:27,2025-08-25 21:36:27
2419,1389,257,1,2025-08-25 21:34:37,2025-08-25 21:34:37,
2420,1389,318,1,2025-08-25 21:34:46,2025-08-25 21:34:46,
2421,1129,249,1,2025-08-25 22:53:51,2025-08-25 22:53:51,
2422,1129,301,1,2025-08-25 22:57:58,2025-08-25 23:00:48,2025-08-25 23:00:48
2423,1392,279,1,2025-08-25 23:14:23,2025-08-25 23:14:23,
2424,1392,66,1,2025-08-25 23:17:54,2025-08-25 23:17:54,
2425,1392,68,1,2025-08-25 23:18:52,2025-08-25 23:35:46,2025-08-25 23:35:46
2426,1392,246,1,2025-08-25 23:34:56,2025-08-25 23:47:48,2025-08-25 23:47:48
2427,1392,245,1,2025-08-25 23:50:26,2025-08-25 23:50:26,
2428,1392,242,1,2025-08-25 23:53:50,2025-08-25 23:53:50,
2429,1392,246,1,2025-08-25 23:54:06,2025-08-25 23:55:17,2025-08-25 23:55:17
2430,1392,243,1,2025-08-25 23:54:31,2025-08-25 23:55:11,2025-08-25 23:55:11
2431,76,245,1,2025-08-26 00:27:43,2025-08-26 00:27:43,
2432,1334,238,1,2025-08-26 00:34:21,2025-08-26 10:07:51,2025-08-26 10:07:51
2433,1283,261,1,2025-08-28 16:42:05,2025-08-28 16:42:05,
2434,1283,260,1,2025-08-28 16:42:14,2025-08-28 16:42:14,
2435,15,238,6,2025-08-29 10:20:17,2025-08-30 11:35:39,2025-08-30 11:35:39
2436,1395,238,5,2025-08-29 10:26:39,2025-09-11 18:50:16,2025-09-11 18:50:16
2437,348,142,1,2025-08-29 21:42:20,2025-08-29 21:42:20,
2438,1396,62,1,2025-08-29 22:06:37,2025-08-29 22:11:09,2025-08-29 22:11:09
2439,1396,142,1,2025-08-29 22:46:51,2025-08-29 22:47:19,2025-08-29 22:47:19
2440,1397,257,1,2025-09-01 03:49:59,2025-09-01 03:49:59,
2441,129,249,1,2025-09-01 16:29:53,2025-10-09 20:31:36,2025-10-09 20:31:36
2442,129,46,1,2025-09-01 16:30:23,2025-10-09 20:31:39,2025-10-09 20:31:39
2443,1398,254,1,2025-09-01 21:06:01,2025-09-01 21:06:01,
2444,1400,312,1,2025-09-04 03:03:41,2025-09-04 03:03:41,
2445,1155,303,1,2025-09-05 14:30:46,2025-11-05 12:56:55,2025-11-05 12:56:55
2446,1401,214,1,2025-09-06 19:09:35,2025-09-06 21:18:32,2025-09-06 21:18:32
2447,1401,215,2,2025-09-06 21:19:29,2025-09-06 21:20:21,2025-09-06 21:20:21
2448,1401,214,1,2025-09-06 21:20:24,2025-09-06 21:21:12,2025-09-06 21:21:12
2449,1401,215,1,2025-09-06 21:21:22,2025-09-06 21:21:22,
2450,1140,259,1,2025-09-07 20:17:53,2025-09-07 20:18:52,2025-09-07 20:18:52
2451,1147,184,1,2025-09-11 12:58:10,2025-09-11 12:58:10,
2452,1334,238,1,2025-09-11 12:59:46,2025-09-11 12:59:46,
2453,1307,265,2,2025-09-11 13:03:12,2025-09-11 13:17:46,2025-09-11 13:17:46
2454,1307,61,1,2025-09-11 13:09:41,2025-09-11 13:09:41,
2455,1405,257,2,2025-09-11 13:13:53,2025-09-11 13:23:10,2025-09-11 13:23:10
2456,1405,257,2,2025-09-11 13:23:16,2025-09-11 13:23:36,2025-09-11 13:23:36
2457,1405,257,1,2025-09-11 13:23:48,2025-09-11 13:23:48,
2458,1355,260,1,2025-09-11 16:55:59,2025-09-11 16:55:59,
2459,1355,84,1,2025-09-11 16:57:14,2025-09-11 16:57:14,
2460,1355,257,1,2025-09-11 16:58:19,2025-09-11 16:58:28,2025-09-11 16:58:28
2461,1395,238,2,2025-09-11 18:51:29,2025-09-11 18:51:50,
2462,1410,147,1,2025-09-11 21:10:19,2025-09-11 21:10:19,
2463,1376,149,1,2025-09-11 21:22:26,2025-09-11 21:22:26,
2464,1412,248,1,2025-09-11 21:22:52,2025-09-11 21:22:52,
2465,1376,148,0,2025-09-11 21:27:38,2025-09-11 21:27:38,2025-09-11 21:27:38
2466,1376,147,1,2025-09-11 21:27:57,2025-09-11 21:27:57,
2467,1378,261,1,2025-09-12 02:40:43,2025-09-12 02:40:43,
2468,1125,265,1,2025-09-12 09:28:09,2025-10-21 22:49:27,2025-10-21 22:49:27
2469,1125,263,1,2025-09-12 09:29:06,2025-10-21 22:49:26,2025-10-21 22:49:26
2470,1125,282,1,2025-09-12 09:29:32,2025-10-21 22:49:29,2025-10-21 22:49:29
2471,1125,238,1,2025-09-12 09:33:00,2025-10-21 22:49:31,2025-10-21 22:49:31
2472,1125,258,0,2025-09-12 09:34:04,2025-10-16 13:33:48,2025-10-16 13:33:48
2473,1415,196,1,2025-09-12 11:40:07,2025-09-12 11:40:38,2025-09-12 11:40:38
2474,1415,197,1,2025-09-12 11:40:28,2025-09-12 11:40:28,
2475,1415,112,1,2025-09-12 11:42:11,2025-09-12 11:42:11,
2476,1416,109,1,2025-09-12 13:03:29,2025-09-12 13:03:29,
2477,892,327,1,2025-09-12 13:49:42,2025-09-12 13:49:42,
2478,1418,196,1,2025-09-12 14:58:12,2025-09-12 14:58:12,
2479,1230,258,1,2025-09-12 16:01:21,2025-09-12 16:01:21,
2480,1230,257,1,2025-09-12 16:05:23,2025-09-12 16:05:23,
2481,1067,28,1,2025-09-13 00:33:29,2025-09-13 00:33:29,
2482,1421,263,1,2025-09-13 20:09:13,2025-09-13 20:12:28,2025-09-13 20:12:28
2483,1421,282,1,2025-09-13 20:09:27,2025-09-13 20:12:26,2025-09-13 20:12:26
2484,1421,282,1,2025-09-13 20:23:48,2025-09-13 20:47:28,2025-09-13 20:47:28
2485,1421,263,1,2025-09-13 20:25:36,2025-09-13 20:25:36,
2486,474,218,1,2025-09-13 20:34:50,2025-09-13 20:34:50,
2487,1421,284,1,2025-09-13 20:46:19,2025-09-13 20:46:33,2025-09-13 20:46:33
2488,1421,285,1,2025-09-13 20:46:23,2025-09-13 20:46:23,
2489,1421,282,1,2025-09-13 20:53:45,2025-09-13 20:53:45,
2490,109,319,1,2025-09-14 08:02:34,2025-09-14 08:02:34,
2491,1343,319,1,2025-09-14 10:57:04,2025-09-14 10:57:04,
2492,1424,145,1,2025-09-14 15:32:20,2025-09-14 15:45:46,2025-09-14 15:45:46
2493,1178,126,0,2025-09-14 15:33:23,2025-09-26 22:40:18,2025-09-26 22:40:18
2494,1424,126,1,2025-09-14 15:34:19,2025-09-14 15:34:19,
2495,1424,149,1,2025-09-14 15:35:51,2025-09-14 15:35:51,
2496,1402,197,1,2025-09-14 15:41:05,2025-09-14 15:41:05,
2497,1424,188,1,2025-09-14 15:45:31,2025-09-14 15:45:31,
2498,1402,49,1,2025-09-14 15:49:09,2025-09-14 15:50:33,2025-09-14 15:50:33
2499,1402,126,1,2025-09-14 15:50:29,2025-09-14 15:50:29,
2500,15,196,1,2025-09-14 17:17:20,2025-09-14 17:17:26,2025-09-14 17:17:26
2501,1427,196,1,2025-09-14 18:04:35,2025-09-14 18:04:35,
2502,1404,188,1,2025-09-14 18:26:52,2025-09-14 18:26:52,
2503,861,105,1,2025-09-14 19:21:34,2025-09-14 19:21:34,
2504,861,229,1,2025-09-14 19:23:19,2025-09-14 19:23:19,
2505,861,227,1,2025-09-14 19:24:14,2025-09-14 19:24:14,
2506,861,111,1,2025-09-14 19:28:25,2025-09-14 19:28:25,
2507,861,92,1,2025-09-14 19:31:42,2025-09-14 19:31:42,
2508,861,112,1,2025-09-14 19:32:32,2025-09-14 19:32:32,
2509,861,189,1,2025-09-14 19:34:56,2025-09-14 19:34:56,
2510,1343,293,1,2025-09-14 19:54:05,2025-09-14 19:54:05,
2511,1430,221,1,2025-09-14 21:00:21,2025-09-14 21:00:21,
2512,1430,13,1,2025-09-14 21:00:39,2025-09-14 21:00:39,
2513,1156,188,1,2025-09-15 15:12:52,2025-09-15 15:12:52,
2514,1156,113,1,2025-09-15 15:15:19,2025-09-15 15:15:19,
2515,1156,121,1,2025-09-15 15:16:16,2025-09-15 15:16:35,2025-09-15 15:16:35
2516,1431,262,1,2025-09-15 17:14:14,2025-09-15 17:14:14,
2517,1431,257,1,2025-09-15 17:17:47,2025-09-15 17:17:47,
2518,1435,208,1,2025-09-15 20:02:04,2025-09-15 20:02:04,
2519,1438,45,3,2025-09-16 11:57:19,2025-09-16 11:57:57,2025-09-16 11:57:57
2520,1438,44,1,2025-09-16 11:58:05,2025-09-16 20:39:44,2025-09-16 20:39:44
2521,1104,320,1,2025-09-16 13:34:58,2025-09-16 13:34:58,
2522,1274,203,1,2025-09-16 17:09:24,2025-09-16 17:09:24,
2523,1438,219,1,2025-09-16 20:34:30,2025-09-16 20:34:30,
2524,1438,45,1,2025-09-16 20:37:09,2025-09-16 21:54:48,2025-09-16 21:54:48
2525,1438,114,1,2025-09-16 20:43:57,2025-09-16 20:45:49,2025-09-16 20:45:49
2526,1438,47,1,2025-09-16 21:54:39,2025-09-16 21:54:39,
2527,1441,208,3,2025-09-17 00:52:06,2025-09-19 23:41:17,2025-09-19 23:41:17
2528,1420,113,2,2025-09-17 09:46:34,2025-09-17 09:49:45,2025-09-17 09:49:45
2529,1420,113,3,2025-09-17 10:03:37,2025-09-20 01:06:31,2025-09-20 01:06:31
2530,1350,113,1,2025-09-17 13:40:08,2025-09-17 13:40:08,
2531,1445,240,1,2025-09-17 17:51:25,2025-09-17 17:51:25,
2532,1420,262,1,2025-09-19 02:31:43,2025-09-20 01:06:15,2025-09-20 01:06:15
2533,1447,275,1,2025-09-19 14:46:44,2025-10-31 22:12:53,2025-10-31 22:12:53
2534,1447,304,1,2025-09-19 14:47:40,2025-10-31 22:27:36,2025-10-31 22:27:36
2535,1447,245,2,2025-09-19 14:48:51,2025-09-19 14:49:08,2025-09-19 14:49:08
2536,1447,246,1,2025-09-19 14:49:49,2025-10-31 22:12:42,2025-10-31 22:12:42
2537,1448,141,1,2025-09-19 15:46:58,2025-09-19 15:47:10,2025-09-19 15:47:10
2538,1448,142,1,2025-09-19 15:47:03,2025-09-19 15:47:03,
2539,849,204,1,2025-09-19 21:27:28,2025-09-19 21:27:36,2025-09-19 21:27:36
2540,849,205,1,2025-09-19 21:27:52,2025-09-19 21:27:52,
2541,1441,298,1,2025-09-19 23:24:14,2025-09-20 00:08:30,2025-09-20 00:08:30
2542,1441,12,1,2025-09-19 23:25:18,2025-09-20 00:08:29,2025-09-20 00:08:29
2543,1441,208,3,2025-09-19 23:52:15,2025-09-20 00:08:23,2025-09-20 00:08:23
2544,1441,208,1,2025-09-20 00:08:46,2025-09-20 00:08:46,
2545,1420,18,1,2025-09-20 01:01:27,2025-09-20 01:05:47,2025-09-20 01:05:47
2546,1420,113,1,2025-09-20 01:09:06,2025-09-20 01:09:06,
2547,1441,13,1,2025-09-20 02:11:44,2025-09-20 02:11:44,
2548,1330,259,1,2025-09-22 19:06:18,2025-09-22 19:06:18,
2549,1453,50,10,2025-09-27 21:07:22,2025-09-27 21:07:30,
2550,1454,204,1,2025-09-28 03:53:39,2025-09-28 03:53:39,
2551,1454,113,1,2025-09-28 03:55:28,2025-09-28 03:55:28,
2552,1455,262,1,2025-09-30 03:24:35,2025-09-30 03:24:35,
2553,1456,111,1,2025-09-30 09:37:10,2025-09-30 09:37:10,
2554,1451,238,1,2025-10-01 10:49:48,2025-10-16 11:54:00,2025-10-16 11:54:00
2555,1457,254,1,2025-10-04 21:38:29,2025-10-04 21:38:29,
2556,1458,396,1,2025-10-05 16:38:23,2025-10-05 16:38:41,2025-10-05 16:38:41
2557,979,107,1,2025-10-05 21:50:33,2025-10-05 21:50:33,
2558,979,358,1,2025-10-05 21:52:59,2025-10-05 21:52:59,
2559,979,357,1,2025-10-05 21:53:32,2025-10-05 21:53:32,
2560,979,342,1,2025-10-05 21:53:55,2025-10-05 21:53:55,
2561,979,333,1,2025-10-05 21:56:59,2025-10-05 21:56:59,
2562,979,346,1,2025-10-05 21:57:16,2025-10-05 21:57:16,
2563,979,367,1,2025-10-05 21:57:26,2025-10-05 21:57:26,
2564,1459,337,1,2025-10-06 11:24:33,2025-10-12 19:44:17,2025-10-12 19:44:17
2565,1178,334,1,2025-10-06 12:35:50,2025-10-06 12:35:50,
2566,1178,333,1,2025-10-06 12:38:16,2025-10-06 12:49:22,2025-10-06 12:49:22
2567,1178,114,2,2025-10-06 12:48:20,2025-11-06 13:49:06,2025-11-06 13:49:06
2568,1178,359,1,2025-10-06 12:49:10,2025-11-06 13:49:13,2025-11-06 13:49:13
2569,1297,380,1,2025-10-06 13:06:01,2025-10-07 23:53:48,2025-10-07 23:53:48
2570,1297,361,1,2025-10-06 13:07:28,2025-10-06 13:07:28,
2571,1297,383,1,2025-10-06 13:09:21,2025-10-08 00:05:20,2025-10-08 00:05:20
2572,1324,359,1,2025-10-06 13:59:51,2025-10-09 11:41:48,2025-10-09 11:41:48
2573,1324,382,2,2025-10-06 17:10:11,2025-10-06 17:10:22,2025-10-06 17:10:22
2574,1324,382,1,2025-10-06 17:10:48,2025-10-09 11:41:50,2025-10-09 11:41:50
2575,1460,366,1,2025-10-06 22:09:51,2025-10-06 22:09:51,
2576,1452,105,1,2025-10-07 19:58:17,2025-10-07 19:58:17,
2577,1297,381,1,2025-10-07 23:56:10,2025-10-07 23:56:10,
2578,1324,356,1,2025-10-08 12:02:32,2025-10-09 11:42:10,2025-10-09 11:42:10
2579,705,334,1,2025-10-08 17:57:29,2025-10-08 17:57:29,
2580,1465,134,1,2025-10-08 23:15:54,2025-10-08 23:15:54,
2581,1324,377,1,2025-10-09 11:41:31,2025-10-11 14:52:30,2025-10-11 14:52:30
2582,1324,380,1,2025-10-09 11:41:44,2025-10-11 18:01:54,2025-10-11 18:01:54
2583,1466,358,1,2025-10-09 11:47:31,2025-10-09 11:47:31,
2584,129,341,1,2025-10-09 20:31:45,2025-10-09 20:31:45,
2585,1461,204,1,2025-10-10 00:43:49,2025-10-10 00:43:49,
2586,1324,357,1,2025-10-10 22:45:08,2025-10-10 22:56:36,2025-10-10 22:56:36
2587,1324,357,1,2025-10-11 14:52:25,2025-10-11 23:37:33,2025-10-11 23:37:33
2588,1467,345,1,2025-10-11 16:28:15,2025-10-11 16:28:15,
2589,1324,382,1,2025-10-11 18:02:10,2025-10-15 09:37:05,2025-10-15 09:37:05
2590,14,363,1,2025-10-11 19:23:41,2025-10-11 19:23:41,
2591,14,379,1,2025-10-11 19:25:10,2025-10-11 19:25:10,
2592,1468,390,1,2025-10-12 14:33:41,2025-10-12 14:33:41,
2593,1468,394,1,2025-10-12 14:33:45,2025-10-12 15:20:01,2025-10-12 15:20:01
2594,1470,371,1,2025-10-12 16:56:26,2025-10-13 23:41:26,2025-10-13 23:41:26
2595,1471,390,1,2025-10-13 02:22:20,2025-10-13 02:22:20,
2596,1335,384,1,2025-10-13 16:44:27,2025-10-13 16:44:27,
2597,1335,388,1,2025-10-13 16:45:41,2025-10-13 16:45:41,
2598,1335,365,1,2025-10-13 16:46:32,2025-10-13 16:46:32,
2599,1335,142,1,2025-10-13 16:49:43,2025-10-13 16:53:49,2025-10-13 16:53:49
2600,1335,394,1,2025-10-13 16:53:31,2025-10-13 16:54:17,2025-10-13 16:54:17
2601,1470,355,2,2025-10-13 23:41:15,2025-10-13 23:41:34,2025-10-13 23:41:34
2602,1470,355,1,2025-10-13 23:41:38,2025-10-27 02:25:26,2025-10-27 02:25:26
2603,1131,146,1,2025-10-14 15:18:16,2025-10-15 00:58:36,2025-10-15 00:58:36
2604,1022,389,1,2025-10-14 19:48:31,2025-10-14 22:14:18,2025-10-14 22:14:18
2605,1022,388,1,2025-10-14 22:14:13,2025-10-14 22:14:22,2025-10-14 22:14:22
2606,1022,389,1,2025-10-14 22:14:38,2025-10-14 22:14:38,
2607,1131,145,1,2025-10-15 00:58:43,2025-10-15 00:58:43,
2608,1324,380,1,2025-10-15 09:37:25,2025-10-31 22:48:09,2025-10-31 22:48:09
2609,1324,377,1,2025-10-15 09:39:14,2025-10-17 17:04:19,2025-10-17 17:04:19
2610,1473,377,1,2025-10-15 12:45:52,2025-10-15 12:45:52,
2611,1459,337,1,2025-10-15 14:20:28,2025-10-15 14:20:28,
2612,1475,268,1,2025-10-15 18:32:33,2025-10-15 18:32:33,
2613,1470,377,1,2025-10-15 19:43:55,2025-10-15 19:44:02,2025-10-15 19:44:02
2614,1477,105,2,2025-10-15 20:08:48,2025-10-15 20:09:02,
2615,1478,364,1,2025-10-15 22:30:35,2025-10-15 22:30:46,2025-10-15 22:30:46
2616,1293,392,2,2025-10-16 12:11:47,2025-10-16 12:12:04,2025-10-16 12:12:04
2617,1293,392,1,2025-10-16 12:12:56,2025-10-16 12:12:56,
2618,1481,337,1,2025-10-16 13:40:16,2025-10-16 13:42:33,2025-10-16 13:42:33
2619,1324,366,1,2025-10-16 17:56:00,2025-10-16 20:32:53,2025-10-16 20:32:53
2620,1422,368,1,2025-10-17 12:44:53,2025-10-17 12:45:36,2025-10-17 12:45:36
2621,1324,356,1,2025-10-17 17:04:08,2025-10-19 19:24:06,2025-10-19 19:24:06
2622,1483,121,2,2025-10-18 02:51:17,2025-10-21 16:08:28,2025-10-21 16:08:28
2623,1324,377,1,2025-10-18 10:36:49,2025-10-31 22:31:07,2025-10-31 22:31:07
2624,1484,360,1,2025-10-19 00:35:14,2025-10-19 00:35:14,
2625,1324,240,1,2025-10-20 12:18:49,2025-10-22 11:51:38,2025-10-22 11:51:38
2626,1464,333,1,2025-10-21 05:13:48,2025-10-21 05:13:48,
2627,1372,333,1,2025-10-21 05:15:06,2025-10-21 05:15:06,
2628,1480,391,1,2025-10-21 12:45:56,2025-10-21 12:45:56,
2629,1483,121,1,2025-10-21 16:08:42,2025-10-21 16:08:42,
2630,1125,338,1,2025-10-21 22:49:10,2025-10-21 22:49:32,2025-10-21 22:49:32
2631,1263,330,1,2025-10-22 18:05:52,2025-10-22 18:05:52,
2632,1178,238,1,2025-10-24 15:27:51,2025-11-06 13:49:10,2025-11-06 13:49:10
2633,1223,254,1,2025-10-25 20:06:42,2025-10-25 20:06:42,
2634,1470,105,2,2025-10-27 02:25:00,2025-11-11 00:48:37,2025-11-11 00:48:37
2635,1489,358,1,2025-10-27 08:55:14,2025-10-27 08:55:14,
2636,664,19,1,2025-10-27 11:26:21,2025-10-27 11:26:21,
2637,664,377,1,2025-10-27 11:32:15,2025-10-27 11:32:15,
2638,664,369,1,2025-10-27 11:34:25,2025-10-27 11:34:25,
2639,1490,332,1,2025-10-27 14:29:21,2025-10-27 14:29:21,
2640,1490,137,1,2025-10-27 14:30:56,2025-10-27 14:30:56,
2641,1490,334,1,2025-10-27 14:35:49,2025-10-27 14:35:49,
2642,1490,346,1,2025-10-27 20:49:06,2025-11-11 22:43:36,2025-11-11 22:43:36
2643,1491,386,1,2025-10-28 08:33:15,2025-10-28 08:57:59,2025-10-28 08:57:59
2644,1491,359,1,2025-10-28 08:57:47,2025-10-28 09:05:30,2025-10-28 09:05:30
2645,1491,384,1,2025-10-28 09:03:42,2025-10-28 09:03:42,
2646,1491,355,1,2025-10-28 09:05:02,2025-10-28 09:05:02,
2647,1493,334,1,2025-10-28 17:01:05,2025-10-28 17:01:05,
2648,1494,385,1,2025-10-29 20:04:26,2025-10-29 20:04:26,
2649,1494,354,1,2025-10-29 20:06:56,2025-10-29 20:06:56,
2650,1277,341,1,2025-10-29 23:49:40,2025-10-29 23:49:40,
2651,662,357,1,2025-10-30 22:33:18,2025-10-30 22:33:18,
2652,1394,359,1,2025-10-31 01:41:57,2025-10-31 01:41:57,
2653,1391,342,1,2025-10-31 20:13:38,2025-10-31 20:13:38,
2654,1447,137,1,2025-10-31 22:12:34,2025-11-03 00:56:39,2025-11-03 00:56:39
2655,1447,382,1,2025-10-31 22:13:06,2025-11-03 00:56:33,2025-11-03 00:56:33
2656,1324,356,1,2025-10-31 22:29:09,2025-11-06 18:10:21,2025-11-06 18:10:21
2657,1324,366,1,2025-10-31 22:30:48,2025-11-06 16:41:38,2025-11-06 16:41:38
2658,1447,149,1,2025-10-31 22:57:08,2025-10-31 22:57:08,
2659,1498,391,1,2025-11-01 17:22:46,2025-11-01 17:22:46,
2660,1499,104,1,2025-11-02 14:27:02,2025-11-02 14:27:02,
2661,1447,298,1,2025-11-03 00:57:39,2025-11-03 00:57:39,
2662,925,334,1,2025-11-03 03:02:34,2025-11-03 03:02:34,
2663,1125,338,1,2025-11-03 12:00:53,2025-11-03 12:00:53,
2664,1125,238,1,2025-11-03 12:01:57,2025-11-03 12:01:57,
2665,1502,104,1,2025-11-03 17:53:56,2025-11-03 17:53:56,
2666,1447,137,1,2025-11-03 22:27:13,2025-11-03 23:08:16,2025-11-03 23:08:16
2667,1155,380,1,2025-11-05 12:57:29,2025-11-05 12:57:29,
2668,1506,383,1,2025-11-06 10:46:00,2025-11-06 10:46:00,
2669,1324,359,1,2025-11-06 16:40:19,2025-11-06 16:40:19,
2670,1507,238,1,2025-11-07 11:46:11,2025-11-07 11:46:11,
2671,435,333,1,2025-11-07 14:54:12,2025-11-07 14:54:12,
2672,91,262,1,2025-11-08 00:01:08,2025-11-08 00:03:48,2025-11-08 00:03:48
2673,91,262,1,2025-11-08 00:14:04,2025-11-08 00:14:04,
2674,91,45,1,2025-11-08 00:21:41,2025-11-08 00:21:41,
2675,91,383,1,2025-11-08 00:22:07,2025-11-08 00:22:07,
2676,398,360,2,2025-11-08 01:30:51,2025-11-09 21:18:25,2025-11-09 21:18:25
2677,1508,393,1,2025-11-08 10:02:34,2025-11-08 10:02:34,
2678,1510,376,1,2025-11-09 12:25:44,2025-11-09 12:25:44,
2679,883,365,1,2025-11-09 13:33:43,2025-11-09 13:33:43,
2680,692,356,1,2025-11-09 15:17:20,2025-11-09 15:17:20,
2681,1512,367,1,2025-11-09 15:52:37,2025-11-09 15:52:37,
2682,1513,334,1,2025-11-09 16:48:43,2025-11-09 16:48:43,
2683,398,360,1,2025-11-09 21:29:05,2025-11-09 21:29:05,
2684,778,334,1,2025-11-10 12:02:17,2025-11-10 12:02:17,
2685,1516,334,1,2025-11-10 21:08:38,2025-11-10 21:08:38,
2686,1470,363,3,2025-11-11 00:53:16,2025-11-11 00:53:54,2025-11-11 00:53:54
2687,1470,363,1,2025-11-11 00:54:03,2025-11-11 00:54:03,
2688,975,357,1,2025-11-11 21:41:15,2025-11-11 21:41:15,
2689,1490,139,1,2025-11-11 22:43:27,2025-11-11 22:43:27,
2690,1511,365,1,2025-11-12 21:02:00,2025-11-12 21:02:00,
2691,1519,376,1,2025-11-13 15:36:13,2025-11-13 15:36:13,
2692,416,340,1,2025-11-14 01:05:48,2025-11-14 01:05:48,
2693,1270,146,1,2025-11-14 03:14:36,2025-11-14 03:14:36,
2694,1270,110,1,2025-11-14 03:20:34,2025-11-14 03:20:34,