id,order_id,cart_id,variant_id,quantity,selled_price,base_price,discount,created_at,updated_at,deleted_at
7,5,13,9,1,2380000,2380000,0,2024-04-03 16:42:55,2024-04-03 16:42:55,
8,5,13,13,1,1260000,1260000,0,2024-04-03 16:42:55,2024-04-03 16:42:55,
9,6,13,9,1,2380000,2380000,0,2024-04-03 18:27:53,2024-04-03 18:27:53,
10,6,13,13,1,1260000,1260000,0,2024-04-03 18:27:53,2024-04-03 18:27:53,
11,7,13,9,1,2380000,2380000,0,2024-04-03 18:33:00,2024-04-03 18:33:00,
12,7,13,13,1,1260000,1260000,0,2024-04-03 18:33:00,2024-04-03 18:33:00,
13,8,13,9,1,2380000,2380000,0,2024-04-03 18:49:30,2024-04-03 18:49:30,
14,8,13,13,1,1260000,1260000,0,2024-04-03 18:49:30,2024-04-03 18:49:30,
15,9,13,9,1,2380000,2380000,0,2024-04-03 18:49:57,2024-04-03 18:49:57,
16,9,13,13,1,1260000,1260000,0,2024-04-03 18:49:57,2024-04-03 18:49:57,
17,10,13,9,1,2380000,2380000,0,2024-04-03 18:53:59,2024-04-03 18:53:59,
18,10,13,13,1,1260000,1260000,0,2024-04-03 18:53:59,2024-04-03 18:53:59,
19,11,13,9,1,2380000,2380000,0,2024-04-03 18:56:37,2024-04-03 18:56:37,
20,11,13,13,1,1260000,1260000,0,2024-04-03 18:56:37,2024-04-03 18:56:37,
21,12,13,9,1,2380000,2380000,0,2024-04-03 19:02:10,2024-04-03 19:02:10,
22,12,13,13,1,1260000,1260000,0,2024-04-03 19:02:10,2024-04-03 19:02:10,
23,13,13,52,1,2000,2000,0,2024-04-03 19:07:35,2024-04-03 19:07:35,
24,14,13,52,1,2000,2000,0,2024-04-03 19:17:32,2024-04-03 19:17:32,
25,15,14,8,1,2380000,2380000,0,2024-04-03 19:22:47,2024-04-03 19:22:47,
26,16,14,8,1,2380000,2380000,0,2024-04-03 19:23:10,2024-04-03 19:23:10,
27,17,14,8,1,2380000,2380000,0,2024-04-03 19:26:49,2024-04-03 19:26:49,
28,18,14,8,1,2380000,2380000,0,2024-04-03 19:28:41,2024-04-03 19:28:41,
29,19,14,8,1,2380000,2380000,0,2024-04-03 19:31:19,2024-04-03 19:31:19,
30,20,14,8,1,2380000,2380000,0,2024-04-03 19:35:45,2024-04-03 19:35:45,
31,21,12,28,1,790000,790000,0,2024-04-03 19:51:25,2024-04-03 19:51:25,
32,22,14,8,1,2380000,2380000,0,2024-04-03 20:12:52,2024-04-03 20:12:52,
33,23,16,48,1,930000,930000,0,2024-04-03 23:37:14,2024-04-03 23:37:14,
34,24,16,48,1,930000,930000,0,2024-04-03 23:37:33,2024-04-03 23:37:33,
35,25,20,13,1,1260000,1260000,0,2024-04-04 14:35:44,2024-04-04 14:35:44,
36,26,16,48,1,930000,930000,0,2024-04-04 18:10:27,2024-04-04 18:10:27,
37,27,16,48,1,930000,930000,0,2024-04-04 18:11:01,2024-04-04 18:11:01,
38,28,16,48,1,930000,930000,0,2024-04-04 18:35:57,2024-04-04 18:35:57,
39,29,24,49,1,1580000,1580000,0,2024-04-04 22:57:51,2024-04-04 22:57:51,
40,30,24,49,1,1580000,1580000,0,2024-04-04 22:58:16,2024-04-04 22:58:16,
41,31,26,7,1,1260000,1260000,0,2024-04-04 23:17:24,2024-04-04 23:17:24,
42,32,28,48,1,930000,930000,0,2024-04-05 00:53:47,2024-04-05 00:53:47,
43,33,28,48,1,930000,930000,0,2024-04-05 01:02:25,2024-04-05 01:02:25,
44,34,30,26,1,980000,980000,0,2024-04-05 06:37:43,2024-04-05 06:37:43,
45,34,30,28,1,790000,790000,0,2024-04-05 06:37:43,2024-04-05 06:37:43,
46,35,11,9,1,2380000,2380000,0,2024-04-05 18:14:03,2024-04-05 18:14:03,
47,35,11,29,1,790000,790000,0,2024-04-05 18:14:03,2024-04-05 18:14:03,
48,35,11,32,1,850000,850000,0,2024-04-05 18:14:03,2024-04-05 18:14:03,
49,36,16,48,1,930000,930000,0,2024-04-06 01:34:18,2024-04-06 01:34:18,
50,37,16,48,1,930000,930000,0,2024-04-06 01:36:48,2024-04-06 01:36:48,
51,38,32,58,1,890000,890000,0,2024-04-06 16:45:21,2024-04-06 16:45:21,
52,39,34,58,1,890000,890000,0,2024-04-06 16:53:39,2024-04-06 16:53:39,
53,40,16,48,1,930000,930000,0,2024-04-06 23:50:24,2024-04-06 23:50:24,
54,41,36,17,1,890000,890000,0,2024-04-07 03:06:56,2024-04-07 03:06:56,
55,42,16,48,1,930000,930000,0,2024-04-07 20:06:57,2024-04-07 20:06:57,
56,43,16,48,1,930000,930000,0,2024-04-07 20:32:07,2024-04-07 20:32:07,
57,44,40,32,1,850000,850000,0,2024-04-07 22:38:30,2024-04-07 22:38:30,
58,45,42,27,1,980000,980000,0,2024-04-08 05:33:59,2024-04-08 05:33:59,
59,46,16,48,1,930000,930000,0,2024-04-08 15:22:17,2024-04-08 15:22:17,
60,47,16,48,1,930000,930000,0,2024-04-08 16:49:13,2024-04-08 16:49:13,
61,48,16,48,1,930000,930000,0,2024-04-08 16:50:25,2024-04-08 16:50:25,
62,49,16,48,1,930000,930000,0,2024-04-08 16:51:15,2024-04-08 16:51:15,
63,50,45,29,1,790000,790000,0,2024-04-08 17:57:08,2024-04-08 17:57:08,
64,50,45,50,1,1280000,1280000,0,2024-04-08 17:57:08,2024-04-08 17:57:08,
65,50,45,45,1,1260000,1260000,0,2024-04-08 17:57:08,2024-04-08 17:57:08,
66,51,16,48,1,930000,930000,0,2024-04-08 18:27:55,2024-04-08 18:27:55,
67,52,31,58,1,890000,890000,0,2024-04-08 23:46:10,2024-04-08 23:46:10,
68,52,31,50,1,1280000,1280000,0,2024-04-08 23:46:10,2024-04-08 23:46:10,
69,53,48,58,1,890000,890000,0,2024-04-09 01:02:10,2024-04-09 01:02:10,
70,54,50,26,1,980000,980000,0,2024-04-09 22:49:58,2024-04-09 22:49:58,
71,55,52,13,1,1260000,1260000,0,2024-04-10 19:26:39,2024-04-10 19:26:39,
72,56,54,17,1,890000,890000,0,2024-04-11 14:00:05,2024-04-11 14:00:05,
73,57,56,23,1,890000,890000,0,2024-04-11 14:34:03,2024-04-11 14:34:03,
74,58,57,28,1,790000,790000,0,2024-04-11 16:02:47,2024-04-11 16:02:47,
75,58,57,29,1,790000,790000,0,2024-04-11 16:02:47,2024-04-11 16:02:47,
76,59,48,58,1,890000,890000,0,2024-04-11 19:11:21,2024-04-11 19:11:21,
77,60,63,23,1,890000,890000,0,2024-04-15 13:38:19,2024-04-15 13:38:19,
78,61,63,23,1,890000,890000,0,2024-04-15 16:17:45,2024-04-15 16:17:45,
79,62,67,10,1,2380000,2380000,0,2024-04-17 01:59:33,2024-04-17 01:59:33,
80,62,67,14,1,1260000,1260000,0,2024-04-17 01:59:33,2024-04-17 01:59:33,
81,63,73,29,1,790000,790000,0,2024-04-19 14:06:53,2024-04-19 14:06:53,
82,64,73,29,1,790000,790000,0,2024-04-19 14:31:56,2024-04-19 14:31:56,
83,65,76,58,1,890000,890000,0,2024-04-20 01:58:28,2024-04-20 01:58:28,
84,66,72,58,1,890000,890000,0,2024-04-20 14:09:39,2024-04-20 14:09:39,
85,67,79,62,1,790000,790000,0,2024-04-22 02:19:36,2024-04-22 02:19:36,
86,68,81,40,1,1780000,1780000,0,2024-04-22 21:48:07,2024-04-22 21:48:07,
87,69,84,44,1,1260000,1260000,0,2024-04-24 02:48:13,2024-04-24 02:48:13,
88,70,41,34,1,890000,890000,0,2024-04-27 21:45:07,2024-04-27 21:45:07,
89,71,90,46,1,1480000,1480000,0,2024-05-17 05:44:58,2024-05-17 05:44:58,
90,72,94,26,1,1180000,1180000,0,2024-05-18 14:43:25,2024-05-18 14:43:25,
91,73,96,58,1,980000,980000,0,2024-05-18 23:27:19,2024-05-18 23:27:19,
92,73,96,27,1,1180000,1180000,0,2024-05-18 23:27:19,2024-05-18 23:27:19,
93,74,103,19,1,1480000,1480000,0,2024-05-28 18:29:35,2024-05-28 18:29:35,
94,75,105,58,1,980000,980000,0,2024-05-29 06:27:22,2024-05-29 06:27:22,
95,76,107,25,1,825000,1100000,25,2024-05-30 19:13:18,2024-05-30 19:13:18,
96,76,107,27,1,885000,1180000,25,2024-05-30 19:13:18,2024-05-30 19:13:18,
97,77,107,25,1,825000,1100000,25,2024-05-30 19:13:52,2024-05-30 19:13:52,
98,77,107,27,1,885000,1180000,25,2024-05-30 19:13:52,2024-05-30 19:13:52,
99,78,112,13,1,1110000,1480000,25,2024-05-31 15:55:50,2024-05-31 15:55:50,
100,79,115,58,1,735000,980000,25,2024-05-31 17:29:07,2024-05-31 17:29:07,
101,80,117,50,1,1110000,1480000,25,2024-05-31 18:29:13,2024-05-31 18:29:13,
102,80,117,61,1,735000,980000,25,2024-05-31 18:29:13,2024-05-31 18:29:13,
103,81,86,58,1,735000,980000,25,2024-06-01 01:23:32,2024-06-01 01:23:32,
104,82,120,58,1,735000,980000,25,2024-06-01 16:05:12,2024-06-01 16:05:12,
105,83,38,27,1,885000,1180000,25,2024-06-01 19:17:44,2024-06-01 19:17:44,
106,84,38,27,1,885000,1180000,25,2024-06-01 19:18:38,2024-06-01 19:18:38,
107,85,126,31,1,667500,890000,25,2024-06-02 22:17:17,2024-06-02 22:17:17,
108,86,128,44,1,1110000,1480000,25,2024-06-03 12:59:14,2024-06-03 12:59:14,
109,86,128,30,1,667500,890000,25,2024-06-03 12:59:14,2024-06-03 12:59:14,
110,87,128,30,1,667500,890000,25,2024-06-03 18:00:29,2024-06-03 18:00:29,
111,87,128,19,1,1110000,1480000,25,2024-06-03 18:00:29,2024-06-03 18:00:29,
112,88,128,30,1,667500,890000,25,2024-06-03 18:03:01,2024-06-03 18:03:01,
113,88,128,19,1,1110000,1480000,25,2024-06-03 18:03:01,2024-06-03 18:03:01,
114,89,131,31,1,890000,890000,0,2024-06-09 15:33:17,2024-06-09 15:33:17,
115,90,134,50,1,1480000,1480000,0,2024-06-12 15:27:53,2024-06-12 15:27:53,
116,91,14,8,1,2680000,2680000,0,2024-06-13 01:46:05,2024-06-13 01:46:05,
117,91,14,29,1,890000,890000,0,2024-06-13 01:46:05,2024-06-13 01:46:05,
118,91,14,33,1,1280000,1280000,0,2024-06-13 01:46:05,2024-06-13 01:46:05,
119,91,14,10,1,2680000,2680000,0,2024-06-13 01:46:05,2024-06-13 01:46:05,
120,92,14,8,1,2680000,2680000,0,2024-06-13 01:47:19,2024-06-13 01:47:19,
121,92,14,29,1,890000,890000,0,2024-06-13 01:47:19,2024-06-13 01:47:19,
122,92,14,33,1,1280000,1280000,0,2024-06-13 01:47:19,2024-06-13 01:47:19,
123,92,14,10,1,2680000,2680000,0,2024-06-13 01:47:19,2024-06-13 01:47:19,
124,93,14,8,1,2680000,2680000,0,2024-06-13 03:44:07,2024-06-13 03:44:07,
125,93,14,29,1,890000,890000,0,2024-06-13 03:44:07,2024-06-13 03:44:07,
126,93,14,33,1,1280000,1280000,0,2024-06-13 03:44:07,2024-06-13 03:44:07,
127,93,14,10,1,2680000,2680000,0,2024-06-13 03:44:07,2024-06-13 03:44:07,
128,94,14,8,1,2680000,2680000,0,2024-06-13 03:44:39,2024-06-13 03:44:39,
129,94,14,29,1,890000,890000,0,2024-06-13 03:44:39,2024-06-13 03:44:39,
130,94,14,33,1,1280000,1280000,0,2024-06-13 03:44:39,2024-06-13 03:44:39,
131,94,14,10,1,2680000,2680000,0,2024-06-13 03:44:39,2024-06-13 03:44:39,
132,95,14,8,1,2680000,2680000,0,2024-06-13 03:49:25,2024-06-13 03:49:25,
133,95,14,29,1,890000,890000,0,2024-06-13 03:49:25,2024-06-13 03:49:25,
134,95,14,33,1,1280000,1280000,0,2024-06-13 03:49:25,2024-06-13 03:49:25,
135,95,14,10,1,2680000,2680000,0,2024-06-13 03:49:25,2024-06-13 03:49:25,
136,96,14,8,1,2680000,2680000,0,2024-06-13 03:49:47,2024-06-13 03:49:47,
137,96,14,29,1,890000,890000,0,2024-06-13 03:49:47,2024-06-13 03:49:47,
138,96,14,33,1,1280000,1280000,0,2024-06-13 03:49:47,2024-06-13 03:49:47,
139,96,14,10,1,2680000,2680000,0,2024-06-13 03:49:47,2024-06-13 03:49:47,
140,97,14,8,1,2680000,2680000,0,2024-06-13 03:51:01,2024-06-13 03:51:01,
141,97,14,29,1,890000,890000,0,2024-06-13 03:51:01,2024-06-13 03:51:01,
142,97,14,33,1,1280000,1280000,0,2024-06-13 03:51:02,2024-06-13 03:51:02,
143,97,14,10,1,2680000,2680000,0,2024-06-13 03:51:02,2024-06-13 03:51:02,
144,98,137,58,1,980000,980000,0,2024-06-13 19:24:22,2024-06-13 19:24:22,
145,99,136,21,1,1180000,1180000,0,2024-06-15 15:04:20,2024-06-15 15:04:20,
146,100,142,45,1,1480000,1480000,0,2024-06-15 19:05:56,2024-06-15 19:05:56,
147,101,132,29,1,890000,890000,0,2024-06-15 22:58:20,2024-06-15 22:58:20,
148,102,140,50,1,1480000,1480000,0,2024-06-18 00:09:27,2024-06-18 00:09:27,
149,103,140,50,1,1480000,1480000,0,2024-06-18 00:12:23,2024-06-18 00:12:23,
150,104,15,49,1,1780000,1780000,0,2024-06-21 17:05:51,2024-06-21 17:05:51,
151,104,15,16,1,1480000,1480000,0,2024-06-21 17:05:51,2024-06-21 17:05:51,
152,105,150,27,1,1180000,1180000,0,2024-06-26 04:20:34,2024-06-26 04:20:34,
153,105,150,45,1,1480000,1480000,0,2024-06-26 04:20:34,2024-06-26 04:20:34,
154,106,152,41,1,1890000,1890000,0,2024-06-26 15:31:43,2024-06-26 15:31:43,
155,106,152,37,1,1380000,1380000,0,2024-06-26 15:31:43,2024-06-26 15:31:43,
156,107,155,44,1,1480000,1480000,0,2024-06-28 00:23:51,2024-06-28 00:23:51,
157,108,156,41,1,1890000,1890000,0,2024-07-02 01:49:33,2024-07-02 01:49:33,
158,109,161,64,1,1180000,1180000,0,2024-07-07 18:22:54,2024-07-07 18:22:54,
159,109,161,66,1,1480000,1480000,0,2024-07-07 18:22:54,2024-07-07 18:22:54,
160,110,163,28,1,890000,890000,0,2024-07-08 02:51:24,2024-07-08 02:51:24,
161,111,165,64,1,1180000,1180000,0,2024-07-08 03:40:18,2024-07-08 03:40:18,
162,111,165,47,1,1480000,1480000,0,2024-07-08 03:40:18,2024-07-08 03:40:18,
163,112,170,37,1,1380000,1380000,0,2024-07-18 15:10:13,2024-07-18 15:10:13,
164,113,173,41,1,1890000,1890000,0,2024-07-21 19:46:15,2024-07-21 19:46:15,
165,113,173,45,1,1480000,1480000,0,2024-07-21 19:46:15,2024-07-21 19:46:15,
166,114,175,25,1,1100000,1100000,0,2024-07-21 23:29:26,2024-07-21 23:29:26,
167,114,175,81,1,1180000,1180000,0,2024-07-21 23:29:26,2024-07-21 23:29:26,
168,115,172,36,1,1380000,1380000,0,2024-07-22 03:32:34,2024-07-22 03:32:34,
169,115,172,66,1,1480000,1480000,0,2024-07-22 03:32:34,2024-07-22 03:32:34,
170,116,172,36,1,1380000,1380000,0,2024-07-22 04:01:35,2024-07-22 04:01:35,
171,116,172,66,1,1480000,1480000,0,2024-07-22 04:01:35,2024-07-22 04:01:35,
172,117,172,36,1,1380000,1380000,0,2024-07-22 04:03:02,2024-07-22 04:03:02,
173,117,172,66,1,1480000,1480000,0,2024-07-22 04:03:02,2024-07-22 04:03:02,
174,118,51,46,1,1480000,1480000,0,2024-07-23 05:21:18,2024-07-23 05:21:18,
175,119,51,46,1,1480000,1480000,0,2024-07-23 05:22:27,2024-07-23 05:22:27,
176,120,104,46,1,1480000,1480000,0,2024-07-24 21:20:58,2024-07-24 21:20:58,
177,121,104,46,1,1480000,1480000,0,2024-07-24 21:21:25,2024-07-24 21:21:25,
178,122,184,87,1,980000,980000,0,2024-08-03 03:51:02,2024-08-03 03:51:02,
179,123,186,50,1,1480000,1480000,0,2024-08-07 19:23:54,2024-08-07 19:23:54,
180,123,186,44,1,1480000,1480000,0,2024-08-07 19:23:54,2024-08-07 19:23:54,
181,123,186,31,1,890000,890000,0,2024-08-07 19:23:54,2024-08-07 19:23:54,
182,124,184,98,1,1180000,1180000,0,2024-08-07 23:23:46,2024-08-07 23:23:46,
183,125,188,62,1,980000,980000,0,2024-08-10 22:01:46,2024-08-10 22:01:46,
184,126,14,8,1,2680000,2680000,0,2024-08-20 17:23:03,2024-08-20 17:23:03,
185,126,14,33,1,1280000,1280000,0,2024-08-20 17:23:03,2024-08-20 17:23:03,
186,126,14,10,1,2680000,2680000,0,2024-08-20 17:23:03,2024-08-20 17:23:03,
187,127,190,44,1,1480000,1480000,0,2024-08-20 17:50:17,2024-08-20 17:50:17,
188,128,191,79,1,1180000,1180000,0,2024-08-21 02:07:57,2024-08-21 02:07:57,
189,129,192,64,1,1180000,1180000,0,2024-08-25 06:12:12,2024-08-25 06:12:12,
190,129,192,40,1,1890000,1890000,0,2024-08-25 06:12:12,2024-08-25 06:12:12,
191,130,196,9,1,2680000,2680000,0,2024-09-07 00:15:20,2024-09-07 00:15:20,
192,130,196,13,1,1480000,1480000,0,2024-09-07 00:15:20,2024-09-07 00:15:20,
193,130,196,58,1,980000,980000,0,2024-09-07 00:15:20,2024-09-07 00:15:20,
194,131,199,64,1,885000,1180000,25,2024-09-08 18:58:36,2024-09-08 18:58:36,
195,132,11,32,1,896000,1280000,30,2024-09-08 20:59:17,2024-09-08 20:59:17,
196,133,201,64,1,885000,1180000,25,2024-09-09 03:11:55,2024-09-09 03:11:55,
197,134,202,19,1,1110000,1480000,25,2024-09-09 03:16:09,2024-09-09 03:16:09,
198,135,11,32,1,896000,1280000,30,2024-09-09 04:05:33,2024-09-09 04:05:33,
199,136,205,65,1,885000,1180000,25,2024-09-14 12:42:18,2024-09-14 12:42:18,
200,137,206,64,1,885000,1180000,25,2024-09-14 17:24:53,2024-09-14 17:24:53,
201,138,208,65,1,885000,1180000,25,2024-09-15 02:43:26,2024-09-15 02:43:26,
202,139,208,65,1,885000,1180000,25,2024-09-15 02:44:32,2024-09-15 02:44:32,
203,140,208,65,1,885000,1180000,25,2024-09-15 02:50:51,2024-09-15 02:50:51,
204,141,198,58,1,735000,980000,25,2024-09-15 18:01:39,2024-09-15 18:01:39,
205,142,211,66,1,1110000,1480000,25,2024-09-15 20:46:24,2024-09-15 20:46:24,
206,142,211,64,1,885000,1180000,25,2024-09-15 20:46:24,2024-09-15 20:46:24,
207,143,211,66,1,1110000,1480000,25,2024-09-15 21:48:02,2024-09-15 21:48:02,
208,143,211,64,1,885000,1180000,25,2024-09-15 21:48:02,2024-09-15 21:48:02,
209,144,11,32,1,1280000,1280000,0,2024-10-12 17:54:12,2024-10-12 17:54:12,
210,144,11,64,1,1180000,1180000,0,2024-10-12 17:54:12,2024-10-12 17:54:12,
211,145,11,32,1,1280000,1280000,0,2024-10-12 17:57:03,2024-10-12 17:57:03,
212,145,11,64,1,1180000,1180000,0,2024-10-12 17:57:03,2024-10-12 17:57:03,
213,146,11,32,1,1280000,1280000,0,2024-10-12 18:03:18,2024-10-12 18:03:18,
214,146,11,64,1,1180000,1180000,0,2024-10-12 18:03:18,2024-10-12 18:03:18,
215,147,11,32,1,1280000,1280000,0,2024-10-12 18:52:36,2024-10-12 18:52:36,
216,147,11,64,1,1180000,1180000,0,2024-10-12 18:52:36,2024-10-12 18:52:36,
217,148,11,32,1,1280000,1280000,0,2024-10-12 18:52:52,2024-10-12 18:52:52,
218,148,11,64,1,1180000,1180000,0,2024-10-12 18:52:52,2024-10-12 18:52:52,
219,149,11,32,1,1280000,1280000,0,2024-10-12 19:01:08,2024-10-12 19:01:08,
220,149,11,64,1,1180000,1180000,0,2024-10-12 19:01:08,2024-10-12 19:01:08,
221,150,11,32,1,1280000,1280000,0,2024-10-12 19:05:17,2024-10-12 19:05:17,
222,150,11,64,1,1180000,1180000,0,2024-10-12 19:05:17,2024-10-12 19:05:17,
223,151,11,32,1,1280000,1280000,0,2024-10-12 19:12:00,2024-10-12 19:12:00,
224,151,11,64,1,1180000,1180000,0,2024-10-12 19:12:00,2024-10-12 19:12:00,
225,152,11,32,1,1280000,1280000,0,2024-10-12 19:13:34,2024-10-12 19:13:34,
226,152,11,64,1,1180000,1180000,0,2024-10-12 19:13:34,2024-10-12 19:13:34,
227,153,11,32,1,1280000,1280000,0,2024-10-12 19:14:32,2024-10-12 19:14:32,
228,153,11,64,1,1180000,1180000,0,2024-10-12 19:14:32,2024-10-12 19:14:32,
229,154,11,32,1,1280000,1280000,0,2024-10-12 19:17:45,2024-10-12 19:17:45,
230,154,11,64,1,1180000,1180000,0,2024-10-12 19:17:45,2024-10-12 19:17:45,
231,155,11,32,1,1280000,1280000,0,2024-10-12 19:19:12,2024-10-12 19:19:12,
232,155,11,64,1,1180000,1180000,0,2024-10-12 19:19:12,2024-10-12 19:19:12,
233,156,11,32,1,1280000,1280000,0,2024-10-12 19:21:25,2024-10-12 19:21:25,
234,156,11,64,1,1180000,1180000,0,2024-10-12 19:21:25,2024-10-12 19:21:25,
235,157,11,32,1,1280000,1280000,0,2024-10-12 19:22:19,2024-10-12 19:22:19,
236,157,11,64,1,1180000,1180000,0,2024-10-12 19:22:19,2024-10-12 19:22:19,
237,158,11,32,1,1280000,1280000,0,2024-10-12 19:28:10,2024-10-12 19:28:10,
238,158,11,64,1,1180000,1180000,0,2024-10-12 19:28:10,2024-10-12 19:28:10,
239,159,11,32,1,1280000,1280000,0,2024-10-12 19:43:14,2024-10-12 19:43:14,
240,159,11,64,1,1180000,1180000,0,2024-10-12 19:43:14,2024-10-12 19:43:14,
241,160,11,32,1,1280000,1280000,0,2024-10-12 19:43:26,2024-10-12 19:43:26,
242,160,11,64,1,1180000,1180000,0,2024-10-12 19:43:26,2024-10-12 19:43:26,
243,161,11,32,1,1280000,1280000,0,2024-10-12 19:46:12,2024-10-12 19:46:12,
244,161,11,64,1,1180000,1180000,0,2024-10-12 19:46:12,2024-10-12 19:46:12,
245,162,11,32,1,1280000,1280000,0,2024-10-12 19:46:20,2024-10-12 19:46:20,
246,162,11,64,1,1180000,1180000,0,2024-10-12 19:46:20,2024-10-12 19:46:20,
247,163,11,32,1,1280000,1280000,0,2024-10-12 19:47:27,2024-10-12 19:47:27,
248,163,11,64,1,1180000,1180000,0,2024-10-12 19:47:27,2024-10-12 19:47:27,
249,164,216,102,1,1980000,1980000,0,2024-10-13 04:40:57,2024-10-13 04:40:57,
250,165,216,102,1,1980000,1980000,0,2024-10-13 04:41:14,2024-10-13 04:41:14,
251,166,216,102,1,1980000,1980000,0,2024-10-13 04:41:56,2024-10-13 04:41:56,
252,167,216,102,1,1980000,1980000,0,2024-10-13 04:45:29,2024-10-13 04:45:29,
253,168,11,32,1,1280000,1280000,0,2024-10-14 01:53:21,2024-10-14 01:53:21,
254,168,11,64,1,1180000,1180000,0,2024-10-14 01:53:21,2024-10-14 01:53:21,
255,169,11,32,1,1280000,1280000,0,2024-10-15 14:19:26,2024-10-15 14:19:26,
256,169,11,64,1,1180000,1180000,0,2024-10-15 14:19:27,2024-10-15 14:19:27,
257,169,11,62,1,980000,980000,0,2024-10-15 14:19:27,2024-10-15 14:19:27,
258,170,11,32,1,1280000,1280000,0,2024-10-16 15:42:16,2024-10-16 15:42:16,
259,170,11,64,1,1180000,1180000,0,2024-10-16 15:42:16,2024-10-16 15:42:16,
260,170,11,62,1,980000,980000,0,2024-10-16 15:42:16,2024-10-16 15:42:16,
261,171,219,58,1,980000,980000,0,2024-10-16 21:05:07,2024-10-16 21:05:07,
262,172,219,58,1,980000,980000,0,2024-10-16 21:06:35,2024-10-16 21:06:35,
263,173,11,62,1,980000,980000,0,2024-10-16 21:21:37,2024-10-16 21:21:37,
264,174,11,62,1,980000,980000,0,2024-10-16 21:33:22,2024-10-16 21:33:22,
265,175,11,62,1,980000,980000,0,2024-10-16 21:39:05,2024-10-16 21:39:05,
266,176,11,62,1,980000,980000,0,2024-10-16 22:24:18,2024-10-16 22:24:18,
267,177,220,62,1,980000,980000,0,2024-10-16 22:30:15,2024-10-16 22:30:15,
268,178,221,62,1,980000,980000,0,2024-10-16 22:41:41,2024-10-16 22:41:41,
269,179,222,64,1,1180000,1180000,0,2024-10-17 14:51:19,2024-10-17 14:51:19,
270,180,222,64,1,1180000,1180000,0,2024-10-17 14:53:59,2024-10-17 14:53:59,
271,181,222,64,1,1180000,1180000,0,2024-10-17 14:56:59,2024-10-17 14:56:59,
272,182,222,64,1,1180000,1180000,0,2024-10-17 15:22:16,2024-10-17 15:22:16,
273,183,222,64,1,1180000,1180000,0,2024-10-17 15:22:57,2024-10-17 15:22:57,
274,184,229,143,1,1980000,1980000,0,2024-10-17 19:31:00,2024-10-17 19:31:00,
275,185,230,45,1,1480000,1480000,0,2024-10-17 21:13:03,2024-10-17 21:13:03,
276,186,60,145,1,1880000,1880000,0,2024-10-17 21:20:15,2024-10-17 21:20:15,
277,187,231,133,1,1380000,1380000,0,2024-10-17 23:46:34,2024-10-17 23:46:34,
278,187,231,104,1,1980000,1980000,0,2024-10-17 23:46:34,2024-10-17 23:46:34,
279,187,231,145,1,1880000,1880000,0,2024-10-17 23:46:34,2024-10-17 23:46:34,
280,187,231,116,1,1380000,1380000,0,2024-10-17 23:46:34,2024-10-17 23:46:34,
281,187,231,54,1,1480000,1480000,0,2024-10-17 23:46:34,2024-10-17 23:46:34,
282,188,231,134,1,1380000,1380000,0,2024-10-17 23:56:57,2024-10-17 23:56:57,
283,188,231,116,1,1380000,1380000,0,2024-10-17 23:56:57,2024-10-17 23:56:57,
284,188,231,104,1,1980000,1980000,0,2024-10-17 23:56:57,2024-10-17 23:56:57,
285,189,233,114,1,1680000,1680000,0,2024-10-18 00:33:59,2024-10-18 00:33:59,
286,189,233,108,1,2480000,2480000,0,2024-10-18 00:33:59,2024-10-18 00:33:59,
287,189,233,53,1,1480000,1480000,0,2024-10-18 00:33:59,2024-10-18 00:33:59,
288,190,237,141,1,1980000,1980000,0,2024-10-18 16:34:37,2024-10-18 16:34:37,
289,191,240,133,1,1380000,1380000,0,2024-10-18 17:03:42,2024-10-18 17:03:42,
290,191,240,135,1,1380000,1380000,0,2024-10-18 17:03:42,2024-10-18 17:03:42,
291,192,214,32,1,1280000,1280000,0,2024-10-19 12:03:00,2024-10-19 12:03:00,
292,192,214,66,1,1480000,1480000,0,2024-10-19 12:03:00,2024-10-19 12:03:00,
293,193,246,102,1,1980000,1980000,0,2024-10-19 17:55:30,2024-10-19 17:55:30,
294,194,227,114,1,1680000,1680000,0,2024-10-19 19:10:30,2024-10-19 19:10:30,
295,195,252,102,1,1980000,1980000,0,2024-10-19 21:29:29,2024-10-19 21:29:29,
296,196,87,147,1,1890000,1890000,0,2024-10-20 15:15:33,2024-10-20 15:15:33,
297,197,256,142,1,1980000,1980000,0,2024-10-21 01:43:33,2024-10-21 01:43:33,
298,197,256,144,1,1980000,1980000,0,2024-10-21 01:43:34,2024-10-21 01:43:34,
299,198,256,142,1,1980000,1980000,0,2024-10-21 01:44:10,2024-10-21 01:44:10,
300,199,258,136,1,1380000,1380000,0,2024-10-21 07:33:33,2024-10-21 07:33:33,
301,200,263,114,1,1680000,1680000,0,2024-10-22 06:34:00,2024-10-22 06:34:00,
302,200,263,115,1,1680000,1680000,0,2024-10-22 06:34:00,2024-10-22 06:34:00,
303,200,263,133,1,1380000,1380000,0,2024-10-22 06:34:00,2024-10-22 06:34:00,
304,201,249,114,1,1680000,1680000,0,2024-10-22 20:49:15,2024-10-22 20:49:15,
305,201,249,103,1,1980000,1980000,0,2024-10-22 20:49:15,2024-10-22 20:49:15,
306,201,249,127,1,2880000,2880000,0,2024-10-22 20:49:15,2024-10-22 20:49:15,
307,201,249,122,1,1780000,1780000,0,2024-10-22 20:49:15,2024-10-22 20:49:15,
308,202,249,114,1,1680000,1680000,0,2024-10-22 20:53:15,2024-10-22 20:53:15,
309,202,249,103,1,1980000,1980000,0,2024-10-22 20:53:15,2024-10-22 20:53:15,
310,202,249,127,1,2880000,2880000,0,2024-10-22 20:53:15,2024-10-22 20:53:15,
311,202,249,122,1,1780000,1780000,0,2024-10-22 20:53:15,2024-10-22 20:53:15,
312,203,266,137,1,1480000,1480000,0,2024-10-22 23:55:10,2024-10-22 23:55:10,
313,204,266,137,1,1480000,1480000,0,2024-10-22 23:56:42,2024-10-22 23:56:42,
314,205,266,138,1,1480000,1480000,0,2024-10-23 00:20:51,2024-10-23 00:20:51,
315,206,267,142,1,1980000,1980000,0,2024-10-23 02:50:11,2024-10-23 02:50:11,
316,207,266,138,1,1480000,1480000,0,2024-10-23 03:38:43,2024-10-23 03:38:43,
317,208,257,144,1,1980000,1980000,0,2024-10-23 04:18:20,2024-10-23 04:18:20,
318,209,257,144,1,1980000,1980000,0,2024-10-23 04:20:54,2024-10-23 04:20:54,
319,210,257,144,1,1980000,1980000,0,2024-10-23 04:30:18,2024-10-23 04:30:18,
320,211,219,147,1,1890000,1890000,0,2024-10-23 15:40:03,2024-10-23 15:40:03,
321,212,226,106,1,2480000,2480000,0,2024-10-23 19:19:17,2024-10-23 19:19:17,
322,212,226,147,1,1890000,1890000,0,2024-10-23 19:19:17,2024-10-23 19:19:17,
323,213,279,147,1,1890000,1890000,0,2024-10-24 02:30:26,2024-10-24 02:30:26,
324,214,278,142,1,1980000,1980000,0,2024-10-24 05:31:51,2024-10-24 05:31:51,
325,215,282,147,1,1890000,1890000,0,2024-10-24 15:25:19,2024-10-24 15:25:19,
326,216,274,104,1,1980000,1980000,0,2024-10-24 15:27:01,2024-10-24 15:27:01,
327,217,274,104,1,1980000,1980000,0,2024-10-24 15:36:19,2024-10-24 15:36:19,
328,218,274,104,1,1980000,1980000,0,2024-10-24 15:43:52,2024-10-24 15:43:52,
329,219,274,104,1,1980000,1980000,0,2024-10-24 17:44:21,2024-10-24 17:44:21,
330,220,274,104,1,1980000,1980000,0,2024-10-24 17:48:06,2024-10-24 17:48:06,
331,221,274,104,1,1980000,1980000,0,2024-10-24 17:50:33,2024-10-24 17:50:33,
332,222,284,148,1,1890000,1890000,0,2024-10-24 19:31:27,2024-10-24 19:31:27,
333,223,274,104,1,1980000,1980000,0,2024-10-24 20:06:10,2024-10-24 20:06:10,
334,224,274,104,1,1980000,1980000,0,2024-10-24 21:33:01,2024-10-24 21:33:01,
335,225,241,136,1,1380000,1380000,0,2024-10-25 00:26:20,2024-10-25 00:26:20,
336,226,274,104,1,1980000,1980000,0,2024-10-25 11:17:44,2024-10-25 11:17:44,
337,227,274,104,1,1980000,1980000,0,2024-10-25 11:17:49,2024-10-25 11:17:49,
338,228,274,104,1,1980000,1980000,0,2024-10-25 11:24:14,2024-10-25 11:24:14,
339,229,290,104,1,1980000,1980000,0,2024-10-25 20:01:37,2024-10-25 20:01:37,
340,230,293,127,1,2880000,2880000,0,2024-10-25 22:54:05,2024-10-25 22:54:05,
341,231,276,112,1,1980000,1980000,0,2024-10-25 23:20:03,2024-10-25 23:20:03,
342,232,297,141,1,1980000,1980000,0,2024-10-26 00:59:52,2024-10-26 00:59:52,
343,232,297,113,1,1780000,1780000,0,2024-10-26 00:59:52,2024-10-26 00:59:52,
344,232,297,105,1,1980000,1980000,0,2024-10-26 00:59:52,2024-10-26 00:59:52,
345,232,297,53,1,1480000,1480000,0,2024-10-26 00:59:52,2024-10-26 00:59:52,
346,232,297,147,1,1890000,1890000,0,2024-10-26 00:59:52,2024-10-26 00:59:52,
347,233,297,141,1,1980000,1980000,0,2024-10-26 01:01:32,2024-10-26 01:01:32,
348,233,297,113,1,1780000,1780000,0,2024-10-26 01:01:32,2024-10-26 01:01:32,
349,233,297,105,1,1980000,1980000,0,2024-10-26 01:01:32,2024-10-26 01:01:32,
350,233,297,53,1,1480000,1480000,0,2024-10-26 01:01:32,2024-10-26 01:01:32,
351,233,297,147,1,1890000,1890000,0,2024-10-26 01:01:32,2024-10-26 01:01:32,
352,234,305,147,1,1890000,1890000,0,2024-10-26 05:35:49,2024-10-26 05:35:49,
353,234,305,145,1,1880000,1880000,0,2024-10-26 05:35:49,2024-10-26 05:35:49,
354,234,305,108,1,2480000,2480000,0,2024-10-26 05:35:49,2024-10-26 05:35:49,
355,235,308,126,1,2880000,2880000,0,2024-10-26 15:26:48,2024-10-26 15:26:48,
356,236,250,110,1,1980000,1980000,0,2024-10-26 16:04:50,2024-10-26 16:04:50,
357,237,310,104,1,1980000,1980000,0,2024-10-26 21:41:34,2024-10-26 21:41:34,
358,238,310,104,1,1980000,1980000,0,2024-10-26 21:46:06,2024-10-26 21:46:06,
359,239,310,104,1,1980000,1980000,0,2024-10-26 23:58:15,2024-10-26 23:58:15,
360,240,312,143,1,1980000,1980000,0,2024-10-27 00:43:26,2024-10-27 00:43:26,
361,241,312,143,1,1980000,1980000,0,2024-10-27 00:48:31,2024-10-27 00:48:31,
362,242,312,143,1,1980000,1980000,0,2024-10-27 01:49:35,2024-10-27 01:49:35,
363,243,313,112,1,1980000,1980000,0,2024-10-27 18:11:14,2024-10-27 18:11:14,
364,244,314,103,1,1980000,1980000,0,2024-10-27 20:17:30,2024-10-27 20:17:30,
365,245,314,103,1,1980000,1980000,0,2024-10-27 20:19:59,2024-10-27 20:19:59,
366,246,314,103,1,1980000,1980000,0,2024-10-27 20:22:44,2024-10-27 20:22:44,
367,247,233,114,1,1680000,1680000,0,2024-10-27 20:39:42,2024-10-27 20:39:42,
368,247,233,108,1,2480000,2480000,0,2024-10-27 20:39:42,2024-10-27 20:39:42,
369,247,233,53,1,1480000,1480000,0,2024-10-27 20:39:42,2024-10-27 20:39:42,
370,248,314,103,1,1980000,1980000,0,2024-10-27 22:58:34,2024-10-27 22:58:34,
371,249,314,103,1,1980000,1980000,0,2024-10-27 22:58:56,2024-10-27 22:58:56,
372,250,314,103,1,1980000,1980000,0,2024-10-27 23:03:39,2024-10-27 23:03:39,
373,251,118,108,1,2480000,2480000,0,2024-10-27 23:20:16,2024-10-27 23:20:16,
374,252,316,142,1,1980000,1980000,0,2024-10-28 00:29:40,2024-10-28 00:29:40,
375,253,319,142,1,1980000,1980000,0,2024-10-28 01:29:44,2024-10-28 01:29:44,
376,254,322,103,1,1980000,1980000,0,2024-10-28 03:14:21,2024-10-28 03:14:21,
377,255,325,127,1,2880000,2880000,0,2024-10-28 04:15:26,2024-10-28 04:15:26,
378,256,328,148,1,1890000,1890000,0,2024-10-28 17:56:15,2024-10-28 17:56:15,
379,257,317,127,1,2880000,2880000,0,2024-10-28 22:39:29,2024-10-28 22:39:29,
380,258,317,127,1,2880000,2880000,0,2024-10-28 22:48:12,2024-10-28 22:48:12,
381,259,331,102,1,1980000,1980000,0,2024-10-29 05:52:46,2024-10-29 05:52:46,
382,260,272,109,1,2480000,2480000,0,2024-10-29 22:30:11,2024-10-29 22:30:11,
383,261,334,148,1,2280000,2280000,0,2024-10-30 00:50:32,2024-10-30 00:50:32,
384,262,335,105,1,1980000,1980000,0,2024-10-30 20:57:01,2024-10-30 20:57:01,
385,263,317,127,1,2880000,2880000,0,2024-10-31 04:09:48,2024-10-31 04:09:48,
386,264,339,138,1,1480000,1480000,0,2024-10-31 04:25:23,2024-10-31 04:25:23,
387,265,341,148,1,2280000,2280000,0,2024-10-31 06:13:52,2024-10-31 06:13:52,
388,265,341,142,1,2380000,2380000,0,2024-10-31 06:13:52,2024-10-31 06:13:52,
389,265,341,113,1,1980000,1980000,0,2024-10-31 06:13:52,2024-10-31 06:13:52,
390,265,341,104,1,1980000,1980000,0,2024-10-31 06:13:52,2024-10-31 06:13:52,
391,266,233,114,1,1680000,1680000,0,2024-10-31 12:26:19,2024-10-31 12:26:19,
392,266,233,108,1,2480000,2480000,0,2024-10-31 12:26:19,2024-10-31 12:26:19,
393,266,233,53,1,1680000,1680000,0,2024-10-31 12:26:19,2024-10-31 12:26:19,
394,266,233,44,1,1480000,1480000,0,2024-10-31 12:26:19,2024-10-31 12:26:19,
395,266,233,143,1,2380000,2380000,0,2024-10-31 12:26:19,2024-10-31 12:26:19,
396,267,233,114,1,1680000,1680000,0,2024-10-31 13:06:55,2024-10-31 13:06:55,
397,267,233,108,1,2480000,2480000,0,2024-10-31 13:06:55,2024-10-31 13:06:55,
398,267,233,44,1,1480000,1480000,0,2024-10-31 13:06:55,2024-10-31 13:06:55,
399,267,233,143,1,2380000,2380000,0,2024-10-31 13:06:55,2024-10-31 13:06:55,
400,268,341,148,1,2280000,2280000,0,2024-10-31 13:27:05,2024-10-31 13:27:05,
401,268,341,142,1,2380000,2380000,0,2024-10-31 13:27:05,2024-10-31 13:27:05,
402,268,341,113,1,1980000,1980000,0,2024-10-31 13:27:05,2024-10-31 13:27:05,
403,268,341,104,1,1980000,1980000,0,2024-10-31 13:27:05,2024-10-31 13:27:05,
404,269,342,44,1,1480000,1480000,0,2024-10-31 13:28:13,2024-10-31 13:28:13,
405,269,342,114,1,1680000,1680000,0,2024-10-31 13:28:13,2024-10-31 13:28:13,
406,269,342,143,1,2380000,2380000,0,2024-10-31 13:28:13,2024-10-31 13:28:13,
407,269,342,108,1,2480000,2480000,0,2024-10-31 13:28:13,2024-10-31 13:28:13,
408,270,342,44,1,1480000,1480000,0,2024-10-31 17:01:15,2024-10-31 17:01:15,
409,270,342,114,1,1680000,1680000,0,2024-10-31 17:01:15,2024-10-31 17:01:15,
410,270,342,143,1,2380000,2380000,0,2024-10-31 17:01:15,2024-10-31 17:01:15,
411,270,342,108,1,2480000,2480000,0,2024-10-31 17:01:15,2024-10-31 17:01:15,
412,271,326,148,1,2280000,2280000,0,2024-10-31 17:01:41,2024-10-31 17:01:41,
413,272,341,148,1,2280000,2280000,0,2024-10-31 17:57:51,2024-10-31 17:57:51,
414,272,341,113,1,1980000,1980000,0,2024-10-31 17:57:51,2024-10-31 17:57:51,
415,272,341,142,1,2380000,2380000,0,2024-10-31 17:57:51,2024-10-31 17:57:51,
416,273,343,147,1,2280000,2280000,0,2024-11-01 02:50:17,2024-11-01 02:50:17,
417,274,235,148,1,2280000,2280000,0,2024-11-01 12:24:32,2024-11-01 12:24:32,
418,275,235,148,1,2280000,2280000,0,2024-11-01 12:28:07,2024-11-01 12:28:07,
419,276,235,148,1,2280000,2280000,0,2024-11-01 12:34:39,2024-11-01 12:34:39,
420,277,235,148,1,2280000,2280000,0,2024-11-01 12:36:25,2024-11-01 12:36:25,
421,278,235,148,1,2280000,2280000,0,2024-11-01 12:46:53,2024-11-01 12:46:53,
422,279,344,147,1,2280000,2280000,0,2024-11-01 13:17:02,2024-11-01 13:17:02,
423,280,15,147,1,2280000,2280000,0,2024-11-01 14:02:28,2024-11-01 14:02:28,
424,281,345,148,1,2280000,2280000,0,2024-11-01 16:38:37,2024-11-01 16:38:37,
425,282,235,148,1,2280000,2280000,0,2024-11-01 19:43:51,2024-11-01 19:43:51,
426,283,235,148,1,2280000,2280000,0,2024-11-01 19:44:25,2024-11-01 19:44:25,
427,284,348,141,1,2380000,2380000,0,2024-11-01 23:05:43,2024-11-01 23:05:43,
428,285,348,141,1,2380000,2380000,0,2024-11-01 23:20:12,2024-11-01 23:20:12,
429,286,349,137,1,1480000,1480000,0,2024-11-02 18:46:34,2024-11-02 18:46:34,
430,287,349,137,1,1480000,1480000,0,2024-11-02 19:07:32,2024-11-02 19:07:32,
431,288,351,126,1,2880000,2880000,0,2024-11-02 22:08:49,2024-11-02 22:08:49,
432,289,353,109,1,2480000,2480000,0,2024-11-03 17:48:33,2024-11-03 17:48:33,
433,289,353,102,1,1980000,1980000,0,2024-11-03 17:48:33,2024-11-03 17:48:33,
434,290,341,148,1,2280000,2280000,0,2024-11-04 16:10:53,2024-11-04 16:10:53,
435,290,341,113,1,1980000,1980000,0,2024-11-04 16:10:53,2024-11-04 16:10:53,
436,290,341,142,1,2380000,2380000,0,2024-11-04 16:10:53,2024-11-04 16:10:53,
437,291,331,102,1,1980000,1980000,0,2024-11-04 19:55:58,2024-11-04 19:55:58,
438,292,331,102,1,1980000,1980000,0,2024-11-04 20:36:33,2024-11-04 20:36:33,
439,293,359,45,1,1480000,1480000,0,2024-11-04 22:33:01,2024-11-04 22:33:01,
440,294,363,123,1,1780000,1780000,0,2024-11-05 04:02:53,2024-11-05 04:02:53,
441,295,365,147,1,2280000,2280000,0,2024-11-05 08:26:02,2024-11-05 08:26:02,
442,296,342,44,1,1480000,1480000,0,2024-11-05 17:50:16,2024-11-05 17:50:16,
443,296,342,114,1,1680000,1680000,0,2024-11-05 17:50:16,2024-11-05 17:50:16,
444,296,342,143,1,2380000,2380000,0,2024-11-05 17:50:16,2024-11-05 17:50:16,
445,296,342,108,1,2480000,2480000,0,2024-11-05 17:50:16,2024-11-05 17:50:16,
446,296,342,147,1,2280000,2280000,0,2024-11-05 17:50:16,2024-11-05 17:50:16,
447,297,369,127,1,2880000,2880000,0,2024-11-05 21:05:40,2024-11-05 21:05:40,
448,298,371,138,1,1480000,1480000,0,2024-11-06 12:15:24,2024-11-06 12:15:24,
449,298,371,112,1,1980000,1980000,0,2024-11-06 12:15:24,2024-11-06 12:15:24,
450,299,371,138,1,1480000,1480000,0,2024-11-06 12:16:45,2024-11-06 12:16:45,
451,299,371,112,1,1980000,1980000,0,2024-11-06 12:16:45,2024-11-06 12:16:45,
452,300,371,138,1,1480000,1480000,0,2024-11-06 12:17:45,2024-11-06 12:17:45,
453,300,371,112,1,1980000,1980000,0,2024-11-06 12:17:45,2024-11-06 12:17:45,
454,301,371,138,1,1480000,1480000,0,2024-11-06 12:24:15,2024-11-06 12:24:15,
455,301,371,112,1,1980000,1980000,0,2024-11-06 12:24:15,2024-11-06 12:24:15,
456,302,371,138,1,1480000,1480000,0,2024-11-06 16:14:15,2024-11-06 16:14:15,
457,302,371,112,1,1980000,1980000,0,2024-11-06 16:14:15,2024-11-06 16:14:15,
458,303,348,141,1,2380000,2380000,0,2024-11-06 18:22:48,2024-11-06 18:22:48,
459,304,373,148,1,2280000,2280000,0,2024-11-06 19:27:56,2024-11-06 19:27:56,
460,305,373,148,1,2280000,2280000,0,2024-11-06 19:33:23,2024-11-06 19:33:23,
461,306,373,148,1,2280000,2280000,0,2024-11-06 19:34:27,2024-11-06 19:34:27,
462,307,356,137,1,1480000,1480000,0,2024-11-06 20:42:06,2024-11-06 20:42:06,
463,307,356,107,1,2480000,2480000,0,2024-11-06 20:42:06,2024-11-06 20:42:06,
464,308,356,137,1,1480000,1480000,0,2024-11-06 20:44:04,2024-11-06 20:44:04,
465,308,356,107,1,2480000,2480000,0,2024-11-06 20:44:04,2024-11-06 20:44:04,
466,309,356,137,1,1480000,1480000,0,2024-11-06 20:44:50,2024-11-06 20:44:50,
467,309,356,107,1,2480000,2480000,0,2024-11-06 20:44:50,2024-11-06 20:44:50,
468,310,356,137,1,1480000,1480000,0,2024-11-06 21:52:28,2024-11-06 21:52:28,
469,310,356,107,1,2480000,2480000,0,2024-11-06 21:52:28,2024-11-06 21:52:28,
470,311,318,113,1,1980000,1980000,0,2024-11-07 17:01:28,2024-11-07 17:01:28,
471,311,318,102,1,1980000,1980000,0,2024-11-07 17:01:28,2024-11-07 17:01:28,
472,311,318,141,1,2380000,2380000,0,2024-11-07 17:01:28,2024-11-07 17:01:28,
473,311,318,126,1,2880000,2880000,0,2024-11-07 17:01:28,2024-11-07 17:01:28,
474,312,260,103,1,1980000,1980000,0,2024-11-07 18:20:08,2024-11-07 18:20:08,
475,313,379,102,1,1980000,1980000,0,2024-11-08 19:27:40,2024-11-08 19:27:40,
476,314,379,102,1,1980000,1980000,0,2024-11-08 19:29:31,2024-11-08 19:29:31,
477,315,379,102,1,1980000,1980000,0,2024-11-08 19:32:08,2024-11-08 19:32:08,
478,316,381,127,1,2880000,2880000,0,2024-11-08 23:14:15,2024-11-08 23:14:15,
479,317,386,128,1,2880000,2880000,0,2024-11-12 17:11:25,2024-11-12 17:11:25,
480,317,386,105,1,1980000,1980000,0,2024-11-12 17:11:25,2024-11-12 17:11:25,
481,317,386,13,1,1480000,1480000,0,2024-11-12 17:11:25,2024-11-12 17:11:25,
482,318,386,128,1,2880000,2880000,0,2024-11-12 17:20:11,2024-11-12 17:20:11,
483,318,386,105,1,1980000,1980000,0,2024-11-12 17:20:11,2024-11-12 17:20:11,
484,319,388,111,1,1980000,1980000,0,2024-11-12 22:44:28,2024-11-12 22:44:28,
485,320,382,146,1,1880000,1880000,0,2024-11-13 03:36:37,2024-11-13 03:36:37,
486,321,390,142,1,2380000,2380000,0,2024-11-13 17:07:32,2024-11-13 17:07:32,
487,322,341,148,1,2280000,2280000,0,2024-11-15 05:52:53,2024-11-15 05:52:53,
488,323,341,148,1,2280000,2280000,0,2024-11-15 05:55:50,2024-11-15 05:55:50,
489,324,341,148,1,2280000,2280000,0,2024-11-15 20:46:55,2024-11-15 20:46:55,
490,325,341,148,1,2280000,2280000,0,2024-11-15 20:47:47,2024-11-15 20:47:47,
491,326,341,148,1,2280000,2280000,0,2024-11-15 20:48:42,2024-11-15 20:48:42,
492,327,395,128,1,2880000,2880000,0,2024-11-15 22:20:36,2024-11-15 22:20:36,
493,328,395,128,1,2880000,2880000,0,2024-11-15 22:21:42,2024-11-15 22:21:42,
494,329,393,139,1,1480000,1480000,0,2024-11-16 21:13:01,2024-11-16 21:13:01,
495,330,216,102,1,1980000,1980000,0,2024-11-18 01:22:49,2024-11-18 01:22:49,
496,331,357,144,1,2380000,2380000,0,2024-11-19 01:30:18,2024-11-19 01:30:18,
497,332,402,108,1,2480000,2480000,0,2024-11-19 02:49:50,2024-11-19 02:49:50,
498,333,405,111,1,1980000,1980000,0,2024-11-19 12:53:47,2024-11-19 12:53:47,
499,333,405,13,1,1480000,1480000,0,2024-11-19 12:53:47,2024-11-19 12:53:47,
500,334,162,127,1,2880000,2880000,0,2024-11-19 17:18:38,2024-11-19 17:18:38,
501,335,407,113,1,1980000,1980000,0,2024-11-19 18:06:53,2024-11-19 18:06:53,
502,336,277,50,1,1480000,1480000,0,2024-11-20 03:12:58,2024-11-20 03:12:58,
503,337,277,50,1,1480000,1480000,0,2024-11-20 03:24:03,2024-11-20 03:24:03,
504,338,273,106,1,2480000,2480000,0,2024-11-20 13:08:02,2024-11-20 13:08:02,
505,339,306,127,1,2880000,2880000,0,2024-11-21 00:22:20,2024-11-21 00:22:20,
506,340,411,127,1,2880000,2880000,0,2024-11-21 12:46:27,2024-11-21 12:46:27,
507,341,411,127,1,2880000,2880000,0,2024-11-21 13:01:34,2024-11-21 13:01:34,
508,342,151,148,1,2280000,2280000,0,2024-11-21 21:21:07,2024-11-21 21:21:07,
509,342,151,109,1,2480000,2480000,0,2024-11-21 21:21:07,2024-11-21 21:21:07,
510,343,342,44,1,1480000,1480000,0,2024-11-21 23:59:06,2024-11-21 23:59:06,
511,343,342,114,1,1880000,1880000,0,2024-11-21 23:59:06,2024-11-21 23:59:06,
512,343,342,143,1,2380000,2380000,0,2024-11-21 23:59:06,2024-11-21 23:59:06,
513,343,342,108,1,2480000,2480000,0,2024-11-21 23:59:06,2024-11-21 23:59:06,
514,343,342,147,1,2280000,2280000,0,2024-11-21 23:59:06,2024-11-21 23:59:06,
515,343,342,126,1,2880000,2880000,0,2024-11-21 23:59:06,2024-11-21 23:59:06,
516,343,342,149,1,1980000,1980000,0,2024-11-21 23:59:06,2024-11-21 23:59:06,
517,343,342,112,1,1980000,1980000,0,2024-11-21 23:59:06,2024-11-21 23:59:06,
518,344,133,44,1,1480000,1480000,0,2024-11-22 22:05:10,2024-11-22 22:05:10,
519,344,133,147,1,2280000,2280000,0,2024-11-22 22:05:10,2024-11-22 22:05:10,
520,345,308,126,1,2880000,2880000,0,2024-11-22 22:41:48,2024-11-22 22:41:48,
521,346,414,144,2,2380000,2380000,0,2024-11-23 00:15:21,2024-11-23 00:15:21,
522,347,357,144,1,2380000,2380000,0,2024-11-23 00:31:25,2024-11-23 00:31:25,
523,348,415,148,1,2280000,2280000,0,2024-11-23 01:13:04,2024-11-23 01:13:04,
524,349,151,148,1,2280000,2280000,0,2024-11-23 20:31:16,2024-11-23 20:31:16,
525,349,151,109,1,2480000,2480000,0,2024-11-23 20:31:16,2024-11-23 20:31:16,
526,350,415,148,1,2280000,2280000,0,2024-11-23 22:00:43,2024-11-23 22:00:43,
527,351,415,148,1,2280000,2280000,0,2024-11-23 22:01:35,2024-11-23 22:01:35,
528,352,415,148,1,2280000,2280000,0,2024-11-23 22:09:16,2024-11-23 22:09:16,
529,353,422,140,1,1480000,1480000,0,2024-11-24 19:23:57,2024-11-24 19:23:57,
530,354,426,126,1,2880000,2880000,0,2024-11-25 02:15:34,2024-11-25 02:15:34,
531,355,427,126,1,2880000,2880000,0,2024-11-25 02:25:12,2024-11-25 02:25:12,
532,356,164,39,1,1380000,1380000,0,2024-11-25 04:36:01,2024-11-25 04:36:01,
533,357,164,39,1,1380000,1380000,0,2024-11-25 04:36:54,2024-11-25 04:36:54,
534,358,342,44,1,1480000,1480000,0,2024-11-25 12:43:03,2024-11-25 12:43:03,
535,358,342,114,1,1880000,1880000,0,2024-11-25 12:43:03,2024-11-25 12:43:03,
536,358,342,143,1,2380000,2380000,0,2024-11-25 12:43:03,2024-11-25 12:43:03,
537,358,342,108,1,2480000,2480000,0,2024-11-25 12:43:03,2024-11-25 12:43:03,
538,358,342,147,1,2280000,2280000,0,2024-11-25 12:43:03,2024-11-25 12:43:03,
539,358,342,126,1,2880000,2880000,0,2024-11-25 12:43:03,2024-11-25 12:43:03,
540,358,342,149,1,1980000,1980000,0,2024-11-25 12:43:03,2024-11-25 12:43:03,
541,358,342,112,1,1980000,1980000,0,2024-11-25 12:43:03,2024-11-25 12:43:03,
542,359,430,142,1,2380000,2380000,0,2024-11-25 19:14:23,2024-11-25 19:14:23,
543,360,433,127,1,2016000,2880000,30,2024-11-25 20:26:59,2024-11-25 20:26:59,
544,361,288,145,1,1526000,2180000,30,2024-11-25 21:03:25,2024-11-25 21:03:25,
545,361,288,126,1,2016000,2880000,30,2024-11-25 21:03:25,2024-11-25 21:03:25,
546,362,438,147,1,1596000,2280000,30,2024-11-25 21:29:34,2024-11-25 21:29:34,
547,363,441,45,1,1036000,1480000,30,2024-11-25 21:53:34,2024-11-25 21:53:34,
548,363,441,47,1,1036000,1480000,30,2024-11-25 21:53:34,2024-11-25 21:53:34,
549,364,425,142,1,1666000,2380000,30,2024-11-25 22:15:37,2024-11-25 22:15:37,
550,365,425,142,1,1666000,2380000,30,2024-11-25 22:15:51,2024-11-25 22:15:51,
551,366,92,123,1,1246000,1780000,30,2024-11-25 22:33:25,2024-11-25 22:33:25,
552,367,445,53,1,1246000,1780000,30,2024-11-25 22:38:39,2024-11-25 22:38:39,
553,367,445,141,1,1666000,2380000,30,2024-11-25 22:38:39,2024-11-25 22:38:39,
554,367,445,12,1,1176000,1680000,30,2024-11-25 22:38:39,2024-11-25 22:38:39,
555,367,445,58,1,896000,1280000,30,2024-11-25 22:38:39,2024-11-25 22:38:39,
556,367,445,147,1,1596000,2280000,30,2024-11-25 22:38:39,2024-11-25 22:38:39,
557,367,445,123,1,1246000,1780000,30,2024-11-25 22:38:39,2024-11-25 22:38:39,
558,368,449,142,1,1666000,2380000,30,2024-11-25 22:41:00,2024-11-25 22:41:00,
559,369,449,142,1,1666000,2380000,30,2024-11-25 22:41:56,2024-11-25 22:41:56,
560,370,445,53,1,1246000,1780000,30,2024-11-25 22:43:54,2024-11-25 22:43:54,
561,370,445,141,1,1666000,2380000,30,2024-11-25 22:43:54,2024-11-25 22:43:54,
562,370,445,12,1,1176000,1680000,30,2024-11-25 22:43:54,2024-11-25 22:43:54,
563,370,445,147,1,1596000,2280000,30,2024-11-25 22:43:54,2024-11-25 22:43:54,
564,370,445,123,1,1246000,1780000,30,2024-11-25 22:43:54,2024-11-25 22:43:54,
565,370,445,153,1,455000,650000,30,2024-11-25 22:43:54,2024-11-25 22:43:54,
566,371,450,147,1,1596000,2280000,30,2024-11-25 22:44:43,2024-11-25 22:44:43,
567,372,357,143,1,1666000,2380000,30,2024-11-26 00:19:41,2024-11-26 00:19:41,
568,373,453,102,1,1386000,1980000,30,2024-11-26 00:23:37,2024-11-26 00:23:37,
569,373,453,112,1,1386000,1980000,30,2024-11-26 00:23:37,2024-11-26 00:23:37,
570,374,455,127,1,2016000,2880000,30,2024-11-26 00:56:30,2024-11-26 00:56:30,
571,375,452,126,1,2016000,2880000,30,2024-11-26 01:01:55,2024-11-26 01:01:55,
572,376,456,128,2,2016000,2880000,30,2024-11-26 01:11:37,2024-11-26 01:11:37,
573,377,459,145,1,1526000,2180000,30,2024-11-26 01:14:32,2024-11-26 01:14:32,
574,377,459,133,1,1036000,1480000,30,2024-11-26 01:14:32,2024-11-26 01:14:32,
575,378,459,145,1,1526000,2180000,30,2024-11-26 01:15:08,2024-11-26 01:15:08,
576,378,459,133,1,1036000,1480000,30,2024-11-26 01:15:08,2024-11-26 01:15:08,
577,379,440,126,1,2016000,2880000,30,2024-11-26 01:27:44,2024-11-26 01:27:44,
578,380,432,147,1,1596000,2280000,30,2024-11-26 01:33:06,2024-11-26 01:33:06,
579,381,321,102,1,1386000,1980000,30,2024-11-26 03:47:33,2024-11-26 03:47:33,
580,382,321,102,1,1386000,1980000,30,2024-11-26 03:47:58,2024-11-26 03:47:58,
581,383,463,109,1,1736000,2480000,30,2024-11-26 06:57:53,2024-11-26 06:57:53,
582,384,465,141,1,1666000,2380000,30,2024-11-26 10:44:44,2024-11-26 10:44:44,
583,384,465,143,1,1666000,2380000,30,2024-11-26 10:44:44,2024-11-26 10:44:44,
584,385,465,141,1,1666000,2380000,30,2024-11-26 10:45:29,2024-11-26 10:45:29,
585,385,465,143,1,1666000,2380000,30,2024-11-26 10:45:29,2024-11-26 10:45:29,
586,386,342,44,1,1036000,1480000,30,2024-11-26 11:42:53,2024-11-26 11:42:53,
587,386,342,114,1,1316000,1880000,30,2024-11-26 11:42:53,2024-11-26 11:42:53,
588,386,342,143,1,1666000,2380000,30,2024-11-26 11:42:53,2024-11-26 11:42:53,
589,386,342,108,1,1736000,2480000,30,2024-11-26 11:42:53,2024-11-26 11:42:53,
590,386,342,147,1,1596000,2280000,30,2024-11-26 11:42:53,2024-11-26 11:42:53,
591,386,342,126,1,2016000,2880000,30,2024-11-26 11:42:53,2024-11-26 11:42:53,
592,386,342,149,1,1386000,1980000,30,2024-11-26 11:42:53,2024-11-26 11:42:53,
593,386,342,112,1,1386000,1980000,30,2024-11-26 11:42:53,2024-11-26 11:42:53,
594,387,372,11,1,1876000,2680000,30,2024-11-26 15:30:32,2024-11-26 15:30:32,
595,387,372,129,1,2016000,2880000,30,2024-11-26 15:30:32,2024-11-26 15:30:32,
596,388,372,11,1,1876000,2680000,30,2024-11-26 15:39:33,2024-11-26 15:39:33,
597,388,372,129,1,2016000,2880000,30,2024-11-26 15:39:33,2024-11-26 15:39:33,
598,389,432,147,1,1596000,2280000,30,2024-11-26 16:09:09,2024-11-26 16:09:09,
599,390,432,147,1,1596000,2280000,30,2024-11-26 16:09:40,2024-11-26 16:09:40,
600,391,470,122,1,1246000,1780000,30,2024-11-26 16:27:21,2024-11-26 16:27:21,
601,392,420,127,1,2016000,2880000,30,2024-11-26 19:25:34,2024-11-26 19:25:34,
602,393,408,105,1,1386000,1980000,30,2024-11-26 19:25:51,2024-11-26 19:25:51,
603,394,408,105,1,1386000,1980000,30,2024-11-26 19:28:11,2024-11-26 19:28:11,
604,395,308,126,1,2016000,2880000,30,2024-11-26 20:15:52,2024-11-26 20:15:52,
605,396,308,126,1,2016000,2880000,30,2024-11-26 20:16:09,2024-11-26 20:16:09,
606,397,333,148,1,1596000,2280000,30,2024-11-26 20:20:52,2024-11-26 20:20:52,
607,397,333,127,1,2016000,2880000,30,2024-11-26 20:20:53,2024-11-26 20:20:53,
608,398,475,147,1,1596000,2280000,30,2024-11-26 21:56:01,2024-11-26 21:56:01,
609,399,476,108,1,1736000,2480000,30,2024-11-26 22:23:46,2024-11-26 22:23:46,
610,399,476,64,1,826000,1180000,30,2024-11-26 22:23:46,2024-11-26 22:23:46,
611,400,478,106,1,1736000,2480000,30,2024-11-26 23:10:27,2024-11-26 23:10:27,
612,400,478,104,1,1386000,1980000,30,2024-11-26 23:10:27,2024-11-26 23:10:27,
613,401,481,147,1,1596000,2280000,30,2024-11-27 00:27:37,2024-11-27 00:27:37,
614,401,481,64,1,826000,1180000,30,2024-11-27 00:27:37,2024-11-27 00:27:37,
615,402,480,113,1,1386000,1980000,30,2024-11-27 00:34:26,2024-11-27 00:34:26,
616,403,480,113,1,1386000,1980000,30,2024-11-27 00:35:59,2024-11-27 00:35:59,
617,404,347,102,1,1386000,1980000,30,2024-11-27 00:52:12,2024-11-27 00:52:12,
618,405,372,11,1,1876000,2680000,30,2024-11-27 00:57:59,2024-11-27 00:57:59,
619,406,484,113,1,1386000,1980000,30,2024-11-27 01:30:43,2024-11-27 01:30:43,
620,407,372,11,1,1876000,2680000,30,2024-11-27 01:31:53,2024-11-27 01:31:53,
621,408,372,11,1,1876000,2680000,30,2024-11-27 01:38:35,2024-11-27 01:38:35,
622,408,372,50,1,1036000,1480000,30,2024-11-27 01:38:35,2024-11-27 01:38:35,
623,409,389,144,1,1666000,2380000,30,2024-11-27 02:00:14,2024-11-27 02:00:14,
624,410,389,144,1,1666000,2380000,30,2024-11-27 02:01:06,2024-11-27 02:01:06,
625,411,71,58,1,896000,1280000,30,2024-11-27 04:41:27,2024-11-27 04:41:27,
626,412,71,58,1,896000,1280000,30,2024-11-27 04:43:02,2024-11-27 04:43:02,
627,413,380,58,1,896000,1280000,30,2024-11-27 16:57:23,2024-11-27 16:57:23,
628,413,380,145,1,1526000,2180000,30,2024-11-27 16:57:23,2024-11-27 16:57:23,
629,414,380,58,1,896000,1280000,30,2024-11-27 16:57:40,2024-11-27 16:57:40,
630,414,380,145,1,1526000,2180000,30,2024-11-27 16:57:40,2024-11-27 16:57:40,
631,415,493,114,1,1316000,1880000,30,2024-11-27 18:27:10,2024-11-27 18:27:10,
632,416,482,129,1,2016000,2880000,30,2024-11-27 20:14:18,2024-11-27 20:14:18,
633,417,446,129,1,2016000,2880000,30,2024-11-27 20:27:25,2024-11-27 20:27:25,
634,418,496,141,1,1666000,2380000,30,2024-11-27 20:35:17,2024-11-27 20:35:17,
635,418,496,150,1,1386000,1980000,30,2024-11-27 20:35:17,2024-11-27 20:35:17,
636,419,501,66,1,1036000,1480000,30,2024-11-27 21:45:26,2024-11-27 21:45:26,
637,420,501,66,1,1036000,1480000,30,2024-11-27 21:45:52,2024-11-27 21:45:52,
638,421,500,148,1,1596000,2280000,30,2024-11-27 22:00:29,2024-11-27 22:00:29,
639,422,500,148,1,1596000,2280000,30,2024-11-27 22:00:50,2024-11-27 22:00:50,
640,423,247,147,1,1596000,2280000,30,2024-11-27 23:01:07,2024-11-27 23:01:07,
641,424,505,148,1,1596000,2280000,30,2024-11-27 23:40:56,2024-11-27 23:40:56,
642,425,505,148,1,1596000,2280000,30,2024-11-27 23:47:10,2024-11-27 23:47:10,
643,426,506,148,1,1596000,2280000,30,2024-11-27 23:54:13,2024-11-27 23:54:13,
644,427,505,148,1,1596000,2280000,30,2024-11-27 23:55:20,2024-11-27 23:55:20,
645,428,501,66,1,1036000,1480000,30,2024-11-28 00:51:18,2024-11-28 00:51:18,
646,429,507,66,1,1036000,1480000,30,2024-11-28 00:56:32,2024-11-28 00:56:32,
647,430,442,142,1,1666000,2380000,30,2024-11-28 01:06:30,2024-11-28 01:06:30,
648,431,445,53,1,1246000,1780000,30,2024-11-28 01:53:57,2024-11-28 01:53:57,
649,431,445,141,1,1666000,2380000,30,2024-11-28 01:53:57,2024-11-28 01:53:57,
650,431,445,147,1,1596000,2280000,30,2024-11-28 01:53:57,2024-11-28 01:53:57,
651,432,510,126,1,2016000,2880000,30,2024-11-28 01:59:13,2024-11-28 01:59:13,
652,432,510,36,1,1106000,1580000,30,2024-11-28 01:59:14,2024-11-28 01:59:14,
653,433,512,154,1,455000,650000,30,2024-11-28 01:59:36,2024-11-28 01:59:36,
654,434,448,100,1,966000,1380000,30,2024-11-28 02:23:52,2024-11-28 02:23:52,
655,435,516,124,1,1880000,1880000,0,2024-11-28 03:23:27,2024-11-28 03:23:27,
656,436,516,124,1,1880000,1880000,0,2024-11-28 03:24:42,2024-11-28 03:24:42,
657,437,516,124,1,1880000,1880000,0,2024-11-28 03:29:48,2024-11-28 03:29:48,
658,438,501,77,1,1480000,1480000,0,2024-11-28 03:35:52,2024-11-28 03:35:52,
659,439,519,126,1,2880000,2880000,0,2024-11-28 05:08:50,2024-11-28 05:08:50,
660,440,521,109,1,2480000,2480000,0,2024-11-28 06:46:28,2024-11-28 06:46:28,
661,441,521,109,1,2480000,2480000,0,2024-11-28 06:47:40,2024-11-28 06:47:40,
662,441,521,122,1,1780000,1780000,0,2024-11-28 06:47:40,2024-11-28 06:47:40,
663,442,501,77,1,1480000,1480000,0,2024-11-28 11:53:39,2024-11-28 11:53:39,
664,443,501,77,1,1480000,1480000,0,2024-11-28 12:22:11,2024-11-28 12:22:11,
665,444,501,77,1,1480000,1480000,0,2024-11-28 13:04:03,2024-11-28 13:04:03,
666,444,501,88,1,1480000,1480000,0,2024-11-28 13:04:03,2024-11-28 13:04:03,
667,444,501,12,1,1680000,1680000,0,2024-11-28 13:04:03,2024-11-28 13:04:03,
668,445,507,133,1,1480000,1480000,0,2024-11-28 13:20:11,2024-11-28 13:20:11,
669,446,456,128,2,2880000,2880000,0,2024-11-28 13:50:54,2024-11-28 13:50:54,
670,447,456,128,2,2880000,2880000,0,2024-11-28 13:55:22,2024-11-28 13:55:22,
671,448,456,128,2,2880000,2880000,0,2024-11-28 14:00:02,2024-11-28 14:00:02,
672,449,525,106,1,2480000,2480000,0,2024-11-28 14:35:28,2024-11-28 14:35:28,
673,449,525,104,1,1980000,1980000,0,2024-11-28 14:35:28,2024-11-28 14:35:28,
674,450,119,129,1,2880000,2880000,0,2024-11-29 01:46:39,2024-11-29 01:46:39,
675,451,119,129,1,2880000,2880000,0,2024-11-29 02:06:10,2024-11-29 02:06:10,
676,452,429,102,1,1980000,1980000,0,2024-11-29 02:35:11,2024-11-29 02:35:11,
677,453,429,102,1,1980000,1980000,0,2024-11-29 02:37:21,2024-11-29 02:37:21,
678,454,429,102,1,1980000,1980000,0,2024-11-29 02:39:14,2024-11-29 02:39:14,
679,455,429,102,1,1980000,1980000,0,2024-11-29 02:42:34,2024-11-29 02:42:34,
680,456,530,148,1,2280000,2280000,0,2024-11-29 03:52:05,2024-11-29 03:52:05,
681,457,530,148,1,2280000,2280000,0,2024-11-29 10:24:00,2024-11-29 10:24:00,
682,458,551,113,1,1980000,1980000,0,2024-11-29 11:44:13,2024-11-29 11:44:13,
683,459,552,102,1,1980000,1980000,0,2024-11-29 11:48:08,2024-11-29 11:48:08,
684,460,537,106,1,2480000,2480000,0,2024-11-29 12:25:57,2024-11-29 12:25:57,
685,461,342,44,1,1480000,1480000,0,2024-11-29 12:57:33,2024-11-29 12:57:33,
686,461,342,114,1,1880000,1880000,0,2024-11-29 12:57:33,2024-11-29 12:57:33,
687,461,342,143,1,2380000,2380000,0,2024-11-29 12:57:33,2024-11-29 12:57:33,
688,461,342,108,1,2480000,2480000,0,2024-11-29 12:57:33,2024-11-29 12:57:33,
689,461,342,147,1,2280000,2280000,0,2024-11-29 12:57:33,2024-11-29 12:57:33,
690,461,342,126,1,2880000,2880000,0,2024-11-29 12:57:33,2024-11-29 12:57:33,
691,461,342,149,1,1980000,1980000,0,2024-11-29 12:57:33,2024-11-29 12:57:33,
692,461,342,112,1,1980000,1980000,0,2024-11-29 12:57:33,2024-11-29 12:57:33,
693,462,342,44,1,1480000,1480000,0,2024-11-29 13:00:32,2024-11-29 13:00:32,
694,462,342,114,1,1880000,1880000,0,2024-11-29 13:00:32,2024-11-29 13:00:32,
695,462,342,143,1,2380000,2380000,0,2024-11-29 13:00:32,2024-11-29 13:00:32,
696,462,342,108,1,2480000,2480000,0,2024-11-29 13:00:32,2024-11-29 13:00:32,
697,462,342,147,1,2280000,2280000,0,2024-11-29 13:00:32,2024-11-29 13:00:32,
698,462,342,126,1,2880000,2880000,0,2024-11-29 13:00:32,2024-11-29 13:00:32,
699,462,342,149,1,1980000,1980000,0,2024-11-29 13:00:32,2024-11-29 13:00:32,
700,462,342,112,1,1980000,1980000,0,2024-11-29 13:00:32,2024-11-29 13:00:32,
701,463,342,44,1,1480000,1480000,0,2024-11-29 13:01:08,2024-11-29 13:01:08,
702,463,342,114,1,1880000,1880000,0,2024-11-29 13:01:08,2024-11-29 13:01:08,
703,463,342,143,1,2380000,2380000,0,2024-11-29 13:01:08,2024-11-29 13:01:08,
704,463,342,108,1,2480000,2480000,0,2024-11-29 13:01:08,2024-11-29 13:01:08,
705,463,342,147,1,2280000,2280000,0,2024-11-29 13:01:08,2024-11-29 13:01:08,
706,463,342,126,1,2880000,2880000,0,2024-11-29 13:01:08,2024-11-29 13:01:08,
707,463,342,149,1,1980000,1980000,0,2024-11-29 13:01:08,2024-11-29 13:01:08,
708,463,342,112,1,1980000,1980000,0,2024-11-29 13:01:08,2024-11-29 13:01:08,
709,464,342,44,1,1480000,1480000,0,2024-11-29 13:03:20,2024-11-29 13:03:20,
710,464,342,114,1,1880000,1880000,0,2024-11-29 13:03:20,2024-11-29 13:03:20,
711,464,342,143,1,2380000,2380000,0,2024-11-29 13:03:20,2024-11-29 13:03:20,
712,464,342,108,1,2480000,2480000,0,2024-11-29 13:03:20,2024-11-29 13:03:20,
713,464,342,147,1,2280000,2280000,0,2024-11-29 13:03:20,2024-11-29 13:03:20,
714,464,342,126,1,2880000,2880000,0,2024-11-29 13:03:20,2024-11-29 13:03:20,
715,464,342,149,1,1980000,1980000,0,2024-11-29 13:03:20,2024-11-29 13:03:20,
716,464,342,112,1,1980000,1980000,0,2024-11-29 13:03:20,2024-11-29 13:03:20,
717,465,342,44,1,1480000,1480000,0,2024-11-29 13:10:51,2024-11-29 13:10:51,
718,465,342,114,1,1880000,1880000,0,2024-11-29 13:10:51,2024-11-29 13:10:51,
719,465,342,143,1,2380000,2380000,0,2024-11-29 13:10:52,2024-11-29 13:10:52,
720,465,342,108,1,2480000,2480000,0,2024-11-29 13:10:52,2024-11-29 13:10:52,
721,465,342,147,1,2280000,2280000,0,2024-11-29 13:10:52,2024-11-29 13:10:52,
722,465,342,126,1,2880000,2880000,0,2024-11-29 13:10:52,2024-11-29 13:10:52,
723,465,342,149,1,1980000,1980000,0,2024-11-29 13:10:52,2024-11-29 13:10:52,
724,465,342,112,1,1980000,1980000,0,2024-11-29 13:10:52,2024-11-29 13:10:52,
725,466,558,149,1,1980000,1980000,0,2024-11-29 14:28:33,2024-11-29 14:28:33,
726,467,558,149,1,1980000,1980000,0,2024-11-29 14:33:26,2024-11-29 14:33:26,
727,468,558,149,1,1980000,1980000,0,2024-11-29 14:34:29,2024-11-29 14:34:29,
728,469,560,149,1,1980000,1980000,0,2024-11-29 14:34:44,2024-11-29 14:34:44,
729,470,558,149,1,1980000,1980000,0,2024-11-29 14:35:31,2024-11-29 14:35:31,
730,471,558,149,1,1980000,1980000,0,2024-11-29 14:40:38,2024-11-29 14:40:38,
731,471,558,145,1,2180000,2180000,0,2024-11-29 14:40:38,2024-11-29 14:40:38,
732,472,561,103,1,1980000,1980000,0,2024-11-29 15:08:29,2024-11-29 15:08:29,
733,473,558,149,1,1980000,1980000,0,2024-11-29 15:42:22,2024-11-29 15:42:22,
734,474,566,149,1,1980000,1980000,0,2024-11-29 15:58:34,2024-11-29 15:58:34,
735,475,348,141,1,2380000,2380000,0,2024-11-29 16:24:36,2024-11-29 16:24:36,
736,476,564,145,1,2180000,2180000,0,2024-11-29 16:39:42,2024-11-29 16:39:42,
737,477,521,108,1,2480000,2480000,0,2024-11-29 16:48:55,2024-11-29 16:48:55,
738,478,567,146,1,2180000,2180000,0,2024-11-29 16:48:56,2024-11-29 16:48:56,
739,479,521,108,1,2480000,2480000,0,2024-11-29 17:11:24,2024-11-29 17:11:24,
740,480,521,108,1,2480000,2480000,0,2024-11-29 17:11:40,2024-11-29 17:11:40,
741,481,571,147,1,2280000,2280000,0,2024-11-29 17:48:44,2024-11-29 17:48:44,
742,482,571,147,1,2280000,2280000,0,2024-11-29 17:50:53,2024-11-29 17:50:53,
743,483,571,147,1,2280000,2280000,0,2024-11-29 17:52:24,2024-11-29 17:52:24,
744,484,572,37,1,1580000,1580000,0,2024-11-29 18:05:51,2024-11-29 18:05:51,
745,485,342,44,1,1480000,1480000,0,2024-11-29 18:41:19,2024-11-29 18:41:19,
746,485,342,114,1,1880000,1880000,0,2024-11-29 18:41:19,2024-11-29 18:41:19,
747,485,342,143,1,2380000,2380000,0,2024-11-29 18:41:19,2024-11-29 18:41:19,
748,485,342,108,1,2480000,2480000,0,2024-11-29 18:41:19,2024-11-29 18:41:19,
749,485,342,147,1,2280000,2280000,0,2024-11-29 18:41:19,2024-11-29 18:41:19,
750,485,342,126,1,2880000,2880000,0,2024-11-29 18:41:19,2024-11-29 18:41:19,
751,485,342,149,1,1980000,1980000,0,2024-11-29 18:41:19,2024-11-29 18:41:19,
752,485,342,112,1,1980000,1980000,0,2024-11-29 18:41:19,2024-11-29 18:41:19,
753,486,342,108,1,2480000,2480000,0,2024-11-29 18:43:56,2024-11-29 18:43:56,
754,487,342,108,1,2480000,2480000,0,2024-11-29 18:46:17,2024-11-29 18:46:17,
755,488,575,149,1,1980000,1980000,0,2024-11-29 19:00:09,2024-11-29 19:00:09,
756,489,443,148,1,2280000,2280000,0,2024-11-29 19:21:43,2024-11-29 19:21:43,
757,490,443,148,1,2280000,2280000,0,2024-11-29 19:23:33,2024-11-29 19:23:33,
758,491,577,113,1,1980000,1980000,0,2024-11-29 19:43:58,2024-11-29 19:43:58,
759,492,578,147,1,2280000,2280000,0,2024-11-29 19:48:00,2024-11-29 19:48:00,
760,493,581,58,1,1280000,1280000,0,2024-11-29 20:52:10,2024-11-29 20:52:10,
761,494,580,148,1,2280000,2280000,0,2024-11-29 21:17:28,2024-11-29 21:17:28,
762,495,587,114,1,1880000,1880000,0,2024-11-29 21:52:26,2024-11-29 21:52:26,
763,496,535,142,1,2380000,2380000,0,2024-11-29 22:24:08,2024-11-29 22:24:08,
764,497,556,127,1,2880000,2880000,0,2024-11-29 23:00:36,2024-11-29 23:00:36,
765,498,579,141,1,2380000,2380000,0,2024-11-29 23:34:09,2024-11-29 23:34:09,
766,499,579,141,1,2380000,2380000,0,2024-11-29 23:35:02,2024-11-29 23:35:02,
767,500,571,147,1,2280000,2280000,0,2024-11-29 23:45:08,2024-11-29 23:45:08,
768,501,583,126,1,2880000,2880000,0,2024-11-29 23:51:45,2024-11-29 23:51:45,
769,502,521,108,1,2480000,2480000,0,2024-11-29 23:54:44,2024-11-29 23:54:44,
770,503,597,45,1,1480000,1480000,0,2024-11-30 00:01:41,2024-11-30 00:01:41,
771,504,597,45,1,1480000,1480000,0,2024-11-30 00:07:50,2024-11-30 00:07:50,
772,505,524,20,1,1480000,1480000,0,2024-11-30 00:35:08,2024-11-30 00:35:08,
773,506,599,122,1,1780000,1780000,0,2024-11-30 01:06:42,2024-11-30 01:06:42,
774,507,599,105,1,1980000,1980000,0,2024-11-30 01:15:31,2024-11-30 01:15:31,
775,508,530,148,1,2280000,2280000,0,2024-11-30 01:17:22,2024-11-30 01:17:22,
776,509,599,105,1,1980000,1980000,0,2024-11-30 01:19:36,2024-11-30 01:19:36,
777,510,599,105,1,1980000,1980000,0,2024-11-30 01:30:59,2024-11-30 01:30:59,
778,511,605,147,1,2280000,2280000,0,2024-11-30 02:24:26,2024-11-30 02:24:26,
779,512,521,108,1,2480000,2480000,0,2024-11-30 12:35:49,2024-11-30 12:35:49,
780,513,521,108,1,2480000,2480000,0,2024-11-30 12:36:20,2024-11-30 12:36:20,
781,514,487,36,1,1580000,1580000,0,2024-11-30 15:05:12,2024-11-30 15:05:12,
782,515,487,36,1,1580000,1580000,0,2024-11-30 15:15:46,2024-11-30 15:15:46,
783,516,611,127,1,2880000,2880000,0,2024-11-30 16:31:01,2024-11-30 16:31:01,
784,517,288,128,1,2880000,2880000,0,2024-11-30 21:40:44,2024-11-30 21:40:44,
785,518,555,127,1,2880000,2880000,0,2024-12-01 00:27:23,2024-12-01 00:27:23,
786,519,618,126,1,2880000,2880000,0,2024-12-01 00:33:59,2024-12-01 00:33:59,
787,520,555,127,1,2880000,2880000,0,2024-12-01 04:04:57,2024-12-01 04:04:57,
788,521,626,127,1,2880000,2880000,0,2024-12-01 18:19:25,2024-12-01 18:19:25,
789,522,550,135,1,1480000,1480000,0,2024-12-01 18:47:10,2024-12-01 18:47:10,
790,522,550,133,1,1480000,1480000,0,2024-12-01 18:47:11,2024-12-01 18:47:11,
791,523,631,148,1,2280000,2280000,0,2024-12-01 19:25:04,2024-12-01 19:25:04,
792,524,630,127,1,2880000,2880000,0,2024-12-01 23:41:46,2024-12-01 23:41:46,
793,525,628,149,1,1980000,1980000,0,2024-12-01 23:43:00,2024-12-01 23:43:00,
794,526,455,127,1,2880000,2880000,0,2024-12-02 01:39:34,2024-12-02 01:39:34,
795,527,635,148,1,2280000,2280000,0,2024-12-02 03:32:38,2024-12-02 03:32:38,
796,528,635,148,1,2280000,2280000,0,2024-12-02 03:33:48,2024-12-02 03:33:48,
797,529,348,141,1,2380000,2380000,0,2024-12-02 12:51:28,2024-12-02 12:51:28,
798,530,443,105,1,1980000,1980000,0,2024-12-02 17:21:03,2024-12-02 17:21:03,
799,531,637,109,1,2780000,2780000,0,2024-12-02 19:34:27,2024-12-02 19:34:27,
800,532,646,114,1,1880000,1880000,0,2024-12-03 09:49:54,2024-12-03 09:49:54,
801,533,647,137,1,1680000,1680000,0,2024-12-03 16:22:11,2024-12-03 16:22:11,
802,533,647,104,1,1980000,1980000,0,2024-12-03 16:22:11,2024-12-03 16:22:11,
803,534,619,140,1,1680000,1680000,0,2024-12-03 16:38:03,2024-12-03 16:38:03,
804,534,619,92,1,980000,980000,0,2024-12-03 16:38:03,2024-12-03 16:38:03,
805,535,619,140,1,1680000,1680000,0,2024-12-03 16:53:44,2024-12-03 16:53:44,
806,535,619,92,1,980000,980000,0,2024-12-03 16:53:44,2024-12-03 16:53:44,
807,536,619,140,1,1680000,1680000,0,2024-12-03 17:16:38,2024-12-03 17:16:38,
808,536,619,92,1,980000,980000,0,2024-12-03 17:16:38,2024-12-03 17:16:38,
809,537,308,126,1,2980000,2980000,0,2024-12-04 02:02:15,2024-12-04 02:02:15,
810,538,650,141,1,2680000,2680000,0,2024-12-04 03:13:05,2024-12-04 03:13:05,
811,539,650,141,1,2680000,2680000,0,2024-12-04 03:13:37,2024-12-04 03:13:37,
812,540,650,141,1,2680000,2680000,0,2024-12-04 03:17:32,2024-12-04 03:17:32,
813,541,650,141,1,2680000,2680000,0,2024-12-04 03:24:27,2024-12-04 03:24:27,
814,542,651,139,1,1680000,1680000,0,2024-12-04 03:30:31,2024-12-04 03:30:31,
815,543,650,141,1,2680000,2680000,0,2024-12-04 03:40:22,2024-12-04 03:40:22,
816,544,401,145,1,2380000,2380000,0,2024-12-04 05:21:11,2024-12-04 05:21:11,
817,544,401,128,1,2980000,2980000,0,2024-12-04 05:21:11,2024-12-04 05:21:11,
818,545,457,149,1,2280000,2280000,0,2024-12-04 19:47:26,2024-12-04 19:47:26,
819,546,650,141,1,2680000,2680000,0,2024-12-05 01:41:07,2024-12-05 01:41:07,
820,547,650,141,1,2680000,2680000,0,2024-12-06 03:08:22,2024-12-06 03:08:22,
821,548,650,141,1,2680000,2680000,0,2024-12-06 03:08:44,2024-12-06 03:08:44,
822,549,650,141,1,2680000,2680000,0,2024-12-06 03:08:59,2024-12-06 03:08:59,
823,550,618,137,1,1680000,1680000,0,2024-12-06 04:21:22,2024-12-06 04:21:22,
824,550,618,127,1,2980000,2980000,0,2024-12-06 04:21:22,2024-12-06 04:21:22,
825,551,654,109,1,2780000,2780000,0,2024-12-07 05:28:05,2024-12-07 05:28:05,
826,552,461,122,1,1780000,1780000,0,2024-12-07 06:50:52,2024-12-07 06:50:52,
827,553,461,122,1,1780000,1780000,0,2024-12-07 06:52:11,2024-12-07 06:52:11,
828,554,661,127,1,2980000,2980000,0,2024-12-07 14:21:10,2024-12-07 14:21:10,
829,555,661,127,1,2980000,2980000,0,2024-12-07 14:22:54,2024-12-07 14:22:54,
830,556,661,127,1,2980000,2980000,0,2024-12-07 14:23:53,2024-12-07 14:23:53,
831,557,661,127,1,2980000,2980000,0,2024-12-07 16:01:53,2024-12-07 16:01:53,
832,558,660,126,1,2980000,2980000,0,2024-12-08 14:38:01,2024-12-08 14:38:01,
833,559,665,127,1,2980000,2980000,0,2024-12-08 16:45:15,2024-12-08 16:45:15,
834,560,667,126,1,2980000,2980000,0,2024-12-09 00:10:44,2024-12-09 00:10:44,
835,561,667,126,1,2980000,2980000,0,2024-12-09 00:18:51,2024-12-09 00:18:51,
836,562,669,58,1,1380000,1380000,0,2024-12-09 03:58:12,2024-12-09 03:58:12,
837,563,671,19,1,1480000,1480000,0,2024-12-09 04:02:42,2024-12-09 04:02:42,
838,563,671,133,1,1780000,1780000,0,2024-12-09 04:02:42,2024-12-09 04:02:42,
839,564,675,148,1,2680000,2680000,0,2024-12-10 01:31:38,2024-12-10 01:31:38,
840,565,679,142,1,2680000,2680000,0,2024-12-10 05:01:49,2024-12-10 05:01:49,
841,566,681,113,1,2380000,2380000,0,2024-12-10 09:49:23,2024-12-10 09:49:23,
842,567,660,127,1,2980000,2980000,0,2024-12-10 13:47:13,2024-12-10 13:47:13,
843,568,674,148,1,2680000,2680000,0,2024-12-10 16:38:48,2024-12-10 16:38:48,
844,569,593,103,1,1980000,1980000,0,2024-12-11 01:11:24,2024-12-11 01:11:24,
845,570,665,126,1,2980000,2980000,0,2024-12-11 20:05:50,2024-12-11 20:05:50,
846,571,691,147,1,2680000,2680000,0,2024-12-13 23:44:08,2024-12-13 23:44:08,
847,572,693,108,1,2780000,2780000,0,2024-12-14 02:35:47,2024-12-14 02:35:47,
848,573,694,126,1,2980000,2980000,0,2024-12-16 03:27:42,2024-12-16 03:27:42,
849,574,694,126,1,2980000,2980000,0,2024-12-16 03:34:46,2024-12-16 03:34:46,
850,575,694,126,1,2980000,2980000,0,2024-12-16 03:40:21,2024-12-16 03:40:21,
851,576,696,19,1,1480000,1480000,0,2024-12-16 12:50:38,2024-12-16 12:50:38,
852,576,696,113,1,2380000,2380000,0,2024-12-16 12:50:38,2024-12-16 12:50:38,
853,577,696,19,1,1480000,1480000,0,2024-12-16 13:17:42,2024-12-16 13:17:42,
854,577,696,113,1,2380000,2380000,0,2024-12-16 13:17:42,2024-12-16 13:17:42,
855,578,695,147,1,2680000,2680000,0,2024-12-16 23:46:39,2024-12-16 23:46:39,
856,579,695,147,1,2680000,2680000,0,2024-12-16 23:52:14,2024-12-16 23:52:14,
857,580,695,147,1,2680000,2680000,0,2024-12-16 23:55:01,2024-12-16 23:55:01,
858,581,695,147,1,2680000,2680000,0,2024-12-16 23:58:47,2024-12-16 23:58:47,
859,582,699,147,1,2680000,2680000,0,2024-12-17 00:06:29,2024-12-17 00:06:29,
860,583,695,147,1,2680000,2680000,0,2024-12-17 00:26:58,2024-12-17 00:26:58,
861,584,695,147,1,2680000,2680000,0,2024-12-17 00:27:42,2024-12-17 00:27:42,
862,585,695,147,1,2680000,2680000,0,2024-12-17 04:32:38,2024-12-17 04:32:38,
863,586,695,147,1,2680000,2680000,0,2024-12-17 04:36:54,2024-12-17 04:36:54,
864,587,658,141,1,2680000,2680000,0,2024-12-17 10:45:02,2024-12-17 10:45:02,
865,588,702,142,1,2680000,2680000,0,2024-12-17 15:26:06,2024-12-17 15:26:06,
866,589,233,141,1,2680000,2680000,0,2024-12-18 14:43:50,2024-12-18 14:43:50,
867,590,704,105,1,1980000,1980000,0,2024-12-18 17:28:19,2024-12-18 17:28:19,
868,591,704,105,1,1980000,1980000,0,2024-12-18 17:38:27,2024-12-18 17:38:27,
869,592,283,145,1,2380000,2380000,0,2024-12-18 18:10:32,2024-12-18 18:10:32,
870,593,616,12,1,1680000,1680000,0,2024-12-19 01:52:21,2024-12-19 01:52:21,
871,594,616,12,1,1680000,1680000,0,2024-12-19 02:09:07,2024-12-19 02:09:07,
872,595,708,64,1,890000,1780000,50,2024-12-19 14:42:33,2024-12-19 14:42:33,
873,596,233,141,1,2680000,2680000,0,2024-12-19 16:55:09,2024-12-19 16:55:09,
874,597,710,47,1,890000,1780000,50,2024-12-19 17:14:25,2024-12-19 17:14:25,
875,597,710,195,1,890000,1780000,50,2024-12-19 17:14:25,2024-12-19 17:14:25,
876,598,712,66,1,990000,1980000,50,2024-12-19 17:45:43,2024-12-19 17:45:43,
877,598,712,64,1,890000,1780000,50,2024-12-19 17:45:43,2024-12-19 17:45:43,
878,598,712,97,1,890000,1780000,50,2024-12-19 17:45:43,2024-12-19 17:45:43,
879,599,484,20,1,990000,1980000,50,2024-12-19 18:14:56,2024-12-19 18:14:56,
880,599,484,84,1,790000,1580000,50,2024-12-19 18:14:56,2024-12-19 18:14:56,
881,600,709,66,1,990000,1980000,50,2024-12-19 18:53:51,2024-12-19 18:53:51,
882,600,709,20,1,990000,1980000,50,2024-12-19 18:53:51,2024-12-19 18:53:51,
883,601,716,126,1,2980000,2980000,0,2024-12-19 21:15:03,2024-12-19 21:15:03,
884,601,716,128,1,2980000,2980000,0,2024-12-19 21:15:04,2024-12-19 21:15:04,
885,602,719,188,1,990000,1980000,50,2024-12-20 02:40:21,2024-12-20 02:40:21,
886,603,720,188,1,990000,1980000,50,2024-12-20 02:49:32,2024-12-20 02:49:32,
887,604,203,122,1,1780000,1780000,0,2024-12-20 13:11:34,2024-12-20 13:11:34,
888,605,618,77,1,990000,1980000,50,2024-12-20 17:34:00,2024-12-20 17:34:00,
889,605,618,129,1,2980000,2980000,0,2024-12-20 17:34:00,2024-12-20 17:34:00,
890,606,503,20,1,990000,1980000,50,2024-12-20 19:40:30,2024-12-20 19:40:30,
891,606,503,54,1,990000,1980000,50,2024-12-20 19:40:30,2024-12-20 19:40:30,
892,607,503,20,1,990000,1980000,50,2024-12-20 19:43:34,2024-12-20 19:43:34,
893,607,503,54,1,990000,1980000,50,2024-12-20 19:43:34,2024-12-20 19:43:34,
894,608,230,188,1,990000,1980000,50,2024-12-20 19:44:37,2024-12-20 19:44:37,
895,609,230,188,1,990000,1980000,50,2024-12-20 19:45:41,2024-12-20 19:45:41,
896,610,503,20,1,990000,1980000,50,2024-12-20 19:53:21,2024-12-20 19:53:21,
897,610,503,54,1,990000,1980000,50,2024-12-20 19:53:21,2024-12-20 19:53:21,
898,610,503,186,1,990000,1980000,50,2024-12-20 19:53:21,2024-12-20 19:53:21,
899,611,503,20,1,990000,1980000,50,2024-12-20 19:55:21,2024-12-20 19:55:21,
900,611,503,54,1,990000,1980000,50,2024-12-20 19:55:21,2024-12-20 19:55:21,
901,612,230,188,1,990000,1980000,50,2024-12-20 20:34:00,2024-12-20 20:34:00,
902,613,337,49,1,1240000,2480000,50,2024-12-21 01:02:56,2024-12-21 01:02:56,
903,614,337,49,1,1240000,2480000,50,2024-12-21 01:14:26,2024-12-21 01:14:26,
904,614,337,7,1,1480000,1480000,0,2024-12-21 01:14:26,2024-12-21 01:14:26,
905,615,730,179,1,590000,1180000,50,2024-12-21 03:49:59,2024-12-21 03:49:59,
906,615,730,185,1,990000,1980000,50,2024-12-21 03:49:59,2024-12-21 03:49:59,
907,615,730,166,1,790000,1580000,50,2024-12-21 03:49:59,2024-12-21 03:49:59,
908,616,730,179,1,590000,1180000,50,2024-12-21 03:58:05,2024-12-21 03:58:05,
909,616,730,185,1,990000,1980000,50,2024-12-21 03:58:05,2024-12-21 03:58:05,
910,616,730,166,1,790000,1580000,50,2024-12-21 03:58:05,2024-12-21 03:58:05,
911,617,730,179,1,590000,1180000,50,2024-12-21 03:59:01,2024-12-21 03:59:01,
912,617,730,185,1,990000,1980000,50,2024-12-21 03:59:01,2024-12-21 03:59:01,
913,617,730,166,1,790000,1580000,50,2024-12-21 03:59:01,2024-12-21 03:59:01,
914,618,730,179,1,590000,1180000,50,2024-12-21 04:16:03,2024-12-21 04:16:03,
915,618,730,185,1,990000,1980000,50,2024-12-21 04:16:03,2024-12-21 04:16:03,
916,618,730,166,1,790000,1580000,50,2024-12-21 04:16:03,2024-12-21 04:16:03,
917,619,682,17,1,890000,1780000,50,2024-12-21 06:57:07,2024-12-21 06:57:07,
918,620,732,195,1,890000,1780000,50,2024-12-21 12:45:54,2024-12-21 12:45:54,
919,621,734,122,1,1780000,1780000,0,2024-12-21 13:57:15,2024-12-21 13:57:15,
920,621,734,127,1,2980000,2980000,0,2024-12-21 13:57:15,2024-12-21 13:57:15,
921,622,734,122,1,1780000,1780000,0,2024-12-21 14:01:33,2024-12-21 14:01:33,
922,622,734,127,1,2980000,2980000,0,2024-12-21 14:01:33,2024-12-21 14:01:33,
923,623,734,122,1,1780000,1780000,0,2024-12-21 14:02:38,2024-12-21 14:02:38,
924,623,734,127,1,2980000,2980000,0,2024-12-21 14:02:38,2024-12-21 14:02:38,
925,624,734,127,1,2980000,2980000,0,2024-12-21 14:59:05,2024-12-21 14:59:05,
926,625,735,122,1,1780000,1780000,0,2024-12-21 16:18:11,2024-12-21 16:18:11,
927,626,737,68,1,990000,1980000,50,2024-12-21 18:17:21,2024-12-21 18:17:21,
928,627,739,129,1,2980000,2980000,0,2024-12-21 18:33:46,2024-12-21 18:33:46,
929,628,730,179,1,590000,1180000,50,2024-12-21 19:52:01,2024-12-21 19:52:01,
930,628,730,185,1,990000,1980000,50,2024-12-21 19:52:01,2024-12-21 19:52:01,
931,628,730,166,1,790000,1580000,50,2024-12-21 19:52:01,2024-12-21 19:52:01,
932,629,233,141,1,2680000,2680000,0,2024-12-22 02:48:31,2024-12-22 02:48:31,
933,629,233,126,1,2980000,2980000,0,2024-12-22 02:48:31,2024-12-22 02:48:31,
934,630,568,145,1,2380000,2380000,0,2024-12-22 12:44:01,2024-12-22 12:44:01,
935,631,745,108,1,2780000,2780000,0,2024-12-22 22:51:05,2024-12-22 22:51:05,
936,632,745,108,1,2780000,2780000,0,2024-12-22 22:51:48,2024-12-22 22:51:48,
937,633,745,108,1,2780000,2780000,0,2024-12-23 00:07:23,2024-12-23 00:07:23,
938,634,745,108,1,2780000,2780000,0,2024-12-23 00:09:57,2024-12-23 00:09:57,
939,635,745,108,1,2780000,2780000,0,2024-12-23 00:11:49,2024-12-23 00:11:49,
940,636,746,128,1,2980000,2980000,0,2024-12-23 00:14:53,2024-12-23 00:14:53,
941,637,746,128,1,2980000,2980000,0,2024-12-23 00:24:52,2024-12-23 00:24:52,
942,638,485,197,1,3780000,3780000,0,2024-12-23 00:29:49,2024-12-23 00:29:49,
943,639,409,198,1,3780000,3780000,0,2024-12-23 01:26:00,2024-12-23 01:26:00,
944,640,745,108,1,2780000,2780000,0,2024-12-23 02:00:18,2024-12-23 02:00:18,
945,641,752,49,1,1240000,2480000,50,2024-12-23 18:14:50,2024-12-23 18:14:50,
946,642,360,172,1,990000,1980000,50,2024-12-23 20:01:02,2024-12-23 20:01:02,
947,643,755,186,1,990000,1980000,50,2024-12-24 03:42:11,2024-12-24 03:42:11,
948,643,755,144,1,2680000,2680000,0,2024-12-24 03:42:11,2024-12-24 03:42:11,
949,644,755,186,1,990000,1980000,50,2024-12-24 03:43:09,2024-12-24 03:43:09,
950,644,755,144,1,2680000,2680000,0,2024-12-24 03:43:09,2024-12-24 03:43:09,
951,645,758,166,1,790000,1580000,50,2024-12-24 05:43:01,2024-12-24 05:43:01,
952,646,239,187,1,990000,1980000,50,2024-12-24 06:17:27,2024-12-24 06:17:27,
953,647,761,198,1,3780000,3780000,0,2024-12-24 20:43:22,2024-12-24 20:43:22,
954,648,763,197,1,3780000,3780000,0,2024-12-24 21:17:35,2024-12-24 21:17:35,
955,649,763,197,1,3780000,3780000,0,2024-12-24 21:19:34,2024-12-24 21:19:34,
956,650,763,197,1,3780000,3780000,0,2024-12-24 21:20:37,2024-12-24 21:20:37,
957,651,763,197,1,3780000,3780000,0,2024-12-24 22:05:44,2024-12-24 22:05:44,
958,652,763,197,1,3780000,3780000,0,2024-12-24 22:16:46,2024-12-24 22:16:46,
959,653,454,188,1,990000,1980000,50,2024-12-25 04:51:06,2024-12-25 04:51:06,
960,653,454,187,1,990000,1980000,50,2024-12-25 04:51:06,2024-12-25 04:51:06,
961,653,454,189,1,990000,1980000,50,2024-12-25 04:51:06,2024-12-25 04:51:06,
962,653,454,185,1,990000,1980000,50,2024-12-25 04:51:06,2024-12-25 04:51:06,
963,654,275,196,1,3780000,3780000,0,2024-12-25 19:34:38,2024-12-25 19:34:38,
964,655,275,196,1,3780000,3780000,0,2024-12-25 19:47:03,2024-12-25 19:47:03,
965,656,773,127,1,2980000,2980000,0,2024-12-26 02:37:13,2024-12-26 02:37:13,
966,657,769,147,1,2680000,2680000,0,2024-12-26 02:49:05,2024-12-26 02:49:05,
967,658,769,147,1,2680000,2680000,0,2024-12-26 02:53:55,2024-12-26 02:53:55,
968,659,769,147,1,2680000,2680000,0,2024-12-26 02:54:20,2024-12-26 02:54:20,
969,660,769,147,1,2680000,2680000,0,2024-12-26 02:55:04,2024-12-26 02:55:04,
970,661,769,147,1,2680000,2680000,0,2024-12-26 03:00:46,2024-12-26 03:00:46,
971,662,773,127,1,2980000,2980000,0,2024-12-26 04:07:09,2024-12-26 04:07:09,
972,663,769,147,1,2680000,2680000,0,2024-12-26 18:46:14,2024-12-26 18:46:14,
973,664,644,55,1,990000,1980000,50,2024-12-27 13:40:57,2024-12-27 13:40:57,
974,664,644,139,1,1680000,1680000,0,2024-12-27 13:40:57,2024-12-27 13:40:57,
975,665,756,147,1,2680000,2680000,0,2024-12-27 19:23:14,2024-12-27 19:23:14,
976,666,779,140,1,1680000,1680000,0,2024-12-27 20:21:29,2024-12-27 20:21:29,
977,667,781,186,1,990000,1980000,50,2024-12-27 20:41:11,2024-12-27 20:41:11,
978,668,784,146,1,2380000,2380000,0,2024-12-28 02:00:53,2024-12-28 02:00:53,
979,669,787,46,1,890000,1780000,50,2024-12-28 17:53:58,2024-12-28 17:53:58,
980,670,793,200,1,3780000,3780000,0,2024-12-30 00:44:44,2024-12-30 00:44:44,
981,671,793,200,1,3780000,3780000,0,2024-12-30 00:46:14,2024-12-30 00:46:14,
982,672,793,200,1,3780000,3780000,0,2024-12-30 00:47:25,2024-12-30 00:47:25,
983,673,792,196,1,3780000,3780000,0,2024-12-30 01:45:38,2024-12-30 01:45:38,
984,674,203,122,1,1780000,1780000,0,2024-12-30 03:21:16,2024-12-30 03:21:16,
985,674,203,126,1,2980000,2980000,0,2024-12-30 03:21:16,2024-12-30 03:21:16,
986,675,796,197,1,3780000,3780000,0,2024-12-30 05:36:39,2024-12-30 05:36:39,
987,676,797,37,1,1580000,1580000,0,2024-12-30 15:58:13,2024-12-30 15:58:13,
988,676,797,67,1,990000,1980000,50,2024-12-30 15:58:13,2024-12-30 15:58:13,
989,676,797,57,1,790000,1580000,50,2024-12-30 15:58:13,2024-12-30 15:58:13,
990,676,797,174,1,890000,1780000,50,2024-12-30 15:58:13,2024-12-30 15:58:13,
991,676,797,110,1,1980000,1980000,0,2024-12-30 15:58:13,2024-12-30 15:58:13,
992,676,797,122,1,1780000,1780000,0,2024-12-30 15:58:13,2024-12-30 15:58:13,
993,677,799,104,1,1980000,1980000,0,2024-12-30 16:26:53,2024-12-30 16:26:53,
994,678,802,147,1,2680000,2680000,0,2024-12-30 23:54:43,2024-12-30 23:54:43,
995,679,767,174,1,890000,1780000,50,2024-12-31 02:16:12,2024-12-31 02:16:12,
996,679,767,197,1,3780000,3780000,0,2024-12-31 02:16:12,2024-12-31 02:16:12,
997,680,767,174,1,890000,1780000,50,2024-12-31 02:17:35,2024-12-31 02:17:35,
998,680,767,197,1,3780000,3780000,0,2024-12-31 02:17:35,2024-12-31 02:17:35,
999,681,807,141,1,2680000,2680000,0,2024-12-31 16:13:22,2024-12-31 16:13:22,
1000,681,807,127,1,2980000,2980000,0,2024-12-31 16:13:22,2024-12-31 16:13:22,
1001,682,807,141,1,2680000,2680000,0,2024-12-31 16:22:10,2024-12-31 16:22:10,
1002,682,807,127,1,2980000,2980000,0,2024-12-31 16:22:10,2024-12-31 16:22:10,
1003,683,807,141,1,2680000,2680000,0,2024-12-31 17:52:32,2024-12-31 17:52:32,
1004,683,807,127,1,2980000,2980000,0,2024-12-31 17:52:32,2024-12-31 17:52:32,
1005,684,807,141,1,2680000,2680000,0,2024-12-31 18:20:54,2024-12-31 18:20:54,
1006,684,807,127,1,2980000,2980000,0,2024-12-31 18:20:54,2024-12-31 18:20:54,
1007,685,807,127,1,2980000,2980000,0,2024-12-31 18:35:01,2024-12-31 18:35:01,
1008,685,807,142,1,2680000,2680000,0,2024-12-31 18:35:01,2024-12-31 18:35:01,
1009,686,749,207,1,3380000,3380000,0,2024-12-31 20:04:22,2024-12-31 20:04:22,
1010,687,749,207,1,3380000,3380000,0,2024-12-31 20:08:36,2024-12-31 20:08:36,
1011,688,809,126,1,2980000,2980000,0,2025-01-01 01:16:43,2025-01-01 01:16:43,
1012,688,809,128,1,2980000,2980000,0,2025-01-01 01:16:43,2025-01-01 01:16:43,
1013,689,412,129,1,2980000,2980000,0,2025-01-01 14:11:26,2025-01-01 14:11:26,
1014,689,412,73,1,590000,1180000,50,2025-01-01 14:11:26,2025-01-01 14:11:26,
1015,690,412,129,1,2980000,2980000,0,2025-01-01 14:52:28,2025-01-01 14:52:28,
1016,690,412,73,1,590000,1180000,50,2025-01-01 14:52:28,2025-01-01 14:52:28,
1017,691,762,137,1,1680000,1680000,0,2025-01-01 16:57:37,2025-01-01 16:57:37,
1018,692,780,145,1,2380000,2380000,0,2025-01-02 02:13:39,2025-01-02 02:13:39,
1019,693,814,126,1,2980000,2980000,0,2025-01-02 10:37:42,2025-01-02 10:37:42,
1020,694,633,184,1,990000,1980000,50,2025-01-02 15:54:02,2025-01-02 15:54:02,
1021,695,673,20,2,990000,1980000,50,2025-01-03 20:17:20,2025-01-03 20:17:20,
1022,696,820,197,1,3780000,3780000,0,2025-01-04 06:15:52,2025-01-04 06:15:52,
1023,697,796,197,1,3780000,3780000,0,2025-01-05 01:25:20,2025-01-05 01:25:20,
1024,698,824,188,1,990000,1980000,50,2025-01-05 06:43:25,2025-01-05 06:43:25,
1025,698,824,22,1,790000,1580000,50,2025-01-05 06:43:25,2025-01-05 06:43:25,
1026,699,824,188,1,990000,1980000,50,2025-01-05 06:44:08,2025-01-05 06:44:08,
1027,699,824,22,1,790000,1580000,50,2025-01-05 06:44:08,2025-01-05 06:44:08,
1028,700,812,37,1,1580000,1580000,0,2025-01-05 15:09:51,2025-01-05 15:09:51,
1029,701,796,197,1,3780000,3780000,0,2025-01-06 00:18:30,2025-01-06 00:18:30,
1030,702,796,197,1,3780000,3780000,0,2025-01-06 00:24:26,2025-01-06 00:24:26,
1031,703,829,145,1,2380000,2380000,0,2025-01-06 01:08:46,2025-01-06 01:08:46,
1032,704,421,138,1,1680000,1680000,0,2025-01-06 01:09:24,2025-01-06 01:09:24,
1033,705,421,138,1,1680000,1680000,0,2025-01-06 01:10:36,2025-01-06 01:10:36,
1034,706,834,137,1,1680000,1680000,0,2025-01-06 03:01:32,2025-01-06 03:01:32,
1035,707,270,22,1,790000,1580000,50,2025-01-06 03:46:13,2025-01-06 03:46:13,
1036,707,270,110,1,1980000,1980000,0,2025-01-06 03:46:13,2025-01-06 03:46:13,
1037,708,836,129,1,2980000,2980000,0,2025-01-06 04:30:49,2025-01-06 04:30:49,
1038,709,818,106,1,2780000,2780000,0,2025-01-06 14:35:40,2025-01-06 14:35:40,
1039,710,839,138,1,1680000,1680000,0,2025-01-06 15:34:15,2025-01-06 15:34:15,
1040,710,839,193,1,1980000,3960000,50,2025-01-06 15:34:15,2025-01-06 15:34:15,
1041,711,839,193,1,1980000,3960000,50,2025-01-06 15:35:36,2025-01-06 15:35:36,
1042,712,801,199,1,3780000,3780000,0,2025-01-06 17:16:45,2025-01-06 17:16:45,
1043,713,842,207,1,3380000,3380000,0,2025-01-07 18:02:59,2025-01-07 18:02:59,
1044,714,844,21,1,790000,1580000,50,2025-01-08 00:15:53,2025-01-08 00:15:53,
1045,715,844,21,1,790000,1580000,50,2025-01-08 00:19:05,2025-01-08 00:19:05,
1046,716,844,21,1,790000,1580000,50,2025-01-08 00:19:39,2025-01-08 00:19:39,
1047,717,265,148,1,2680000,2680000,0,2025-01-08 03:47:55,2025-01-08 03:47:55,
1048,718,847,184,1,990000,1980000,50,2025-01-08 15:10:35,2025-01-08 15:10:35,
1049,719,832,117,1,1380000,1380000,0,2025-01-08 20:35:37,2025-01-08 20:35:37,
1050,720,193,126,1,2980000,2980000,0,2025-01-09 19:10:51,2025-01-09 19:10:51,
1051,720,193,12,1,1680000,1680000,0,2025-01-09 19:10:51,2025-01-09 19:10:51,
1052,721,193,126,1,2980000,2980000,0,2025-01-09 19:13:20,2025-01-09 19:13:20,
1053,721,193,12,1,1680000,1680000,0,2025-01-09 19:13:20,2025-01-09 19:13:20,
1054,722,854,135,1,1780000,1780000,0,2025-01-09 23:07:20,2025-01-09 23:07:20,
1055,722,854,136,1,1780000,1780000,0,2025-01-09 23:07:20,2025-01-09 23:07:20,
1056,723,855,142,1,2680000,2680000,0,2025-01-10 04:15:49,2025-01-10 04:15:49,
1057,724,856,127,1,2980000,2980000,0,2025-01-10 04:19:50,2025-01-10 04:19:50,
1058,725,862,200,1,3780000,3780000,0,2025-01-10 21:55:07,2025-01-10 21:55:07,
1059,726,862,200,1,3780000,3780000,0,2025-01-11 00:25:58,2025-01-11 00:25:58,
1060,727,862,200,1,3780000,3780000,0,2025-01-11 00:30:00,2025-01-11 00:30:00,
1061,728,862,200,1,3780000,3780000,0,2025-01-11 00:31:57,2025-01-11 00:31:57,
1062,729,862,200,1,3780000,3780000,0,2025-01-11 00:37:52,2025-01-11 00:37:52,
1063,730,862,200,1,3780000,3780000,0,2025-01-11 01:13:28,2025-01-11 01:13:28,
1064,731,864,17,1,890000,1780000,50,2025-01-11 04:43:59,2025-01-11 04:43:59,
1065,732,864,17,1,890000,1780000,50,2025-01-11 04:45:39,2025-01-11 04:45:39,
1066,733,866,65,1,890000,1780000,50,2025-01-11 06:01:36,2025-01-11 06:01:36,
1067,734,817,108,1,2780000,2780000,0,2025-01-11 16:36:55,2025-01-11 16:36:55,
1068,735,870,184,1,990000,1980000,50,2025-01-11 20:22:42,2025-01-11 20:22:42,
1069,735,870,188,1,990000,1980000,50,2025-01-11 20:22:42,2025-01-11 20:22:42,
1070,735,870,191,1,990000,1980000,50,2025-01-11 20:22:42,2025-01-11 20:22:42,
1071,736,233,147,1,2680000,2680000,0,2025-01-13 18:22:55,2025-01-13 18:22:55,
1072,737,464,197,1,3780000,3780000,0,2025-01-13 19:12:03,2025-01-13 19:12:03,
1073,738,876,105,1,1980000,1980000,0,2025-01-13 20:04:47,2025-01-13 20:04:47,
1074,738,876,28,1,790000,1580000,50,2025-01-13 20:04:47,2025-01-13 20:04:47,
1075,739,871,148,1,1876000,2680000,30,2025-01-14 18:40:14,2025-01-14 18:40:14,
1076,739,871,105,1,1386000,1980000,30,2025-01-14 18:40:14,2025-01-14 18:40:14,
1077,740,878,108,1,1946000,2780000,30,2025-01-14 20:09:31,2025-01-14 20:09:31,
1078,741,786,168,1,990000,1980000,50,2025-01-14 20:13:24,2025-01-14 20:13:24,
1079,742,871,148,1,1876000,2680000,30,2025-01-14 21:25:56,2025-01-14 21:25:56,
1080,743,377,9,1,3680000,3680000,0,2025-01-14 21:51:15,2025-01-14 21:51:15,
1081,744,882,122,1,1246000,1780000,30,2025-01-15 03:01:08,2025-01-15 03:01:08,
1082,745,727,104,1,1386000,1980000,30,2025-01-15 16:00:58,2025-01-15 16:00:58,
1083,746,885,35,1,890000,1780000,50,2025-01-15 21:33:00,2025-01-15 21:33:00,
1084,746,885,22,1,790000,1580000,50,2025-01-15 21:33:00,2025-01-15 21:33:00,
1085,747,885,35,1,890000,1780000,50,2025-01-15 21:43:46,2025-01-15 21:43:46,
1086,747,885,22,1,790000,1580000,50,2025-01-15 21:43:46,2025-01-15 21:43:46,
1087,748,885,35,1,890000,1780000,50,2025-01-15 21:51:53,2025-01-15 21:51:53,
1088,748,885,22,1,790000,1580000,50,2025-01-15 21:51:53,2025-01-15 21:51:53,
1089,749,840,205,1,2366000,3380000,30,2025-01-16 00:37:32,2025-01-16 00:37:32,
1090,750,840,204,1,2366000,3380000,30,2025-01-16 00:51:26,2025-01-16 00:51:26,
1091,751,888,197,1,3780000,3780000,0,2025-01-16 02:01:19,2025-01-16 02:01:19,
1092,752,888,197,1,3780000,3780000,0,2025-01-16 02:01:26,2025-01-16 02:01:26,
1093,753,890,126,1,2980000,2980000,0,2025-01-16 03:01:00,2025-01-16 03:01:00,
1094,754,751,113,1,1666000,2380000,30,2025-01-16 13:23:54,2025-01-16 13:23:54,
1095,755,807,142,1,1876000,2680000,30,2025-01-16 14:38:03,2025-01-16 14:38:03,
1096,756,807,142,1,1876000,2680000,30,2025-01-16 14:40:29,2025-01-16 14:40:29,
1097,757,807,142,1,1876000,2680000,30,2025-01-16 14:42:07,2025-01-16 14:42:07,
1098,758,807,142,1,1876000,2680000,30,2025-01-16 14:43:03,2025-01-16 14:43:03,
1099,759,807,142,1,1876000,2680000,30,2025-01-16 14:47:35,2025-01-16 14:47:35,
1100,760,807,142,1,1876000,2680000,30,2025-01-16 14:54:09,2025-01-16 14:54:09,
1101,761,891,108,1,1946000,2780000,30,2025-01-16 19:34:48,2025-01-16 19:34:48,
1102,762,581,58,1,1380000,1380000,0,2025-01-16 20:18:30,2025-01-16 20:18:30,
1103,763,857,188,1,990000,1980000,50,2025-01-16 21:04:24,2025-01-16 21:04:24,
1104,764,807,142,1,1876000,2680000,30,2025-01-17 00:35:53,2025-01-17 00:35:53,
1105,765,807,142,1,1876000,2680000,30,2025-01-17 01:09:45,2025-01-17 01:09:45,
1106,766,807,142,1,1876000,2680000,30,2025-01-17 01:15:54,2025-01-17 01:15:54,
1107,767,895,203,1,1876000,2680000,30,2025-01-17 20:30:34,2025-01-17 20:30:34,
1108,768,475,207,1,2366000,3380000,30,2025-01-17 20:48:27,2025-01-17 20:48:27,
1109,769,895,203,1,1876000,2680000,30,2025-01-17 21:33:40,2025-01-17 21:33:40,
1110,770,895,203,1,1876000,2680000,30,2025-01-17 21:35:02,2025-01-17 21:35:02,
1111,771,895,203,1,1876000,2680000,30,2025-01-17 21:38:03,2025-01-17 21:38:03,
1112,772,475,207,1,2366000,3380000,30,2025-01-17 21:38:18,2025-01-17 21:38:18,
1113,773,723,94,1,890000,1780000,50,2025-01-18 00:08:05,2025-01-18 00:08:05,
1114,774,723,94,1,890000,1780000,50,2025-01-18 00:10:01,2025-01-18 00:10:01,
1115,775,899,133,1,1246000,1780000,30,2025-01-18 02:38:41,2025-01-18 02:38:41,
1116,776,899,133,1,1246000,1780000,30,2025-01-18 02:42:09,2025-01-18 02:42:09,
1117,777,900,149,1,1596000,2280000,30,2025-01-18 16:43:56,2025-01-18 16:43:56,
1118,778,902,145,1,1666000,2380000,30,2025-01-18 18:04:55,2025-01-18 18:04:55,
1119,779,702,105,1,1386000,1980000,30,2025-01-18 22:30:30,2025-01-18 22:30:30,
1120,780,765,201,1,3780000,3780000,0,2025-01-19 02:16:51,2025-01-19 02:16:51,
1121,781,911,133,1,1246000,1780000,30,2025-01-20 01:33:44,2025-01-20 01:33:44,
1122,782,911,133,1,1246000,1780000,30,2025-01-20 01:47:53,2025-01-20 01:47:53,
1123,783,912,196,1,3780000,3780000,0,2025-01-20 02:10:19,2025-01-20 02:10:19,
1124,784,911,133,1,1246000,1780000,30,2025-01-20 02:20:19,2025-01-20 02:20:19,
1125,785,915,197,1,3780000,3780000,0,2025-01-20 02:30:16,2025-01-20 02:30:16,
1126,786,917,184,1,990000,1980000,50,2025-01-20 02:56:16,2025-01-20 02:56:16,
1127,786,917,67,1,990000,1980000,50,2025-01-20 02:56:16,2025-01-20 02:56:16,
1128,787,233,147,1,2680000,2680000,0,2025-01-21 20:49:16,2025-01-21 20:49:16,
1129,788,920,40,1,1140000,2280000,50,2025-01-22 04:36:56,2025-01-22 04:36:56,
1130,789,924,104,1,1980000,1980000,0,2025-01-22 07:30:49,2025-01-22 07:30:49,
1131,789,924,150,1,2280000,2280000,0,2025-01-22 07:30:49,2025-01-22 07:30:49,
1132,790,926,199,1,3780000,3780000,0,2025-01-22 13:43:49,2025-01-22 13:43:49,
1133,791,934,103,1,1980000,1980000,0,2025-01-24 01:56:49,2025-01-24 01:56:49,
1134,792,921,147,1,2680000,2680000,0,2025-01-24 03:38:38,2025-01-24 03:38:38,
1135,793,629,188,1,990000,1980000,50,2025-01-24 03:41:57,2025-01-24 03:41:57,
1136,793,629,135,1,1246000,1780000,30,2025-01-24 03:41:57,2025-01-24 03:41:57,
1137,793,629,108,1,2780000,2780000,0,2025-01-24 03:41:57,2025-01-24 03:41:57,
1138,793,629,20,1,990000,1980000,50,2025-01-24 03:41:57,2025-01-24 03:41:57,
1139,794,921,147,1,2680000,2680000,0,2025-01-24 04:00:22,2025-01-24 04:00:22,
1140,795,921,147,1,2680000,2680000,0,2025-01-24 13:29:24,2025-01-24 13:29:24,
1141,796,921,147,1,2680000,2680000,0,2025-01-24 13:32:38,2025-01-24 13:32:38,
1142,797,921,147,1,2680000,2680000,0,2025-01-24 14:07:18,2025-01-24 14:07:18,
1143,798,921,147,1,2680000,2680000,0,2025-01-24 14:13:12,2025-01-24 14:13:12,
1144,799,936,147,1,2680000,2680000,0,2025-01-24 18:02:51,2025-01-24 18:02:51,
1145,800,936,147,1,2680000,2680000,0,2025-01-24 18:16:33,2025-01-24 18:16:33,
1146,801,921,147,1,2680000,2680000,0,2025-01-24 18:45:12,2025-01-24 18:45:12,
1147,802,921,147,1,2680000,2680000,0,2025-01-24 18:46:50,2025-01-24 18:46:50,
1148,803,938,193,1,1980000,3960000,50,2025-01-25 17:53:20,2025-01-25 17:53:20,
1149,804,939,197,1,3980000,3980000,0,2025-01-25 22:48:13,2025-01-25 22:48:13,
1150,805,939,197,1,3980000,3980000,0,2025-01-25 22:48:32,2025-01-25 22:48:32,
1151,806,941,184,1,990000,1980000,50,2025-01-26 02:16:28,2025-01-26 02:16:28,
1152,807,943,193,1,1980000,3960000,50,2025-01-26 04:36:41,2025-01-26 04:36:41,
1153,808,947,68,1,990000,1980000,50,2025-01-27 18:00:24,2025-01-27 18:00:24,
1154,809,947,68,1,990000,1980000,50,2025-01-27 18:02:17,2025-01-27 18:02:17,
1155,810,949,104,1,1980000,1980000,0,2025-01-27 22:15:51,2025-01-27 22:15:51,
1156,811,949,104,1,1980000,1980000,0,2025-01-27 22:17:33,2025-01-27 22:17:33,
1157,812,949,104,1,1980000,1980000,0,2025-01-27 22:22:48,2025-01-27 22:22:48,
1158,813,949,104,1,1980000,1980000,0,2025-01-27 22:25:58,2025-01-27 22:25:58,
1159,814,951,87,1,790000,1580000,50,2025-01-28 03:26:08,2025-01-28 03:26:08,
1160,815,951,87,1,790000,1580000,50,2025-01-28 03:29:23,2025-01-28 03:29:23,
1161,816,948,30,1,790000,1580000,50,2025-01-28 04:32:00,2025-01-28 04:32:00,
1162,816,948,96,1,890000,1780000,50,2025-01-28 04:32:00,2025-01-28 04:32:00,
1163,817,953,17,1,890000,1780000,50,2025-01-28 04:40:57,2025-01-28 04:40:57,
1164,818,955,191,1,990000,1980000,50,2025-01-28 05:15:25,2025-01-28 05:15:25,
1165,819,945,134,1,1246000,1780000,30,2025-01-28 15:50:57,2025-01-28 15:50:57,
1166,820,955,191,1,990000,1980000,50,2025-01-28 16:06:25,2025-01-28 16:06:25,
1167,821,958,149,1,2280000,2280000,0,2025-01-29 00:12:35,2025-01-29 00:12:35,
1168,822,960,141,1,2680000,2680000,0,2025-01-29 15:13:29,2025-01-29 15:13:29,
1169,822,960,57,1,790000,1580000,50,2025-01-29 15:13:29,2025-01-29 15:13:29,
1170,822,960,34,1,890000,1780000,50,2025-01-29 15:13:29,2025-01-29 15:13:29,
1171,823,955,191,1,990000,1980000,50,2025-01-29 15:55:45,2025-01-29 15:55:45,
1172,824,964,142,1,2680000,2680000,0,2025-01-30 04:07:55,2025-01-30 04:07:55,
1173,825,966,94,1,890000,1780000,50,2025-01-30 14:05:38,2025-01-30 14:05:38,
1174,826,966,94,1,890000,1780000,50,2025-01-30 14:06:44,2025-01-30 14:06:44,
1175,827,869,196,1,3980000,3980000,0,2025-01-30 19:14:16,2025-01-30 19:14:16,
1176,828,973,30,1,790000,1580000,50,2025-01-31 18:46:30,2025-01-31 18:46:30,
1177,829,898,98,1,890000,1780000,50,2025-01-31 20:54:06,2025-01-31 20:54:06,
1178,829,898,75,1,740000,1480000,50,2025-01-31 20:54:06,2025-01-31 20:54:06,
1179,830,976,198,1,3980000,3980000,0,2025-02-01 06:36:31,2025-02-01 06:36:31,
1180,831,978,199,1,3980000,3980000,0,2025-02-02 04:08:45,2025-02-02 04:08:45,
1181,832,978,199,1,3980000,3980000,0,2025-02-02 04:39:14,2025-02-02 04:39:14,
1182,833,978,199,1,3980000,3980000,0,2025-02-02 04:40:15,2025-02-02 04:40:15,
1183,834,980,149,1,2280000,2280000,0,2025-02-02 05:16:28,2025-02-02 05:16:28,
1184,835,980,149,1,2280000,2280000,0,2025-02-02 05:17:29,2025-02-02 05:17:29,
1185,836,980,149,1,2280000,2280000,0,2025-02-02 05:19:40,2025-02-02 05:19:40,
1186,837,980,149,1,2280000,2280000,0,2025-02-02 05:21:18,2025-02-02 05:21:18,
1187,838,633,28,1,790000,1580000,50,2025-02-03 00:18:39,2025-02-03 00:18:39,
1188,838,633,57,1,790000,1580000,50,2025-02-03 00:18:39,2025-02-03 00:18:39,
1189,839,455,197,1,3980000,3980000,0,2025-02-03 19:10:07,2025-02-03 19:10:07,
1190,840,498,21,1,790000,1580000,50,2025-02-03 20:35:36,2025-02-03 20:35:36,
1191,840,498,40,1,1140000,2280000,50,2025-02-03 20:35:36,2025-02-03 20:35:36,
1192,841,984,46,1,890000,1780000,50,2025-02-03 22:19:12,2025-02-03 22:19:12,
1193,841,984,108,1,2780000,2780000,0,2025-02-03 22:19:12,2025-02-03 22:19:12,
1194,842,21,94,1,890000,1780000,50,2025-02-05 15:23:53,2025-02-05 15:23:53,
1195,843,21,94,1,890000,1780000,50,2025-02-06 00:16:08,2025-02-06 00:16:08,
1196,844,21,94,1,890000,1780000,50,2025-02-06 03:05:09,2025-02-06 03:05:09,
1197,845,15,62,1,590000,1180000,50,2025-02-06 04:09:56,2025-02-06 04:09:56,
1198,846,15,62,1,590000,1180000,50,2025-02-06 04:23:27,2025-02-06 04:23:27,
1199,847,21,94,1,890000,1780000,50,2025-02-09 23:34:54,2025-02-09 23:34:54,
1200,848,21,94,1,890000,1780000,50,2025-02-09 23:35:17,2025-02-09 23:35:17,
1201,849,21,94,1,890000,1780000,50,2025-02-09 23:36:33,2025-02-09 23:36:33,
1202,850,21,94,1,890000,1780000,50,2025-02-09 23:38:30,2025-02-09 23:38:30,
1203,851,21,94,1,890000,1780000,50,2025-02-09 23:40:04,2025-02-09 23:40:04,
1204,852,21,94,1,890000,1780000,50,2025-02-10 02:01:31,2025-02-10 02:01:31,
1205,853,21,94,1,890000,1780000,50,2025-02-10 02:02:11,2025-02-10 02:02:11,
1206,854,21,94,1,890000,1780000,50,2025-02-10 02:09:37,2025-02-10 02:09:37,
1207,855,21,94,1,890000,1780000,50,2025-02-11 16:14:11,2025-02-11 16:14:11,
1208,856,986,129,1,2980000,2980000,0,2025-02-11 22:29:37,2025-02-11 22:29:37,
1209,857,986,129,1,2980000,2980000,0,2025-02-11 22:30:03,2025-02-11 22:30:03,
1210,858,21,94,1,890000,1780000,50,2025-02-12 17:14:20,2025-02-12 17:14:20,
1211,859,15,62,1,590000,1180000,50,2025-02-12 18:08:13,2025-02-12 18:08:13,
1212,860,21,94,1,890000,1780000,50,2025-02-12 18:15:06,2025-02-12 18:15:06,
1213,861,519,50,1,1480000,1480000,0,2025-02-13 03:11:24,2025-02-13 03:11:24,
1214,862,986,129,1,1937000,2980000,35,2025-02-13 08:05:31,2025-02-13 08:05:31,
1215,863,990,197,1,2587000,3980000,35,2025-02-13 13:18:13,2025-02-13 13:18:13,
1216,864,989,197,1,2587000,3980000,35,2025-02-13 20:01:47,2025-02-13 20:01:47,
1217,865,906,197,1,2587000,3980000,35,2025-02-13 20:06:42,2025-02-13 20:06:42,
1218,866,906,197,1,2587000,3980000,35,2025-02-13 20:07:55,2025-02-13 20:07:55,
1219,867,729,207,1,2197000,3380000,35,2025-02-13 20:58:00,2025-02-13 20:58:00,
1220,868,704,196,1,2587000,3980000,35,2025-02-13 23:22:09,2025-02-13 23:22:09,
1221,869,860,197,1,2587000,3980000,35,2025-02-14 00:08:31,2025-02-14 00:08:31,
1222,870,1004,200,1,2587000,3980000,35,2025-02-14 17:24:54,2025-02-14 17:24:54,
1223,871,384,50,1,1480000,1480000,0,2025-02-14 21:45:16,2025-02-14 21:45:16,
1224,871,384,92,1,790000,1580000,50,2025-02-14 21:45:16,2025-02-14 21:45:16,
1225,872,999,196,1,2587000,3980000,35,2025-02-15 02:42:20,2025-02-15 02:42:20,
1226,873,852,104,1,1287000,1980000,35,2025-02-15 15:44:03,2025-02-15 15:44:03,
1227,874,519,113,1,1547000,2380000,35,2025-02-15 17:32:23,2025-02-15 17:32:23,
1228,875,1009,197,1,2587000,3980000,35,2025-02-15 18:10:45,2025-02-15 18:10:45,
1229,876,1010,201,1,2587000,3980000,35,2025-02-16 04:18:51,2025-02-16 04:18:51,
1230,877,970,55,1,1287000,1980000,35,2025-02-16 17:36:53,2025-02-16 17:36:53,
1231,878,969,126,1,1937000,2980000,35,2025-02-17 13:20:00,2025-02-17 13:20:00,
1232,879,1008,151,1,422500,650000,35,2025-02-17 14:00:11,2025-02-17 14:00:11,
1233,880,519,135,1,1157000,1780000,35,2025-02-17 22:56:11,2025-02-17 22:56:11,
1234,881,519,135,1,1157000,1780000,35,2025-02-17 22:57:01,2025-02-17 22:57:01,
1235,882,1014,147,1,1742000,2680000,35,2025-02-18 14:25:32,2025-02-18 14:25:32,
1236,883,1014,147,1,1742000,2680000,35,2025-02-18 14:25:59,2025-02-18 14:25:59,
1237,884,204,47,1,890000,1780000,50,2025-02-18 22:10:14,2025-02-18 22:10:14,
1238,885,259,58,1,897000,1380000,35,2025-02-19 02:44:50,2025-02-19 02:44:50,
1239,886,519,136,1,1157000,1780000,35,2025-02-19 13:10:09,2025-02-19 13:10:09,
1240,887,1020,197,1,2587000,3980000,35,2025-02-20 16:45:17,2025-02-20 16:45:17,
1241,888,1020,197,1,2587000,3980000,35,2025-02-20 16:46:08,2025-02-20 16:46:08,
1242,889,210,58,1,897000,1380000,35,2025-02-20 20:20:29,2025-02-20 20:20:29,
1243,890,1023,140,1,1092000,1680000,35,2025-02-21 00:48:14,2025-02-21 00:48:14,
1244,891,511,23,1,790000,1580000,50,2025-02-21 19:36:30,2025-02-21 19:36:30,
1245,891,511,21,1,790000,1580000,50,2025-02-21 19:36:30,2025-02-21 19:36:30,
1246,891,511,75,1,740000,1480000,50,2025-02-21 19:36:30,2025-02-21 19:36:30,
1247,891,511,152,1,422500,650000,35,2025-02-21 19:36:30,2025-02-21 19:36:30,
1248,891,511,94,1,890000,1780000,50,2025-02-21 19:36:30,2025-02-21 19:36:30,
1249,891,511,122,1,1157000,1780000,35,2025-02-21 19:36:30,2025-02-21 19:36:30,
1250,891,511,113,1,1547000,2380000,35,2025-02-21 19:36:30,2025-02-21 19:36:30,
1251,892,511,23,1,790000,1580000,50,2025-02-22 03:20:54,2025-02-22 03:20:54,
1252,892,511,21,1,790000,1580000,50,2025-02-22 03:20:54,2025-02-22 03:20:54,
1253,892,511,75,1,740000,1480000,50,2025-02-22 03:20:54,2025-02-22 03:20:54,
1254,892,511,152,1,422500,650000,35,2025-02-22 03:20:54,2025-02-22 03:20:54,
1255,892,511,94,1,890000,1780000,50,2025-02-22 03:20:54,2025-02-22 03:20:54,
1256,892,511,122,1,1157000,1780000,35,2025-02-22 03:20:54,2025-02-22 03:20:54,
1257,892,511,113,1,1547000,2380000,35,2025-02-22 03:20:54,2025-02-22 03:20:54,
1258,893,511,23,1,790000,1580000,50,2025-02-22 15:02:43,2025-02-22 15:02:43,
1259,893,511,21,1,790000,1580000,50,2025-02-22 15:02:43,2025-02-22 15:02:43,
1260,893,511,75,1,740000,1480000,50,2025-02-22 15:02:43,2025-02-22 15:02:43,
1261,893,511,152,1,422500,650000,35,2025-02-22 15:02:43,2025-02-22 15:02:43,
1262,893,511,94,1,890000,1780000,50,2025-02-22 15:02:43,2025-02-22 15:02:43,
1263,893,511,113,1,1547000,2380000,35,2025-02-22 15:02:43,2025-02-22 15:02:43,
1264,893,511,188,1,990000,1980000,50,2025-02-22 15:02:43,2025-02-22 15:02:43,
1265,894,714,92,1,790000,1580000,50,2025-02-22 22:02:35,2025-02-22 22:02:35,
1266,895,166,33,1,890000,1780000,50,2025-02-23 16:40:49,2025-02-23 16:40:49,
1267,896,1034,113,1,1547000,2380000,35,2025-02-24 22:21:45,2025-02-24 22:21:45,
1268,897,125,132,1,1547000,2380000,35,2025-02-25 00:59:00,2025-02-25 00:59:00,
1269,897,125,67,1,990000,1980000,50,2025-02-25 00:59:00,2025-02-25 00:59:00,
1270,897,125,182,1,790000,1580000,50,2025-02-25 00:59:00,2025-02-25 00:59:00,
1271,898,1037,96,1,890000,1780000,50,2025-02-26 18:45:29,2025-02-26 18:45:29,
1272,899,179,12,1,1680000,1680000,0,2025-02-26 19:57:26,2025-02-26 19:57:26,
1273,900,1040,138,1,1680000,1680000,0,2025-02-26 21:03:43,2025-02-26 21:03:43,
1274,901,1042,201,1,3980000,3980000,0,2025-02-28 00:29:55,2025-02-28 00:29:55,
1275,902,1043,17,1,890000,1780000,50,2025-03-02 02:23:04,2025-03-02 02:23:04,
1276,903,1043,17,1,890000,1780000,50,2025-03-02 02:23:32,2025-03-02 02:23:32,
1277,904,1044,14,1,2280000,2280000,0,2025-03-02 18:03:14,2025-03-02 18:03:14,
1278,905,1044,14,1,2280000,2280000,0,2025-03-02 18:06:16,2025-03-02 18:06:16,
1279,906,1044,14,1,2280000,2280000,0,2025-03-02 18:11:04,2025-03-02 18:11:04,
1280,907,1044,14,1,2280000,2280000,0,2025-03-02 18:45:53,2025-03-02 18:45:53,
1281,908,1044,14,1,2280000,2280000,0,2025-03-02 19:18:16,2025-03-02 19:18:16,
1282,909,1044,14,1,2280000,2280000,0,2025-03-02 19:26:08,2025-03-02 19:26:08,
1283,910,15,221,1,1880000,1880000,0,2025-03-02 21:57:28,2025-03-02 21:57:28,
1284,911,987,17,1,890000,1780000,50,2025-03-02 23:07:56,2025-03-02 23:07:56,
1285,912,1045,133,1,1780000,1780000,0,2025-03-02 23:17:35,2025-03-02 23:17:35,
1286,913,1045,133,1,1780000,1780000,0,2025-03-02 23:17:56,2025-03-02 23:17:56,
1287,914,1045,133,1,1780000,1780000,0,2025-03-02 23:18:05,2025-03-02 23:18:05,
1288,915,1045,133,1,1780000,1780000,0,2025-03-02 23:18:32,2025-03-02 23:18:32,
1289,916,987,17,1,890000,1780000,50,2025-03-03 00:54:06,2025-03-03 00:54:06,
1290,916,987,66,1,990000,1980000,50,2025-03-03 00:54:06,2025-03-03 00:54:06,
1291,917,987,17,1,890000,1780000,50,2025-03-03 01:23:11,2025-03-03 01:23:11,
1292,917,987,66,1,990000,1980000,50,2025-03-03 01:23:11,2025-03-03 01:23:11,
1293,918,987,17,1,890000,1780000,50,2025-03-03 01:30:58,2025-03-03 01:30:58,
1294,918,987,66,1,990000,1980000,50,2025-03-03 01:30:58,2025-03-03 01:30:58,
1295,919,987,17,1,890000,1780000,50,2025-03-03 01:44:13,2025-03-03 01:44:13,
1296,919,987,66,1,990000,1980000,50,2025-03-03 01:44:13,2025-03-03 01:44:13,
1297,920,987,17,1,890000,1780000,50,2025-03-03 01:45:09,2025-03-03 01:45:09,
1298,920,987,66,1,990000,1980000,50,2025-03-03 01:45:09,2025-03-03 01:45:09,
1299,921,987,17,1,890000,1780000,50,2025-03-03 02:05:30,2025-03-03 02:05:30,
1300,921,987,66,1,990000,1980000,50,2025-03-03 02:05:30,2025-03-03 02:05:30,
1301,922,987,17,1,890000,1780000,50,2025-03-03 02:28:39,2025-03-03 02:28:39,
1302,922,987,66,1,990000,1980000,50,2025-03-03 02:28:39,2025-03-03 02:28:39,
1303,923,987,17,1,890000,1780000,50,2025-03-03 02:45:28,2025-03-03 02:45:28,
1304,923,987,66,1,990000,1980000,50,2025-03-03 02:45:28,2025-03-03 02:45:28,
1305,924,987,17,1,890000,1780000,50,2025-03-03 02:59:13,2025-03-03 02:59:13,
1306,924,987,66,1,990000,1980000,50,2025-03-03 02:59:13,2025-03-03 02:59:13,
1307,925,707,214,1,2980000,2980000,0,2025-03-03 13:39:06,2025-03-03 13:39:06,
1308,926,987,17,1,890000,1780000,50,2025-03-03 15:40:55,2025-03-03 15:40:55,
1309,926,987,66,1,990000,1980000,50,2025-03-03 15:40:55,2025-03-03 15:40:55,
1310,927,987,17,1,890000,1780000,50,2025-03-03 15:43:42,2025-03-03 15:43:42,
1311,927,987,66,1,990000,1980000,50,2025-03-03 15:43:42,2025-03-03 15:43:42,
1312,928,987,17,1,890000,1780000,50,2025-03-03 15:44:31,2025-03-03 15:44:31,
1313,928,987,66,1,990000,1980000,50,2025-03-03 15:44:31,2025-03-03 15:44:31,
1314,929,987,17,1,890000,1780000,50,2025-03-03 16:49:51,2025-03-03 16:49:51,
1315,929,987,66,1,990000,1980000,50,2025-03-03 16:49:51,2025-03-03 16:49:51,
1316,930,987,17,1,890000,1780000,50,2025-03-03 16:50:18,2025-03-03 16:50:18,
1317,930,987,66,1,990000,1980000,50,2025-03-03 16:50:18,2025-03-03 16:50:18,
1318,931,987,17,1,890000,1780000,50,2025-03-03 16:51:03,2025-03-03 16:51:03,
1319,931,987,66,1,990000,1980000,50,2025-03-03 16:51:03,2025-03-03 16:51:03,
1320,932,987,17,1,890000,1780000,50,2025-03-03 16:51:54,2025-03-03 16:51:54,
1321,932,987,66,1,990000,1980000,50,2025-03-03 16:51:54,2025-03-03 16:51:54,
1322,933,987,17,1,890000,1780000,50,2025-03-03 16:53:25,2025-03-03 16:53:25,
1323,933,987,66,1,990000,1980000,50,2025-03-03 16:53:25,2025-03-03 16:53:25,
1324,934,987,17,1,890000,1780000,50,2025-03-03 16:55:40,2025-03-03 16:55:40,
1325,934,987,66,1,990000,1980000,50,2025-03-03 16:55:40,2025-03-03 16:55:40,
1326,935,987,17,1,890000,1780000,50,2025-03-03 16:57:18,2025-03-03 16:57:18,
1327,935,987,66,1,990000,1980000,50,2025-03-03 16:57:18,2025-03-03 16:57:18,
1328,936,987,17,1,890000,1780000,50,2025-03-03 16:58:45,2025-03-03 16:58:45,
1329,936,987,66,1,990000,1980000,50,2025-03-03 16:58:45,2025-03-03 16:58:45,
1330,937,1046,214,1,2980000,2980000,0,2025-03-03 17:41:22,2025-03-03 17:41:22,
1331,938,1046,214,1,2980000,2980000,0,2025-03-03 17:41:50,2025-03-03 17:41:50,
1332,939,1046,214,1,2980000,2980000,0,2025-03-03 17:42:28,2025-03-03 17:42:28,
1333,940,1046,214,1,2980000,2980000,0,2025-03-03 17:43:17,2025-03-03 17:43:17,
1334,941,1046,214,1,2980000,2980000,0,2025-03-03 17:45:33,2025-03-03 17:45:33,
1335,942,1046,214,1,2980000,2980000,0,2025-03-03 17:48:06,2025-03-03 17:48:06,
1336,943,1046,214,1,2980000,2980000,0,2025-03-03 17:54:08,2025-03-03 17:54:08,
1337,944,1046,214,1,2980000,2980000,0,2025-03-03 17:54:44,2025-03-03 17:54:44,
1338,945,1046,214,1,2980000,2980000,0,2025-03-03 17:54:46,2025-03-03 17:54:46,
1339,946,1046,214,1,2980000,2980000,0,2025-03-03 17:55:38,2025-03-03 17:55:38,
1340,947,1046,214,1,2980000,2980000,0,2025-03-03 17:55:41,2025-03-03 17:55:41,
1341,948,1046,214,1,2980000,2980000,0,2025-03-03 17:55:43,2025-03-03 17:55:43,
1342,949,1046,214,1,2980000,2980000,0,2025-03-03 17:55:44,2025-03-03 17:55:44,
1343,950,1046,214,1,2980000,2980000,0,2025-03-03 18:00:57,2025-03-03 18:00:57,
1344,951,1046,214,1,2980000,2980000,0,2025-03-03 18:01:33,2025-03-03 18:01:33,
1345,952,987,17,1,890000,1780000,50,2025-03-03 18:05:42,2025-03-03 18:05:42,
1346,952,987,66,1,990000,1980000,50,2025-03-03 18:05:42,2025-03-03 18:05:42,
1347,953,987,17,1,890000,1780000,50,2025-03-03 22:05:27,2025-03-03 22:05:27,
1348,953,987,66,1,990000,1980000,50,2025-03-03 22:05:27,2025-03-03 22:05:27,
1349,954,987,17,1,890000,1780000,50,2025-03-03 22:06:34,2025-03-03 22:06:34,
1350,954,987,66,1,990000,1980000,50,2025-03-03 22:06:34,2025-03-03 22:06:34,
1351,955,15,221,1,1880000,1880000,0,2025-03-03 22:15:55,2025-03-03 22:15:55,
1352,956,846,201,1,3980000,3980000,0,2025-03-05 00:36:11,2025-03-05 00:36:11,
1353,957,846,201,1,3980000,3980000,0,2025-03-05 00:38:38,2025-03-05 00:38:38,
1354,958,846,201,1,3980000,3980000,0,2025-03-05 00:38:51,2025-03-05 00:38:51,
1355,959,707,62,1,590000,1180000,50,2025-03-05 19:53:59,2025-03-05 19:53:59,
1356,960,295,225,1,1480000,1480000,0,2025-03-06 03:21:41,2025-03-06 03:21:41,
1357,961,295,225,1,1480000,1480000,0,2025-03-06 03:24:47,2025-03-06 03:24:47,
1358,962,295,225,1,1480000,1480000,0,2025-03-06 03:31:31,2025-03-06 03:31:31,
1359,963,707,62,1,590000,1180000,50,2025-03-06 06:33:38,2025-03-06 06:33:38,
1360,964,707,62,1,590000,1180000,50,2025-03-06 06:36:30,2025-03-06 06:36:30,
1361,965,707,62,1,590000,1180000,50,2025-03-06 13:33:32,2025-03-06 13:33:32,
1362,966,987,8,1,1000,1000,0,2025-03-06 16:28:44,2025-03-06 16:28:44,
1363,967,987,8,1,1000,1000,0,2025-03-06 16:29:28,2025-03-06 16:29:28,
1364,968,987,8,1,1000,1000,0,2025-03-06 16:31:28,2025-03-06 16:31:28,
1365,969,987,8,1,1000,1000,0,2025-03-06 16:48:02,2025-03-06 16:48:02,
1366,970,987,8,1,1000,1000,0,2025-03-06 16:50:21,2025-03-06 16:50:21,
1367,971,987,8,1,1000,1000,0,2025-03-06 16:53:22,2025-03-06 16:53:22,
1368,972,987,8,1,1000,1000,0,2025-03-06 16:55:06,2025-03-06 16:55:06,
1369,973,987,8,1,1000,1000,0,2025-03-06 16:59:33,2025-03-06 16:59:33,
1370,974,987,8,1,1000,1000,0,2025-03-06 17:01:25,2025-03-06 17:01:25,
1371,975,987,8,1,1000,1000,0,2025-03-06 17:07:48,2025-03-06 17:07:48,
1372,976,987,8,1,1000,1000,0,2025-03-06 17:13:15,2025-03-06 17:13:15,
1373,977,987,8,1,1000,1000,0,2025-03-06 17:18:16,2025-03-06 17:18:16,
1374,978,987,8,1,1000,1000,0,2025-03-06 17:22:34,2025-03-06 17:22:34,
1375,979,987,8,1,1000,1000,0,2025-03-06 17:36:23,2025-03-06 17:36:23,
1376,980,987,8,1,1000,1000,0,2025-03-06 17:39:38,2025-03-06 17:39:38,
1377,981,987,8,1,1000,1000,0,2025-03-06 17:43:08,2025-03-06 17:43:08,
1378,982,1049,77,1,990000,1980000,50,2025-03-07 15:02:37,2025-03-07 15:02:37,
1379,983,295,30,1,790000,1580000,50,2025-03-07 16:20:45,2025-03-07 16:20:45,
1380,983,295,225,1,1480000,1480000,0,2025-03-07 16:20:45,2025-03-07 16:20:45,
1381,984,295,30,1,790000,1580000,50,2025-03-07 16:24:48,2025-03-07 16:24:48,
1382,984,295,225,1,1480000,1480000,0,2025-03-07 16:24:48,2025-03-07 16:24:48,
1383,985,715,220,1,1780000,1780000,0,2025-03-07 19:57:14,2025-03-07 19:57:14,
1384,986,1006,46,1,1980000,1980000,0,2025-03-08 16:59:12,2025-03-08 16:59:12,
1385,987,444,47,1,1980000,1980000,0,2025-03-08 21:24:28,2025-03-08 21:24:28,
1386,987,444,22,1,790000,1580000,50,2025-03-08 21:24:28,2025-03-08 21:24:28,
1387,988,444,47,1,1980000,1980000,0,2025-03-08 21:24:43,2025-03-08 21:24:43,
1388,988,444,22,1,790000,1580000,50,2025-03-08 21:24:43,2025-03-08 21:24:43,
1389,989,15,221,1,1880000,1880000,0,2025-03-09 18:05:42,2025-03-09 18:05:42,
1390,990,1056,65,1,890000,1780000,50,2025-03-10 14:16:03,2025-03-10 14:16:03,
1391,991,1056,65,1,890000,1780000,50,2025-03-10 14:16:24,2025-03-10 14:16:24,
1392,992,1055,100,1,890000,1780000,50,2025-03-10 19:43:54,2025-03-10 19:43:54,
1393,993,1055,100,1,890000,1780000,50,2025-03-10 19:45:58,2025-03-10 19:45:58,
1394,994,1055,100,1,890000,1780000,50,2025-03-10 19:48:30,2025-03-10 19:48:30,
1395,995,1055,100,1,890000,1780000,50,2025-03-10 19:48:47,2025-03-10 19:48:47,
1396,996,707,62,1,590000,1180000,50,2025-03-10 20:12:23,2025-03-10 20:12:23,
1397,997,707,62,1,590000,1180000,50,2025-03-10 20:12:58,2025-03-10 20:12:58,
1398,998,707,62,1,590000,1180000,50,2025-03-10 20:13:23,2025-03-10 20:13:23,
1399,999,15,221,1,1880000,1880000,0,2025-03-10 20:14:08,2025-03-10 20:14:08,
1400,1000,15,221,1,1880000,1880000,0,2025-03-10 20:14:29,2025-03-10 20:14:29,
1401,1001,15,221,1,1880000,1880000,0,2025-03-10 20:14:37,2025-03-10 20:14:37,
1402,1002,707,62,1,590000,1180000,50,2025-03-10 20:43:24,2025-03-10 20:43:24,
1403,1003,707,62,1,590000,1180000,50,2025-03-11 00:17:04,2025-03-11 00:17:04,
1404,1004,707,62,1,590000,1180000,50,2025-03-11 02:26:43,2025-03-11 02:26:43,
1405,1005,15,221,1,1880000,1880000,0,2025-03-11 10:43:08,2025-03-11 10:43:08,
1406,1006,707,62,1,590000,1180000,50,2025-03-11 16:36:37,2025-03-11 16:36:37,
1407,1007,1057,188,1,990000,1980000,50,2025-03-12 01:39:40,2025-03-12 01:39:40,
1408,1008,15,221,1,1880000,1880000,0,2025-03-12 17:34:46,2025-03-12 17:34:46,
1409,1009,1047,66,1,990000,1980000,50,2025-03-13 12:18:58,2025-03-13 12:18:58,
1410,1010,1047,66,1,990000,1980000,50,2025-03-13 15:18:53,2025-03-13 15:18:53,
1411,1011,715,30,1,790000,1580000,50,2025-03-13 15:38:16,2025-03-13 15:38:16,
1412,1011,715,220,1,1780000,1780000,0,2025-03-13 15:38:16,2025-03-13 15:38:16,
1413,1011,715,229,1,1480000,1480000,0,2025-03-13 15:38:16,2025-03-13 15:38:16,
1414,1012,748,9,1,3680000,3680000,0,2025-03-13 17:06:53,2025-03-13 17:06:53,
1415,1012,748,240,1,3980000,3980000,0,2025-03-13 17:06:53,2025-03-13 17:06:53,
1416,1012,748,14,1,2280000,2280000,0,2025-03-13 17:06:53,2025-03-13 17:06:53,
1417,1013,1047,66,1,990000,1980000,50,2025-03-13 17:15:21,2025-03-13 17:15:21,
1418,1014,728,69,1,990000,1980000,50,2025-03-13 21:30:21,2025-03-13 21:30:21,
1419,1015,1064,92,1,790000,1580000,50,2025-03-14 03:22:53,2025-03-14 03:22:53,
1420,1015,1064,95,1,890000,1780000,50,2025-03-14 03:22:53,2025-03-14 03:22:53,
1421,1016,1064,92,1,790000,1580000,50,2025-03-14 03:29:59,2025-03-14 03:29:59,
1422,1016,1064,95,1,890000,1780000,50,2025-03-14 03:29:59,2025-03-14 03:29:59,
1423,1017,1066,165,1,1680000,1680000,0,2025-03-14 16:09:38,2025-03-14 16:09:38,
1424,1018,1068,19,1,1980000,1980000,0,2025-03-15 20:32:28,2025-03-15 20:32:28,
1425,1019,1068,19,1,1980000,1980000,0,2025-03-15 20:34:01,2025-03-15 20:34:01,
1426,1020,1068,19,1,1980000,1980000,0,2025-03-15 20:36:33,2025-03-15 20:36:33,
1427,1021,841,68,1,990000,1980000,50,2025-03-15 23:20:38,2025-03-15 23:20:38,
1428,1022,841,68,1,990000,1980000,50,2025-03-15 23:25:08,2025-03-15 23:25:08,
1429,1023,1071,50,1,1480000,1480000,0,2025-03-16 10:27:47,2025-03-16 10:27:47,
1430,1023,1071,45,1,1980000,1980000,0,2025-03-16 10:27:47,2025-03-16 10:27:47,
1431,1023,1071,101,1,890000,1780000,50,2025-03-16 10:27:47,2025-03-16 10:27:47,
1432,1024,1074,63,1,590000,1180000,50,2025-03-16 15:04:14,2025-03-16 15:04:14,
1433,1025,1047,66,1,990000,1980000,50,2025-03-16 23:55:10,2025-03-16 23:55:10,
1434,1026,377,37,1,1580000,1580000,0,2025-03-17 13:58:51,2025-03-17 13:58:51,
1435,1027,536,221,1,1880000,1880000,0,2025-03-17 19:12:38,2025-03-17 19:12:38,
1436,1028,1079,137,1,1680000,1680000,0,2025-03-18 23:41:12,2025-03-18 23:41:12,
1437,1028,1079,237,1,1680000,1680000,0,2025-03-18 23:41:12,2025-03-18 23:41:12,
1438,1029,87,19,1,1980000,1980000,0,2025-03-20 06:01:39,2025-03-20 06:01:39,
1439,1030,87,19,1,1980000,1980000,0,2025-03-20 06:02:58,2025-03-20 06:02:58,
1440,1031,87,19,1,1980000,1980000,0,2025-03-20 17:21:09,2025-03-20 17:21:09,
1441,1032,1078,50,1,1480000,1480000,0,2025-03-21 02:04:56,2025-03-21 02:04:56,
1442,1032,1078,96,1,890000,1780000,50,2025-03-21 02:04:56,2025-03-21 02:04:56,
1443,1033,808,214,1,2980000,2980000,0,2025-03-23 16:13:18,2025-03-23 16:13:18,
1444,1034,1084,28,1,790000,1580000,50,2025-03-23 17:04:04,2025-03-23 17:04:04,
1445,1034,1084,31,1,790000,1580000,50,2025-03-23 17:04:04,2025-03-23 17:04:04,
1446,1034,1084,89,1,1980000,1980000,0,2025-03-23 17:04:04,2025-03-23 17:04:04,
1447,1034,1084,66,1,990000,1980000,50,2025-03-23 17:04:04,2025-03-23 17:04:04,
1448,1035,1088,174,1,890000,1780000,50,2025-03-28 06:49:34,2025-03-28 06:49:34,
1449,1035,1088,63,1,590000,1180000,50,2025-03-28 06:49:34,2025-03-28 06:49:34,
1450,1036,1088,174,1,890000,1780000,50,2025-03-28 06:51:01,2025-03-28 06:51:01,
1451,1036,1088,63,1,590000,1180000,50,2025-03-28 06:51:01,2025-03-28 06:51:01,
1452,1037,1088,174,1,890000,1780000,50,2025-03-28 06:57:09,2025-03-28 06:57:09,
1453,1037,1088,63,1,590000,1180000,50,2025-03-28 06:57:09,2025-03-28 06:57:09,
1454,1038,903,68,1,990000,1980000,50,2025-03-31 01:09:12,2025-03-31 01:09:12,
1455,1039,1093,37,1,1580000,1580000,0,2025-03-31 08:53:53,2025-03-31 08:53:53,
1456,1040,1095,69,1,990000,1980000,50,2025-03-31 13:41:26,2025-03-31 13:41:26,
1457,1041,810,215,1,2980000,2980000,0,2025-03-31 19:15:52,2025-03-31 19:15:52,
1458,1042,1098,94,1,890000,1780000,50,2025-03-31 20:02:22,2025-03-31 20:02:22,
1459,1043,1101,37,1,1580000,1580000,0,2025-03-31 23:05:50,2025-03-31 23:05:50,
1460,1043,1101,33,1,890000,1780000,50,2025-03-31 23:05:50,2025-03-31 23:05:50,
1461,1044,838,75,1,740000,1480000,50,2025-04-01 21:03:25,2025-04-01 21:03:25,
1462,1044,838,21,1,790000,1580000,50,2025-04-01 21:03:25,2025-04-01 21:03:25,
1463,1045,1108,99,1,890000,1780000,50,2025-04-01 22:24:06,2025-04-01 22:24:06,
1464,1045,1108,178,1,590000,1180000,50,2025-04-01 22:24:06,2025-04-01 22:24:06,
1465,1046,1027,98,1,890000,1780000,50,2025-04-02 18:00:34,2025-04-02 18:00:34,
1466,1046,1027,96,1,890000,1780000,50,2025-04-02 18:00:34,2025-04-02 18:00:34,
1467,1047,1110,62,1,590000,1180000,50,2025-04-02 20:21:58,2025-04-02 20:21:58,
1468,1048,1027,98,1,890000,1780000,50,2025-04-02 21:23:38,2025-04-02 21:23:38,
1469,1048,1027,96,1,890000,1780000,50,2025-04-02 21:23:38,2025-04-02 21:23:38,
1470,1049,1113,182,1,790000,1580000,50,2025-04-05 02:47:54,2025-04-05 02:47:54,
1471,1050,1103,47,1,1980000,1980000,0,2025-04-06 12:35:52,2025-04-06 12:35:52,
1472,1050,1103,182,1,790000,1580000,50,2025-04-06 12:35:52,2025-04-06 12:35:52,
1473,1051,1117,76,1,740000,1480000,50,2025-04-07 15:14:59,2025-04-07 15:14:59,
1474,1051,1117,22,1,790000,1580000,50,2025-04-07 15:14:59,2025-04-07 15:14:59,
1475,1052,1119,75,1,740000,1480000,50,2025-04-09 03:44:17,2025-04-09 03:44:17,
1476,1052,1119,21,1,790000,1580000,50,2025-04-09 03:44:17,2025-04-09 03:44:17,
1477,1053,1121,138,1,840000,1680000,50,2025-04-11 19:36:04,2025-04-11 19:36:04,
1478,1053,1121,19,1,1980000,1980000,0,2025-04-11 19:36:04,2025-04-11 19:36:04,
1479,1053,1121,182,1,790000,1580000,50,2025-04-11 19:36:04,2025-04-11 19:36:04,
1480,1053,1121,181,1,890000,1780000,50,2025-04-11 19:36:04,2025-04-11 19:36:04,
1481,1053,1121,152,1,325000,650000,50,2025-04-11 19:36:04,2025-04-11 19:36:04,
1482,1053,1121,104,1,990000,1980000,50,2025-04-11 19:36:04,2025-04-11 19:36:04,
1483,1054,1060,142,1,1490000,2980000,50,2025-04-13 17:41:53,2025-04-13 17:41:53,
1484,1055,1123,142,1,1490000,2980000,50,2025-04-13 17:45:47,2025-04-13 17:45:47,
1485,1056,1061,49,1,1240000,2480000,50,2025-04-13 19:11:56,2025-04-13 19:11:56,
1486,1057,1061,49,1,1240000,2480000,50,2025-04-13 19:13:15,2025-04-13 19:13:15,
1487,1058,1106,141,1,1490000,2980000,50,2025-04-14 18:05:47,2025-04-14 18:05:47,
1488,1059,1106,141,1,1490000,2980000,50,2025-04-14 19:21:28,2025-04-14 19:21:28,
1489,1060,1106,141,1,1490000,2980000,50,2025-04-14 20:42:54,2025-04-14 20:42:54,
1490,1061,1127,66,1,1980000,1980000,0,2025-04-14 20:50:57,2025-04-14 20:50:57,
1491,1062,490,105,1,1190000,2380000,50,2025-04-15 03:59:16,2025-04-15 03:59:16,
1492,1063,490,105,1,1190000,2380000,50,2025-04-15 04:01:35,2025-04-15 04:01:35,
1493,1064,1106,141,1,1490000,2980000,50,2025-04-15 04:19:41,2025-04-15 04:19:41,
1494,1065,1130,141,1,1490000,2980000,50,2025-04-15 04:30:45,2025-04-15 04:30:45,
1495,1066,1106,141,1,1490000,2980000,50,2025-04-15 05:00:50,2025-04-15 05:00:50,
1496,1067,731,237,1,1680000,1680000,0,2025-04-15 08:35:42,2025-04-15 08:35:42,
1497,1068,731,237,1,1680000,1680000,0,2025-04-15 08:36:54,2025-04-15 08:36:54,
1498,1069,731,205,1,1890000,3780000,50,2025-04-15 17:09:03,2025-04-15 17:09:03,
1499,1070,1133,204,1,1890000,3780000,50,2025-04-15 17:22:03,2025-04-15 17:22:03,
1500,1071,1065,149,1,1340000,2680000,50,2025-04-15 20:44:54,2025-04-15 20:44:54,
1501,1072,1134,141,1,1490000,2980000,50,2025-04-17 04:38:20,2025-04-17 04:38:20,
1502,1073,1080,207,1,1890000,3780000,50,2025-04-18 08:26:19,2025-04-18 08:26:19,
1503,1074,1142,206,1,1890000,3780000,50,2025-04-18 23:09:30,2025-04-18 23:09:30,
1504,1075,1142,206,1,1890000,3780000,50,2025-04-18 23:11:38,2025-04-18 23:11:38,
1505,1076,1142,206,1,1890000,3780000,50,2025-04-18 23:17:38,2025-04-18 23:17:38,
1506,1077,1142,206,1,1890000,3780000,50,2025-04-18 23:18:57,2025-04-18 23:18:57,
1507,1078,727,206,1,1890000,3780000,50,2025-04-19 02:24:52,2025-04-19 02:24:52,
1510,1080,,107,1,1390000,2780000,50,2025-04-19 02:24:52,2025-04-19 02:24:52,
1511,1081,1146,135,1,1190000,2380000,50,2025-04-23 01:11:22,2025-04-23 01:11:22,
1512,1082,953,182,1,490000,980000,50,2025-04-24 23:58:24,2025-04-24 23:58:24,
1513,1083,953,182,1,490000,980000,50,2025-04-24 23:59:12,2025-04-24 23:59:12,
1514,1084,953,182,1,490000,980000,50,2025-04-25 00:00:10,2025-04-25 00:00:10,
1515,1085,953,182,1,490000,980000,50,2025-04-25 00:01:29,2025-04-25 00:01:29,
1516,1086,953,182,1,490000,980000,50,2025-04-25 00:01:50,2025-04-25 00:01:50,
1517,1087,1139,142,1,1490000,2980000,50,2025-04-25 16:38:14,2025-04-25 16:38:14,
1518,1088,1139,142,1,1490000,2980000,50,2025-04-25 16:39:03,2025-04-25 16:39:03,
1519,1089,1139,142,1,1490000,2980000,50,2025-04-25 16:39:33,2025-04-25 16:39:33,
1520,1090,1139,142,1,1490000,2980000,50,2025-04-25 16:41:14,2025-04-25 16:41:14,
1521,1091,1139,142,1,1490000,2980000,50,2025-04-25 16:42:27,2025-04-25 16:42:27,
1522,1092,1139,142,1,1490000,2980000,50,2025-04-25 16:43:16,2025-04-25 16:43:16,
1523,1093,1139,142,1,1490000,2980000,50,2025-04-25 16:48:36,2025-04-25 16:48:36,
1524,1094,714,166,1,590000,1180000,50,2025-04-26 22:08:31,2025-04-26 22:08:31,
1525,1095,714,166,1,590000,1180000,50,2025-04-26 22:10:11,2025-04-26 22:10:11,
1526,1096,1149,149,1,1340000,2680000,50,2025-04-27 11:46:27,2025-04-27 11:46:27,
1527,1097,1149,149,1,1340000,2680000,50,2025-04-27 11:47:12,2025-04-27 11:47:12,
1528,1098,1149,149,1,1340000,2680000,50,2025-04-27 11:47:29,2025-04-27 11:47:29,
1529,1099,1138,110,1,1190000,2380000,50,2025-04-27 18:36:36,2025-04-27 18:36:36,
1530,1100,1138,110,1,1190000,2380000,50,2025-04-27 18:36:49,2025-04-27 18:36:49,
1531,1101,714,166,1,590000,1180000,50,2025-04-28 07:46:48,2025-04-28 07:46:48,
1532,1102,1144,181,1,590000,1180000,50,2025-04-29 04:41:23,2025-04-29 04:41:23,
1533,1103,1144,181,1,590000,1180000,50,2025-04-29 04:43:03,2025-04-29 04:43:03,
1534,1104,1144,181,1,590000,1180000,50,2025-04-29 04:43:46,2025-04-29 04:43:46,
1535,1105,1144,181,1,590000,1180000,50,2025-04-29 04:44:46,2025-04-29 04:44:46,
1536,1106,1144,181,1,590000,1180000,50,2025-04-29 05:05:55,2025-04-29 05:05:55,
1537,1107,1144,181,1,590000,1180000,50,2025-04-29 05:07:58,2025-04-29 05:07:58,
1538,1108,1144,181,1,590000,1180000,50,2025-04-29 05:09:50,2025-04-29 05:09:50,
1539,1109,1144,181,1,590000,1180000,50,2025-04-29 05:16:14,2025-04-29 05:16:14,
1540,1110,1144,180,1,590000,1180000,50,2025-04-29 05:18:13,2025-04-29 05:18:13,
1541,1111,1144,87,1,980000,980000,0,2025-04-29 05:19:06,2025-04-29 05:19:06,
1542,1112,1144,181,1,590000,1180000,50,2025-04-29 05:22:23,2025-04-29 05:22:23,
1543,1113,1144,181,1,590000,1180000,50,2025-04-29 05:22:38,2025-04-29 05:22:38,
1544,1114,1144,181,1,590000,1180000,50,2025-04-29 05:25:18,2025-04-29 05:25:18,
1545,1115,1144,181,1,590000,1180000,50,2025-04-29 05:35:35,2025-04-29 05:35:35,
1546,1116,1144,181,1,590000,1180000,50,2025-04-29 06:23:03,2025-04-29 06:23:03,
1547,1117,1144,181,1,590000,1180000,50,2025-04-29 09:34:40,2025-04-29 09:34:40,
1548,1118,1144,181,1,590000,1180000,50,2025-04-29 10:22:22,2025-04-29 10:22:22,
1549,1119,1047,66,1,1980000,1980000,0,2025-04-29 10:33:01,2025-04-29 10:33:01,
1550,1120,1144,181,1,590000,1180000,50,2025-04-29 10:33:18,2025-04-29 10:33:18,
1551,1121,1047,66,1,1980000,1980000,0,2025-04-29 10:33:49,2025-04-29 10:33:49,
1552,1122,1144,181,1,590000,1180000,50,2025-04-29 10:36:38,2025-04-29 10:36:38,
1553,1123,1047,66,1,1980000,1980000,0,2025-04-29 10:54:38,2025-04-29 10:54:38,
1554,1124,1047,66,1,1980000,1980000,0,2025-04-29 10:56:22,2025-04-29 10:56:22,
1555,1125,1047,66,1,1980000,1980000,0,2025-04-29 10:59:03,2025-04-29 10:59:03,
1556,1126,1144,181,1,590000,1180000,50,2025-04-29 11:03:11,2025-04-29 11:03:11,
1557,1127,15,221,1,1880000,1880000,0,2025-04-29 11:03:22,2025-04-29 11:03:22,
1558,1128,523,221,1,1880000,1880000,0,2025-04-29 17:40:07,2025-04-29 17:40:07,
1559,1129,1155,32,1,1180000,1180000,0,2025-04-29 22:05:34,2025-04-29 22:05:34,
1560,1130,1155,32,1,1180000,1180000,0,2025-04-29 22:08:50,2025-04-29 22:08:50,
1561,1131,1155,32,1,1180000,1180000,0,2025-04-29 22:10:54,2025-04-29 22:10:54,
1562,1132,1155,32,1,1180000,1180000,0,2025-04-29 22:25:18,2025-04-29 22:25:18,
1563,1133,1155,32,1,1180000,1180000,0,2025-04-30 01:49:17,2025-04-30 01:49:17,
1564,1134,1155,32,1,1180000,1180000,0,2025-04-30 01:52:03,2025-04-30 01:52:03,
1565,1135,1155,32,1,1180000,1180000,0,2025-04-30 12:59:02,2025-04-30 12:59:02,
1566,1136,1155,214,1,2980000,2980000,0,2025-05-02 01:43:51,2025-05-02 01:43:51,
1567,1137,1111,77,1,1980000,1980000,0,2025-05-02 14:17:41,2025-05-02 14:17:41,
1568,1138,1111,77,1,1980000,1980000,0,2025-05-02 14:19:27,2025-05-02 14:19:27,
1569,1139,1111,77,1,1980000,1980000,0,2025-05-02 18:59:13,2025-05-02 18:59:13,
1570,1140,1111,66,1,1980000,1980000,0,2025-05-02 19:03:45,2025-05-02 19:03:45,
1571,1141,1160,87,1,980000,980000,0,2025-05-04 14:38:05,2025-05-04 14:38:05,
1572,1142,1161,55,1,990000,1980000,50,2025-05-04 14:44:20,2025-05-04 14:44:20,
1573,1143,1160,87,1,980000,980000,0,2025-05-04 14:45:24,2025-05-04 14:45:24,
1574,1144,1161,55,1,990000,1980000,50,2025-05-04 15:12:21,2025-05-04 15:12:21,
1575,1144,1161,228,1,1480000,1480000,0,2025-05-04 15:12:21,2025-05-04 15:12:21,
1576,1145,1163,224,1,1480000,1480000,0,2025-05-04 18:39:01,2025-05-04 18:39:01,
1577,1146,1163,224,1,1480000,1480000,0,2025-05-04 18:39:25,2025-05-04 18:39:25,
1578,1147,1164,238,1,1560000,1560000,0,2025-05-06 12:48:27,2025-05-06 12:48:27,
1579,1148,1139,206,1,1890000,3780000,50,2025-05-06 14:13:01,2025-05-06 14:13:01,
1580,1149,1151,103,1,1190000,2380000,50,2025-05-06 14:14:59,2025-05-06 14:14:59,
1581,1149,1151,224,1,1480000,1480000,0,2025-05-06 14:14:59,2025-05-06 14:14:59,
1582,1150,1151,103,1,1190000,2380000,50,2025-05-06 14:17:06,2025-05-06 14:17:06,
1583,1150,1151,224,1,1480000,1480000,0,2025-05-06 14:17:06,2025-05-06 14:17:06,
1584,1151,1151,103,1,1190000,2380000,50,2025-05-06 14:19:36,2025-05-06 14:19:36,
1585,1151,1151,224,1,1480000,1480000,0,2025-05-06 14:19:36,2025-05-06 14:19:36,
1586,1152,714,166,1,590000,1180000,50,2025-05-06 15:12:57,2025-05-06 15:12:57,
1587,1152,714,182,1,490000,980000,50,2025-05-06 15:12:57,2025-05-06 15:12:57,
1588,1153,1168,107,1,1390000,2780000,50,2025-05-06 16:28:52,2025-05-06 16:28:52,
1589,1154,600,221,1,1880000,1880000,0,2025-05-08 18:15:32,2025-05-08 18:15:32,
1590,1155,600,221,1,1880000,1880000,0,2025-05-08 18:17:16,2025-05-08 18:17:16,
1591,1156,919,21,1,1180000,1180000,0,2025-05-10 14:48:08,2025-05-10 14:48:08,
1592,1157,877,226,1,1480000,1480000,0,2025-05-10 23:54:59,2025-05-10 23:54:59,
1593,1158,1171,32,1,1180000,1180000,0,2025-05-13 11:37:14,2025-05-13 11:37:14,
1594,1159,919,21,1,1180000,1180000,0,2025-05-15 15:27:58,2025-05-15 15:27:58,
1595,1159,919,93,1,1180000,1180000,0,2025-05-15 15:27:58,2025-05-15 15:27:58,
1596,1160,919,21,1,1180000,1180000,0,2025-05-15 15:34:13,2025-05-15 15:34:13,
1597,1161,919,32,1,1180000,1180000,0,2025-05-16 17:04:05,2025-05-16 17:04:05,
1598,1162,919,32,1,1180000,1180000,0,2025-05-16 19:48:11,2025-05-16 19:48:11,
1599,1163,919,32,1,1180000,1180000,0,2025-05-17 13:28:41,2025-05-17 13:28:41,
1600,1164,919,32,1,1180000,1180000,0,2025-05-17 13:29:45,2025-05-17 13:29:45,
1601,1165,919,32,1,1180000,1180000,0,2025-05-17 13:36:44,2025-05-17 13:36:44,
1602,1166,919,32,1,1180000,1180000,0,2025-05-17 13:37:10,2025-05-17 13:37:10,
1603,1167,919,32,1,1180000,1180000,0,2025-05-17 13:38:59,2025-05-17 13:38:59,
1604,1168,919,32,1,1180000,1180000,0,2025-05-17 13:40:03,2025-05-17 13:40:03,
1605,1169,919,32,1,1180000,1180000,0,2025-05-17 14:10:11,2025-05-17 14:10:11,
1606,1170,1173,44,1,1980000,1980000,0,2025-05-17 14:17:48,2025-05-17 14:17:48,
1607,1171,1174,238,1,1560000,1560000,0,2025-05-17 22:20:01,2025-05-17 22:20:01,
1608,1172,1173,227,1,1480000,1480000,0,2025-05-18 10:45:57,2025-05-18 10:45:57,
1609,1173,1173,227,1,1480000,1480000,0,2025-05-19 13:23:54,2025-05-19 13:23:54,
1610,1174,1173,227,1,1480000,1480000,0,2025-05-21 16:54:17,2025-05-21 16:54:17,
1611,1175,1176,13,1,2280000,2280000,0,2025-05-23 18:00:21,2025-05-23 18:00:21,
1612,1176,1173,227,1,1480000,1480000,0,2025-05-24 15:55:09,2025-05-24 15:55:09,
1613,1177,837,228,1,1480000,1480000,0,2025-05-26 10:36:59,2025-05-26 10:36:59,
1614,1177,837,229,1,1480000,1480000,0,2025-05-26 10:36:59,2025-05-26 10:36:59,
1615,1177,837,227,1,1480000,1480000,0,2025-05-26 10:36:59,2025-05-26 10:36:59,
1616,1178,1132,229,1,1480000,1480000,0,2025-05-26 19:06:50,2025-05-26 19:06:50,
1617,1179,1132,229,1,1480000,1480000,0,2025-05-26 20:01:04,2025-05-26 20:01:04,
1618,1180,1132,229,1,1480000,1480000,0,2025-05-26 20:02:37,2025-05-26 20:02:37,
1619,1181,1132,229,1,1480000,1480000,0,2025-05-26 20:02:58,2025-05-26 20:02:58,
1620,1182,1077,225,1,1480000,1480000,0,2025-05-27 11:00:45,2025-05-27 11:00:45,
1621,1182,1077,224,1,1480000,1480000,0,2025-05-27 11:00:45,2025-05-27 11:00:45,
1622,1183,1183,64,1,1380000,1380000,0,2025-05-28 23:31:57,2025-05-28 23:31:57,
1623,1184,1185,182,1,490000,980000,50,2025-05-30 14:14:50,2025-05-30 14:14:50,
1624,1185,1185,182,1,490000,980000,50,2025-05-30 14:49:19,2025-05-30 14:49:19,
1625,1186,1190,228,1,1480000,1480000,0,2025-06-01 12:14:43,2025-06-01 12:14:43,
1626,1187,1193,220,1,1780000,1780000,0,2025-06-02 12:20:55,2025-06-02 12:20:55,
1627,1188,1195,239,1,2280000,2280000,0,2025-06-02 12:37:18,2025-06-02 12:37:18,
1628,1189,1195,239,1,2280000,2280000,0,2025-06-02 12:43:12,2025-06-02 12:43:12,
1629,1190,1200,239,1,2280000,2280000,0,2025-06-04 08:54:22,2025-06-04 08:54:22,
1630,1191,1047,66,1,1980000,1980000,0,2025-06-10 12:12:06,2025-06-10 12:12:06,
1631,1192,1047,66,1,1980000,1980000,0,2025-06-10 12:20:10,2025-06-10 12:20:10,
1632,1193,1203,221,1,1316000,1880000,30,2025-06-10 12:52:25,2025-06-10 12:52:25,
1633,1194,1203,221,1,1316000,1880000,30,2025-06-10 12:53:37,2025-06-10 12:53:37,
1634,1195,1205,238,1,1092000,1560000,30,2025-06-11 17:17:38,2025-06-11 17:17:38,
1635,1196,1059,36,1,1780000,1780000,0,2025-06-11 20:03:15,2025-06-11 20:03:15,
1636,1197,1207,221,1,1316000,1880000,30,2025-06-11 20:20:40,2025-06-11 20:20:40,
1637,1198,483,63,1,1180000,1180000,0,2025-06-26 09:52:46,2025-06-26 09:52:46,
1638,1199,995,245,1,1280000,1280000,0,2025-06-27 17:46:53,2025-06-27 17:46:53,
1639,1200,14,33,1,1180000,1180000,0,2025-06-27 20:34:57,2025-06-27 20:34:57,
1640,1200,14,87,1,980000,980000,0,2025-06-27 20:34:57,2025-06-27 20:34:57,
1641,1201,1083,259,1,1580000,1580000,0,2025-06-27 21:47:53,2025-06-27 21:47:53,
1642,1202,995,245,1,1280000,1280000,0,2025-06-27 22:14:43,2025-06-27 22:14:43,
1643,1203,995,245,1,1280000,1280000,0,2025-06-27 22:15:27,2025-06-27 22:15:27,
1644,1204,1039,266,1,1280000,1280000,0,2025-06-28 01:14:05,2025-06-28 01:14:05,
1645,1205,1083,259,1,1580000,1580000,0,2025-06-28 08:56:56,2025-06-28 08:56:56,
1646,1206,1092,254,1,1280000,1280000,0,2025-06-28 14:07:52,2025-06-28 14:07:52,
1647,1207,1216,230,1,1386000,1980000,30,2025-06-28 14:36:25,2025-06-28 14:36:25,
1648,1208,1221,267,1,1280000,1280000,0,2025-07-01 01:23:38,2025-07-01 01:23:38,
1649,1209,1154,265,1,1180000,1180000,0,2025-07-01 02:49:35,2025-07-01 02:49:35,
1650,1210,1154,265,1,1180000,1180000,0,2025-07-01 02:50:12,2025-07-01 02:50:12,
1651,1211,795,259,1,1580000,1580000,0,2025-07-01 11:14:23,2025-07-01 11:14:23,
1652,1211,795,279,1,1980000,1980000,0,2025-07-01 11:14:23,2025-07-01 11:14:23,
1653,1212,795,259,1,1580000,1580000,0,2025-07-01 11:15:25,2025-07-01 11:15:25,
1654,1212,795,279,1,1980000,1980000,0,2025-07-01 11:15:25,2025-07-01 11:15:25,
1655,1213,795,259,1,1580000,1580000,0,2025-07-01 11:24:30,2025-07-01 11:24:30,
1656,1213,795,279,1,1980000,1980000,0,2025-07-01 11:24:30,2025-07-01 11:24:30,
1657,1214,1214,257,1,1580000,1580000,0,2025-07-01 12:50:45,2025-07-01 12:50:45,
1658,1215,508,262,1,1580000,1580000,0,2025-07-01 18:01:12,2025-07-01 18:01:12,
1659,1215,508,258,1,1580000,1580000,0,2025-07-01 18:01:12,2025-07-01 18:01:12,
1660,1216,508,262,1,1580000,1580000,0,2025-07-01 18:04:48,2025-07-01 18:04:48,
1661,1216,508,258,1,1580000,1580000,0,2025-07-01 18:04:48,2025-07-01 18:04:48,
1662,1217,706,259,1,1580000,1580000,0,2025-07-03 13:08:03,2025-07-03 13:08:03,
1663,1218,1227,241,1,1280000,1280000,0,2025-07-03 16:04:50,2025-07-03 16:04:50,
1664,1219,1231,221,1,1316000,1880000,30,2025-07-03 20:23:00,2025-07-03 20:23:00,
1665,1220,1231,221,1,1316000,1880000,30,2025-07-03 20:24:26,2025-07-03 20:24:26,
1666,1221,795,279,1,1980000,1980000,0,2025-07-04 14:59:37,2025-07-04 14:59:37,
1667,1221,795,255,1,1580000,1580000,0,2025-07-04 14:59:37,2025-07-04 14:59:37,
1668,1222,795,255,1,1580000,1580000,0,2025-07-04 15:02:09,2025-07-04 15:02:09,
1669,1222,795,288,1,850000,850000,0,2025-07-04 15:02:09,2025-07-04 15:02:09,
1670,1223,1233,279,1,1980000,1980000,0,2025-07-04 16:58:04,2025-07-04 16:58:04,
1671,1223,1233,259,1,1580000,1580000,0,2025-07-04 16:58:04,2025-07-04 16:58:04,
1672,1224,1220,241,1,1280000,1280000,0,2025-07-05 10:21:02,2025-07-05 10:21:02,
1673,1224,1220,44,1,1386000,1980000,30,2025-07-05 10:21:02,2025-07-05 10:21:02,
1674,1225,612,249,1,1280000,1280000,0,2025-07-05 23:06:26,2025-07-05 23:06:26,
1675,1226,612,249,1,1280000,1280000,0,2025-07-05 23:06:45,2025-07-05 23:06:45,
1676,1227,1238,257,1,1580000,1580000,0,2025-07-06 21:52:54,2025-07-06 21:52:54,
1677,1228,706,259,1,1580000,1580000,0,2025-07-07 13:55:57,2025-07-07 13:55:57,
1678,1229,1240,259,1,1580000,1580000,0,2025-07-07 13:58:26,2025-07-07 13:58:26,
1679,1229,1240,45,1,1386000,1980000,30,2025-07-07 13:58:26,2025-07-07 13:58:26,
1680,1230,1240,259,1,1580000,1580000,0,2025-07-07 14:01:23,2025-07-07 14:01:23,
1681,1230,1240,45,1,1386000,1980000,30,2025-07-07 14:01:23,2025-07-07 14:01:23,
1682,1231,738,263,1,1180000,1180000,0,2025-07-07 14:33:00,2025-07-07 14:33:00,
1683,1231,738,262,1,1580000,1580000,0,2025-07-07 14:33:00,2025-07-07 14:33:00,
1684,1231,738,279,1,1980000,1980000,0,2025-07-07 14:33:00,2025-07-07 14:33:00,
1685,1231,738,249,1,1280000,1280000,0,2025-07-07 14:33:00,2025-07-07 14:33:00,
1686,1232,1239,259,1,1580000,1580000,0,2025-07-07 23:00:05,2025-07-07 23:00:05,
1687,1233,1208,258,1,1580000,1580000,0,2025-07-07 23:29:42,2025-07-07 23:29:42,
1688,1234,1210,260,1,1580000,1580000,0,2025-07-11 13:56:36,2025-07-11 13:56:36,
1689,1234,1210,257,1,1580000,1580000,0,2025-07-11 13:56:36,2025-07-11 13:56:36,
1690,1235,1247,258,1,1580000,1580000,0,2025-07-11 16:53:31,2025-07-11 16:53:31,
1691,1236,1246,257,1,1580000,1580000,0,2025-07-11 18:40:14,2025-07-11 18:40:14,
1692,1237,1191,258,1,1580000,1580000,0,2025-07-12 10:38:29,2025-07-12 10:38:29,
1693,1238,1252,258,1,1580000,1580000,0,2025-07-12 20:11:28,2025-07-12 20:11:28,
1694,1239,1252,258,1,1580000,1580000,0,2025-07-12 20:12:15,2025-07-12 20:12:15,
1695,1240,1251,257,1,1580000,1580000,0,2025-07-12 22:16:47,2025-07-12 22:16:47,
1696,1241,1012,260,1,1580000,1580000,0,2025-07-13 11:15:40,2025-07-13 11:15:40,
1697,1242,1012,260,1,1580000,1580000,0,2025-07-13 11:23:16,2025-07-13 11:23:16,
1698,1243,1012,260,1,1580000,1580000,0,2025-07-13 11:26:31,2025-07-13 11:26:31,
1699,1244,1257,58,1,1380000,1380000,0,2025-07-14 01:10:54,2025-07-14 01:10:54,
1700,1245,1259,258,1,1580000,1580000,0,2025-07-14 15:22:48,2025-07-14 15:22:48,
1701,1246,1151,64,1,1380000,1380000,0,2025-07-15 11:03:18,2025-07-15 11:03:18,
1702,1247,1261,64,1,1380000,1380000,0,2025-07-15 11:10:48,2025-07-15 11:10:48,
1703,1248,846,258,1,1580000,1580000,0,2025-07-15 14:58:22,2025-07-15 14:58:22,
1704,1248,846,293,1,850000,850000,0,2025-07-15 14:58:22,2025-07-15 14:58:22,
1705,1248,846,289,1,850000,850000,0,2025-07-15 14:58:22,2025-07-15 14:58:22,
1706,1249,1261,64,1,1380000,1380000,0,2025-07-15 17:29:19,2025-07-15 17:29:19,
1707,1250,1261,64,1,1380000,1380000,0,2025-07-15 17:43:55,2025-07-15 17:43:55,
1708,1251,1148,208,1,3980000,3980000,0,2025-07-15 22:01:14,2025-07-15 22:01:14,
1709,1252,223,124,1,2280000,2280000,0,2025-07-16 16:49:31,2025-07-16 16:49:31,
1710,1252,223,282,1,1280000,1280000,0,2025-07-16 16:49:31,2025-07-16 16:49:31,
1711,1253,22,258,1,1580000,1580000,0,2025-07-16 21:52:59,2025-07-16 21:52:59,
1712,1254,22,258,1,1580000,1580000,0,2025-07-16 22:39:22,2025-07-16 22:39:22,
1713,1255,22,258,1,1580000,1580000,0,2025-07-16 22:40:37,2025-07-16 22:40:37,
1714,1256,236,261,1,1580000,1580000,0,2025-07-17 16:19:54,2025-07-17 16:19:54,
1715,1256,236,255,1,1580000,1580000,0,2025-07-17 16:19:54,2025-07-17 16:19:54,
1716,1257,281,257,1,1580000,1580000,0,2025-07-18 20:07:49,2025-07-18 20:07:49,
1717,1257,281,258,1,1580000,1580000,0,2025-07-18 20:07:49,2025-07-18 20:07:49,
1718,1257,281,256,1,1580000,1580000,0,2025-07-18 20:07:49,2025-07-18 20:07:49,
1719,1258,1267,263,1,1180000,1180000,0,2025-07-19 20:44:22,2025-07-19 20:44:22,
1720,1259,1267,263,1,1180000,1180000,0,2025-07-19 20:44:54,2025-07-19 20:44:54,
1721,1260,1248,260,1,1580000,1580000,0,2025-07-21 20:33:10,2025-07-21 20:33:10,
1722,1261,281,257,1,1580000,1580000,0,2025-07-22 15:33:39,2025-07-22 15:33:39,
1723,1261,281,258,1,1580000,1580000,0,2025-07-22 15:33:39,2025-07-22 15:33:39,
1724,1261,281,256,1,1580000,1580000,0,2025-07-22 15:33:39,2025-07-22 15:33:39,
1725,1262,281,257,1,1580000,1580000,0,2025-07-22 15:44:57,2025-07-22 15:44:57,
1726,1262,281,258,1,1580000,1580000,0,2025-07-22 15:44:57,2025-07-22 15:44:57,
1727,1262,281,256,1,1580000,1580000,0,2025-07-22 15:44:57,2025-07-22 15:44:57,
1728,1263,1273,262,1,1580000,1580000,0,2025-07-22 15:47:13,2025-07-22 15:47:13,
1729,1263,1273,260,1,1580000,1580000,0,2025-07-22 15:47:13,2025-07-22 15:47:13,
1730,1263,1273,255,1,1580000,1580000,0,2025-07-22 15:47:13,2025-07-22 15:47:13,
1731,1264,1276,243,1,1280000,1280000,0,2025-07-25 02:29:35,2025-07-25 02:29:35,
1732,1265,1276,243,1,1280000,1280000,0,2025-07-25 02:30:09,2025-07-25 02:30:09,
1733,1266,1276,243,1,1280000,1280000,0,2025-07-25 02:30:13,2025-07-25 02:30:13,
1734,1267,418,259,1,1580000,1580000,0,2025-07-25 19:01:00,2025-07-25 19:01:00,
1735,1267,418,238,1,1560000,1560000,0,2025-07-25 19:01:00,2025-07-25 19:01:00,
1736,1267,418,263,1,1180000,1180000,0,2025-07-25 19:01:00,2025-07-25 19:01:00,
1737,1267,418,319,1,1280000,1280000,0,2025-07-25 19:01:00,2025-07-25 19:01:00,
1738,1267,418,271,1,1980000,1980000,0,2025-07-25 19:01:00,2025-07-25 19:01:00,
1739,1268,777,268,1,1280000,1280000,0,2025-07-25 23:19:00,2025-07-25 23:19:00,
1740,1269,95,257,1,1580000,1580000,0,2025-07-26 12:33:12,2025-07-26 12:33:12,
1741,1269,95,256,1,1580000,1580000,0,2025-07-26 12:33:12,2025-07-26 12:33:12,
1742,1270,1224,256,1,1580000,1580000,0,2025-07-27 10:24:25,2025-07-27 10:24:25,
1743,1271,1224,256,1,1580000,1580000,0,2025-07-27 10:25:07,2025-07-27 10:25:07,
1744,1272,909,306,1,1980000,1980000,0,2025-07-27 19:52:47,2025-07-27 19:52:47,
1745,1272,909,230,1,1980000,1980000,0,2025-07-27 19:52:47,2025-07-27 19:52:47,
1746,1272,909,245,1,1280000,1280000,0,2025-07-27 19:52:47,2025-07-27 19:52:47,
1747,1272,909,258,1,1580000,1580000,0,2025-07-27 19:52:47,2025-07-27 19:52:47,
1748,1272,909,314,1,650000,650000,0,2025-07-27 19:52:47,2025-07-27 19:52:47,
1749,1273,909,306,1,1980000,1980000,0,2025-07-27 19:54:59,2025-07-27 19:54:59,
1750,1273,909,230,1,1980000,1980000,0,2025-07-27 19:54:59,2025-07-27 19:54:59,
1751,1273,909,245,1,1280000,1280000,0,2025-07-27 19:54:59,2025-07-27 19:54:59,
1752,1273,909,258,1,1580000,1580000,0,2025-07-27 19:54:59,2025-07-27 19:54:59,
1753,1273,909,314,1,650000,650000,0,2025-07-27 19:54:59,2025-07-27 19:54:59,
1754,1274,909,306,1,1980000,1980000,0,2025-07-27 19:58:50,2025-07-27 19:58:50,
1755,1274,909,230,1,1980000,1980000,0,2025-07-27 19:58:50,2025-07-27 19:58:50,
1756,1274,909,245,1,1280000,1280000,0,2025-07-27 19:58:50,2025-07-27 19:58:50,
1757,1274,909,258,1,1580000,1580000,0,2025-07-27 19:58:50,2025-07-27 19:58:50,
1758,1274,909,314,1,650000,650000,0,2025-07-27 19:58:50,2025-07-27 19:58:50,
1759,1275,909,306,1,1980000,1980000,0,2025-07-27 20:04:15,2025-07-27 20:04:15,
1760,1275,909,230,1,1980000,1980000,0,2025-07-27 20:04:15,2025-07-27 20:04:15,
1761,1275,909,245,1,1280000,1280000,0,2025-07-27 20:04:15,2025-07-27 20:04:15,
1762,1275,909,258,1,1580000,1580000,0,2025-07-27 20:04:15,2025-07-27 20:04:15,
1763,1275,909,314,1,650000,650000,0,2025-07-27 20:04:15,2025-07-27 20:04:15,
1764,1276,909,230,1,1980000,1980000,0,2025-07-27 20:06:19,2025-07-27 20:06:19,
1765,1276,909,258,1,1580000,1580000,0,2025-07-27 20:06:19,2025-07-27 20:06:19,
1766,1277,909,230,1,1980000,1980000,0,2025-07-27 20:15:48,2025-07-27 20:15:48,
1767,1277,909,258,1,1580000,1580000,0,2025-07-27 20:15:48,2025-07-27 20:15:48,
1768,1278,909,230,1,1980000,1980000,0,2025-07-27 20:24:16,2025-07-27 20:24:16,
1769,1278,909,258,1,1580000,1580000,0,2025-07-27 20:24:16,2025-07-27 20:24:16,
1770,1278,909,245,1,1280000,1280000,0,2025-07-27 20:24:16,2025-07-27 20:24:16,
1771,1278,909,306,1,1980000,1980000,0,2025-07-27 20:24:16,2025-07-27 20:24:16,
1772,1279,909,230,1,1980000,1980000,0,2025-07-28 00:56:50,2025-07-28 00:56:50,
1773,1279,909,258,1,1580000,1580000,0,2025-07-28 00:56:50,2025-07-28 00:56:50,
1774,1279,909,245,1,1280000,1280000,0,2025-07-28 00:56:50,2025-07-28 00:56:50,
1775,1279,909,306,1,1980000,1980000,0,2025-07-28 00:56:50,2025-07-28 00:56:50,
1776,1280,909,230,1,1980000,1980000,0,2025-07-28 00:59:30,2025-07-28 00:59:30,
1777,1280,909,258,1,1580000,1580000,0,2025-07-28 00:59:30,2025-07-28 00:59:30,
1778,1280,909,245,1,1280000,1280000,0,2025-07-28 00:59:30,2025-07-28 00:59:30,
1779,1280,909,306,1,1980000,1980000,0,2025-07-28 00:59:30,2025-07-28 00:59:30,
1780,1280,909,314,1,650000,650000,0,2025-07-28 00:59:30,2025-07-28 00:59:30,
1781,1281,909,230,1,1980000,1980000,0,2025-07-28 01:00:10,2025-07-28 01:00:10,
1782,1281,909,258,1,1580000,1580000,0,2025-07-28 01:00:10,2025-07-28 01:00:10,
1783,1281,909,245,1,1280000,1280000,0,2025-07-28 01:00:10,2025-07-28 01:00:10,
1784,1281,909,306,1,1980000,1980000,0,2025-07-28 01:00:10,2025-07-28 01:00:10,
1785,1282,909,230,1,1980000,1980000,0,2025-07-28 01:03:49,2025-07-28 01:03:49,
1786,1282,909,258,1,1580000,1580000,0,2025-07-28 01:03:49,2025-07-28 01:03:49,
1787,1282,909,245,1,1280000,1280000,0,2025-07-28 01:03:49,2025-07-28 01:03:49,
1788,1282,909,306,1,1980000,1980000,0,2025-07-28 01:03:49,2025-07-28 01:03:49,
1789,1282,909,314,1,650000,650000,0,2025-07-28 01:03:49,2025-07-28 01:03:49,
1790,1283,909,230,1,1980000,1980000,0,2025-07-28 01:11:24,2025-07-28 01:11:24,
1791,1283,909,258,1,1580000,1580000,0,2025-07-28 01:11:24,2025-07-28 01:11:24,
1792,1283,909,245,1,1280000,1280000,0,2025-07-28 01:11:24,2025-07-28 01:11:24,
1793,1283,909,306,1,1980000,1980000,0,2025-07-28 01:11:24,2025-07-28 01:11:24,
1794,1283,909,314,1,650000,650000,0,2025-07-28 01:11:24,2025-07-28 01:11:24,
1795,1284,909,230,1,1980000,1980000,0,2025-07-28 01:20:59,2025-07-28 01:20:59,
1796,1284,909,258,1,1580000,1580000,0,2025-07-28 01:20:59,2025-07-28 01:20:59,
1797,1284,909,245,1,1280000,1280000,0,2025-07-28 01:20:59,2025-07-28 01:20:59,
1798,1284,909,306,1,1980000,1980000,0,2025-07-28 01:20:59,2025-07-28 01:20:59,
1799,1284,909,314,1,650000,650000,0,2025-07-28 01:20:59,2025-07-28 01:20:59,
1800,1285,909,230,1,1980000,1980000,0,2025-07-28 02:00:50,2025-07-28 02:00:50,
1801,1285,909,258,1,1580000,1580000,0,2025-07-28 02:00:50,2025-07-28 02:00:50,
1802,1285,909,245,1,1280000,1280000,0,2025-07-28 02:00:50,2025-07-28 02:00:50,
1803,1285,909,306,1,1980000,1980000,0,2025-07-28 02:00:50,2025-07-28 02:00:50,
1804,1285,909,314,1,650000,650000,0,2025-07-28 02:00:50,2025-07-28 02:00:50,
1805,1286,909,230,1,1980000,1980000,0,2025-07-28 02:02:31,2025-07-28 02:02:31,
1806,1286,909,258,1,1580000,1580000,0,2025-07-28 02:02:31,2025-07-28 02:02:31,
1807,1286,909,245,1,1280000,1280000,0,2025-07-28 02:02:31,2025-07-28 02:02:31,
1808,1286,909,306,1,1980000,1980000,0,2025-07-28 02:02:31,2025-07-28 02:02:31,
1809,1286,909,314,1,650000,650000,0,2025-07-28 02:02:31,2025-07-28 02:02:31,
1810,1287,909,230,1,1980000,1980000,0,2025-07-28 02:19:07,2025-07-28 02:19:07,
1811,1287,909,258,1,1580000,1580000,0,2025-07-28 02:19:07,2025-07-28 02:19:07,
1812,1287,909,245,1,1280000,1280000,0,2025-07-28 02:19:07,2025-07-28 02:19:07,
1813,1287,909,306,1,1980000,1980000,0,2025-07-28 02:19:07,2025-07-28 02:19:07,
1814,1287,909,314,1,650000,650000,0,2025-07-28 02:19:07,2025-07-28 02:19:07,
1815,1288,909,230,1,1980000,1980000,0,2025-07-28 02:24:22,2025-07-28 02:24:22,
1816,1288,909,258,1,1580000,1580000,0,2025-07-28 02:24:22,2025-07-28 02:24:22,
1817,1288,909,245,1,1280000,1280000,0,2025-07-28 02:24:22,2025-07-28 02:24:22,
1818,1288,909,306,1,1980000,1980000,0,2025-07-28 02:24:22,2025-07-28 02:24:22,
1819,1289,909,230,1,1980000,1980000,0,2025-07-28 02:25:53,2025-07-28 02:25:53,
1820,1289,909,258,1,1580000,1580000,0,2025-07-28 02:25:53,2025-07-28 02:25:53,
1821,1289,909,245,1,1280000,1280000,0,2025-07-28 02:25:53,2025-07-28 02:25:53,
1822,1289,909,306,1,1980000,1980000,0,2025-07-28 02:25:53,2025-07-28 02:25:53,
1823,1289,909,314,1,650000,650000,0,2025-07-28 02:25:53,2025-07-28 02:25:53,
1824,1290,909,230,1,1980000,1980000,0,2025-07-28 02:46:14,2025-07-28 02:46:14,
1825,1290,909,258,1,1580000,1580000,0,2025-07-28 02:46:14,2025-07-28 02:46:14,
1826,1290,909,245,1,1280000,1280000,0,2025-07-28 02:46:14,2025-07-28 02:46:14,
1827,1290,909,306,1,1980000,1980000,0,2025-07-28 02:46:14,2025-07-28 02:46:14,
1828,1290,909,314,1,650000,650000,0,2025-07-28 02:46:14,2025-07-28 02:46:14,
1829,1291,1182,262,1,1580000,1580000,0,2025-07-29 14:17:14,2025-07-29 14:17:14,
1830,1291,1182,258,1,1580000,1580000,0,2025-07-29 14:17:14,2025-07-29 14:17:14,
1831,1292,399,279,1,1980000,1980000,0,2025-07-29 14:27:00,2025-07-29 14:27:00,
1832,1293,236,261,1,1580000,1580000,0,2025-07-29 16:13:28,2025-07-29 16:13:28,
1833,1294,1286,282,1,1280000,1280000,0,2025-07-30 10:23:23,2025-07-30 10:23:23,
1834,1294,1286,263,1,1180000,1180000,0,2025-07-30 10:23:24,2025-07-30 10:23:24,
1835,1295,944,262,1,1580000,1580000,0,2025-07-31 21:27:09,2025-07-31 21:27:09,
1836,1295,944,257,1,1580000,1580000,0,2025-07-31 21:27:09,2025-07-31 21:27:09,
1837,1295,944,261,1,1580000,1580000,0,2025-07-31 21:27:10,2025-07-31 21:27:10,
1838,1295,944,278,1,1980000,1980000,0,2025-07-31 21:27:10,2025-07-31 21:27:10,
1839,1295,944,258,1,1580000,1580000,0,2025-07-31 21:27:10,2025-07-31 21:27:10,
1840,1296,1289,282,1,1280000,1280000,0,2025-08-02 15:16:52,2025-08-02 15:16:52,
1841,1297,1292,259,1,1580000,1580000,0,2025-08-03 12:45:10,2025-08-03 12:45:10,
1842,1298,1210,258,1,1580000,1580000,0,2025-08-03 14:17:55,2025-08-03 14:17:55,
1843,1298,1210,319,1,1280000,1280000,0,2025-08-03 14:17:55,2025-08-03 14:17:55,
1844,1298,1210,289,1,850000,850000,0,2025-08-03 14:18:02,2025-08-03 14:18:02,
1845,1299,1210,258,1,1580000,1580000,0,2025-08-03 14:19:20,2025-08-03 14:19:20,
1846,1299,1210,319,1,1280000,1280000,0,2025-08-03 14:19:20,2025-08-03 14:19:20,
1847,1299,1210,289,1,850000,850000,0,2025-08-03 14:19:20,2025-08-03 14:19:20,
1848,1300,1301,45,1,1980000,1980000,0,2025-08-03 16:24:43,2025-08-03 16:24:43,
1849,1301,223,124,1,2280000,2280000,0,2025-08-03 16:40:18,2025-08-03 16:40:18,
1850,1301,223,64,1,1380000,1380000,0,2025-08-03 16:40:18,2025-08-03 16:40:18,
1851,1302,1301,45,1,1980000,1980000,0,2025-08-03 17:12:48,2025-08-03 17:12:48,
1852,1303,1301,45,1,1980000,1980000,0,2025-08-03 17:15:17,2025-08-03 17:15:17,
1853,1304,1301,45,1,1980000,1980000,0,2025-08-03 17:27:19,2025-08-03 17:27:19,
1854,1305,1301,45,1,1980000,1980000,0,2025-08-03 17:28:09,2025-08-03 17:28:09,
1855,1306,1302,318,1,1280000,1280000,0,2025-08-03 18:11:49,2025-08-03 18:11:49,
1856,1307,717,318,1,1280000,1280000,0,2025-08-03 21:00:13,2025-08-03 21:00:13,
1857,1308,232,254,1,1280000,1280000,0,2025-08-04 02:08:39,2025-08-04 02:08:39,
1858,1308,232,308,1,1980000,1980000,0,2025-08-04 02:08:39,2025-08-04 02:08:39,
1859,1308,232,253,1,1180000,1180000,0,2025-08-04 02:08:39,2025-08-04 02:08:39,
1860,1308,232,40,1,2780000,2780000,0,2025-08-04 02:08:39,2025-08-04 02:08:39,
1861,1309,1309,258,1,1580000,1580000,0,2025-08-04 12:01:01,2025-08-04 12:01:01,
1862,1310,1309,258,1,1580000,1580000,0,2025-08-04 14:07:33,2025-08-04 14:07:33,
1863,1311,1285,255,1,1580000,1580000,0,2025-08-04 14:22:43,2025-08-04 14:22:43,
1864,1312,1312,255,1,1580000,1580000,0,2025-08-04 18:06:39,2025-08-04 18:06:39,
1865,1313,1312,255,1,1580000,1580000,0,2025-08-04 18:30:00,2025-08-04 18:30:00,
1866,1314,1318,266,1,1280000,1280000,0,2025-08-04 22:33:26,2025-08-04 22:33:26,
1867,1315,754,255,1,1580000,1580000,0,2025-08-05 16:41:15,2025-08-05 16:41:15,
1868,1316,1280,276,1,1980000,1980000,0,2025-08-05 19:26:21,2025-08-05 19:26:21,
1869,1317,684,289,1,850000,850000,0,2025-08-06 13:55:41,2025-08-06 13:55:41,
1870,1317,684,255,1,1580000,1580000,0,2025-08-06 13:55:41,2025-08-06 13:55:41,
1871,1318,1323,262,1,1580000,1580000,0,2025-08-06 21:16:54,2025-08-06 21:16:54,
1872,1319,1069,247,2,1280000,1280000,0,2025-08-07 13:58:59,2025-08-07 13:58:59,
1873,1319,1069,245,1,1280000,1280000,0,2025-08-07 13:58:59,2025-08-07 13:58:59,
1874,1319,1069,244,1,1280000,1280000,0,2025-08-07 13:58:59,2025-08-07 13:58:59,
1875,1320,1326,255,1,1580000,1580000,0,2025-08-09 09:33:41,2025-08-09 09:33:41,
1876,1321,1329,261,1,1580000,1580000,0,2025-08-10 19:54:26,2025-08-10 19:54:26,
1877,1321,1329,224,1,1480000,1480000,0,2025-08-10 19:54:26,2025-08-10 19:54:26,
1878,1322,1331,294,1,850000,850000,0,2025-08-11 14:10:45,2025-08-11 14:10:45,
1879,1323,717,318,1,1280000,1280000,0,2025-08-11 15:04:13,2025-08-11 15:04:13,
1880,1324,108,258,1,1580000,1580000,0,2025-08-11 17:33:45,2025-08-11 17:33:45,
1881,1325,717,318,1,1280000,1280000,0,2025-08-11 22:06:03,2025-08-11 22:06:03,
1882,1326,1097,73,1,1480000,1480000,0,2025-08-12 02:07:25,2025-08-12 02:07:25,
1883,1326,1097,298,1,1980000,1980000,0,2025-08-12 02:07:25,2025-08-12 02:07:25,
1884,1326,1097,232,1,2180000,2180000,0,2025-08-12 02:07:25,2025-08-12 02:07:25,
1885,1326,1097,33,1,1180000,1180000,0,2025-08-12 02:07:25,2025-08-12 02:07:25,
1886,1327,1097,298,1,1980000,1980000,0,2025-08-12 02:09:36,2025-08-12 02:09:36,
1887,1327,1097,33,1,1180000,1180000,0,2025-08-12 02:09:36,2025-08-12 02:09:36,
1888,1328,1337,255,1,1580000,1580000,0,2025-08-13 14:23:18,2025-08-13 14:23:18,
1889,1329,806,262,1,1580000,1580000,0,2025-08-17 10:39:27,2025-08-17 10:39:27,
1890,1329,806,122,1,1780000,1780000,0,2025-08-17 10:39:27,2025-08-17 10:39:27,
1891,1329,806,164,1,1680000,1680000,0,2025-08-17 10:39:27,2025-08-17 10:39:27,
1892,1329,806,139,1,1680000,1680000,0,2025-08-17 10:39:27,2025-08-17 10:39:27,
1893,1330,1342,289,1,850000,850000,0,2025-08-17 12:14:58,2025-08-17 12:14:58,
1894,1330,1342,279,1,1980000,1980000,0,2025-08-17 12:14:58,2025-08-17 12:14:58,
1895,1330,1342,266,1,1280000,1280000,0,2025-08-17 12:14:58,2025-08-17 12:14:58,
1896,1331,1344,319,1,1280000,1280000,0,2025-08-18 18:07:41,2025-08-18 18:07:41,
1897,1332,1344,319,1,1280000,1280000,0,2025-08-18 22:04:11,2025-08-18 22:04:11,
1898,1333,1344,319,1,1280000,1280000,0,2025-08-18 23:45:39,2025-08-18 23:45:39,
1899,1334,364,44,1,1980000,1980000,0,2025-08-19 13:07:43,2025-08-19 13:07:43,
1900,1335,364,44,1,1980000,1980000,0,2025-08-19 13:50:45,2025-08-19 13:50:45,
1901,1336,514,266,1,832000,1280000,35,2025-08-20 12:03:18,2025-08-20 12:03:18,
1902,1337,1063,258,1,1027000,1580000,35,2025-08-20 12:14:39,2025-08-20 12:14:39,
1903,1338,1349,258,1,1027000,1580000,35,2025-08-20 12:51:33,2025-08-20 12:51:33,
1904,1339,1351,19,1,1287000,1980000,35,2025-08-20 13:27:42,2025-08-20 13:27:42,
1905,1339,1351,64,1,897000,1380000,35,2025-08-20 13:27:42,2025-08-20 13:27:42,
1906,1339,1351,37,1,1157000,1780000,35,2025-08-20 13:27:42,2025-08-20 13:27:42,
1907,1340,1281,279,1,1287000,1980000,35,2025-08-20 13:37:42,2025-08-20 13:37:42,
1908,1341,1225,37,1,1157000,1780000,35,2025-08-20 13:49:28,2025-08-20 13:49:28,
1909,1341,1225,257,1,1027000,1580000,35,2025-08-20 13:49:28,2025-08-20 13:49:28,
1910,1341,1225,256,1,1027000,1580000,35,2025-08-20 13:49:28,2025-08-20 13:49:28,
1911,1341,1225,61,1,897000,1380000,35,2025-08-20 13:49:28,2025-08-20 13:49:28,
1912,1342,1241,256,1,1027000,1580000,35,2025-08-20 13:50:10,2025-08-20 13:50:10,
1913,1342,1241,290,1,552500,850000,35,2025-08-20 13:50:10,2025-08-20 13:50:10,
1914,1342,1241,257,1,1027000,1580000,35,2025-08-20 13:50:10,2025-08-20 13:50:10,
1915,1343,1281,279,1,1287000,1980000,35,2025-08-20 14:28:35,2025-08-20 14:28:35,
1916,1344,1328,258,1,1027000,1580000,35,2025-08-20 16:21:28,2025-08-20 16:21:28,
1917,1344,1328,262,1,1027000,1580000,35,2025-08-20 16:21:28,2025-08-20 16:21:28,
1918,1345,1328,258,1,1027000,1580000,35,2025-08-20 16:23:13,2025-08-20 16:23:13,
1919,1345,1328,262,1,1027000,1580000,35,2025-08-20 16:23:13,2025-08-20 16:23:13,
1920,1346,931,274,1,1287000,1980000,35,2025-08-20 18:04:10,2025-08-20 18:04:10,
1921,1346,931,13,1,1482000,2280000,35,2025-08-20 18:04:10,2025-08-20 18:04:10,
1922,1347,931,274,1,1287000,1980000,35,2025-08-20 18:17:45,2025-08-20 18:17:45,
1923,1347,931,13,1,1482000,2280000,35,2025-08-20 18:17:45,2025-08-20 18:17:45,
1924,1348,931,274,1,1287000,1980000,35,2025-08-20 18:20:56,2025-08-20 18:20:56,
1925,1348,931,13,1,1482000,2280000,35,2025-08-20 18:20:57,2025-08-20 18:20:57,
1926,1349,1357,260,1,1027000,1580000,35,2025-08-20 18:32:19,2025-08-20 18:32:19,
1927,1349,1357,262,1,1027000,1580000,35,2025-08-20 18:32:19,2025-08-20 18:32:19,
1928,1349,1357,256,1,1027000,1580000,35,2025-08-20 18:32:19,2025-08-20 18:32:19,
1929,1350,1357,260,1,1027000,1580000,35,2025-08-20 18:33:15,2025-08-20 18:33:15,
1930,1350,1357,262,1,1027000,1580000,35,2025-08-20 18:33:15,2025-08-20 18:33:15,
1931,1350,1357,256,1,1027000,1580000,35,2025-08-20 18:33:15,2025-08-20 18:33:15,
1932,1351,931,274,1,1287000,1980000,35,2025-08-20 18:49:13,2025-08-20 18:49:13,
1933,1351,931,13,1,1482000,2280000,35,2025-08-20 18:49:13,2025-08-20 18:49:13,
1934,1352,1043,262,1,1027000,1580000,35,2025-08-20 19:11:16,2025-08-20 19:11:16,
1935,1352,1043,274,1,1287000,1980000,35,2025-08-20 19:11:16,2025-08-20 19:11:16,
1936,1353,1043,262,1,1027000,1580000,35,2025-08-20 19:14:34,2025-08-20 19:14:34,
1937,1353,1043,274,1,1287000,1980000,35,2025-08-20 19:14:34,2025-08-20 19:14:34,
1938,1353,1043,266,1,832000,1280000,35,2025-08-20 19:14:34,2025-08-20 19:14:34,
1939,1354,1043,262,1,1027000,1580000,35,2025-08-20 19:15:52,2025-08-20 19:15:52,
1940,1354,1043,274,1,1287000,1980000,35,2025-08-20 19:15:52,2025-08-20 19:15:52,
1941,1355,1346,319,1,832000,1280000,35,2025-08-20 19:27:12,2025-08-20 19:27:12,
1942,1355,1346,276,1,1287000,1980000,35,2025-08-20 19:27:12,2025-08-20 19:27:12,
1943,1356,1344,319,1,832000,1280000,35,2025-08-20 20:34:34,2025-08-20 20:34:34,
1944,1357,1365,249,1,832000,1280000,35,2025-08-21 01:49:38,2025-08-21 01:49:38,
1945,1357,1365,247,1,832000,1280000,35,2025-08-21 01:49:38,2025-08-21 01:49:38,
1946,1358,1365,249,1,832000,1280000,35,2025-08-21 01:52:15,2025-08-21 01:52:15,
1947,1358,1365,247,1,832000,1280000,35,2025-08-21 01:52:15,2025-08-21 01:52:15,
1948,1359,1222,293,1,552500,850000,35,2025-08-21 05:30:39,2025-08-21 05:30:39,
1949,1360,1368,260,1,1027000,1580000,35,2025-08-21 09:20:25,2025-08-21 09:20:25,
1950,1361,1370,262,1,1027000,1580000,35,2025-08-21 11:19:28,2025-08-21 11:19:28,
1951,1362,1225,37,1,1157000,1780000,35,2025-08-21 12:52:11,2025-08-21 12:52:11,
1952,1362,1225,257,1,1027000,1580000,35,2025-08-21 12:52:11,2025-08-21 12:52:11,
1953,1362,1225,256,1,1027000,1580000,35,2025-08-21 12:52:11,2025-08-21 12:52:11,
1954,1362,1225,61,1,897000,1380000,35,2025-08-21 12:52:11,2025-08-21 12:52:11,
1955,1363,1373,270,1,1287000,1980000,35,2025-08-21 17:38:42,2025-08-21 17:38:42,
1956,1364,1245,259,1,1027000,1580000,35,2025-08-22 01:00:12,2025-08-22 01:00:12,
1957,1365,277,50,1,962000,1480000,35,2025-08-22 15:55:14,2025-08-22 15:55:14,
1958,1366,962,243,1,832000,1280000,35,2025-08-22 16:12:03,2025-08-22 16:12:03,
1959,1366,962,320,1,1287000,1980000,35,2025-08-22 16:12:03,2025-08-22 16:12:03,
1960,1367,1374,257,1,1027000,1580000,35,2025-08-22 16:15:25,2025-08-22 16:15:25,
1961,1368,1262,262,1,1027000,1580000,35,2025-08-22 16:53:37,2025-08-22 16:53:37,
1962,1368,1262,257,1,1027000,1580000,35,2025-08-22 16:53:37,2025-08-22 16:53:37,
1963,1368,1262,256,1,1027000,1580000,35,2025-08-22 16:53:37,2025-08-22 16:53:37,
1964,1369,1250,256,1,1027000,1580000,35,2025-08-22 17:41:26,2025-08-22 17:41:26,
1965,1370,245,284,1,832000,1280000,35,2025-08-22 22:38:25,2025-08-22 22:38:25,
1966,1371,245,284,1,832000,1280000,35,2025-08-22 22:40:38,2025-08-22 22:40:38,
1967,1372,245,284,1,832000,1280000,35,2025-08-22 22:41:28,2025-08-22 22:41:28,
1968,1373,127,229,1,962000,1480000,35,2025-08-23 18:19:54,2025-08-23 18:19:54,
1969,1374,127,229,1,962000,1480000,35,2025-08-23 18:21:48,2025-08-23 18:21:48,
1970,1375,127,229,1,962000,1480000,35,2025-08-23 18:35:53,2025-08-23 18:35:53,
1971,1376,127,229,1,962000,1480000,35,2025-08-23 18:58:07,2025-08-23 18:58:07,
1972,1377,1375,244,1,832000,1280000,35,2025-08-23 23:21:43,2025-08-23 23:21:43,
1973,1377,1375,241,1,832000,1280000,35,2025-08-23 23:21:43,2025-08-23 23:21:43,
1974,1378,1375,244,1,832000,1280000,35,2025-08-23 23:32:19,2025-08-23 23:32:19,
1975,1378,1375,241,1,832000,1280000,35,2025-08-23 23:32:19,2025-08-23 23:32:19,
1976,1379,1382,227,1,962000,1480000,35,2025-08-24 19:49:42,2025-08-24 19:49:42,
1977,1380,1288,276,1,1287000,1980000,35,2025-08-25 01:49:40,2025-08-25 01:49:40,
1978,1380,1288,238,1,1014000,1560000,35,2025-08-25 01:49:40,2025-08-25 01:49:40,
1979,1381,166,263,1,767000,1180000,35,2025-08-25 11:54:04,2025-08-25 11:54:04,
1980,1381,166,260,1,1027000,1580000,35,2025-08-25 11:54:04,2025-08-25 11:54:04,
1981,1381,166,230,1,1287000,1980000,35,2025-08-25 11:54:04,2025-08-25 11:54:04,
1982,1381,166,262,1,1027000,1580000,35,2025-08-25 11:54:04,2025-08-25 11:54:04,
1983,1382,232,248,1,832000,1280000,35,2025-08-25 14:06:07,2025-08-25 14:06:07,
1984,1382,232,254,1,832000,1280000,35,2025-08-25 14:06:07,2025-08-25 14:06:07,
1985,1382,232,40,1,1807000,2780000,35,2025-08-25 14:06:07,2025-08-25 14:06:07,
1986,1382,232,225,1,962000,1480000,35,2025-08-25 14:06:07,2025-08-25 14:06:07,
1987,1382,232,28,1,832000,1280000,35,2025-08-25 14:06:07,2025-08-25 14:06:07,
1988,1382,232,247,1,832000,1280000,35,2025-08-25 14:06:07,2025-08-25 14:06:07,
1989,1382,232,251,1,832000,1280000,35,2025-08-25 14:06:07,2025-08-25 14:06:07,
1990,1383,1355,260,1,1027000,1580000,35,2025-08-25 21:01:16,2025-08-25 21:01:16,
1991,1383,1355,84,1,767000,1180000,35,2025-08-25 21:01:16,2025-08-25 21:01:16,
1992,1384,1389,257,1,1027000,1580000,35,2025-08-25 21:36:59,2025-08-25 21:36:59,
1993,1384,1389,318,1,832000,1280000,35,2025-08-25 21:36:59,2025-08-25 21:36:59,
1994,1385,1129,252,1,767000,1180000,35,2025-08-25 23:06:57,2025-08-25 23:06:57,
1995,1385,1129,321,1,1287000,1980000,35,2025-08-25 23:06:57,2025-08-25 23:06:57,
1996,1385,1129,249,1,832000,1280000,35,2025-08-25 23:06:57,2025-08-25 23:06:57,
1997,1386,1392,279,1,1287000,1980000,35,2025-08-25 23:57:32,2025-08-25 23:57:32,
1998,1386,1392,66,1,1287000,1980000,35,2025-08-25 23:57:32,2025-08-25 23:57:32,
1999,1386,1392,245,1,832000,1280000,35,2025-08-25 23:57:32,2025-08-25 23:57:32,
2000,1386,1392,242,1,832000,1280000,35,2025-08-25 23:57:32,2025-08-25 23:57:32,
2001,1387,1283,261,1,1580000,1580000,0,2025-08-28 16:42:45,2025-08-28 16:42:45,
2002,1387,1283,260,1,1580000,1580000,0,2025-08-28 16:42:45,2025-08-28 16:42:45,
2003,1388,348,142,1,2980000,2980000,0,2025-08-29 21:50:25,2025-08-29 21:50:25,
2004,1389,1398,254,1,1280000,1280000,0,2025-09-01 21:08:04,2025-09-01 21:08:04,
2005,1390,1401,215,1,2980000,2980000,0,2025-09-06 21:24:39,2025-09-06 21:24:39,
2006,1391,1401,215,1,2980000,2980000,0,2025-09-06 21:25:59,2025-09-06 21:25:59,
2007,1392,1401,215,1,2980000,2980000,0,2025-09-06 21:26:35,2025-09-06 21:26:35,
2008,1393,1401,215,1,2980000,2980000,0,2025-09-06 21:29:29,2025-09-06 21:29:29,
2009,1394,1401,215,1,2980000,2980000,0,2025-09-06 21:33:10,2025-09-06 21:33:10,
2010,1395,1147,184,1,1287000,1980000,35,2025-09-11 12:58:50,2025-09-11 12:58:50,
2011,1396,1334,238,1,1014000,1560000,35,2025-09-11 13:00:05,2025-09-11 13:00:05,
2012,1397,1307,61,1,897000,1380000,35,2025-09-11 13:21:01,2025-09-11 13:21:01,
2013,1398,1405,257,1,1027000,1580000,35,2025-09-11 13:25:03,2025-09-11 13:25:03,
2014,1399,1405,257,1,1027000,1580000,35,2025-09-11 15:15:52,2025-09-11 15:15:52,
2015,1400,1395,238,2,1014000,1560000,35,2025-09-11 18:54:30,2025-09-11 18:54:30,
2016,1401,1355,260,1,1027000,1580000,35,2025-09-11 20:42:06,2025-09-11 20:42:06,
2017,1401,1355,84,1,767000,1180000,35,2025-09-11 20:42:06,2025-09-11 20:42:06,
2018,1402,1410,147,1,1742000,2680000,35,2025-09-11 21:15:40,2025-09-11 21:15:40,
2019,1403,1376,149,1,1742000,2680000,35,2025-09-11 21:28:27,2025-09-11 21:28:27,
2020,1403,1376,147,1,1742000,2680000,35,2025-09-11 21:28:27,2025-09-11 21:28:27,
2021,1404,1378,261,1,1027000,1580000,35,2025-09-12 02:42:05,2025-09-12 02:42:05,
2022,1405,1378,261,1,1027000,1580000,35,2025-09-12 02:42:57,2025-09-12 02:42:57,
2023,1406,1416,109,1,1807000,2780000,35,2025-09-12 13:06:05,2025-09-12 13:06:05,
2024,1407,1418,196,1,2587000,3980000,35,2025-09-12 15:01:17,2025-09-12 15:01:17,
2025,1408,1230,260,1,1027000,1580000,35,2025-09-12 16:12:32,2025-09-12 16:12:32,
2026,1408,1230,258,1,1027000,1580000,35,2025-09-12 16:12:32,2025-09-12 16:12:32,
2027,1408,1230,257,1,1027000,1580000,35,2025-09-12 16:12:32,2025-09-12 16:12:32,
2028,1409,1412,248,1,832000,1280000,35,2025-09-12 23:32:39,2025-09-12 23:32:39,
2029,1410,1412,248,1,832000,1280000,35,2025-09-12 23:34:37,2025-09-12 23:34:37,
2030,1411,1421,263,1,767000,1180000,35,2025-09-13 21:04:28,2025-09-13 21:04:28,
2031,1411,1421,285,1,832000,1280000,35,2025-09-13 21:04:28,2025-09-13 21:04:28,
2032,1411,1421,282,1,832000,1280000,35,2025-09-13 21:04:28,2025-09-13 21:04:28,
2033,1412,1421,263,1,767000,1180000,35,2025-09-13 21:42:46,2025-09-13 21:42:46,
2034,1412,1421,285,1,832000,1280000,35,2025-09-13 21:42:46,2025-09-13 21:42:46,
2035,1412,1421,282,1,832000,1280000,35,2025-09-13 21:42:46,2025-09-13 21:42:46,
2036,1413,1421,263,1,767000,1180000,35,2025-09-13 21:44:20,2025-09-13 21:44:20,
2037,1413,1421,285,1,832000,1280000,35,2025-09-13 21:44:20,2025-09-13 21:44:20,
2038,1413,1421,282,1,832000,1280000,35,2025-09-13 21:44:20,2025-09-13 21:44:20,
2039,1414,109,319,1,832000,1280000,35,2025-09-14 13:25:47,2025-09-14 13:25:47,
2040,1415,1178,126,1,1937000,2980000,35,2025-09-14 15:34:06,2025-09-14 15:34:06,
2041,1416,1402,197,1,2587000,3980000,35,2025-09-14 15:45:08,2025-09-14 15:45:08,
2042,1417,1402,197,1,2587000,3980000,35,2025-09-14 15:50:47,2025-09-14 15:50:47,
2043,1417,1402,126,1,1937000,2980000,35,2025-09-14 15:50:47,2025-09-14 15:50:47,
2044,1418,1424,126,1,1937000,2980000,35,2025-09-14 15:51:01,2025-09-14 15:51:01,
2045,1418,1424,149,1,1742000,2680000,35,2025-09-14 15:51:01,2025-09-14 15:51:01,
2046,1418,1424,188,1,1287000,1980000,35,2025-09-14 15:51:01,2025-09-14 15:51:01,
2047,1419,1402,197,1,2587000,3980000,35,2025-09-14 15:52:14,2025-09-14 15:52:14,
2048,1419,1402,126,1,1937000,2980000,35,2025-09-14 15:52:14,2025-09-14 15:52:14,
2049,1420,1402,197,1,2587000,3980000,35,2025-09-14 15:53:27,2025-09-14 15:53:27,
2050,1420,1402,126,1,1937000,2980000,35,2025-09-14 15:53:27,2025-09-14 15:53:27,
2051,1421,1402,197,1,2587000,3980000,35,2025-09-14 15:54:58,2025-09-14 15:54:58,
2052,1421,1402,126,1,1937000,2980000,35,2025-09-14 15:54:58,2025-09-14 15:54:58,
2053,1422,1427,196,1,2587000,3980000,35,2025-09-14 18:22:32,2025-09-14 18:22:32,
2054,1423,1404,188,1,1287000,1980000,35,2025-09-14 18:27:16,2025-09-14 18:27:16,
2055,1424,1427,196,1,2587000,3980000,35,2025-09-14 18:33:06,2025-09-14 18:33:06,
2056,1425,1343,319,1,832000,1280000,35,2025-09-14 20:00:47,2025-09-14 20:00:47,
2057,1425,1343,293,1,552500,850000,35,2025-09-14 20:00:47,2025-09-14 20:00:47,
2058,1426,1343,319,1,832000,1280000,35,2025-09-14 20:11:50,2025-09-14 20:11:50,
2059,1426,1343,293,1,552500,850000,35,2025-09-14 20:11:50,2025-09-14 20:11:50,
2060,1427,1430,221,1,1222000,1880000,35,2025-09-14 21:30:06,2025-09-14 21:30:06,
2061,1427,1430,13,1,1482000,2280000,35,2025-09-14 21:30:06,2025-09-14 21:30:06,
2062,1428,1430,221,1,1222000,1880000,35,2025-09-14 21:30:26,2025-09-14 21:30:26,
2063,1428,1430,13,1,1482000,2280000,35,2025-09-14 21:30:26,2025-09-14 21:30:26,
2064,1429,1430,221,1,1222000,1880000,35,2025-09-14 21:31:17,2025-09-14 21:31:17,
2065,1429,1430,13,1,1482000,2280000,35,2025-09-14 21:31:17,2025-09-14 21:31:17,
2066,1430,1343,319,1,832000,1280000,35,2025-09-15 10:34:58,2025-09-15 10:34:58,
2067,1430,1343,293,1,552500,850000,35,2025-09-15 10:34:58,2025-09-15 10:34:58,
2068,1431,1156,188,1,1287000,1980000,35,2025-09-15 15:40:14,2025-09-15 15:40:14,
2069,1431,1156,113,1,1872000,2880000,35,2025-09-15 15:40:14,2025-09-15 15:40:14,
2070,1432,1431,262,1,1027000,1580000,35,2025-09-15 17:20:17,2025-09-15 17:20:17,
2071,1432,1431,257,1,1027000,1580000,35,2025-09-15 17:20:17,2025-09-15 17:20:17,
2072,1433,1435,208,1,2392000,3680000,35,2025-09-15 20:18:41,2025-09-15 20:18:41,
2073,1434,1438,44,1,1287000,1980000,35,2025-09-16 12:01:50,2025-09-16 12:01:50,
2074,1435,1274,203,1,1742000,2680000,35,2025-09-16 17:09:56,2025-09-16 17:09:56,
2075,1436,1438,219,1,1157000,1780000,35,2025-09-16 20:44:56,2025-09-16 20:44:56,
2076,1436,1438,45,1,1287000,1980000,35,2025-09-16 20:44:56,2025-09-16 20:44:56,
2077,1436,1438,114,1,1287000,1980000,35,2025-09-16 20:44:56,2025-09-16 20:44:56,
2078,1437,1438,219,1,1157000,1780000,35,2025-09-16 20:46:16,2025-09-16 20:46:16,
2079,1437,1438,45,1,1287000,1980000,35,2025-09-16 20:46:16,2025-09-16 20:46:16,
2080,1438,1438,219,1,1157000,1780000,35,2025-09-16 21:55:44,2025-09-16 21:55:44,
2081,1438,1438,47,1,1287000,1980000,35,2025-09-16 21:55:44,2025-09-16 21:55:44,
2082,1439,1438,219,1,1157000,1780000,35,2025-09-16 22:20:08,2025-09-16 22:20:08,
2083,1439,1438,47,1,1287000,1980000,35,2025-09-16 22:20:08,2025-09-16 22:20:08,
2084,1440,1438,219,1,1157000,1780000,35,2025-09-16 22:22:08,2025-09-16 22:22:08,
2085,1440,1438,47,1,1287000,1980000,35,2025-09-16 22:22:08,2025-09-16 22:22:08,
2086,1441,1438,219,1,1157000,1780000,35,2025-09-16 22:25:04,2025-09-16 22:25:04,
2087,1441,1438,47,1,1287000,1980000,35,2025-09-16 22:25:04,2025-09-16 22:25:04,
2088,1442,1438,219,1,1157000,1780000,35,2025-09-16 22:34:17,2025-09-16 22:34:17,
2089,1442,1438,47,1,1287000,1980000,35,2025-09-16 22:34:17,2025-09-16 22:34:17,
2090,1443,1438,219,1,1157000,1780000,35,2025-09-16 22:53:57,2025-09-16 22:53:57,
2091,1443,1438,47,1,1287000,1980000,35,2025-09-16 22:53:57,2025-09-16 22:53:57,
2092,1444,1438,219,1,1157000,1780000,35,2025-09-16 23:14:11,2025-09-16 23:14:11,
2093,1444,1438,47,1,1287000,1980000,35,2025-09-16 23:14:11,2025-09-16 23:14:11,
2094,1445,1438,219,1,1157000,1780000,35,2025-09-16 23:21:15,2025-09-16 23:21:15,
2095,1445,1438,47,1,1287000,1980000,35,2025-09-16 23:21:15,2025-09-16 23:21:15,
2096,1446,1438,219,1,1157000,1780000,35,2025-09-16 23:59:44,2025-09-16 23:59:44,
2097,1446,1438,47,1,1287000,1980000,35,2025-09-16 23:59:44,2025-09-16 23:59:44,
2098,1447,1438,219,1,1157000,1780000,35,2025-09-17 00:02:04,2025-09-17 00:02:04,
2099,1447,1438,47,1,1287000,1980000,35,2025-09-17 00:02:04,2025-09-17 00:02:04,
2100,1448,1438,219,1,1157000,1780000,35,2025-09-17 00:23:48,2025-09-17 00:23:48,
2101,1448,1438,47,1,1287000,1980000,35,2025-09-17 00:23:48,2025-09-17 00:23:48,
2102,1449,1438,219,1,1157000,1780000,35,2025-09-17 00:47:17,2025-09-17 00:47:17,
2103,1449,1438,47,1,1287000,1980000,35,2025-09-17 00:47:17,2025-09-17 00:47:17,
2104,1450,1420,113,1,1872000,2880000,35,2025-09-17 09:47:07,2025-09-17 09:47:07,
2105,1451,1350,113,1,1872000,2880000,35,2025-09-17 13:41:56,2025-09-17 13:41:56,
2106,1452,1420,113,1,1872000,2880000,35,2025-09-19 02:35:50,2025-09-19 02:35:50,
2107,1452,1420,262,1,1027000,1580000,35,2025-09-19 02:35:50,2025-09-19 02:35:50,
2108,1453,1448,142,1,1937000,2980000,35,2025-09-19 16:02:51,2025-09-19 16:02:51,
2109,1454,1448,142,1,1937000,2980000,35,2025-09-19 16:04:50,2025-09-19 16:04:50,
2110,1455,1448,142,1,1937000,2980000,35,2025-09-19 16:08:13,2025-09-19 16:08:13,
2111,1456,1448,142,1,1937000,2980000,35,2025-09-19 17:29:45,2025-09-19 17:29:45,
2112,1457,849,205,1,2457000,3780000,35,2025-09-19 21:29:03,2025-09-19 21:29:03,
2113,1458,849,205,1,2457000,3780000,35,2025-09-19 21:53:29,2025-09-19 21:53:29,
2114,1459,1420,113,1,1872000,2880000,35,2025-09-20 01:10:44,2025-09-20 01:10:44,
2115,1460,1441,208,1,2392000,3680000,35,2025-09-20 02:24:09,2025-09-20 02:24:09,
2116,1460,1441,13,1,1482000,2280000,35,2025-09-20 02:24:09,2025-09-20 02:24:09,
2117,1461,1330,259,1,1580000,1580000,0,2025-09-22 19:12:12,2025-09-22 19:12:12,
2118,1462,1455,262,1,1580000,1580000,0,2025-09-30 03:26:46,2025-09-30 03:26:46,
2119,1463,1457,254,1,1280000,1280000,0,2025-10-05 00:20:02,2025-10-05 00:20:02,
2120,1464,1459,337,1,4680000,4680000,0,2025-10-06 11:33:08,2025-10-06 11:33:08,
2121,1465,1178,334,1,2980000,2980000,0,2025-10-06 12:36:16,2025-10-06 12:36:16,
2122,1466,1178,334,1,2980000,2980000,0,2025-10-06 12:49:35,2025-10-06 12:49:35,
2123,1466,1178,114,1,1980000,1980000,0,2025-10-06 12:49:35,2025-10-06 12:49:35,
2124,1466,1178,359,1,3980000,3980000,0,2025-10-06 12:49:35,2025-10-06 12:49:35,
2125,1467,1460,366,1,2480000,2480000,0,2025-10-06 22:14:22,2025-10-06 22:14:22,
2126,1468,1452,105,1,2880000,2880000,0,2025-10-07 20:03:42,2025-10-07 20:03:42,
2127,1469,1297,361,1,3980000,3980000,0,2025-10-08 00:03:33,2025-10-08 00:03:33,
2128,1469,1297,383,1,2380000,2380000,0,2025-10-08 00:03:33,2025-10-08 00:03:33,
2129,1469,1297,381,1,2380000,2380000,0,2025-10-08 00:03:33,2025-10-08 00:03:33,
2130,1470,1297,361,1,3980000,3980000,0,2025-10-08 00:06:06,2025-10-08 00:06:06,
2131,1470,1297,381,1,2380000,2380000,0,2025-10-08 00:06:06,2025-10-08 00:06:06,
2132,1471,705,334,1,2980000,2980000,0,2025-10-08 17:58:32,2025-10-08 17:58:32,
2133,1472,1466,358,1,3980000,3980000,0,2025-10-09 11:49:48,2025-10-09 11:49:48,
2134,1473,129,341,1,3980000,3980000,0,2025-10-09 20:33:39,2025-10-09 20:33:39,
2135,1474,1468,390,1,1580000,1580000,0,2025-10-12 15:21:51,2025-10-12 15:21:51,
2136,1475,1471,390,1,1580000,1580000,0,2025-10-13 02:24:59,2025-10-13 02:24:59,
2137,1476,1335,384,1,2380000,2380000,0,2025-10-13 16:54:58,2025-10-13 16:54:58,
2138,1476,1335,388,1,2380000,2380000,0,2025-10-13 16:54:58,2025-10-13 16:54:58,
2139,1476,1335,365,1,2480000,2480000,0,2025-10-13 16:54:58,2025-10-13 16:54:58,
2140,1477,1335,384,1,2380000,2380000,0,2025-10-13 17:01:05,2025-10-13 17:01:05,
2141,1477,1335,388,1,2380000,2380000,0,2025-10-13 17:01:05,2025-10-13 17:01:05,
2142,1477,1335,365,1,2480000,2480000,0,2025-10-13 17:01:05,2025-10-13 17:01:05,
2143,1478,1131,146,1,2780000,2780000,0,2025-10-14 15:20:17,2025-10-14 15:20:17,
2144,1479,1022,389,1,2380000,2380000,0,2025-10-14 19:49:11,2025-10-14 19:49:11,
2145,1480,1022,389,1,2380000,2380000,0,2025-10-14 22:15:02,2025-10-14 22:15:02,
2146,1481,1473,377,1,2980000,2980000,0,2025-10-15 12:48:05,2025-10-15 12:48:05,
2147,1482,1475,268,1,1280000,1280000,0,2025-10-15 18:39:15,2025-10-15 18:39:15,
2148,1483,1293,392,1,1580000,1580000,0,2025-10-16 12:13:24,2025-10-16 12:13:24,
2149,1484,1459,337,1,3980000,3980000,0,2025-10-16 13:36:36,2025-10-16 13:36:36,
2150,1485,1131,145,1,2780000,2780000,0,2025-10-16 23:11:31,2025-10-16 23:11:31,
2151,1486,1484,360,1,3980000,3980000,0,2025-10-19 00:55:08,2025-10-19 00:55:08,
2152,1487,1372,333,1,2980000,2980000,0,2025-10-21 05:15:32,2025-10-21 05:15:32,
2153,1488,1480,391,1,1580000,1580000,0,2025-10-21 12:46:49,2025-10-21 12:46:49,
2154,1489,1483,121,1,1480000,1480000,0,2025-10-22 06:01:44,2025-10-22 06:01:44,
2155,1490,1223,254,1,1280000,1280000,0,2025-10-25 20:07:57,2025-10-25 20:07:57,
2156,1491,1223,254,1,1280000,1280000,0,2025-10-25 20:13:43,2025-10-25 20:13:43,
2157,1492,664,19,1,1980000,1980000,0,2025-10-27 11:57:44,2025-10-27 11:57:44,
2158,1492,664,377,1,2980000,2980000,0,2025-10-27 11:57:44,2025-10-27 11:57:44,
2159,1492,664,369,1,4980000,4980000,0,2025-10-27 11:57:44,2025-10-27 11:57:44,
2160,1493,1491,359,1,3980000,3980000,0,2025-10-28 08:58:16,2025-10-28 08:58:16,
2161,1494,1491,384,1,2380000,2380000,0,2025-10-28 09:05:55,2025-10-28 09:05:55,
2162,1494,1491,355,1,1880000,1880000,0,2025-10-28 09:05:55,2025-10-28 09:05:55,
2163,1495,1494,385,1,2380000,2380000,0,2025-10-29 20:12:15,2025-10-29 20:12:15,
2164,1495,1494,354,1,1880000,1880000,0,2025-10-29 20:12:15,2025-10-29 20:12:15,
2165,1496,1494,385,1,2380000,2380000,0,2025-10-29 20:13:19,2025-10-29 20:13:19,
2166,1496,1494,354,1,1880000,1880000,0,2025-10-29 20:13:19,2025-10-29 20:13:19,
2167,1497,1494,385,1,2380000,2380000,0,2025-10-29 20:14:09,2025-10-29 20:14:09,
2168,1497,1494,354,1,1880000,1880000,0,2025-10-29 20:14:09,2025-10-29 20:14:09,
2169,1498,1494,385,1,2380000,2380000,0,2025-10-29 20:14:37,2025-10-29 20:14:37,
2170,1498,1494,354,1,1880000,1880000,0,2025-10-29 20:14:37,2025-10-29 20:14:37,
2171,1499,1277,341,1,3980000,3980000,0,2025-10-29 23:51:55,2025-10-29 23:51:55,
2172,1500,1277,341,1,3980000,3980000,0,2025-10-29 23:54:47,2025-10-29 23:54:47,
2173,1501,1277,341,1,3980000,3980000,0,2025-10-30 01:25:01,2025-10-30 01:25:01,
2174,1502,1394,359,1,3980000,3980000,0,2025-10-31 01:42:27,2025-10-31 01:42:27,
2175,1503,1391,342,1,2880000,2880000,0,2025-10-31 20:25:40,2025-10-31 20:25:40,
2176,1504,1125,338,1,3680000,3680000,0,2025-11-03 12:03:13,2025-11-03 12:03:13,
2177,1504,1125,238,1,1560000,1560000,0,2025-11-03 12:03:13,2025-11-03 12:03:13,
2178,1505,1447,149,1,2680000,2680000,0,2025-11-03 23:57:12,2025-11-03 23:57:12,
2179,1505,1447,298,1,1980000,1980000,0,2025-11-03 23:57:12,2025-11-03 23:57:12,
2180,1506,1502,104,1,2880000,2880000,0,2025-11-04 17:51:49,2025-11-04 17:51:49,
2181,1507,1155,380,1,2380000,2380000,0,2025-11-05 12:58:07,2025-11-05 12:58:07,
2182,1508,1155,380,1,2380000,2380000,0,2025-11-05 13:00:32,2025-11-05 13:00:32,
2183,1509,1178,334,1,2980000,2980000,0,2025-11-06 13:54:33,2025-11-06 13:54:33,
2184,1510,1507,238,1,1560000,1560000,0,2025-11-07 11:46:32,2025-11-07 11:46:32,
2185,1511,1508,393,1,1580000,1580000,0,2025-11-08 10:05:07,2025-11-08 10:05:07,
2186,1512,398,360,1,3980000,3980000,0,2025-11-08 22:54:14,2025-11-08 22:54:14,
2187,1513,398,360,1,3980000,3980000,0,2025-11-08 23:41:05,2025-11-08 23:41:05,
2188,1514,223,124,1,2280000,2280000,0,2025-11-09 11:10:47,2025-11-09 11:10:47,
2189,1515,692,356,1,3480000,3480000,0,2025-11-09 15:22:43,2025-11-09 15:22:43,
2190,1516,398,360,1,3980000,3980000,0,2025-11-09 21:32:00,2025-11-09 21:32:00,
2191,1517,398,360,1,3980000,3980000,0,2025-11-09 21:41:59,2025-11-09 21:41:59,
2192,1518,398,360,1,3980000,3980000,0,2025-11-09 22:24:50,2025-11-09 22:24:50,
2193,1519,398,360,1,3980000,3980000,0,2025-11-09 22:25:15,2025-11-09 22:25:15,
2194,1520,778,334,1,2980000,2980000,0,2025-11-10 12:03:18,2025-11-10 12:03:18,
2195,1521,1516,334,1,2980000,2980000,0,2025-11-10 21:13:28,2025-11-10 21:13:28,
2196,1522,975,357,1,3480000,3480000,0,2025-11-11 21:43:13,2025-11-11 21:43:13,