bucket,period,type,key,key_hash,aggregate,value,count
1762417440,10080,user_request,2,"X'C81E728D9D4C2F636F067F89CC14862C'",count,33.00,
1762417440,10080,cache_miss,filament-excel:exports:2,"X'6FD553FA91DAA6B8F81911C003B16325'",count,71.00,
1762417440,10080,cache_miss,0a4a5f3d7ff11eb5a2ed68849b173809,"X'AEEF20EC5E32AA2F5E62A67F3181CD12'",count,18.00,
1762417440,10080,cache_hit,0a4a5f3d7ff11eb5a2ed68849b173809,"X'AEEF20EC5E32AA2F5E62A67F3181CD12'",count,108.00,
1762417440,10080,cache_miss,ce7326a0e88ce17d26b659a2a50b3ec4,"X'9E5983823AE5FA978179C50078EAA0CC'",count,2.00,
1762417440,10080,cache_hit,ce7326a0e88ce17d26b659a2a50b3ec4,"X'9E5983823AE5FA978179C50078EAA0CC'",count,62.00,
1762417440,10080,cache_miss,d6296683395814eb386296b6c350433e,"X'F52204C5B88B307F3590FC833B2D9B4E'",count,1.00,
1762417440,10080,cache_hit,d6296683395814eb386296b6c350433e,"X'F52204C5B88B307F3590FC833B2D9B4E'",count,5.00,
1762417440,10080,cache_miss,f4bc120d890c089e6fbf6383004dbe4c,"X'435A7CC896752C1A033FD819FEC7F058'",count,1.00,
1762417440,10080,cache_hit,f4bc120d890c089e6fbf6383004dbe4c,"X'435A7CC896752C1A033FD819FEC7F058'",count,5.00,
1762417440,10080,cache_miss,94208d938afa5f3928ec9d94c4e33f1b,"X'7DC816ADC5C914B9E283B744A6B329BF'",count,2.00,
1762417440,10080,cache_hit,94208d938afa5f3928ec9d94c4e33f1b,"X'7DC816ADC5C914B9E283B744A6B329BF'",count,10.00,
1762417440,10080,cache_miss,a26b75b68f492f6fb52894313ff58279,"X'5A5298A63AFADC03B3D2C4A4BA537DB2'",count,3.00,
1762417440,10080,cache_hit,a26b75b68f492f6fb52894313ff58279,"X'5A5298A63AFADC03B3D2C4A4BA537DB2'",count,29.00,
1762417440,10080,user_request,175,"X'82161242827B703E6ACF9C726942A1E4'",count,39.00,
1762417440,10080,cache_miss,3d33db87ea1ea1cc9db679513362ed79,"X'DB0D17DDE51AF3BE565B1EC89B9E4E92'",count,8.00,
1762417440,10080,cache_hit,3d33db87ea1ea1cc9db679513362ed79,"X'DB0D17DDE51AF3BE565B1EC89B9E4E92'",count,70.00,
1762417440,10080,slow_request,"[""POST"",""\/api\/v1\/cart\/checkout"",""App\\Http\\Controllers\\Api\\V1\\CheckoutController@completeCheckout""]","X'DF0A5B0EE6D1E5BAE10F2378B95DC85B'",count,1.00,
1762417440,10080,slow_user_request,175,"X'82161242827B703E6ACF9C726942A1E4'",count,1.00,
1762417440,10080,slow_request,"[""POST"",""\/api\/v1\/cart\/checkout"",""App\\Http\\Controllers\\Api\\V1\\CheckoutController@completeCheckout""]","X'DF0A5B0EE6D1E5BAE10F2378B95DC85B'",max,1311.00,
1762417440,10080,cache_miss,3ae991ad167a352bceb509fc9492ace5,"X'BA161C73169584A9E84B236032BA9487'",count,2.00,
1762417440,10080,cache_hit,3ae991ad167a352bceb509fc9492ace5,"X'BA161C73169584A9E84B236032BA9487'",count,42.00,
1762417440,10080,slow_request,"[""POST"",""\/api\/verify\/snapp\/{id}"",""App\\Http\\Controllers\\V1\\OrderController@handleCallbackSnapp""]","X'5E54A6D377E5BFE6AA28F54E116C40C1'",count,1.00,
1762417440,10080,cache_miss,e3c8ca132ddcbd83213a08945aa56d2c,"X'932E7F156E754209D6E48610DE3F42FE'",count,4.00,
1762417440,10080,cache_hit,e3c8ca132ddcbd83213a08945aa56d2c,"X'932E7F156E754209D6E48610DE3F42FE'",count,54.00,
1762417440,10080,slow_request,"[""POST"",""\/api\/verify\/snapp\/{id}"",""App\\Http\\Controllers\\V1\\OrderController@handleCallbackSnapp""]","X'5E54A6D377E5BFE6AA28F54E116C40C1'",max,1691.00,
1762417440,10080,cache_miss,31386d4fa89a90ee72fa9bf97117ec7a,"X'5C9599A4DAF73BE361F564027782EF25'",count,1.00,
1762417440,10080,cache_hit,31386d4fa89a90ee72fa9bf97117ec7a,"X'5C9599A4DAF73BE361F564027782EF25'",count,15.00,
1762417440,10080,slow_request,"[""GET"",""\/api\/v1\/cms"",""App\\Http\\Controllers\\Api\\V1\\CmsController@index""]","X'632AF37A6E5172E8F541BA52BEF62F96'",count,1.00,
1762417440,10080,slow_query,"[""select * from `cms`"",""app\/Http\/Controllers\/Api\/V1\/CmsController.php:14""]","X'EA324ACFD5E485244159679F99E54026'",count,1.00,
1762417440,10080,slow_request,"[""GET"",""\/api\/v1\/cms"",""App\\Http\\Controllers\\Api\\V1\\CmsController@index""]","X'632AF37A6E5172E8F541BA52BEF62F96'",max,1342.00,
1762417440,10080,slow_query,"[""select * from `cms`"",""app\/Http\/Controllers\/Api\/V1\/CmsController.php:14""]","X'EA324ACFD5E485244159679F99E54026'",max,1171.00,
1762417440,10080,slow_request,"[""GET"",""\/api\/v1\/products"",""App\\Http\\Controllers\\Api\\V1\\ProductController@index""]","X'9F16684F33EF3611750C326752979C04'",count,2.00,
1762417440,10080,slow_request,"[""GET"",""\/api\/v1\/categories"",""App\\Http\\Controllers\\Api\\V1\\CategoryController@index""]","X'60374D41A7A4EB9973ABC798FC028C3D'",count,1.00,
1762417440,10080,slow_query,"[""select * from `products` where exists (select * from `categories` inner join `category_product` on `categories`.`id` = `category_product`.`category_id` where `products`.`id` = `category_product`.`product_id` and `id` in (?)) and `is_visible` = ? order by `created_at` desc"",""app\/Http\/Controllers\/Api\/V1\/ProductController.php:55""]","X'7F006BEA858B08440F01CF5FE0FE1254'",count,2.00,
1762417440,10080,slow_request,"[""GET"",""\/api\/v1\/products"",""App\\Http\\Controllers\\Api\\V1\\ProductController@index""]","X'9F16684F33EF3611750C326752979C04'",max,2542.00,
1762417440,10080,slow_query,"[""select * from `products` where exists (select * from `categories` inner join `category_product` on `categories`.`id` = `category_product`.`category_id` where `products`.`id` = `category_product`.`product_id` and `id` in (?)) and `is_visible` = ? order by `created_at` desc"",""app\/Http\/Controllers\/Api\/V1\/ProductController.php:55""]","X'7F006BEA858B08440F01CF5FE0FE1254'",max,1663.00,
1762417440,10080,slow_request,"[""GET"",""\/api\/v1\/categories"",""App\\Http\\Controllers\\Api\\V1\\CategoryController@index""]","X'60374D41A7A4EB9973ABC798FC028C3D'",max,1289.00,
1762417440,10080,slow_request,"[""GET"",""\/api\/v1\/products\/{slug}"",""App\\Http\\Controllers\\Api\\V1\\ProductController@show""]","X'170410E1B2CD0D9849ED32037684C3C8'",count,1.00,
1762417440,10080,slow_request,"[""GET"",""\/api\/v1\/products\/{slug}"",""App\\Http\\Controllers\\Api\\V1\\ProductController@show""]","X'170410E1B2CD0D9849ED32037684C3C8'",max,1651.00,
1762417440,10080,cache_miss,9af3881c0c155827cc6379abc7737ec3,"X'766CA97225CAD6F682E08C063BC3F368'",count,1.00,
1762417440,10080,cache_hit,9af3881c0c155827cc6379abc7737ec3,"X'766CA97225CAD6F682E08C063BC3F368'",count,5.00,
1762417440,10080,user_request,283,"X'0F49C89D1E7298BB9930789C8ED59D48'",count,3.00,
1762417440,10080,cache_miss,7d8f01de5116fb69aef799fb7a3abc10,"X'E34265B54E6E11DA1435030E78818999'",count,3.00,
1762417440,10080,cache_hit,7d8f01de5116fb69aef799fb7a3abc10,"X'E34265B54E6E11DA1435030E78818999'",count,3.00,
1762417440,10080,cache_miss,ebf43bf1c0d5bbd6ed5ed2013b46120e,"X'7E05E9359B67BD04709982C9C544BBA9'",count,1.00,
1762417440,10080,cache_hit,ebf43bf1c0d5bbd6ed5ed2013b46120e,"X'7E05E9359B67BD04709982C9C544BBA9'",count,9.00,
1762427520,10080,slow_request,"[""GET"",""\/api\/v1\/products\/{slug}"",""App\\Http\\Controllers\\Api\\V1\\ProductController@show""]","X'170410E1B2CD0D9849ED32037684C3C8'",count,2.00,
1762427520,10080,cache_miss,788c7a22017d841a7e9b8290a08ed86e,"X'6221AEE368DA8E088BCCFF5DF36A2AD2'",count,2.00,
1762427520,10080,cache_hit,788c7a22017d841a7e9b8290a08ed86e,"X'6221AEE368DA8E088BCCFF5DF36A2AD2'",count,2.00,
1762427520,10080,slow_request,"[""GET"",""\/api\/v1\/products\/{slug}"",""App\\Http\\Controllers\\Api\\V1\\ProductController@show""]","X'170410E1B2CD0D9849ED32037684C3C8'",max,5905.00,
1762427520,10080,cache_miss,ba554efa9517a20fff11ce3977b13a0b,"X'B884DCD605EAFFF0EB60184A51684E00'",count,2.00,
1762427520,10080,cache_hit,ba554efa9517a20fff11ce3977b13a0b,"X'B884DCD605EAFFF0EB60184A51684E00'",count,6.00,
1762427520,10080,cache_miss,c30de2bb61a050d14d8362f40bbba5e5,"X'23430F39BFEEC98BF8C2BCE29F4E04FF'",count,1.00,
1762427520,10080,cache_hit,c30de2bb61a050d14d8362f40bbba5e5,"X'23430F39BFEEC98BF8C2BCE29F4E04FF'",count,1.00,
1762427520,10080,cache_miss,7e1037c9b627f4afb734cefcd17adad4,"X'FA64238A74145E115DE7FDEBBC0D1D88'",count,1.00,
1762427520,10080,cache_hit,7e1037c9b627f4afb734cefcd17adad4,"X'FA64238A74145E115DE7FDEBBC0D1D88'",count,1.00,
1762427520,10080,cache_miss,8b83a9ca50320e17b6802f3a104e193b,"X'503CDFD9D93B30A3E3B49A77BD756076'",count,1.00,
1762427520,10080,cache_hit,8b83a9ca50320e17b6802f3a104e193b,"X'503CDFD9D93B30A3E3B49A77BD756076'",count,1.00,
1762427520,10080,cache_miss,fecd64437963ff099af72113103eacbf,"X'CAF685F3E623F783F97F6711990F30F3'",count,1.00,
1762427520,10080,cache_hit,fecd64437963ff099af72113103eacbf,"X'CAF685F3E623F783F97F6711990F30F3'",count,1.00,
1762427520,10080,cache_miss,0a4a5f3d7ff11eb5a2ed68849b173809,"X'AEEF20EC5E32AA2F5E62A67F3181CD12'",count,8.00,
1762427520,10080,cache_hit,0a4a5f3d7ff11eb5a2ed68849b173809,"X'AEEF20EC5E32AA2F5E62A67F3181CD12'",count,52.00,
1762427520,10080,cache_miss,927d84121ff2f0f785728259a034c05b,"X'39B8C1BE3D5E6506C4A886561737974B'",count,1.00,
1762427520,10080,cache_hit,927d84121ff2f0f785728259a034c05b,"X'39B8C1BE3D5E6506C4A886561737974B'",count,15.00,
1762427520,10080,user_request,981,"X'287E03DB1D99E0EC2EDB90D079E142F3'",count,2.00,
1762427520,10080,cache_miss,88813c43741933a3242cbc363e8f9460,"X'8CB60829DED4D5B85816E08A1B2BB52B'",count,1.00,
1762427520,10080,cache_hit,88813c43741933a3242cbc363e8f9460,"X'8CB60829DED4D5B85816E08A1B2BB52B'",count,3.00,
1762427520,10080,cache_miss,7a6f54dcc582541703e20f6df0972d1d,"X'C875640C6A376D2B7B6680656B60D3A0'",count,1.00,
1762427520,10080,cache_hit,7a6f54dcc582541703e20f6df0972d1d,"X'C875640C6A376D2B7B6680656B60D3A0'",count,19.00,
1762427520,10080,slow_request,"[""GET"",""\/api\/v1\/cms"",""App\\Http\\Controllers\\Api\\V1\\CmsController@index""]","X'632AF37A6E5172E8F541BA52BEF62F96'",count,1.00,
1762427520,10080,slow_request,"[""GET"",""\/api\/v1\/cms"",""App\\Http\\Controllers\\Api\\V1\\CmsController@index""]","X'632AF37A6E5172E8F541BA52BEF62F96'",max,1331.00,
1762427520,10080,cache_miss,filament-excel:exports:,"X'50DA9B2F53ED4C08BE526D8A6E6FD0F4'",count,1.00,
1762427520,10080,cache_miss,bc35bfd2a7abf838dcee292cf1c9eedb,"X'F1B99112D8B7A361604DF7735A9611D8'",count,1.00,
1762427520,10080,cache_hit,bc35bfd2a7abf838dcee292cf1c9eedb,"X'F1B99112D8B7A361604DF7735A9611D8'",count,19.00,
1762427520,10080,user_request,918,"X'1E056D2B0EBD5C878C550DA6AC5D3724'",count,7.00,
1762427520,10080,cache_miss,f4caa4e33e21dbc76456138952f3a8bd,"X'DB26C6E9A005205382383C5E08F61EEA'",count,2.00,
1762427520,10080,cache_hit,f4caa4e33e21dbc76456138952f3a8bd,"X'DB26C6E9A005205382383C5E08F61EEA'",count,12.00,
1762427520,10080,cache_miss,a26b75b68f492f6fb52894313ff58279,"X'5A5298A63AFADC03B3D2C4A4BA537DB2'",count,5.00,
1762427520,10080,cache_hit,a26b75b68f492f6fb52894313ff58279,"X'5A5298A63AFADC03B3D2C4A4BA537DB2'",count,97.00,
1762427520,10080,user_request,175,"X'82161242827B703E6ACF9C726942A1E4'",count,8.00,
1762427520,10080,cache_miss,3d33db87ea1ea1cc9db679513362ed79,"X'DB0D17DDE51AF3BE565B1EC89B9E4E92'",count,2.00,
1762427520,10080,cache_hit,3d33db87ea1ea1cc9db679513362ed79,"X'DB0D17DDE51AF3BE565B1EC89B9E4E92'",count,14.00,
1762427520,10080,cache_miss,563ed50f86407d2373a3463fcfdfb52e,"X'082A75F8CA6E0CF54B8BD7C9B0EC2BAF'",count,1.00,
1762427520,10080,cache_hit,563ed50f86407d2373a3463fcfdfb52e,"X'082A75F8CA6E0CF54B8BD7C9B0EC2BAF'",count,15.00,
1762427520,10080,cache_miss,f4bc120d890c089e6fbf6383004dbe4c,"X'435A7CC896752C1A033FD819FEC7F058'",count,9.00,
1762427520,10080,cache_hit,f4bc120d890c089e6fbf6383004dbe4c,"X'435A7CC896752C1A033FD819FEC7F058'",count,85.00,
1762427520,10080,slow_request,"[""GET"",""\/api\/v1\/collection"",""App\\Http\\Controllers\\Api\\V1\\CollectionController@index""]","X'C5A70820A669030919A4ED1A6B091384'",count,7.00,
1762427520,10080,slow_request,"[""GET"",""\/api\/v1\/collection"",""App\\Http\\Controllers\\Api\\V1\\CollectionController@index""]","X'C5A70820A669030919A4ED1A6B091384'",max,12818.00,
1762427520,10080,cache_miss,60c18ec7af80899140c8bc82e9e51ced,"X'B37EDB83B48C232BDE98EBD51DB20D0D'",count,2.00,
1762427520,10080,cache_hit,60c18ec7af80899140c8bc82e9e51ced,"X'B37EDB83B48C232BDE98EBD51DB20D0D'",count,22.00,
1762427520,10080,cache_miss,8995e05250ef7f3afce666231af7e7a8,"X'35B091B51E1752826251484BC6012357'",count,1.00,
1762427520,10080,cache_hit,8995e05250ef7f3afce666231af7e7a8,"X'35B091B51E1752826251484BC6012357'",count,19.00,
1762427520,10080,slow_request,"[""GET"",""\/admin"",""Filament\\Pages\\Dashboard""]","X'9D8BAF8A2E7DD28B63E0B975A699316E'",count,1.00,
1762427520,10080,slow_user_request,2,"X'C81E728D9D4C2F636F067F89CC14862C'",count,2.00,
1762427520,10080,user_request,2,"X'C81E728D9D4C2F636F067F89CC14862C'",count,9.00,
1762427520,10080,cache_miss,filament-excel:exports:2,"X'6FD553FA91DAA6B8F81911C003B16325'",count,15.00,
1762427520,10080,slow_request,"[""GET"",""\/admin"",""Filament\\Pages\\Dashboard""]","X'9D8BAF8A2E7DD28B63E0B975A699316E'",max,2062.00,
1762427520,10080,slow_request,"[""GET"",""\/admin\/orders"",""App\\Filament\\Resources\\OrderResource\\Pages\\ListOrders""]","X'A2AE3228E686D76741D3394E80A94136'",count,1.00,
1762427520,10080,slow_request,"[""GET"",""\/admin\/orders"",""App\\Filament\\Resources\\OrderResource\\Pages\\ListOrders""]","X'A2AE3228E686D76741D3394E80A94136'",max,1120.00,
1762437600,10080,cache_miss,f4bc120d890c089e6fbf6383004dbe4c,"X'435A7CC896752C1A033FD819FEC7F058'",count,3.00,
1762437600,10080,cache_hit,f4bc120d890c089e6fbf6383004dbe4c,"X'435A7CC896752C1A033FD819FEC7F058'",count,13.00,
1762437600,10080,cache_miss,0a4a5f3d7ff11eb5a2ed68849b173809,"X'AEEF20EC5E32AA2F5E62A67F3181CD12'",count,22.00,
1762437600,10080,cache_hit,0a4a5f3d7ff11eb5a2ed68849b173809,"X'AEEF20EC5E32AA2F5E62A67F3181CD12'",count,174.00,
1762437600,10080,cache_miss,4c1ab3c6d290cf781a785e1bfdd8d357,"X'6C96876B003A0375EFCCF54BDAA2C7B7'",count,1.00,
1762437600,10080,cache_hit,4c1ab3c6d290cf781a785e1bfdd8d357,"X'6C96876B003A0375EFCCF54BDAA2C7B7'",count,9.00,
1762437600,10080,cache_miss,bc35bfd2a7abf838dcee292cf1c9eedb,"X'F1B99112D8B7A361604DF7735A9611D8'",count,3.00,
1762437600,10080,cache_hit,bc35bfd2a7abf838dcee292cf1c9eedb,"X'F1B99112D8B7A361604DF7735A9611D8'",count,59.00,
1762437600,10080,user_request,918,"X'1E056D2B0EBD5C878C550DA6AC5D3724'",count,10.00,
1762437600,10080,cache_miss,f4caa4e33e21dbc76456138952f3a8bd,"X'DB26C6E9A005205382383C5E08F61EEA'",count,3.00,
1762437600,10080,cache_hit,f4caa4e33e21dbc76456138952f3a8bd,"X'DB26C6E9A005205382383C5E08F61EEA'",count,17.00,
1762437600,10080,slow_request,"[""GET"",""\/api\/v1\/products\/{slug}"",""App\\Http\\Controllers\\Api\\V1\\ProductController@show""]","X'170410E1B2CD0D9849ED32037684C3C8'",count,1.00,
1762437600,10080,slow_request,"[""GET"",""\/api\/v1\/products\/{slug}"",""App\\Http\\Controllers\\Api\\V1\\ProductController@show""]","X'170410E1B2CD0D9849ED32037684C3C8'",max,2173.00,
1762437600,10080,cache_miss,292d1f4d66129bba1f396204bdcd48d8,"X'9C30AF6A1717722C156E54460723544D'",count,1.00,
1762437600,10080,cache_hit,292d1f4d66129bba1f396204bdcd48d8,"X'9C30AF6A1717722C156E54460723544D'",count,17.00,
1762437600,10080,cache_miss,8f1016135d6200ae5a3443994a718b64,"X'B56B6F4B5148D73CDB687898E178D15C'",count,2.00,
1762437600,10080,cache_hit,8f1016135d6200ae5a3443994a718b64,"X'B56B6F4B5148D73CDB687898E178D15C'",count,32.00,
1762437600,10080,user_request,2,"X'C81E728D9D4C2F636F067F89CC14862C'",count,10.00,
1762437600,10080,cache_miss,filament-excel:exports:2,"X'6FD553FA91DAA6B8F81911C003B16325'",count,13.00,
1762437600,10080,cache_miss,927d84121ff2f0f785728259a034c05b,"X'39B8C1BE3D5E6506C4A886561737974B'",count,2.00,
1762437600,10080,cache_hit,927d84121ff2f0f785728259a034c05b,"X'39B8C1BE3D5E6506C4A886561737974B'",count,10.00,
1762437600,10080,user_request,981,"X'287E03DB1D99E0EC2EDB90D079E142F3'",count,1.00,
1762437600,10080,cache_miss,88813c43741933a3242cbc363e8f9460,"X'8CB60829DED4D5B85816E08A1B2BB52B'",count,1.00,
1762437600,10080,cache_hit,88813c43741933a3242cbc363e8f9460,"X'8CB60829DED4D5B85816E08A1B2BB52B'",count,1.00,
1762437600,10080,cache_miss,c5858963ace66b3f54d8ee9ace1b479f,"X'C60244E53DD8696980B181EDD67C046D'",count,3.00,
1762437600,10080,cache_hit,c5858963ace66b3f54d8ee9ace1b479f,"X'C60244E53DD8696980B181EDD67C046D'",count,59.00,
1762437600,10080,cache_miss,8272d7566af49e2419f992a3fe934d32,"X'48CBA00D655F74CA7FD546710C7F2322'",count,5.00,
1762437600,10080,cache_hit,8272d7566af49e2419f992a3fe934d32,"X'48CBA00D655F74CA7FD546710C7F2322'",count,77.00,
1762437600,10080,cache_miss,2878f645edbda840bc9a2c9bb1924b5b,"X'27BAB7EC70DAF3B17011711CCB05DFE2'",count,1.00,
1762437600,10080,cache_hit,2878f645edbda840bc9a2c9bb1924b5b,"X'27BAB7EC70DAF3B17011711CCB05DFE2'",count,1.00,
1762437600,10080,cache_miss,62015edfba798b955ea97430ecca55fd,"X'36B55B3684962003A576A98C04B92B1C'",count,1.00,
1762437600,10080,cache_hit,62015edfba798b955ea97430ecca55fd,"X'36B55B3684962003A576A98C04B92B1C'",count,3.00,
1762437600,10080,cache_miss,cda4c95e4c0b749def3750ea64b5c9b7,"X'B6D40156768E308358B16E572987CB15'",count,3.00,
1762437600,10080,cache_hit,cda4c95e4c0b749def3750ea64b5c9b7,"X'B6D40156768E308358B16E572987CB15'",count,45.00,
1762437600,10080,cache_miss,d9a0a03141c4cbdb2a59601d6b67072e,"X'9D89BFC11EC5B9D43C9452C66D9D2982'",count,1.00,
1762437600,10080,cache_hit,d9a0a03141c4cbdb2a59601d6b67072e,"X'9D89BFC11EC5B9D43C9452C66D9D2982'",count,5.00,
1762437600,10080,cache_miss,19e13273b50cfb9631e375e5ed80c819,"X'534242C55C7F5BD89A86F49ABEA55C8C'",count,2.00,
1762437600,10080,cache_hit,19e13273b50cfb9631e375e5ed80c819,"X'534242C55C7F5BD89A86F49ABEA55C8C'",count,30.00,
1762437600,10080,cache_miss,adc6f82e0546132718d26bbf1337217f,"X'0DCF127D45077CB1EAF62690365E1936'",count,1.00,
1762437600,10080,cache_hit,adc6f82e0546132718d26bbf1337217f,"X'0DCF127D45077CB1EAF62690365E1936'",count,15.00,
1762437600,10080,cache_miss,5ff1de7c8994202411c9ea430a9f6cca,"X'ECA18D9CA727201DEEA93831557D5A63'",count,3.00,
1762437600,10080,cache_hit,5ff1de7c8994202411c9ea430a9f6cca,"X'ECA18D9CA727201DEEA93831557D5A63'",count,27.00,
1762437600,10080,cache_miss,8363bd5067b1fe3ea2906f714ce02be9,"X'DB1C82546195081BD25F411D82C17554'",count,1.00,
1762437600,10080,cache_hit,8363bd5067b1fe3ea2906f714ce02be9,"X'DB1C82546195081BD25F411D82C17554'",count,5.00,
1762447680,10080,user_request,2,"X'C81E728D9D4C2F636F067F89CC14862C'",count,30.00,
1762447680,10080,cache_miss,filament-excel:exports:2,"X'6FD553FA91DAA6B8F81911C003B16325'",count,49.00,
1762447680,10080,cache_miss,0a4a5f3d7ff11eb5a2ed68849b173809,"X'AEEF20EC5E32AA2F5E62A67F3181CD12'",count,11.00,
1762447680,10080,cache_hit,0a4a5f3d7ff11eb5a2ed68849b173809,"X'AEEF20EC5E32AA2F5E62A67F3181CD12'",count,65.00,
1762447680,10080,cache_miss,7f0ed8d30b07ce273cacf9e249bb92e1,"X'E46586E07BE02435DB8B2CDF163D83AA'",count,1.00,
1762447680,10080,cache_hit,7f0ed8d30b07ce273cacf9e249bb92e1,"X'E46586E07BE02435DB8B2CDF163D83AA'",count,9.00,
1762447680,10080,cache_miss,543cfdcb3c1185d3b50a1b51aeef3868,"X'6E58CCEB1B7098904C18380C3D532A11'",count,1.00,
1762447680,10080,cache_hit,543cfdcb3c1185d3b50a1b51aeef3868,"X'6E58CCEB1B7098904C18380C3D532A11'",count,19.00,
1762447680,10080,cache_miss,84e2f8128add1a6e702d0870cd2a8b3e,"X'BC5D957F9E6151F94FBBBCA35D961C53'",count,4.00,
1762447680,10080,cache_hit,84e2f8128add1a6e702d0870cd2a8b3e,"X'BC5D957F9E6151F94FBBBCA35D961C53'",count,50.00,
1762447680,10080,slow_request,"[""GET"",""\/api\/v1\/cms"",""App\\Http\\Controllers\\Api\\V1\\CmsController@index""]","X'632AF37A6E5172E8F541BA52BEF62F96'",count,1.00,
1762447680,10080,slow_request,"[""GET"",""\/api\/v1\/cms"",""App\\Http\\Controllers\\Api\\V1\\CmsController@index""]","X'632AF37A6E5172E8F541BA52BEF62F96'",max,2397.00,
1762447680,10080,cache_miss,29a9c24f063c9245ca8089a29b21a300,"X'C5238A3959D2D6E410C4E611BBDEF59D'",count,1.00,
1762447680,10080,cache_hit,29a9c24f063c9245ca8089a29b21a300,"X'C5238A3959D2D6E410C4E611BBDEF59D'",count,1.00,
1762447680,10080,cache_miss,860f84cb97ec848352affc85e98e63ad,"X'EB13CDE15E71C0AF7B7D89C3BCDE9B8A'",count,2.00,
1762447680,10080,cache_hit,860f84cb97ec848352affc85e98e63ad,"X'EB13CDE15E71C0AF7B7D89C3BCDE9B8A'",count,2.00,
1762447680,10080,cache_miss,3148ceb81e414d621eadb0a686c2542e,"X'549835758617357A89D78824C9B86B9A'",count,2.00,
1762447680,10080,cache_hit,3148ceb81e414d621eadb0a686c2542e,"X'549835758617357A89D78824C9B86B9A'",count,34.00,
1762447680,10080,cache_miss,56de54df2dd05eb274de0b858705dfdb,"X'AD4A1E5D30265126AC4B32306B5E1E55'",count,1.00,
1762447680,10080,cache_hit,56de54df2dd05eb274de0b858705dfdb,"X'AD4A1E5D30265126AC4B32306B5E1E55'",count,13.00,
1762447680,10080,cache_miss,f03d15600a9b9faf5ce2c0253850e43e,"X'B4B349681818A9F12E96679186E0A52D'",count,3.00,
1762447680,10080,cache_hit,f03d15600a9b9faf5ce2c0253850e43e,"X'B4B349681818A9F12E96679186E0A52D'",count,17.00,
1762447680,10080,cache_miss,d1f99b5c39f7b83b417a2ed5e127d955,"X'473BAD54B9D865BCAF687E9E8A0CAB4F'",count,2.00,
1762447680,10080,cache_hit,d1f99b5c39f7b83b417a2ed5e127d955,"X'473BAD54B9D865BCAF687E9E8A0CAB4F'",count,22.00,
1762447680,10080,cache_miss,e336e905a67faf7a3b79256eabad86f0,"X'1046FED97A0BEAFD992B8105219C3BCD'",count,2.00,
1762447680,10080,cache_hit,e336e905a67faf7a3b79256eabad86f0,"X'1046FED97A0BEAFD992B8105219C3BCD'",count,24.00,
1762447680,10080,cache_miss,8a9014c34388ee97914b35cf1f6d218d,"X'A7C02C218ADF2F6C85B09F544C812A4D'",count,1.00,
1762447680,10080,cache_hit,8a9014c34388ee97914b35cf1f6d218d,"X'A7C02C218ADF2F6C85B09F544C812A4D'",count,1.00,
1762447680,10080,cache_miss,7438ff552fc631a07881a3b6cec34709,"X'D4DAF1EE2DE8D05DD84CCEDBACEA7167'",count,2.00,
1762447680,10080,cache_hit,7438ff552fc631a07881a3b6cec34709,"X'D4DAF1EE2DE8D05DD84CCEDBACEA7167'",count,2.00,
1762447680,10080,cache_miss,966464679ad6188975eb267a2c0d6a68,"X'BD87E5077CC1A34EB1A0B2B2E56BBCF7'",count,1.00,
1762447680,10080,cache_hit,966464679ad6188975eb267a2c0d6a68,"X'BD87E5077CC1A34EB1A0B2B2E56BBCF7'",count,1.00,
1762457760,10080,cache_miss,79e342dcd51206e4f69aa6f21441f424,"X'5CB8FB9AF4025E8976F693FBDC18F48F'",count,1.00,
1762457760,10080,cache_hit,79e342dcd51206e4f69aa6f21441f424,"X'5CB8FB9AF4025E8976F693FBDC18F48F'",count,1.00,
1762457760,10080,cache_miss,a98bfc38ea0e369514bb8a33c424cd4a,"X'7F898757CD84F8541EC1D12A396447A5'",count,1.00,
1762457760,10080,cache_hit,a98bfc38ea0e369514bb8a33c424cd4a,"X'7F898757CD84F8541EC1D12A396447A5'",count,1.00,
1762457760,10080,cache_miss,0a4a5f3d7ff11eb5a2ed68849b173809,"X'AEEF20EC5E32AA2F5E62A67F3181CD12'",count,12.00,
1762457760,10080,cache_hit,0a4a5f3d7ff11eb5a2ed68849b173809,"X'AEEF20EC5E32AA2F5E62A67F3181CD12'",count,96.00,
1762457760,10080,cache_miss,7716ca537d6dd0f2e0bdfd6bc2e76567,"X'09179E5CE116CA423846B686BBECCE1A'",count,1.00,
1762457760,10080,cache_hit,7716ca537d6dd0f2e0bdfd6bc2e76567,"X'09179E5CE116CA423846B686BBECCE1A'",count,5.00,
1762457760,10080,cache_miss,6e369bc031e3ed0b2495dc52ebcd7efc,"X'0EC4AA7F437A95BD8E87A73FACE7FB62'",count,4.00,
1762457760,10080,cache_hit,6e369bc031e3ed0b2495dc52ebcd7efc,"X'0EC4AA7F437A95BD8E87A73FACE7FB62'",count,110.00,
1762457760,10080,cache_miss,6ad1568c16d28be31ee2b0306366f139,"X'D93972E6DD17D53FF67B58A184431671'",count,2.00,
1762457760,10080,cache_hit,6ad1568c16d28be31ee2b0306366f139,"X'D93972E6DD17D53FF67B58A184431671'",count,18.00,
1762457760,10080,cache_miss,fecd64437963ff099af72113103eacbf,"X'CAF685F3E623F783F97F6711990F30F3'",count,1.00,
1762457760,10080,cache_hit,fecd64437963ff099af72113103eacbf,"X'CAF685F3E623F783F97F6711990F30F3'",count,3.00,
1762457760,10080,cache_miss,90167c518c9e883e8ba34c5f9eea9d48,"X'FCA4C76366750D3263F09F9374A06F8E'",count,2.00,
1762457760,10080,cache_hit,90167c518c9e883e8ba34c5f9eea9d48,"X'FCA4C76366750D3263F09F9374A06F8E'",count,18.00,
1762457760,10080,slow_request,"[""GET"",""\/api\/v1\/collections"",""App\\Http\\Controllers\\Api\\V1\\CollectionController@all""]","X'F0CAFB9DE9C914BAC0B8613012B749DF'",count,1.00,
1762457760,10080,slow_request,"[""GET"",""\/api\/v1\/collections"",""App\\Http\\Controllers\\Api\\V1\\CollectionController@all""]","X'F0CAFB9DE9C914BAC0B8613012B749DF'",max,2598.00,
1762457760,10080,cache_miss,ba554efa9517a20fff11ce3977b13a0b,"X'B884DCD605EAFFF0EB60184A51684E00'",count,1.00,
1762457760,10080,cache_hit,ba554efa9517a20fff11ce3977b13a0b,"X'B884DCD605EAFFF0EB60184A51684E00'",count,3.00,
1762457760,10080,cache_miss,788c7a22017d841a7e9b8290a08ed86e,"X'6221AEE368DA8E088BCCFF5DF36A2AD2'",count,1.00,
1762457760,10080,cache_hit,788c7a22017d841a7e9b8290a08ed86e,"X'6221AEE368DA8E088BCCFF5DF36A2AD2'",count,5.00,
1762457760,10080,cache_miss,6137ada9b3afad6eb623178d558326f8,"X'9DF7720AF97523B9703E0112AD5FB952'",count,1.00,
1762457760,10080,cache_hit,6137ada9b3afad6eb623178d558326f8,"X'9DF7720AF97523B9703E0112AD5FB952'",count,15.00,
1762457760,10080,cache_miss,b64eb405a4b4ab318b26067b7eeaaea1,"X'390B415A40958CE745EB801E52F0D7F0'",count,3.00,
1762457760,10080,cache_hit,b64eb405a4b4ab318b26067b7eeaaea1,"X'390B415A40958CE745EB801E52F0D7F0'",count,43.00,
1762457760,10080,cache_miss,b8139955a4f47fb34a9b8508df646d5a,"X'31DE6305BB808488284F9523FB1988E3'",count,5.00,
1762457760,10080,cache_hit,b8139955a4f47fb34a9b8508df646d5a,"X'31DE6305BB808488284F9523FB1988E3'",count,49.00,
1762457760,10080,cache_miss,d7948d17efdfb8c4647c9271d65f9316,"X'036E8481B4B969FCE5217ACDCA6D7159'",count,1.00,
1762457760,10080,cache_hit,d7948d17efdfb8c4647c9271d65f9316,"X'036E8481B4B969FCE5217ACDCA6D7159'",count,9.00,
1762457760,10080,cache_miss,b6ff367bc0709f575672e782dc0293d2,"X'7D30798B34954DBB8EA4A2B4C4700218'",count,3.00,
1762457760,10080,cache_hit,b6ff367bc0709f575672e782dc0293d2,"X'7D30798B34954DBB8EA4A2B4C4700218'",count,37.00,
1762457760,10080,cache_hit,2410b5dc7bc8718e876b365a320fa965,"X'36A810389D10925EF9A90E9074913932'",count,5.00,
1762457760,10080,cache_miss,2410b5dc7bc8718e876b365a320fa965,"X'36A810389D10925EF9A90E9074913932'",count,1.00,
1762457760,10080,cache_miss,7a9b26b2635d16514a8a63873591a55c,"X'2C1CC930E50FA68BCE5C8745E5CF6F32'",count,1.00,
1762457760,10080,cache_hit,7a9b26b2635d16514a8a63873591a55c,"X'2C1CC930E50FA68BCE5C8745E5CF6F32'",count,1.00,
1762457760,10080,cache_miss,c160e923e1b765a4de29afd561c0ed50,"X'A030CA4B525F3BA5EE859EC3C0BB2E4A'",count,1.00,
1762457760,10080,cache_hit,c160e923e1b765a4de29afd561c0ed50,"X'A030CA4B525F3BA5EE859EC3C0BB2E4A'",count,1.00,
1762467840,10080,cache_hit,b6ff367bc0709f575672e782dc0293d2,"X'7D30798B34954DBB8EA4A2B4C4700218'",count,110.00,
1762467840,10080,cache_miss,b6ff367bc0709f575672e782dc0293d2,"X'7D30798B34954DBB8EA4A2B4C4700218'",count,6.00,
1762467840,10080,cache_miss,0a4a5f3d7ff11eb5a2ed68849b173809,"X'AEEF20EC5E32AA2F5E62A67F3181CD12'",count,6.00,
1762467840,10080,cache_hit,0a4a5f3d7ff11eb5a2ed68849b173809,"X'AEEF20EC5E32AA2F5E62A67F3181CD12'",count,30.00,
1762467840,10080,cache_miss,6bf07569991ccec2fabaa4acc4995328,"X'5A34ACD41BDA7808F3DA95CE13B7AC12'",count,1.00,
1762467840,10080,cache_hit,6bf07569991ccec2fabaa4acc4995328,"X'5A34ACD41BDA7808F3DA95CE13B7AC12'",count,9.00,
1762467840,10080,cache_miss,5d9ae84f02ae97dab07506b6fa65c1cd,"X'15A4CE3C97B203700FCD908FEB7724E1'",count,4.00,
1762467840,10080,cache_hit,5d9ae84f02ae97dab07506b6fa65c1cd,"X'15A4CE3C97B203700FCD908FEB7724E1'",count,68.00,
1762467840,10080,slow_request,"[""GET"",""\/api\/v1\/collections"",""App\\Http\\Controllers\\Api\\V1\\CollectionController@all""]","X'F0CAFB9DE9C914BAC0B8613012B749DF'",count,1.00,
1762467840,10080,slow_request,"[""GET"",""\/api\/v1\/collections"",""App\\Http\\Controllers\\Api\\V1\\CollectionController@all""]","X'F0CAFB9DE9C914BAC0B8613012B749DF'",max,1612.00,
1762467840,10080,cache_miss,adc6f82e0546132718d26bbf1337217f,"X'0DCF127D45077CB1EAF62690365E1936'",count,4.00,
1762467840,10080,cache_hit,adc6f82e0546132718d26bbf1337217f,"X'0DCF127D45077CB1EAF62690365E1936'",count,34.00,
1762467840,10080,slow_request,"[""GET"",""\/api\/v1\/collection"",""App\\Http\\Controllers\\Api\\V1\\CollectionController@index""]","X'C5A70820A669030919A4ED1A6B091384'",count,2.00,
1762467840,10080,slow_request,"[""GET"",""\/api\/v1\/collection"",""App\\Http\\Controllers\\Api\\V1\\CollectionController@index""]","X'C5A70820A669030919A4ED1A6B091384'",max,2835.00,
1762467840,10080,cache_miss,fecd64437963ff099af72113103eacbf,"X'CAF685F3E623F783F97F6711990F30F3'",count,2.00,
1762467840,10080,cache_hit,fecd64437963ff099af72113103eacbf,"X'CAF685F3E623F783F97F6711990F30F3'",count,2.00,
1762467840,10080,cache_miss,788c7a22017d841a7e9b8290a08ed86e,"X'6221AEE368DA8E088BCCFF5DF36A2AD2'",count,1.00,
1762467840,10080,cache_hit,788c7a22017d841a7e9b8290a08ed86e,"X'6221AEE368DA8E088BCCFF5DF36A2AD2'",count,1.00,
1762467840,10080,cache_miss,ba554efa9517a20fff11ce3977b13a0b,"X'B884DCD605EAFFF0EB60184A51684E00'",count,1.00,
1762467840,10080,cache_hit,ba554efa9517a20fff11ce3977b13a0b,"X'B884DCD605EAFFF0EB60184A51684E00'",count,1.00,
1762477920,10080,cache_miss,0a4a5f3d7ff11eb5a2ed68849b173809,"X'AEEF20EC5E32AA2F5E62A67F3181CD12'",count,5.00,
1762477920,10080,cache_hit,0a4a5f3d7ff11eb5a2ed68849b173809,"X'AEEF20EC5E32AA2F5E62A67F3181CD12'",count,23.00,
1762477920,10080,cache_miss,983e7889b1f486e231a5ef580a3af848,"X'B48BF8AA1B6A593A63A2AEA49549045C'",count,1.00,
1762477920,10080,cache_hit,983e7889b1f486e231a5ef580a3af848,"X'B48BF8AA1B6A593A63A2AEA49549045C'",count,5.00,
1762488000,10080,cache_miss,74ed1791d96edecee8030d945e0b111e,"X'67BC68DB34517B304FF0ABA2BEB5FF89'",count,2.00,
1762488000,10080,cache_hit,74ed1791d96edecee8030d945e0b111e,"X'67BC68DB34517B304FF0ABA2BEB5FF89'",count,18.00,
1762488000,10080,cache_miss,788c7a22017d841a7e9b8290a08ed86e,"X'6221AEE368DA8E088BCCFF5DF36A2AD2'",count,1.00,
1762488000,10080,cache_hit,788c7a22017d841a7e9b8290a08ed86e,"X'6221AEE368DA8E088BCCFF5DF36A2AD2'",count,1.00,
1762488000,10080,cache_miss,ba554efa9517a20fff11ce3977b13a0b,"X'B884DCD605EAFFF0EB60184A51684E00'",count,2.00,
1762488000,10080,cache_hit,ba554efa9517a20fff11ce3977b13a0b,"X'B884DCD605EAFFF0EB60184A51684E00'",count,2.00,
1762488000,10080,cache_miss,819cd18cca90d52561cbe12af742577c,"X'D2B45B0F71FB59DCDA8BD21549715C95'",count,1.00,
1762488000,10080,cache_hit,819cd18cca90d52561cbe12af742577c,"X'D2B45B0F71FB59DCDA8BD21549715C95'",count,1.00,
1762488000,10080,cache_miss,fecd64437963ff099af72113103eacbf,"X'CAF685F3E623F783F97F6711990F30F3'",count,1.00,
1762488000,10080,cache_hit,fecd64437963ff099af72113103eacbf,"X'CAF685F3E623F783F97F6711990F30F3'",count,1.00,
1762488000,10080,cache_miss,0a4a5f3d7ff11eb5a2ed68849b173809,"X'AEEF20EC5E32AA2F5E62A67F3181CD12'",count,3.00,
1762488000,10080,cache_hit,0a4a5f3d7ff11eb5a2ed68849b173809,"X'AEEF20EC5E32AA2F5E62A67F3181CD12'",count,15.00,
1762488000,10080,user_request,2,"X'C81E728D9D4C2F636F067F89CC14862C'",count,3.00,
1762488000,10080,cache_miss,filament-excel:exports:2,"X'6FD553FA91DAA6B8F81911C003B16325'",count,4.00,
1762488000,10080,cache_miss,5989f0e095ee45222d7cfb87b27ef99a,"X'5A1011580B53CD7A86725624962EB13A'",count,5.00,
1762488000,10080,cache_hit,5989f0e095ee45222d7cfb87b27ef99a,"X'5A1011580B53CD7A86725624962EB13A'",count,15.00,
1762498080,10080,cache_miss,0a4a5f3d7ff11eb5a2ed68849b173809,"X'AEEF20EC5E32AA2F5E62A67F3181CD12'",count,9.00,
1762498080,10080,cache_hit,0a4a5f3d7ff11eb5a2ed68849b173809,"X'AEEF20EC5E32AA2F5E62A67F3181CD12'",count,45.00,
1762498080,10080,cache_miss,8d4cb5c37ed7ea516462ead222dbf4e8,"X'7DAF8F2CA019E7B8A096934F4F1E59A3'",count,4.00,
1762498080,10080,cache_hit,8d4cb5c37ed7ea516462ead222dbf4e8,"X'7DAF8F2CA019E7B8A096934F4F1E59A3'",count,40.00,
1762498080,10080,cache_miss,01d6198631aab5cebee5068676f01429,"X'86B2330D596F264A6515DE68E8B6B539'",count,2.00,
1762498080,10080,cache_hit,01d6198631aab5cebee5068676f01429,"X'86B2330D596F264A6515DE68E8B6B539'",count,10.00,
1762498080,10080,user_request,2,"X'C81E728D9D4C2F636F067F89CC14862C'",count,2.00,
1762498080,10080,cache_miss,filament-excel:exports:2,"X'6FD553FA91DAA6B8F81911C003B16325'",count,2.00,
1762498080,10080,cache_miss,788c7a22017d841a7e9b8290a08ed86e,"X'6221AEE368DA8E088BCCFF5DF36A2AD2'",count,1.00,
1762498080,10080,cache_hit,788c7a22017d841a7e9b8290a08ed86e,"X'6221AEE368DA8E088BCCFF5DF36A2AD2'",count,1.00,
1762498080,10080,cache_miss,fecd64437963ff099af72113103eacbf,"X'CAF685F3E623F783F97F6711990F30F3'",count,1.00,
1762498080,10080,cache_hit,fecd64437963ff099af72113103eacbf,"X'CAF685F3E623F783F97F6711990F30F3'",count,1.00,
1762498080,10080,cache_miss,b43de486ac31ad38081b42b86885e65d,"X'3CF27456820AAEBC9979B848CE9C354C'",count,1.00,
1762498080,10080,cache_hit,b43de486ac31ad38081b42b86885e65d,"X'3CF27456820AAEBC9979B848CE9C354C'",count,9.00,
1762498080,10080,cache_miss,983e7889b1f486e231a5ef580a3af848,"X'B48BF8AA1B6A593A63A2AEA49549045C'",count,1.00,
1762498080,10080,cache_hit,983e7889b1f486e231a5ef580a3af848,"X'B48BF8AA1B6A593A63A2AEA49549045C'",count,1.00,
1762498080,10080,cache_miss,a26b75b68f492f6fb52894313ff58279,"X'5A5298A63AFADC03B3D2C4A4BA537DB2'",count,3.00,
1762498080,10080,cache_hit,a26b75b68f492f6fb52894313ff58279,"X'5A5298A63AFADC03B3D2C4A4BA537DB2'",count,77.00,
1762498080,10080,user_request,175,"X'82161242827B703E6ACF9C726942A1E4'",count,15.00,
1762498080,10080,cache_miss,3d33db87ea1ea1cc9db679513362ed79,"X'DB0D17DDE51AF3BE565B1EC89B9E4E92'",count,1.00,
1762498080,10080,cache_hit,3d33db87ea1ea1cc9db679513362ed79,"X'DB0D17DDE51AF3BE565B1EC89B9E4E92'",count,29.00,
1762498080,10080,cache_miss,42ee56b43360e06e871d07ad6bb79082,"X'4EB93988A688E91C7CF6A9DED98E8DC0'",count,1.00,
1762498080,10080,cache_hit,42ee56b43360e06e871d07ad6bb79082,"X'4EB93988A688E91C7CF6A9DED98E8DC0'",count,11.00,
1762498080,10080,slow_request,"[""POST"",""\/api\/v1\/cart\/checkout"",""App\\Http\\Controllers\\Api\\V1\\CheckoutController@completeCheckout""]","X'DF0A5B0EE6D1E5BAE10F2378B95DC85B'",count,1.00,
1762498080,10080,slow_user_request,175,"X'82161242827B703E6ACF9C726942A1E4'",count,1.00,
1762498080,10080,slow_request,"[""POST"",""\/api\/v1\/cart\/checkout"",""App\\Http\\Controllers\\Api\\V1\\CheckoutController@completeCheckout""]","X'DF0A5B0EE6D1E5BAE10F2378B95DC85B'",max,1116.00,
1762498080,10080,cache_miss,3349a191bddc36047daa0faeb1ae3ee4,"X'F619FDE4B694E4E6B625D467F9528178'",count,1.00,
1762498080,10080,cache_hit,3349a191bddc36047daa0faeb1ae3ee4,"X'F619FDE4B694E4E6B625D467F9528178'",count,15.00,
1762498080,10080,cache_miss,b6d4104bc2832f3e472fda230013d6b3,"X'409A8CE743274E3630F51FBF9B1A8692'",count,2.00,
1762498080,10080,cache_hit,b6d4104bc2832f3e472fda230013d6b3,"X'409A8CE743274E3630F51FBF9B1A8692'",count,38.00,
1762508160,10080,cache_miss,0a4a5f3d7ff11eb5a2ed68849b173809,"X'AEEF20EC5E32AA2F5E62A67F3181CD12'",count,12.00,
1762508160,10080,cache_hit,0a4a5f3d7ff11eb5a2ed68849b173809,"X'AEEF20EC5E32AA2F5E62A67F3181CD12'",count,94.00,
1762508160,10080,cache_miss,d30b63a44a1f559b47e5777ec8408593,"X'E226FF82596932C13CFA732C7C3A7373'",count,2.00,
1762508160,10080,cache_hit,d30b63a44a1f559b47e5777ec8408593,"X'E226FF82596932C13CFA732C7C3A7373'",count,48.00,
1762508160,10080,cache_miss,452d70bd62d547bfc4e56873542d8e59,"X'867C268C61528EB045A2C5DFEF63416E'",count,3.00,
1762508160,10080,cache_hit,452d70bd62d547bfc4e56873542d8e59,"X'867C268C61528EB045A2C5DFEF63416E'",count,23.00,
1762508160,10080,slow_request,"[""GET"",""\/admin"",""Filament\\Pages\\Dashboard""]","X'9D8BAF8A2E7DD28B63E0B975A699316E'",count,1.00,
1762508160,10080,slow_user_request,2,"X'C81E728D9D4C2F636F067F89CC14862C'",count,1.00,
1762508160,10080,user_request,2,"X'C81E728D9D4C2F636F067F89CC14862C'",count,80.00,
1762508160,10080,cache_miss,filament-excel:exports:2,"X'6FD553FA91DAA6B8F81911C003B16325'",count,158.00,
1762508160,10080,slow_request,"[""GET"",""\/admin"",""Filament\\Pages\\Dashboard""]","X'9D8BAF8A2E7DD28B63E0B975A699316E'",max,1419.00,
1762508160,10080,cache_miss,983e7889b1f486e231a5ef580a3af848,"X'B48BF8AA1B6A593A63A2AEA49549045C'",count,1.00,
1762508160,10080,cache_hit,983e7889b1f486e231a5ef580a3af848,"X'B48BF8AA1B6A593A63A2AEA49549045C'",count,5.00,
1762508160,10080,cache_miss,d076530d51e32aecf48dff04f5a15ce9,"X'6F28E3A781BAD727ACAA4ABE98895027'",count,1.00,
1762508160,10080,cache_hit,d076530d51e32aecf48dff04f5a15ce9,"X'6F28E3A781BAD727ACAA4ABE98895027'",count,29.00,
1762508160,10080,cache_miss,aa894e43bf3730b8e53a820247995f28,"X'E0885E79EC613E1E973BB31DFB5AF9AB'",count,1.00,
1762508160,10080,cache_hit,aa894e43bf3730b8e53a820247995f28,"X'E0885E79EC613E1E973BB31DFB5AF9AB'",count,3.00,
1762508160,10080,cache_miss,448583b3b7f8cd77cc3d361243ed7e98,"X'CB4EB36988BB112E325D16742EED617D'",count,1.00,
1762508160,10080,cache_hit,448583b3b7f8cd77cc3d361243ed7e98,"X'CB4EB36988BB112E325D16742EED617D'",count,1.00,
1762508160,10080,cache_miss,4b4953a35736ceb574c0704cc061199c,"X'37F942F121F75EF3D51F923D4DBC6C09'",count,2.00,
1762508160,10080,cache_hit,4b4953a35736ceb574c0704cc061199c,"X'37F942F121F75EF3D51F923D4DBC6C09'",count,30.00,
1762508160,10080,user_request,330,"X'FE73F687E5BC5280214E0486B273A5F9'",count,14.00,
1762508160,10080,cache_miss,a940486dcc1674412cc2add4cb546123,"X'5CF97EC735B1FA0CB0A49DFF847B42A1'",count,2.00,
1762508160,10080,cache_hit,a940486dcc1674412cc2add4cb546123,"X'5CF97EC735B1FA0CB0A49DFF847B42A1'",count,26.00,
1762508160,10080,cache_miss,21181adbf2a82039b290a66a51bde7eb,"X'968419EDE7846E6A0D0210F0DCFC8207'",count,1.00,
1762508160,10080,cache_hit,21181adbf2a82039b290a66a51bde7eb,"X'968419EDE7846E6A0D0210F0DCFC8207'",count,15.00,
1762508160,10080,cache_miss,cdaea9e8ded42a79bb8925f1acf4ffec,"X'E5BB05570B321A861852C36468CF05F1'",count,1.00,
1762508160,10080,cache_hit,cdaea9e8ded42a79bb8925f1acf4ffec,"X'E5BB05570B321A861852C36468CF05F1'",count,19.00,
1762518240,10080,cache_miss,0a4a5f3d7ff11eb5a2ed68849b173809,"X'AEEF20EC5E32AA2F5E62A67F3181CD12'",count,14.00,
1762518240,10080,cache_hit,0a4a5f3d7ff11eb5a2ed68849b173809,"X'AEEF20EC5E32AA2F5E62A67F3181CD12'",count,336.00,
1762518240,10080,cache_miss,1ac6f001a3abf4b4a7beee11e8ffecc8,"X'E8D94139050EBA21FAB5395827B7A1BC'",count,1.00,
1762518240,10080,cache_hit,1ac6f001a3abf4b4a7beee11e8ffecc8,"X'E8D94139050EBA21FAB5395827B7A1BC'",count,19.00,
1762518240,10080,user_request,2,"X'C81E728D9D4C2F636F067F89CC14862C'",count,21.00,
1762518240,10080,cache_miss,filament-excel:exports:2,"X'6FD553FA91DAA6B8F81911C003B16325'",count,25.00,
1762518240,10080,cache_miss,983e7889b1f486e231a5ef580a3af848,"X'B48BF8AA1B6A593A63A2AEA49549045C'",count,1.00,
1762518240,10080,cache_hit,983e7889b1f486e231a5ef580a3af848,"X'B48BF8AA1B6A593A63A2AEA49549045C'",count,5.00,
1762518240,10080,cache_miss,02b08d19bfec8045aea68310b4a2d21b,"X'3CFC82BEF1A635F3CDC90910812CF1D2'",count,3.00,
1762518240,10080,cache_hit,02b08d19bfec8045aea68310b4a2d21b,"X'3CFC82BEF1A635F3CDC90910812CF1D2'",count,35.00,
1762518240,10080,cache_miss,ad20ee032dc809f5183dcdd59fa48b28,"X'8ACC444D26F5061550D9F99434EA3CA4'",count,3.00,
1762518240,10080,cache_hit,ad20ee032dc809f5183dcdd59fa48b28,"X'8ACC444D26F5061550D9F99434EA3CA4'",count,17.00,
1762518240,10080,cache_miss,5dc8cac9e4d5c07e2223c0e7f4294c56,"X'B4439FACB7335BBC5488CFB4EE0A80D9'",count,2.00,
1762518240,10080,cache_hit,5dc8cac9e4d5c07e2223c0e7f4294c56,"X'B4439FACB7335BBC5488CFB4EE0A80D9'",count,10.00,
1762518240,10080,cache_miss,7db0bdc393ec504131765260eb1ff982,"X'8A7ED21C1CBA7C2F63C10681C469B918'",count,4.00,
1762518240,10080,cache_hit,7db0bdc393ec504131765260eb1ff982,"X'8A7ED21C1CBA7C2F63C10681C469B918'",count,16.00,
1762518240,10080,cache_miss,792696587d5f2127193332fa5bf30905,"X'65024F3CCDCE2082B17EE3B0890EDAC0'",count,2.00,
1762518240,10080,cache_hit,792696587d5f2127193332fa5bf30905,"X'65024F3CCDCE2082B17EE3B0890EDAC0'",count,34.00,
1762518240,10080,cache_miss,272eac7a335f7103fb74e634e65fae34,"X'5C8D52C5CF1A11E493490F64DFF7B2EE'",count,3.00,
1762518240,10080,cache_hit,272eac7a335f7103fb74e634e65fae34,"X'5C8D52C5CF1A11E493490F64DFF7B2EE'",count,21.00,
1762518240,10080,cache_miss,0c5d36014a6fa045918bab6d30e12bfb,"X'BA48D810E2FDDAF53E2AB9F0C1D9FCFC'",count,2.00,
1762518240,10080,cache_hit,0c5d36014a6fa045918bab6d30e12bfb,"X'BA48D810E2FDDAF53E2AB9F0C1D9FCFC'",count,8.00,
1762518240,10080,cache_miss,2ee57788c38e950d347c0d18b4d20460,"X'6A876A82BEFEE9954CC0C233EF38A420'",count,1.00,
1762518240,10080,cache_hit,2ee57788c38e950d347c0d18b4d20460,"X'6A876A82BEFEE9954CC0C233EF38A420'",count,9.00,
1762518240,10080,cache_miss,d24dfa662d035291f3a629c3f55b0be3,"X'1FCB42516A8B3B651D9FBCA178E7C640'",count,2.00,
1762518240,10080,cache_hit,d24dfa662d035291f3a629c3f55b0be3,"X'1FCB42516A8B3B651D9FBCA178E7C640'",count,70.00,
1762518240,10080,cache_miss,d9a0a03141c4cbdb2a59601d6b67072e,"X'9D89BFC11EC5B9D43C9452C66D9D2982'",count,1.00,
1762518240,10080,cache_hit,d9a0a03141c4cbdb2a59601d6b67072e,"X'9D89BFC11EC5B9D43C9452C66D9D2982'",count,5.00,
1762518240,10080,user_request,330,"X'FE73F687E5BC5280214E0486B273A5F9'",count,5.00,
1762518240,10080,cache_hit,a940486dcc1674412cc2add4cb546123,"X'5CF97EC735B1FA0CB0A49DFF847B42A1'",count,9.00,
1762518240,10080,cache_miss,a940486dcc1674412cc2add4cb546123,"X'5CF97EC735B1FA0CB0A49DFF847B42A1'",count,1.00,
1762518240,10080,cache_miss,fecd64437963ff099af72113103eacbf,"X'CAF685F3E623F783F97F6711990F30F3'",count,2.00,
1762518240,10080,cache_hit,fecd64437963ff099af72113103eacbf,"X'CAF685F3E623F783F97F6711990F30F3'",count,2.00,
1762518240,10080,cache_miss,788c7a22017d841a7e9b8290a08ed86e,"X'6221AEE368DA8E088BCCFF5DF36A2AD2'",count,3.00,
1762518240,10080,cache_hit,788c7a22017d841a7e9b8290a08ed86e,"X'6221AEE368DA8E088BCCFF5DF36A2AD2'",count,15.00,
1762518240,10080,cache_miss,ba554efa9517a20fff11ce3977b13a0b,"X'B884DCD605EAFFF0EB60184A51684E00'",count,3.00,
1762518240,10080,cache_hit,ba554efa9517a20fff11ce3977b13a0b,"X'B884DCD605EAFFF0EB60184A51684E00'",count,19.00,
1762518240,10080,cache_miss,b7ada5ad3c17d4cbc0ecf61605c7e53b,"X'33382F46F417D582850C542D22F6268E'",count,2.00,
1762518240,10080,cache_hit,b7ada5ad3c17d4cbc0ecf61605c7e53b,"X'33382F46F417D582850C542D22F6268E'",count,48.00,
1762518240,10080,user_request,966,"X'4E0CB6FB5FB446D1C92EDE2ED8780188'",count,7.00,
1762518240,10080,cache_miss,7657b7ed5595008b5959222be07134b8,"X'63E020461EAC5F7908CAFFC920F5F536'",count,2.00,
1762518240,10080,cache_hit,7657b7ed5595008b5959222be07134b8,"X'63E020461EAC5F7908CAFFC920F5F536'",count,12.00,
1762518240,10080,cache_miss,469ae83bfba4086100868da9496ec7b0,"X'0A7A755B7F272AF590FED21656F12505'",count,1.00,
1762518240,10080,cache_hit,469ae83bfba4086100868da9496ec7b0,"X'0A7A755B7F272AF590FED21656F12505'",count,15.00,
1762528320,10080,cache_miss,0a4a5f3d7ff11eb5a2ed68849b173809,"X'AEEF20EC5E32AA2F5E62A67F3181CD12'",count,14.00,
1762528320,10080,cache_hit,0a4a5f3d7ff11eb5a2ed68849b173809,"X'AEEF20EC5E32AA2F5E62A67F3181CD12'",count,76.00,
1762528320,10080,cache_miss,983e7889b1f486e231a5ef580a3af848,"X'B48BF8AA1B6A593A63A2AEA49549045C'",count,1.00,
1762528320,10080,cache_hit,983e7889b1f486e231a5ef580a3af848,"X'B48BF8AA1B6A593A63A2AEA49549045C'",count,5.00,
1762528320,10080,cache_miss,1d6072040ae07f7d7529d151afa18fe7,"X'6E5C29440698AAA601BA026506103B42'",count,4.00,
1762528320,10080,cache_hit,1d6072040ae07f7d7529d151afa18fe7,"X'6E5C29440698AAA601BA026506103B42'",count,36.00,
1762528320,10080,user_request,2,"X'C81E728D9D4C2F636F067F89CC14862C'",count,23.00,
1762528320,10080,cache_miss,filament-excel:exports:2,"X'6FD553FA91DAA6B8F81911C003B16325'",count,33.00,
1762528320,10080,cache_miss,295b90164ec6b401244b6cc42f069019,"X'8B3E47606BF97A0805D00FFD73C21BC4'",count,1.00,
1762528320,10080,cache_hit,295b90164ec6b401244b6cc42f069019,"X'8B3E47606BF97A0805D00FFD73C21BC4'",count,27.00,
1762528320,10080,cache_miss,a715913d801f0cdbac1724aad0887d52,"X'52F2816D7A9ECC71E5428985624A0800'",count,2.00,
1762528320,10080,cache_hit,a715913d801f0cdbac1724aad0887d52,"X'52F2816D7A9ECC71E5428985624A0800'",count,10.00,
1762528320,10080,cache_miss,e6949a182d946e543dc0247489f477d8,"X'E4FAD3A330799F4C0F23E4E2BEE09BE6'",count,1.00,
1762528320,10080,cache_hit,e6949a182d946e543dc0247489f477d8,"X'E4FAD3A330799F4C0F23E4E2BEE09BE6'",count,15.00,
1762528320,10080,cache_hit,e4be5acd85128764f959746235a9994c,"X'4D1CE042F3CC2B841539146278020217'",count,64.00,
1762528320,10080,cache_miss,e4be5acd85128764f959746235a9994c,"X'4D1CE042F3CC2B841539146278020217'",count,8.00,
1762528320,10080,cache_miss,b6630a27f568c44edeeda31cda6ea931,"X'F79D4B85F55CB031DA5803FDCE61CA44'",count,1.00,
1762528320,10080,cache_hit,b6630a27f568c44edeeda31cda6ea931,"X'F79D4B85F55CB031DA5803FDCE61CA44'",count,11.00,
1762528320,10080,cache_miss,9a9490bcd1f9297b115b7d2eae93af4f,"X'9E08642BC2AC75402160173D0DCFE549'",count,1.00,
1762528320,10080,cache_hit,9a9490bcd1f9297b115b7d2eae93af4f,"X'9E08642BC2AC75402160173D0DCFE549'",count,19.00,
1762528320,10080,cache_miss,788c7a22017d841a7e9b8290a08ed86e,"X'6221AEE368DA8E088BCCFF5DF36A2AD2'",count,1.00,
1762528320,10080,cache_hit,788c7a22017d841a7e9b8290a08ed86e,"X'6221AEE368DA8E088BCCFF5DF36A2AD2'",count,1.00,
1762528320,10080,cache_miss,ba554efa9517a20fff11ce3977b13a0b,"X'B884DCD605EAFFF0EB60184A51684E00'",count,1.00,
1762528320,10080,cache_hit,ba554efa9517a20fff11ce3977b13a0b,"X'B884DCD605EAFFF0EB60184A51684E00'",count,1.00,
1762528320,10080,cache_miss,5b6c49a150a4cf76218a6f1559ceff38,"X'E02EBD7143560F64D16EB724F853B121'",count,1.00,
1762528320,10080,cache_hit,5b6c49a150a4cf76218a6f1559ceff38,"X'E02EBD7143560F64D16EB724F853B121'",count,15.00,
1762528320,10080,cache_miss,2ce628defa836b525fd8a0bd0081dbfb,"X'C309A6711C85375D93E61237BB728EDC'",count,1.00,
1762528320,10080,cache_hit,2ce628defa836b525fd8a0bd0081dbfb,"X'C309A6711C85375D93E61237BB728EDC'",count,9.00,
1762538400,10080,cache_miss,0a4a5f3d7ff11eb5a2ed68849b173809,"X'AEEF20EC5E32AA2F5E62A67F3181CD12'",count,24.00,
1762538400,10080,cache_hit,0a4a5f3d7ff11eb5a2ed68849b173809,"X'AEEF20EC5E32AA2F5E62A67F3181CD12'",count,150.00,
1762538400,10080,cache_miss,983e7889b1f486e231a5ef580a3af848,"X'B48BF8AA1B6A593A63A2AEA49549045C'",count,1.00,
1762538400,10080,cache_hit,983e7889b1f486e231a5ef580a3af848,"X'B48BF8AA1B6A593A63A2AEA49549045C'",count,5.00,
1762538400,10080,cache_miss,bc35bfd2a7abf838dcee292cf1c9eedb,"X'F1B99112D8B7A361604DF7735A9611D8'",count,1.00,
1762538400,10080,cache_hit,bc35bfd2a7abf838dcee292cf1c9eedb,"X'F1B99112D8B7A361604DF7735A9611D8'",count,11.00,
1762538400,10080,user_request,918,"X'1E056D2B0EBD5C878C550DA6AC5D3724'",count,3.00,
1762538400,10080,cache_miss,f4caa4e33e21dbc76456138952f3a8bd,"X'DB26C6E9A005205382383C5E08F61EEA'",count,1.00,
1762538400,10080,cache_hit,f4caa4e33e21dbc76456138952f3a8bd,"X'DB26C6E9A005205382383C5E08F61EEA'",count,5.00,
1762538400,10080,cache_miss,d3e2a7246a314b7c11b4e32aa3d79ea6,"X'0DFDD57C2BA6B4710469065042CF618A'",count,2.00,
1762538400,10080,cache_hit,d3e2a7246a314b7c11b4e32aa3d79ea6,"X'0DFDD57C2BA6B4710469065042CF618A'",count,48.00,
1762538400,10080,cache_miss,43cf77077fe19e703f8b5c68bdb386f9,"X'A3DBC6F67E68AFAA4CD08C51057BCC5B'",count,1.00,
1762538400,10080,cache_hit,43cf77077fe19e703f8b5c68bdb386f9,"X'A3DBC6F67E68AFAA4CD08C51057BCC5B'",count,15.00,
1762538400,10080,cache_miss,4f8d4589a8251994203c4824aea4843a,"X'E1EC246B6B63F1120A1B8BBAF66B449F'",count,16.00,
1762538400,10080,cache_hit,4f8d4589a8251994203c4824aea4843a,"X'E1EC246B6B63F1120A1B8BBAF66B449F'",count,230.00,
1762538400,10080,cache_miss,188a24e27cd8619b9409dc01448962f6,"X'32E35EC715CDA1D9926521DE3BD1D2EF'",count,1.00,
1762538400,10080,cache_hit,188a24e27cd8619b9409dc01448962f6,"X'32E35EC715CDA1D9926521DE3BD1D2EF'",count,9.00,
1762538400,10080,cache_miss,66cc90ea672a788b993a2dd2bc6bd485,"X'782AE31393FC831BBB4DAFF27D0F706A'",count,3.00,
1762538400,10080,cache_hit,66cc90ea672a788b993a2dd2bc6bd485,"X'782AE31393FC831BBB4DAFF27D0F706A'",count,33.00,
1762538400,10080,cache_miss,d812de8dfc70f9ad82d660bb1dec33f3,"X'FCCEF3CD685AA008E66BC83234435BA3'",count,3.00,
1762538400,10080,cache_hit,d812de8dfc70f9ad82d660bb1dec33f3,"X'FCCEF3CD685AA008E66BC83234435BA3'",count,7.00,
1762538400,10080,slow_request,"[""GET"",""\/api\/v1\/collections"",""App\\Http\\Controllers\\Api\\V1\\CollectionController@all""]","X'F0CAFB9DE9C914BAC0B8613012B749DF'",count,1.00,
1762538400,10080,slow_request,"[""GET"",""\/api\/v1\/collections"",""App\\Http\\Controllers\\Api\\V1\\CollectionController@all""]","X'F0CAFB9DE9C914BAC0B8613012B749DF'",max,1576.00,
1762538400,10080,slow_request,"[""GET"",""\/api\/v1\/products"",""App\\Http\\Controllers\\Api\\V1\\ProductController@index""]","X'9F16684F33EF3611750C326752979C04'",count,2.00,
1762538400,10080,slow_request,"[""GET"",""\/api\/v1\/products"",""App\\Http\\Controllers\\Api\\V1\\ProductController@index""]","X'9F16684F33EF3611750C326752979C04'",max,1462.00,
1762538400,10080,slow_request,"[""GET"",""\/admin"",""Filament\\Pages\\Dashboard""]","X'9D8BAF8A2E7DD28B63E0B975A699316E'",count,1.00,
1762538400,10080,slow_user_request,2,"X'C81E728D9D4C2F636F067F89CC14862C'",count,1.00,
1762538400,10080,user_request,2,"X'C81E728D9D4C2F636F067F89CC14862C'",count,14.00,
1762538400,10080,cache_miss,filament-excel:exports:2,"X'6FD553FA91DAA6B8F81911C003B16325'",count,23.00,
1762538400,10080,slow_request,"[""GET"",""\/admin"",""Filament\\Pages\\Dashboard""]","X'9D8BAF8A2E7DD28B63E0B975A699316E'",max,1324.00,
1762538400,10080,cache_miss,ba554efa9517a20fff11ce3977b13a0b,"X'B884DCD605EAFFF0EB60184A51684E00'",count,1.00,
1762538400,10080,cache_hit,ba554efa9517a20fff11ce3977b13a0b,"X'B884DCD605EAFFF0EB60184A51684E00'",count,3.00,
1762538400,10080,cache_miss,4bba308d5f1c6b695d2b253679b362db,"X'975305386E51307C8FF18F1350EE2D7C'",count,2.00,
1762538400,10080,cache_hit,4bba308d5f1c6b695d2b253679b362db,"X'975305386E51307C8FF18F1350EE2D7C'",count,18.00,
1762538400,10080,cache_miss,64e457cc98e25df33248c23152dea04d,"X'66BC55853066319BBB9B1C059D2300C4'",count,1.00,
1762538400,10080,cache_hit,64e457cc98e25df33248c23152dea04d,"X'66BC55853066319BBB9B1C059D2300C4'",count,9.00,
1762538400,10080,cache_miss,707ae49d88f8a1b4beebc27fd254615c,"X'F555F661F4678E17E0B9FA7F2C5081A6'",count,19.00,
1762538400,10080,cache_hit,707ae49d88f8a1b4beebc27fd254615c,"X'F555F661F4678E17E0B9FA7F2C5081A6'",count,137.00,
1762538400,10080,cache_miss,6ea22cb18cfd1ca0d18708d2fce83d67,"X'BA8BBF01F6DA08D7DF9AA4B17356D04E'",count,1.00,
1762538400,10080,cache_hit,6ea22cb18cfd1ca0d18708d2fce83d67,"X'BA8BBF01F6DA08D7DF9AA4B17356D04E'",count,15.00,
1762538400,10080,slow_request,"[""GET"",""\/api\/v1\/categories"",""App\\Http\\Controllers\\Api\\V1\\CategoryController@index""]","X'60374D41A7A4EB9973ABC798FC028C3D'",count,1.00,
1762538400,10080,slow_request,"[""GET"",""\/api\/v1\/categories"",""App\\Http\\Controllers\\Api\\V1\\CategoryController@index""]","X'60374D41A7A4EB9973ABC798FC028C3D'",max,1170.00,
1762538400,10080,cache_miss,c9de940e32d27113ddca5c7c701d1975,"X'FE9D03C25748DEE8F784DF1F8B07D111'",count,1.00,
1762538400,10080,cache_hit,c9de940e32d27113ddca5c7c701d1975,"X'FE9D03C25748DEE8F784DF1F8B07D111'",count,5.00,
1762538400,10080,slow_request,"[""GET"",""\/api\/v1\/cart"",""App\\Http\\Controllers\\Api\\V1\\CartController@getCartItems""]","X'F3950DEAAD82B1670F2036BD4475A14A'",count,7.00,
1762538400,10080,slow_user_request,68,"X'A3F390D88E4C41F2747BFA2F1B5F87DB'",count,7.00,
1762538400,10080,user_request,68,"X'A3F390D88E4C41F2747BFA2F1B5F87DB'",count,132.00,
1762538400,10080,cache_miss,0130052a653db5936c1d754b648251a4,"X'E15721403DAB5B7E39480E171522660B'",count,9.00,
1762538400,10080,cache_hit,0130052a653db5936c1d754b648251a4,"X'E15721403DAB5B7E39480E171522660B'",count,253.00,
1762538400,10080,slow_request,"[""GET"",""\/api\/v1\/cart"",""App\\Http\\Controllers\\Api\\V1\\CartController@getCartItems""]","X'F3950DEAAD82B1670F2036BD4475A14A'",max,2699.00,
1762538400,10080,cache_hit,0130052a653db5936c1d754b648251a4:timer,"X'09EDA09DE4870451C26225BB9AC2D168'",count,4.00,
1762538400,10080,cache_miss,b270ac714dca9ac78f9445b3d821ffcb,"X'CB56407D8D6B3833D8714DB09A708F35'",count,1.00,
1762538400,10080,cache_hit,b270ac714dca9ac78f9445b3d821ffcb,"X'CB56407D8D6B3833D8714DB09A708F35'",count,5.00,
1762548480,10080,cache_hit,707ae49d88f8a1b4beebc27fd254615c,"X'F555F661F4678E17E0B9FA7F2C5081A6'",count,81.00,
1762548480,10080,user_request,68,"X'A3F390D88E4C41F2747BFA2F1B5F87DB'",count,13.00,
1762548480,10080,cache_hit,0130052a653db5936c1d754b648251a4,"X'E15721403DAB5B7E39480E171522660B'",count,23.00,
1762548480,10080,cache_miss,707ae49d88f8a1b4beebc27fd254615c,"X'F555F661F4678E17E0B9FA7F2C5081A6'",count,5.00,
1762548480,10080,cache_miss,0130052a653db5936c1d754b648251a4,"X'E15721403DAB5B7E39480E171522660B'",count,3.00,
1762548480,10080,cache_miss,0a4a5f3d7ff11eb5a2ed68849b173809,"X'AEEF20EC5E32AA2F5E62A67F3181CD12'",count,6.00,
1762548480,10080,cache_hit,0a4a5f3d7ff11eb5a2ed68849b173809,"X'AEEF20EC5E32AA2F5E62A67F3181CD12'",count,60.00,
1762548480,10080,cache_miss,983e7889b1f486e231a5ef580a3af848,"X'B48BF8AA1B6A593A63A2AEA49549045C'",count,2.00,
1762548480,10080,cache_hit,983e7889b1f486e231a5ef580a3af848,"X'B48BF8AA1B6A593A63A2AEA49549045C'",count,10.00,
1762548480,10080,cache_miss,b6630a27f568c44edeeda31cda6ea931,"X'F79D4B85F55CB031DA5803FDCE61CA44'",count,3.00,
1762548480,10080,cache_hit,b6630a27f568c44edeeda31cda6ea931,"X'F79D4B85F55CB031DA5803FDCE61CA44'",count,53.00,
1762548480,10080,cache_miss,9099fb5219e33127ac8d3eb27516b407,"X'2DC1D49B41CB1A2CF682B4714296EF7E'",count,6.00,
1762548480,10080,cache_hit,9099fb5219e33127ac8d3eb27516b407,"X'2DC1D49B41CB1A2CF682B4714296EF7E'",count,38.00,
1762548480,10080,cache_miss,2410b5dc7bc8718e876b365a320fa965,"X'36A810389D10925EF9A90E9074913932'",count,1.00,
1762548480,10080,cache_hit,2410b5dc7bc8718e876b365a320fa965,"X'36A810389D10925EF9A90E9074913932'",count,1.00,
1762548480,10080,cache_miss,c160e923e1b765a4de29afd561c0ed50,"X'A030CA4B525F3BA5EE859EC3C0BB2E4A'",count,1.00,
1762548480,10080,cache_hit,c160e923e1b765a4de29afd561c0ed50,"X'A030CA4B525F3BA5EE859EC3C0BB2E4A'",count,3.00,
1762548480,10080,cache_miss,7a9b26b2635d16514a8a63873591a55c,"X'2C1CC930E50FA68BCE5C8745E5CF6F32'",count,1.00,
1762548480,10080,cache_hit,7a9b26b2635d16514a8a63873591a55c,"X'2C1CC930E50FA68BCE5C8745E5CF6F32'",count,3.00,
1762548480,10080,cache_miss,e885ebfc03fb50dcbf110844b8bad5f4,"X'0D03E16DBF84A3D6AE1642CDBF9FA926'",count,1.00,
1762548480,10080,cache_hit,e885ebfc03fb50dcbf110844b8bad5f4,"X'0D03E16DBF84A3D6AE1642CDBF9FA926'",count,19.00,
1762548480,10080,user_request,300,"X'94F6D7E04A4D452035300F18B984988C'",count,8.00,
1762548480,10080,cache_miss,13322d80380af77dde3851b4fe791650,"X'0855C9407EC85A129C62063B25533A2F'",count,1.00,
1762548480,10080,cache_hit,13322d80380af77dde3851b4fe791650,"X'0855C9407EC85A129C62063B25533A2F'",count,15.00,
1762548480,10080,cache_miss,3edfdadfb973485a3fdf5ead1047f6a4,"X'E080F3EDDE75500127E931DE47D37AA3'",count,1.00,
1762548480,10080,cache_hit,3edfdadfb973485a3fdf5ead1047f6a4,"X'E080F3EDDE75500127E931DE47D37AA3'",count,5.00,
1762558560,10080,cache_miss,0a4a5f3d7ff11eb5a2ed68849b173809,"X'AEEF20EC5E32AA2F5E62A67F3181CD12'",count,5.00,
1762558560,10080,cache_hit,0a4a5f3d7ff11eb5a2ed68849b173809,"X'AEEF20EC5E32AA2F5E62A67F3181CD12'",count,25.00,
1762558560,10080,cache_miss,2ee57788c38e950d347c0d18b4d20460,"X'6A876A82BEFEE9954CC0C233EF38A420'",count,1.00,
1762558560,10080,cache_hit,2ee57788c38e950d347c0d18b4d20460,"X'6A876A82BEFEE9954CC0C233EF38A420'",count,15.00,
1762558560,10080,cache_miss,535dc239a2fe754d65c29a8e3e7fe5bf,"X'2E68ECA2D01F47437D1153D8E0A23D45'",count,2.00,
1762558560,10080,cache_hit,535dc239a2fe754d65c29a8e3e7fe5bf,"X'2E68ECA2D01F47437D1153D8E0A23D45'",count,6.00,
1762558560,10080,cache_miss,ef5bb808f5697c1fec63495026389151,"X'4B794415566D83445E8C719B17CFD8FC'",count,1.00,
1762558560,10080,cache_hit,ef5bb808f5697c1fec63495026389151,"X'4B794415566D83445E8C719B17CFD8FC'",count,3.00,
1762558560,10080,cache_miss,e6b6fb250a43f21382579f9e10ab414d,"X'042ABF0E2FD0B2160FD942E1C6641B26'",count,2.00,
1762558560,10080,cache_hit,e6b6fb250a43f21382579f9e10ab414d,"X'042ABF0E2FD0B2160FD942E1C6641B26'",count,6.00,
1762558560,10080,cache_miss,49339ee949248a550cb2a6e8b8fe6c79,"X'29099C499B85EF709CF596807508CCA5'",count,2.00,
1762558560,10080,cache_hit,49339ee949248a550cb2a6e8b8fe6c79,"X'29099C499B85EF709CF596807508CCA5'",count,2.00,
1762558560,10080,cache_miss,983e7889b1f486e231a5ef580a3af848,"X'B48BF8AA1B6A593A63A2AEA49549045C'",count,1.00,
1762558560,10080,cache_hit,983e7889b1f486e231a5ef580a3af848,"X'B48BF8AA1B6A593A63A2AEA49549045C'",count,5.00,
1762558560,10080,cache_miss,639179d67f2fa8fbf967197a2c068467,"X'60B7CCDD657F7B9EF7EF2479B3D2F976'",count,1.00,
1762558560,10080,cache_hit,639179d67f2fa8fbf967197a2c068467,"X'60B7CCDD657F7B9EF7EF2479B3D2F976'",count,7.00,
1762558560,10080,cache_miss,06b1461ece59449182c711ee015cddc4,"X'5BBC1DBA7054345AA38AE0AD650228C2'",count,2.00,
1762558560,10080,cache_hit,06b1461ece59449182c711ee015cddc4,"X'5BBC1DBA7054345AA38AE0AD650228C2'",count,2.00,
1762568640,10080,cache_miss,0a4a5f3d7ff11eb5a2ed68849b173809,"X'AEEF20EC5E32AA2F5E62A67F3181CD12'",count,7.00,
1762568640,10080,cache_hit,0a4a5f3d7ff11eb5a2ed68849b173809,"X'AEEF20EC5E32AA2F5E62A67F3181CD12'",count,51.00,
1762568640,10080,user_request,2,"X'C81E728D9D4C2F636F067F89CC14862C'",count,8.00,
1762568640,10080,cache_miss,filament-excel:exports:2,"X'6FD553FA91DAA6B8F81911C003B16325'",count,16.00,
1762568640,10080,cache_miss,74ed1791d96edecee8030d945e0b111e,"X'67BC68DB34517B304FF0ABA2BEB5FF89'",count,2.00,
1762568640,10080,cache_hit,74ed1791d96edecee8030d945e0b111e,"X'67BC68DB34517B304FF0ABA2BEB5FF89'",count,18.00,
1762568640,10080,cache_miss,fecd64437963ff099af72113103eacbf,"X'CAF685F3E623F783F97F6711990F30F3'",count,1.00,
1762568640,10080,cache_hit,fecd64437963ff099af72113103eacbf,"X'CAF685F3E623F783F97F6711990F30F3'",count,1.00,
1762568640,10080,cache_miss,ba554efa9517a20fff11ce3977b13a0b,"X'B884DCD605EAFFF0EB60184A51684E00'",count,1.00,
1762568640,10080,cache_hit,ba554efa9517a20fff11ce3977b13a0b,"X'B884DCD605EAFFF0EB60184A51684E00'",count,1.00,
1762568640,10080,cache_miss,57626be580f5f4688550287106d997b4,"X'F76FCEDC579D8BE1CC10580DB48066AC'",count,3.00,
1762568640,10080,cache_hit,57626be580f5f4688550287106d997b4,"X'F76FCEDC579D8BE1CC10580DB48066AC'",count,45.00,
1762568640,10080,cache_miss,771dd44b39abacbc8471427352b3209b,"X'85B65718C4B26B81C2ECD22065887C44'",count,1.00,
1762568640,10080,cache_hit,771dd44b39abacbc8471427352b3209b,"X'85B65718C4B26B81C2ECD22065887C44'",count,9.00,
1762568640,10080,cache_miss,042edad0402875e4e6415beae19a5640,"X'983362A2AEF50E9799C42573C41018CD'",count,1.00,
1762568640,10080,cache_hit,042edad0402875e4e6415beae19a5640,"X'983362A2AEF50E9799C42573C41018CD'",count,35.00,
1762568640,10080,cache_miss,34c6650e7081280876eb59d731b950d7,"X'4FD746335AF1788C5A18A505109AE908'",count,1.00,
1762568640,10080,cache_hit,34c6650e7081280876eb59d731b950d7,"X'4FD746335AF1788C5A18A505109AE908'",count,15.00,
1762568640,10080,cache_miss,438fc164cac6300a4a19e6ec9916fb66,"X'60CD810FEDD1740881288BA71C9C454B'",count,1.00,
1762568640,10080,cache_hit,438fc164cac6300a4a19e6ec9916fb66,"X'60CD810FEDD1740881288BA71C9C454B'",count,15.00,
1762568640,10080,cache_miss,7f45ed502b90fdcf66f948fefaef4b2e,"X'F1EB3445C5B878D11FBEAE34F4907A24'",count,1.00,
1762568640,10080,cache_hit,7f45ed502b90fdcf66f948fefaef4b2e,"X'F1EB3445C5B878D11FBEAE34F4907A24'",count,5.00,
1762568640,10080,slow_request,"[""GET"",""\/api\/v1\/collection"",""App\\Http\\Controllers\\Api\\V1\\CollectionController@index""]","X'C5A70820A669030919A4ED1A6B091384'",count,2.00,
1762568640,10080,slow_request,"[""GET"",""\/api\/v1\/collection"",""App\\Http\\Controllers\\Api\\V1\\CollectionController@index""]","X'C5A70820A669030919A4ED1A6B091384'",max,2726.00,
1762578720,10080,slow_request,"[""GET"",""\/api\/v1\/collections"",""App\\Http\\Controllers\\Api\\V1\\CollectionController@all""]","X'F0CAFB9DE9C914BAC0B8613012B749DF'",count,3.00,
1762578720,10080,cache_miss,0a4a5f3d7ff11eb5a2ed68849b173809,"X'AEEF20EC5E32AA2F5E62A67F3181CD12'",count,9.00,
1762578720,10080,cache_hit,0a4a5f3d7ff11eb5a2ed68849b173809,"X'AEEF20EC5E32AA2F5E62A67F3181CD12'",count,51.00,
1762578720,10080,slow_request,"[""GET"",""\/api\/v1\/collections"",""App\\Http\\Controllers\\Api\\V1\\CollectionController@all""]","X'F0CAFB9DE9C914BAC0B8613012B749DF'",max,1668.00,
1762578720,10080,cache_miss,788c7a22017d841a7e9b8290a08ed86e,"X'6221AEE368DA8E088BCCFF5DF36A2AD2'",count,1.00,
1762578720,10080,cache_hit,788c7a22017d841a7e9b8290a08ed86e,"X'6221AEE368DA8E088BCCFF5DF36A2AD2'",count,1.00,
1762578720,10080,cache_miss,145eb54e0df894b6d6493e220bcff834,"X'134B004D2C53DF9E965FD3FD2E003F5A'",count,1.00,
1762578720,10080,cache_hit,145eb54e0df894b6d6493e220bcff834,"X'134B004D2C53DF9E965FD3FD2E003F5A'",count,9.00,
1762578720,10080,cache_miss,43879310d2958130e72dfc6b6d99c870,"X'6AB0EE4340EAF309A5F6CA4A9BB1D16C'",count,2.00,
1762578720,10080,cache_hit,43879310d2958130e72dfc6b6d99c870,"X'6AB0EE4340EAF309A5F6CA4A9BB1D16C'",count,32.00,
1762578720,10080,slow_request,"[""GET"",""\/api\/v1\/categories"",""App\\Http\\Controllers\\Api\\V1\\CategoryController@index""]","X'60374D41A7A4EB9973ABC798FC028C3D'",count,5.00,
1762578720,10080,cache_miss,5dc8cac9e4d5c07e2223c0e7f4294c56,"X'B4439FACB7335BBC5488CFB4EE0A80D9'",count,2.00,
1762578720,10080,cache_hit,5dc8cac9e4d5c07e2223c0e7f4294c56,"X'B4439FACB7335BBC5488CFB4EE0A80D9'",count,22.00,
1762578720,10080,slow_request,"[""GET"",""\/api\/v1\/categories"",""App\\Http\\Controllers\\Api\\V1\\CategoryController@index""]","X'60374D41A7A4EB9973ABC798FC028C3D'",max,3048.00,
1762578720,10080,slow_request,"[""GET"",""\/api\/v1\/products\/{slug}"",""App\\Http\\Controllers\\Api\\V1\\ProductController@show""]","X'170410E1B2CD0D9849ED32037684C3C8'",count,5.00,
1762578720,10080,slow_request,"[""GET"",""\/api\/v1\/products\/{slug}"",""App\\Http\\Controllers\\Api\\V1\\ProductController@show""]","X'170410E1B2CD0D9849ED32037684C3C8'",max,4822.00,
1762578720,10080,user_request,2,"X'C81E728D9D4C2F636F067F89CC14862C'",count,47.00,
1762578720,10080,cache_miss,filament-excel:exports:2,"X'6FD553FA91DAA6B8F81911C003B16325'",count,59.00,
1762578720,10080,cache_miss,5b6c49a150a4cf76218a6f1559ceff38,"X'E02EBD7143560F64D16EB724F853B121'",count,2.00,
1762578720,10080,cache_hit,5b6c49a150a4cf76218a6f1559ceff38,"X'E02EBD7143560F64D16EB724F853B121'",count,22.00,
1762578720,10080,cache_miss,98fc8039ba771da917fe7999f0cea4a4,"X'37A86297C81B1E37E54B7E54648D71C8'",count,3.00,
1762578720,10080,cache_hit,98fc8039ba771da917fe7999f0cea4a4,"X'37A86297C81B1E37E54B7E54648D71C8'",count,21.00,
1762578720,10080,user_request,1013,"X'6B180037ABBEBEA991D8B1232F8A8CA9'",count,25.00,
1762578720,10080,cache_miss,e927e5fbdcef20e286e98555299621d8,"X'949DABD5A7479FD4F4F67464D334DA18'",count,6.00,
1762578720,10080,cache_hit,e927e5fbdcef20e286e98555299621d8,"X'949DABD5A7479FD4F4F67464D334DA18'",count,44.00,
1762578720,10080,cache_miss,c36fb0434b72dce6d28637ea9c01a4e1,"X'8CA79834A8E83CBD5AA5EE36B5816547'",count,1.00,
1762578720,10080,cache_hit,c36fb0434b72dce6d28637ea9c01a4e1,"X'8CA79834A8E83CBD5AA5EE36B5816547'",count,9.00,
1762578720,10080,slow_request,"[""POST"",""\/api\/v1\/cart\/checkout"",""App\\Http\\Controllers\\Api\\V1\\CheckoutController@completeCheckout""]","X'DF0A5B0EE6D1E5BAE10F2378B95DC85B'",count,1.00,
1762578720,10080,slow_user_request,1013,"X'6B180037ABBEBEA991D8B1232F8A8CA9'",count,1.00,
1762578720,10080,slow_request,"[""POST"",""\/api\/v1\/cart\/checkout"",""App\\Http\\Controllers\\Api\\V1\\CheckoutController@completeCheckout""]","X'DF0A5B0EE6D1E5BAE10F2378B95DC85B'",max,1057.00,
1762578720,10080,slow_request,"[""POST"",""\/api\/verify\/snapp\/{id}"",""App\\Http\\Controllers\\V1\\OrderController@handleCallbackSnapp""]","X'5E54A6D377E5BFE6AA28F54E116C40C1'",count,1.00,
1762578720,10080,slow_request,"[""POST"",""\/api\/verify\/snapp\/{id}"",""App\\Http\\Controllers\\V1\\OrderController@handleCallbackSnapp""]","X'5E54A6D377E5BFE6AA28F54E116C40C1'",max,1294.00,
1762578720,10080,cache_miss,a26b75b68f492f6fb52894313ff58279,"X'5A5298A63AFADC03B3D2C4A4BA537DB2'",count,1.00,
1762578720,10080,cache_hit,a26b75b68f492f6fb52894313ff58279,"X'5A5298A63AFADC03B3D2C4A4BA537DB2'",count,19.00,
1762578720,10080,user_request,175,"X'82161242827B703E6ACF9C726942A1E4'",count,3.00,
1762578720,10080,cache_miss,3d33db87ea1ea1cc9db679513362ed79,"X'DB0D17DDE51AF3BE565B1EC89B9E4E92'",count,1.00,
1762578720,10080,cache_hit,3d33db87ea1ea1cc9db679513362ed79,"X'DB0D17DDE51AF3BE565B1EC89B9E4E92'",count,5.00,
1762578720,10080,cache_miss,0931db4a2b33fbe6bf4b80cf7edde06b,"X'EAF4E81CCCE0297EEA6878EC361068AE'",count,1.00,
1762578720,10080,cache_hit,0931db4a2b33fbe6bf4b80cf7edde06b,"X'EAF4E81CCCE0297EEA6878EC361068AE'",count,57.00,
1762578720,10080,slow_query,"[""select * from `categories` where `is_visible` = ? order by `position` asc"",""app\/Http\/Controllers\/Api\/V1\/CategoryController.php:17""]","X'115B8C3A5368FCAC891ECA3F4E92D825'",count,4.00,
1762578720,10080,slow_query,"[""select * from `categories` where `is_visible` = ? order by `position` asc"",""app\/Http\/Controllers\/Api\/V1\/CategoryController.php:17""]","X'115B8C3A5368FCAC891ECA3F4E92D825'",max,2544.00,
1762578720,10080,slow_query,"[""select * from `variants` where `variants`.`product_id` in (160) and `stock` > ? and `is_visible` = ?"",""app\/Http\/Controllers\/Api\/V1\/ProductController.php:64""]","X'B547739AC34BED18608D87F93698E165'",count,1.00,
1762578720,10080,slow_query,"[""select * from `variants` where `variants`.`product_id` in (160) and `stock` > ? and `is_visible` = ?"",""app\/Http\/Controllers\/Api\/V1\/ProductController.php:64""]","X'B547739AC34BED18608D87F93698E165'",max,1036.00,
1762578720,10080,slow_query,"[""select * from `product_images` where `product_images`.`product_id` in (161) order by `position` asc"",""app\/Http\/Controllers\/Api\/V1\/ProductController.php:64""]","X'07E3E756A65FEDF9B8F4AFCBA9274099'",count,1.00,
1762578720,10080,slow_query,"[""select * from `product_images` where `product_images`.`product_id` in (161) order by `position` asc"",""app\/Http\/Controllers\/Api\/V1\/ProductController.php:64""]","X'07E3E756A65FEDF9B8F4AFCBA9274099'",max,3573.00,
1762578720,10080,slow_request,"[""GET"",""\/api\/v1\/cms"",""App\\Http\\Controllers\\Api\\V1\\CmsController@index""]","X'632AF37A6E5172E8F541BA52BEF62F96'",count,2.00,
1762578720,10080,slow_query,"[""select * from `cms`"",""app\/Http\/Controllers\/Api\/V1\/CmsController.php:14""]","X'EA324ACFD5E485244159679F99E54026'",count,1.00,
1762578720,10080,slow_request,"[""GET"",""\/api\/v1\/cms"",""App\\Http\\Controllers\\Api\\V1\\CmsController@index""]","X'632AF37A6E5172E8F541BA52BEF62F96'",max,1526.00,
1762578720,10080,slow_query,"[""select * from `cms`"",""app\/Http\/Controllers\/Api\/V1\/CmsController.php:14""]","X'EA324ACFD5E485244159679F99E54026'",max,1062.00,
1762578720,10080,slow_request,"[""GET"",""\/api\/v1\/products\/suggested"",""App\\Http\\Controllers\\Api\\V1\\ProductController@suggested""]","X'00AA9989582D873F10B1ECD224E58185'",count,3.00,
1762578720,10080,slow_query,"[""select * from `products` where `is_visible` = ? order by RAND() limit 10"",""app\/Http\/Controllers\/Api\/V1\/ProductController.php:107""]","X'424D3FB3A63DB776CD144DB7C1D8C3EB'",count,3.00,
1762578720,10080,slow_request,"[""GET"",""\/api\/v1\/products\/suggested"",""App\\Http\\Controllers\\Api\\V1\\ProductController@suggested""]","X'00AA9989582D873F10B1ECD224E58185'",max,3645.00,
1762578720,10080,slow_query,"[""select * from `products` where `is_visible` = ? order by RAND() limit 10"",""app\/Http\/Controllers\/Api\/V1\/ProductController.php:107""]","X'424D3FB3A63DB776CD144DB7C1D8C3EB'",max,3450.00,
1762578720,10080,slow_query,"[""select `products`.*, `category_product`.`category_id` as `pivot_category_id`, `category_product`.`product_id` as `pivot_product_id` from `products` inner join `category_product` on `products`.`id` = `category_product`.`product_id` where `is_promotion` = ? and `category_product`.`category_id` in (1, 2, 3, 4)"",""app\/Http\/Controllers\/Api\/V1\/CategoryController.php:17""]","X'2A1B17E4739D94374D48437D8B265ED3'",count,1.00,
1762578720,10080,slow_query,"[""select `products`.*, `category_product`.`category_id` as `pivot_category_id`, `category_product`.`product_id` as `pivot_product_id` from `products` inner join `category_product` on `products`.`id` = `category_product`.`product_id` where `is_promotion` = ? and `category_product`.`category_id` in (1, 2, 3, 4)"",""app\/Http\/Controllers\/Api\/V1\/CategoryController.php:17""]","X'2A1B17E4739D94374D48437D8B265ED3'",max,1105.00,
1762578720,10080,slow_request,"[""GET"",""\/api\/v1\/products\/related\/{product}"",""App\\Http\\Controllers\\Api\\V1\\ProductController@related""]","X'9F157569D1BE8FFD4B7CF53B03B79112'",count,2.00,
1762578720,10080,slow_query,"[""select * from `products` where `id` = ? limit 1"",""vendor\/livewire\/livewire\/src\/Features\/SupportPageComponents\/SupportPageComponents.php:214""]","X'AD283886929192FD443F81C075A15925'",count,1.00,
1762578720,10080,slow_query,"[""select `id` from `categories` inner join `category_product` on `categories`.`id` = `category_product`.`category_id` where `category_product`.`product_id` = ?"",""app\/Http\/Controllers\/Api\/V1\/ProductController.php:85""]","X'666001A024C03C64BDA84DE0AB30D8F6'",count,1.00,
1762578720,10080,slow_request,"[""GET"",""\/api\/v1\/products\/related\/{product}"",""App\\Http\\Controllers\\Api\\V1\\ProductController@related""]","X'9F157569D1BE8FFD4B7CF53B03B79112'",max,3879.00,
1762578720,10080,slow_query,"[""select * from `products` where `id` = ? limit 1"",""vendor\/livewire\/livewire\/src\/Features\/SupportPageComponents\/SupportPageComponents.php:214""]","X'AD283886929192FD443F81C075A15925'",max,1054.00,
1762578720,10080,slow_query,"[""select `id` from `categories` inner join `category_product` on `categories`.`id` = `category_product`.`category_id` where `category_product`.`product_id` = ?"",""app\/Http\/Controllers\/Api\/V1\/ProductController.php:85""]","X'666001A024C03C64BDA84DE0AB30D8F6'",max,1197.00,
1762578720,10080,slow_query,"[""select * from `products` where `slug` = ? limit 1"",""app\/Http\/Controllers\/Api\/V1\/ProductController.php:62""]","X'E9FD7901A46AC76968D3802135C6C0B0'",count,1.00,
1762578720,10080,slow_query,"[""select * from `variant_values` where `variant_values`.`id` in (?)"",""app\/Http\/Controllers\/Api\/V1\/ProductController.php:64""]","X'8844E1D131C7F5B6F3C79B9F84DBA5E0'",count,1.00,
1762578720,10080,slow_query,"[""select * from `products` where `slug` = ? limit 1"",""app\/Http\/Controllers\/Api\/V1\/ProductController.php:62""]","X'E9FD7901A46AC76968D3802135C6C0B0'",max,1053.00,
1762578720,10080,slow_query,"[""select * from `variant_values` where `variant_values`.`id` in (?)"",""app\/Http\/Controllers\/Api\/V1\/ProductController.php:64""]","X'8844E1D131C7F5B6F3C79B9F84DBA5E0'",max,1651.00,
1762588800,10080,cache_miss,0a4a5f3d7ff11eb5a2ed68849b173809,"X'AEEF20EC5E32AA2F5E62A67F3181CD12'",count,10.00,
1762588800,10080,cache_hit,0a4a5f3d7ff11eb5a2ed68849b173809,"X'AEEF20EC5E32AA2F5E62A67F3181CD12'",count,56.00,
1762588800,10080,cache_miss,643fabda870381b0c5d9709237baa480,"X'2D2B41052D3DDFAC5FC87EE61F1394B2'",count,1.00,
1762588800,10080,cache_hit,643fabda870381b0c5d9709237baa480,"X'2D2B41052D3DDFAC5FC87EE61F1394B2'",count,5.00,
1762588800,10080,cache_miss,e7ff4578f955c8a7ef0ef8291e9f3b3c,"X'0DB68ACC657C75FFBAFD4AB44A80F4BC'",count,1.00,
1762588800,10080,cache_hit,e7ff4578f955c8a7ef0ef8291e9f3b3c,"X'0DB68ACC657C75FFBAFD4AB44A80F4BC'",count,9.00,
1762588800,10080,cache_miss,21181adbf2a82039b290a66a51bde7eb,"X'968419EDE7846E6A0D0210F0DCFC8207'",count,1.00,
1762588800,10080,cache_hit,21181adbf2a82039b290a66a51bde7eb,"X'968419EDE7846E6A0D0210F0DCFC8207'",count,11.00,
1762588800,10080,user_request,560,"X'A9A6653E48976138166DE32772B1BF40'",count,1.00,
1762588800,10080,cache_miss,4b3c14fd8e1da6dfda342461b616f006,"X'F00D9556012F5599F1243637B38B9DEB'",count,1.00,
1762588800,10080,cache_hit,4b3c14fd8e1da6dfda342461b616f006,"X'F00D9556012F5599F1243637B38B9DEB'",count,1.00,
1762588800,10080,cache_miss,dbe3b815b82bfc81bc8250a586b19738,"X'AB02C9C286AB91FCA51CD55E24D72AAA'",count,1.00,
1762588800,10080,cache_hit,dbe3b815b82bfc81bc8250a586b19738,"X'AB02C9C286AB91FCA51CD55E24D72AAA'",count,9.00,
1762588800,10080,user_request,928,"X'D045C59A90D7587D8D671B5F5AEC4E7C'",count,1.00,
1762588800,10080,cache_miss,0aad90469c8c4063da2bf5e57e1dccaf,"X'E312A54436F3F28CE3418D64B8F52AAC'",count,1.00,
1762588800,10080,cache_hit,0aad90469c8c4063da2bf5e57e1dccaf,"X'E312A54436F3F28CE3418D64B8F52AAC'",count,1.00,
1762588800,10080,user_request,2,"X'C81E728D9D4C2F636F067F89CC14862C'",count,49.00,
1762588800,10080,cache_miss,filament-excel:exports:2,"X'6FD553FA91DAA6B8F81911C003B16325'",count,82.00,
1762588800,10080,cache_miss,739a067335dcc2051adeb620a46692d3,"X'AFA0FD8BC7BDA02DB47D8F3AC42E2CA0'",count,1.00,
1762588800,10080,cache_hit,739a067335dcc2051adeb620a46692d3,"X'AFA0FD8BC7BDA02DB47D8F3AC42E2CA0'",count,9.00,
1762588800,10080,slow_request,"[""GET"",""\/api\/v1\/collections"",""App\\Http\\Controllers\\Api\\V1\\CollectionController@all""]","X'F0CAFB9DE9C914BAC0B8613012B749DF'",count,1.00,
1762588800,10080,slow_query,"[""select `products`.*, `collection_product`.`collection_id` as `pivot_collection_id`, `collection_product`.`product_id` as `pivot_product_id`, `collection_product`.`position` as `pivot_position` from `products` inner join `collection_product` on `products`.`id` = `collection_product`.`product_id` where `is_visible` = ? and `collection_product`.`collection_id` in (7, 8, 9) order by `position` asc"",""app\/Http\/Controllers\/Api\/V1\/CollectionController.php:28""]","X'D4AF65A9B53481442EEFFAE5CD3079AD'",count,1.00,
1762588800,10080,slow_request,"[""GET"",""\/api\/v1\/collections"",""App\\Http\\Controllers\\Api\\V1\\CollectionController@all""]","X'F0CAFB9DE9C914BAC0B8613012B749DF'",max,7559.00,
1762588800,10080,slow_query,"[""select `products`.*, `collection_product`.`collection_id` as `pivot_collection_id`, `collection_product`.`product_id` as `pivot_product_id`, `collection_product`.`position` as `pivot_position` from `products` inner join `collection_product` on `products`.`id` = `collection_product`.`product_id` where `is_visible` = ? and `collection_product`.`collection_id` in (7, 8, 9) order by `position` asc"",""app\/Http\/Controllers\/Api\/V1\/CollectionController.php:28""]","X'D4AF65A9B53481442EEFFAE5CD3079AD'",max,1392.00,
1762588800,10080,slow_request,"[""GET"",""\/api\/v1\/products"",""App\\Http\\Controllers\\Api\\V1\\ProductController@index""]","X'9F16684F33EF3611750C326752979C04'",count,1.00,
1762588800,10080,slow_query,"[""select * from `products` where `is_visible` = ? order by `created_at` desc"",""app\/Http\/Controllers\/Api\/V1\/ProductController.php:55""]","X'1CDBCA6C009264CC94C6EFA280324E9A'",count,1.00,
1762588800,10080,slow_request,"[""GET"",""\/api\/v1\/products"",""App\\Http\\Controllers\\Api\\V1\\ProductController@index""]","X'9F16684F33EF3611750C326752979C04'",max,1812.00,
1762588800,10080,slow_query,"[""select * from `products` where `is_visible` = ? order by `created_at` desc"",""app\/Http\/Controllers\/Api\/V1\/ProductController.php:55""]","X'1CDBCA6C009264CC94C6EFA280324E9A'",max,1266.00,
1762588800,10080,cache_miss,e0e2ffddf2bb5afa27877820340477c2,"X'CE953EB285D08957DE3CFAC41F91CF03'",count,1.00,
1762588800,10080,cache_hit,e0e2ffddf2bb5afa27877820340477c2,"X'CE953EB285D08957DE3CFAC41F91CF03'",count,5.00,
1762588800,10080,cache_miss,2ce628defa836b525fd8a0bd0081dbfb,"X'C309A6711C85375D93E61237BB728EDC'",count,7.00,
1762588800,10080,cache_hit,2ce628defa836b525fd8a0bd0081dbfb,"X'C309A6711C85375D93E61237BB728EDC'",count,43.00,
1762588800,10080,cache_miss,e1220d541fa639fb1bf058d59bad6392,"X'40E1033F81FD21D66EF1C238CACFB5F0'",count,3.00,
1762588800,10080,cache_hit,e1220d541fa639fb1bf058d59bad6392,"X'40E1033F81FD21D66EF1C238CACFB5F0'",count,35.00,
1762598880,10080,slow_request,"[""GET"",""\/api\/info"",""Closure""]","X'CA0BBD44096263F2847D722F6669A882'",count,2.00,
1762598880,10080,cache_miss,0a4a5f3d7ff11eb5a2ed68849b173809,"X'AEEF20EC5E32AA2F5E62A67F3181CD12'",count,13.00,
1762598880,10080,cache_hit,0a4a5f3d7ff11eb5a2ed68849b173809,"X'AEEF20EC5E32AA2F5E62A67F3181CD12'",count,115.00,
1762598880,10080,slow_request,"[""GET"",""\/api\/info"",""Closure""]","X'CA0BBD44096263F2847D722F6669A882'",max,1983.00,
1762598880,10080,user_request,2,"X'C81E728D9D4C2F636F067F89CC14862C'",count,1.00,
1762598880,10080,cache_miss,filament-excel:exports:2,"X'6FD553FA91DAA6B8F81911C003B16325'",count,1.00,
1762598880,10080,cache_miss,509b42cef67ddbc8918d78676f0fe470,"X'93FCD81D4C4D8266532DEB515E4F2E4E'",count,2.00,
1762598880,10080,cache_hit,509b42cef67ddbc8918d78676f0fe470,"X'93FCD81D4C4D8266532DEB515E4F2E4E'",count,10.00,
1762598880,10080,cache_miss,b59cc7479fc013abc45f5909e7c5db87,"X'E73689F529DE8B38DBD786BB816A0661'",count,5.00,
1762598880,10080,cache_hit,b59cc7479fc013abc45f5909e7c5db87,"X'E73689F529DE8B38DBD786BB816A0661'",count,15.00,
1762598880,10080,user_request,560,"X'A9A6653E48976138166DE32772B1BF40'",count,2.00,
1762598880,10080,cache_miss,4b3c14fd8e1da6dfda342461b616f006,"X'F00D9556012F5599F1243637B38B9DEB'",count,2.00,
1762598880,10080,cache_hit,4b3c14fd8e1da6dfda342461b616f006,"X'F00D9556012F5599F1243637B38B9DEB'",count,2.00,
1762598880,10080,slow_request,"[""GET"",""\/api\/v1\/collections"",""App\\Http\\Controllers\\Api\\V1\\CollectionController@all""]","X'F0CAFB9DE9C914BAC0B8613012B749DF'",count,1.00,
1762598880,10080,slow_request,"[""GET"",""\/api\/v1\/collections"",""App\\Http\\Controllers\\Api\\V1\\CollectionController@all""]","X'F0CAFB9DE9C914BAC0B8613012B749DF'",max,1910.00,
1762598880,10080,cache_miss,364b53ff75f472e7451b0f34f3147888,"X'747525E09E0730213CC69DD481D49434'",count,2.00,
1762598880,10080,cache_hit,364b53ff75f472e7451b0f34f3147888,"X'747525E09E0730213CC69DD481D49434'",count,24.00,
1762598880,10080,cache_miss,09eb8ddc8a46d6907b8f776635193133,"X'696F9D09BCD294295A234C862D85108C'",count,1.00,
1762598880,10080,cache_hit,09eb8ddc8a46d6907b8f776635193133,"X'696F9D09BCD294295A234C862D85108C'",count,13.00,
1762598880,10080,cache_miss,93973aab82c14d0cbe184f358c27f13e,"X'814559A07E9A013424643FA7520B3242'",count,2.00,
1762598880,10080,cache_hit,93973aab82c14d0cbe184f358c27f13e,"X'814559A07E9A013424643FA7520B3242'",count,14.00,
1762598880,10080,user_request,783,"X'6E0721B2C6977135B916EF286BCB49EC'",count,2.00,
1762598880,10080,cache_miss,689e34f226c264e9fc2338fbdd798dd2,"X'0974128827B2585564A54ACDC2CCB86D'",count,1.00,
1762598880,10080,cache_hit,689e34f226c264e9fc2338fbdd798dd2,"X'0974128827B2585564A54ACDC2CCB86D'",count,3.00,
1762598880,10080,cache_miss,bc35bfd2a7abf838dcee292cf1c9eedb,"X'F1B99112D8B7A361604DF7735A9611D8'",count,1.00,
1762598880,10080,cache_hit,bc35bfd2a7abf838dcee292cf1c9eedb,"X'F1B99112D8B7A361604DF7735A9611D8'",count,11.00,
1762598880,10080,user_request,918,"X'1E056D2B0EBD5C878C550DA6AC5D3724'",count,3.00,
1762598880,10080,cache_miss,f4caa4e33e21dbc76456138952f3a8bd,"X'DB26C6E9A005205382383C5E08F61EEA'",count,1.00,
1762598880,10080,cache_hit,f4caa4e33e21dbc76456138952f3a8bd,"X'DB26C6E9A005205382383C5E08F61EEA'",count,5.00,
1762608960,10080,cache_miss,0a4a5f3d7ff11eb5a2ed68849b173809,"X'AEEF20EC5E32AA2F5E62A67F3181CD12'",count,11.00,
1762608960,10080,cache_hit,0a4a5f3d7ff11eb5a2ed68849b173809,"X'AEEF20EC5E32AA2F5E62A67F3181CD12'",count,65.00,
1762608960,10080,slow_request,"[""GET"",""\/api\/v1\/collections"",""App\\Http\\Controllers\\Api\\V1\\CollectionController@all""]","X'F0CAFB9DE9C914BAC0B8613012B749DF'",count,2.00,
1762608960,10080,slow_request,"[""GET"",""\/api\/v1\/collections"",""App\\Http\\Controllers\\Api\\V1\\CollectionController@all""]","X'F0CAFB9DE9C914BAC0B8613012B749DF'",max,2028.00,
1762608960,10080,cache_miss,788c7a22017d841a7e9b8290a08ed86e,"X'6221AEE368DA8E088BCCFF5DF36A2AD2'",count,1.00,
1762608960,10080,cache_hit,788c7a22017d841a7e9b8290a08ed86e,"X'6221AEE368DA8E088BCCFF5DF36A2AD2'",count,5.00,
1762608960,10080,cache_miss,2ce628defa836b525fd8a0bd0081dbfb,"X'C309A6711C85375D93E61237BB728EDC'",count,6.00,
1762608960,10080,cache_hit,2ce628defa836b525fd8a0bd0081dbfb,"X'C309A6711C85375D93E61237BB728EDC'",count,94.00,
1762608960,10080,cache_miss,ba554efa9517a20fff11ce3977b13a0b,"X'B884DCD605EAFFF0EB60184A51684E00'",count,1.00,
1762608960,10080,cache_hit,ba554efa9517a20fff11ce3977b13a0b,"X'B884DCD605EAFFF0EB60184A51684E00'",count,1.00,
1762608960,10080,cache_miss,b2121eff8492cdddfc4ee277a9206b90,"X'C02B5A344FEB2E548EE51B8EE8F6DCF0'",count,1.00,
1762608960,10080,cache_hit,b2121eff8492cdddfc4ee277a9206b90,"X'C02B5A344FEB2E548EE51B8EE8F6DCF0'",count,19.00,
1762608960,10080,user_request,991,"X'692F93BE8C7A41525C0BAF2076AECFB4'",count,1.00,
1762608960,10080,cache_miss,01717314cd4a1fb6a444b94e2d6c49aa,"X'39DBBF5E5856D5F110E6B9AC0817BE0E'",count,1.00,
1762608960,10080,cache_hit,01717314cd4a1fb6a444b94e2d6c49aa,"X'39DBBF5E5856D5F110E6B9AC0817BE0E'",count,1.00,
1762608960,10080,cache_miss,80084fb5f186d27fca3aea28c7764049,"X'FE0BE20B7D657369984D98567F602497'",count,2.00,
1762608960,10080,cache_hit,80084fb5f186d27fca3aea28c7764049,"X'FE0BE20B7D657369984D98567F602497'",count,6.00,
1762608960,10080,cache_miss,017d847ae79395ec2b0dc1b8be3ec3e7,"X'0816365559F767B31B82E23EE11DD472'",count,2.00,
1762608960,10080,cache_hit,017d847ae79395ec2b0dc1b8be3ec3e7,"X'0816365559F767B31B82E23EE11DD472'",count,2.00,
1762608960,10080,cache_miss,e2bacca461c5bc58a3b12ea3c7fc5449,"X'77CCFB93D122A951CC28152FCDE8DFE0'",count,2.00,
1762608960,10080,cache_hit,e2bacca461c5bc58a3b12ea3c7fc5449,"X'77CCFB93D122A951CC28152FCDE8DFE0'",count,10.00,
1762608960,10080,cache_miss,7201f894bd03caf14f4c2bd3af45c557,"X'AA970928B273E67C21850909BEEE434E'",count,8.00,
1762608960,10080,cache_hit,7201f894bd03caf14f4c2bd3af45c557,"X'AA970928B273E67C21850909BEEE434E'",count,86.00,
1762608960,10080,slow_request,"[""GET"",""\/api\/v1\/products\/{slug}"",""App\\Http\\Controllers\\Api\\V1\\ProductController@show""]","X'170410E1B2CD0D9849ED32037684C3C8'",count,1.00,
1762608960,10080,slow_request,"[""GET"",""\/api\/v1\/products\/{slug}"",""App\\Http\\Controllers\\Api\\V1\\ProductController@show""]","X'170410E1B2CD0D9849ED32037684C3C8'",max,4240.00,
1762608960,10080,cache_miss,8a4e7e4a35666c2de584ca9e3143bde8,"X'872FE7B8FE062F680018BEB2BDC32809'",count,1.00,
1762608960,10080,cache_hit,8a4e7e4a35666c2de584ca9e3143bde8,"X'872FE7B8FE062F680018BEB2BDC32809'",count,29.00,
1762608960,10080,cache_miss,538c48d9f74dd6e0d4a729c1e879aaf2,"X'48CCE3A424D45D91C30445E7C16BFA83'",count,3.00,
1762608960,10080,cache_hit,538c48d9f74dd6e0d4a729c1e879aaf2,"X'48CCE3A424D45D91C30445E7C16BFA83'",count,17.00,
1762608960,10080,cache_miss,71e5bda513fbdb5438a3a8bdfb1d1204,"X'A4ED3D576DE032CA4A379C25D899C95B'",count,1.00,
1762608960,10080,cache_hit,71e5bda513fbdb5438a3a8bdfb1d1204,"X'A4ED3D576DE032CA4A379C25D899C95B'",count,9.00,
1762608960,10080,cache_miss,5fea607f84999f93e4319286a4c5ff96,"X'10D60881B604EEAA28BE07EEABD3AC94'",count,1.00,
1762608960,10080,cache_hit,5fea607f84999f93e4319286a4c5ff96,"X'10D60881B604EEAA28BE07EEABD3AC94'",count,9.00,
1762619040,10080,cache_miss,0a4a5f3d7ff11eb5a2ed68849b173809,"X'AEEF20EC5E32AA2F5E62A67F3181CD12'",count,38.00,
1762619040,10080,cache_hit,0a4a5f3d7ff11eb5a2ed68849b173809,"X'AEEF20EC5E32AA2F5E62A67F3181CD12'",count,280.00,
1762619040,10080,cache_miss,86a4edcd6042d0d368865e19d614378f,"X'07BC13C71B5ACE068F13575429494198'",count,2.00,
1762619040,10080,cache_hit,86a4edcd6042d0d368865e19d614378f,"X'07BC13C71B5ACE068F13575429494198'",count,18.00,
1762619040,10080,cache_miss,d9790c8be2d16fdd1c61fca0c2be92a5,"X'B592B677DCC5236506409F27106FC7DA'",count,1.00,
1762619040,10080,cache_hit,d9790c8be2d16fdd1c61fca0c2be92a5,"X'B592B677DCC5236506409F27106FC7DA'",count,9.00,
1762619040,10080,cache_miss,2ce628defa836b525fd8a0bd0081dbfb,"X'C309A6711C85375D93E61237BB728EDC'",count,7.00,
1762619040,10080,cache_hit,2ce628defa836b525fd8a0bd0081dbfb,"X'C309A6711C85375D93E61237BB728EDC'",count,77.00,
1762619040,10080,cache_miss,bac9fc697f86966b1bd13b69f2ef8f5c,"X'6DF39C2C3333579C1E16E98336862948'",count,1.00,
1762619040,10080,cache_hit,bac9fc697f86966b1bd13b69f2ef8f5c,"X'6DF39C2C3333579C1E16E98336862948'",count,19.00,
1762619040,10080,cache_hit,08e011448cfdb39dab148ceb2f150a14,"X'95B7178A80886AF1918BA1636BB657B3'",count,26.00,
1762619040,10080,cache_miss,08e011448cfdb39dab148ceb2f150a14,"X'95B7178A80886AF1918BA1636BB657B3'",count,2.00,
1762619040,10080,slow_request,"[""GET"",""\/api\/v1\/collection"",""App\\Http\\Controllers\\Api\\V1\\CollectionController@index""]","X'C5A70820A669030919A4ED1A6B091384'",count,10.00,
1762619040,10080,slow_query,"[""select * from `collections` where `is_visible` = ? and `slug` = ? limit 1"",""app\/Http\/Controllers\/Api\/V1\/CollectionController.php:21""]","X'A43AA732BCF9525AD7B38185A4DB8DCC'",count,2.00,
1762619040,10080,slow_request,"[""GET"",""\/api\/v1\/collection"",""App\\Http\\Controllers\\Api\\V1\\CollectionController@index""]","X'C5A70820A669030919A4ED1A6B091384'",max,5085.00,
1762619040,10080,slow_query,"[""select * from `collections` where `is_visible` = ? and `slug` = ? limit 1"",""app\/Http\/Controllers\/Api\/V1\/CollectionController.php:21""]","X'A43AA732BCF9525AD7B38185A4DB8DCC'",max,1602.00,
1762619040,10080,slow_request,"[""GET"",""\/api\/v1\/categories"",""App\\Http\\Controllers\\Api\\V1\\CategoryController@index""]","X'60374D41A7A4EB9973ABC798FC028C3D'",count,1.00,
1762619040,10080,slow_request,"[""GET"",""\/api\/v1\/categories"",""App\\Http\\Controllers\\Api\\V1\\CategoryController@index""]","X'60374D41A7A4EB9973ABC798FC028C3D'",max,1324.00,
1762619040,10080,slow_request,"[""GET"",""\/api\/v1\/products\/{slug}"",""App\\Http\\Controllers\\Api\\V1\\ProductController@show""]","X'170410E1B2CD0D9849ED32037684C3C8'",count,2.00,
1762619040,10080,slow_query,"[""select * from `products` where `slug` = ? limit 1"",""app\/Http\/Controllers\/Api\/V1\/ProductController.php:62""]","X'E9FD7901A46AC76968D3802135C6C0B0'",count,1.00,
1762619040,10080,slow_request,"[""GET"",""\/api\/v1\/products\/{slug}"",""App\\Http\\Controllers\\Api\\V1\\ProductController@show""]","X'170410E1B2CD0D9849ED32037684C3C8'",max,2021.00,
1762619040,10080,slow_query,"[""select * from `products` where `slug` = ? limit 1"",""app\/Http\/Controllers\/Api\/V1\/ProductController.php:62""]","X'E9FD7901A46AC76968D3802135C6C0B0'",max,1458.00,
1762619040,10080,slow_request,"[""GET"",""\/api\/v1\/products\/related\/{product}"",""App\\Http\\Controllers\\Api\\V1\\ProductController@related""]","X'9F157569D1BE8FFD4B7CF53B03B79112'",count,2.00,
1762619040,10080,slow_request,"[""GET"",""\/api\/v1\/products\/related\/{product}"",""App\\Http\\Controllers\\Api\\V1\\ProductController@related""]","X'9F157569D1BE8FFD4B7CF53B03B79112'",max,3263.00,
1762619040,10080,slow_request,"[""GET"",""\/api\/v1\/products\/suggested"",""App\\Http\\Controllers\\Api\\V1\\ProductController@suggested""]","X'00AA9989582D873F10B1ECD224E58185'",count,1.00,
1762619040,10080,slow_query,"[""select * from `products` where `is_visible` = ? order by RAND() limit 10"",""app\/Http\/Controllers\/Api\/V1\/ProductController.php:107""]","X'424D3FB3A63DB776CD144DB7C1D8C3EB'",count,1.00,
1762619040,10080,slow_request,"[""GET"",""\/api\/v1\/products\/suggested"",""App\\Http\\Controllers\\Api\\V1\\ProductController@suggested""]","X'00AA9989582D873F10B1ECD224E58185'",max,1988.00,
1762619040,10080,slow_query,"[""select * from `products` where `is_visible` = ? order by RAND() limit 10"",""app\/Http\/Controllers\/Api\/V1\/ProductController.php:107""]","X'424D3FB3A63DB776CD144DB7C1D8C3EB'",max,1560.00,
1762619040,10080,slow_query,"[""select * from `products` where `id` = ? limit 1"",""vendor\/livewire\/livewire\/src\/Features\/SupportPageComponents\/SupportPageComponents.php:214""]","X'AD283886929192FD443F81C075A15925'",count,1.00,
1762619040,10080,slow_query,"[""select * from `products` where `id` = ? limit 1"",""vendor\/livewire\/livewire\/src\/Features\/SupportPageComponents\/SupportPageComponents.php:214""]","X'AD283886929192FD443F81C075A15925'",max,2450.00,
1762619040,10080,slow_request,"[""GET"",""\/api\/v1\/collections"",""App\\Http\\Controllers\\Api\\V1\\CollectionController@all""]","X'F0CAFB9DE9C914BAC0B8613012B749DF'",count,8.00,
1762619040,10080,slow_request,"[""GET"",""\/api\/v1\/collections"",""App\\Http\\Controllers\\Api\\V1\\CollectionController@all""]","X'F0CAFB9DE9C914BAC0B8613012B749DF'",max,4258.00,
1762619040,10080,cache_miss,a48809d2f96687b081b386ee0ee692fa,"X'4AA5042C79DF2D0D5D820478140ED627'",count,1.00,
1762619040,10080,cache_hit,a48809d2f96687b081b386ee0ee692fa,"X'4AA5042C79DF2D0D5D820478140ED627'",count,9.00,
1762619040,10080,slow_query,"[""select * from `collections` where `is_visible` = ? order by `position` asc"",""app\/Http\/Controllers\/Api\/V1\/CollectionController.php:28""]","X'429D56E8E167616094F3AF2DEC648BC2'",count,1.00,
1762619040,10080,slow_query,"[""select `tag` from `telescope_monitoring`"",""vendor\/laravel\/telescope\/src\/Storage\/DatabaseEntriesRepository.php:312""]","X'161B5AEEA8263BD8234A766806E06882'",count,1.00,
1762619040,10080,slow_query,"[""select * from `collections` where `is_visible` = ? order by `position` asc"",""app\/Http\/Controllers\/Api\/V1\/CollectionController.php:28""]","X'429D56E8E167616094F3AF2DEC648BC2'",max,1015.00,
1762619040,10080,slow_query,"[""select `tag` from `telescope_monitoring`"",""vendor\/laravel\/telescope\/src\/Storage\/DatabaseEntriesRepository.php:312""]","X'161B5AEEA8263BD8234A766806E06882'",max,1235.00,
1762619040,10080,slow_request,"[""GET"",""\/api\/v1\/products"",""App\\Http\\Controllers\\Api\\V1\\ProductController@index""]","X'9F16684F33EF3611750C326752979C04'",count,4.00,
1762619040,10080,slow_request,"[""GET"",""\/api\/v1\/products"",""App\\Http\\Controllers\\Api\\V1\\ProductController@index""]","X'9F16684F33EF3611750C326752979C04'",max,2259.00,
1762619040,10080,slow_request,"[""GET"",""\/api\/v1\/cms"",""App\\Http\\Controllers\\Api\\V1\\CmsController@index""]","X'632AF37A6E5172E8F541BA52BEF62F96'",count,1.00,
1762619040,10080,slow_request,"[""GET"",""\/api\/v1\/cms"",""App\\Http\\Controllers\\Api\\V1\\CmsController@index""]","X'632AF37A6E5172E8F541BA52BEF62F96'",max,1133.00,
1762619040,10080,cache_miss,7201f894bd03caf14f4c2bd3af45c557,"X'AA970928B273E67C21850909BEEE434E'",count,5.00,
1762619040,10080,cache_hit,7201f894bd03caf14f4c2bd3af45c557,"X'AA970928B273E67C21850909BEEE434E'",count,73.00,
1762619040,10080,cache_miss,2660a972051588e166fc0a694f8332c4,"X'6B5418BD2DA2EFF8608D5D59A9D6F305'",count,2.00,
1762619040,10080,cache_hit,2660a972051588e166fc0a694f8332c4,"X'6B5418BD2DA2EFF8608D5D59A9D6F305'",count,72.00,
1762619040,10080,cache_miss,4056f3e808bc9e765a1203c1e8d5e3cf,"X'F1648879AF88E33EE92D49328C041E29'",count,8.00,
1762619040,10080,cache_hit,4056f3e808bc9e765a1203c1e8d5e3cf,"X'F1648879AF88E33EE92D49328C041E29'",count,126.00,
1762619040,10080,cache_miss,0618fb4da829595ccda596710bc6eea6,"X'622C82D056B8DF6E2CC61CD350F379E9'",count,1.00,
1762619040,10080,cache_hit,0618fb4da829595ccda596710bc6eea6,"X'622C82D056B8DF6E2CC61CD350F379E9'",count,19.00,
1762619040,10080,cache_miss,f3c10186001715f4ff781c5643fc5f6c,"X'0AB86A0B1DE30C4FDB0C60D78C6F5680'",count,10.00,
1762619040,10080,cache_hit,f3c10186001715f4ff781c5643fc5f6c,"X'0AB86A0B1DE30C4FDB0C60D78C6F5680'",count,100.00,
1762619040,10080,cache_miss,6740b31c35e87db0b9bb443b1ef98f48,"X'DDBD162EA8F61EB6F48D9B8D564D5B03'",count,1.00,
1762619040,10080,cache_hit,6740b31c35e87db0b9bb443b1ef98f48,"X'DDBD162EA8F61EB6F48D9B8D564D5B03'",count,9.00,
1762619040,10080,cache_miss,3ff50ec32233466d6b514b3f66b298a6,"X'0E13BE65D0E19B0DF8CCF54F8F5ACB40'",count,1.00,
1762619040,10080,cache_hit,3ff50ec32233466d6b514b3f66b298a6,"X'0E13BE65D0E19B0DF8CCF54F8F5ACB40'",count,9.00,
1762619040,10080,cache_miss,68bb4988df90ca4f415e95d111b9322d,"X'75989788756D3BCA915EDC4E5437141E'",count,6.00,
1762619040,10080,cache_hit,68bb4988df90ca4f415e95d111b9322d,"X'75989788756D3BCA915EDC4E5437141E'",count,66.00,
1762619040,10080,cache_miss,6889b90698f137b47895bae5e8c73f55,"X'93E51D77A368C5E77365166F65CA05FE'",count,2.00,
1762619040,10080,cache_hit,6889b90698f137b47895bae5e8c73f55,"X'93E51D77A368C5E77365166F65CA05FE'",count,28.00,
1762619040,10080,cache_miss,079544b092ca2f5dab8d83711181fffb,"X'06582F0E292E5CED330FE6646D054567'",count,3.00,
1762619040,10080,cache_hit,079544b092ca2f5dab8d83711181fffb,"X'06582F0E292E5CED330FE6646D054567'",count,17.00,
1762619040,10080,cache_miss,81459f1dec3d9b3719edab2bca6d65d8,"X'18E4A6D9DDF92E6ABA8D4F088126D45E'",count,3.00,
1762619040,10080,cache_hit,81459f1dec3d9b3719edab2bca6d65d8,"X'18E4A6D9DDF92E6ABA8D4F088126D45E'",count,7.00,
1762619040,10080,user_request,991,"X'692F93BE8C7A41525C0BAF2076AECFB4'",count,1.00,
1762619040,10080,cache_miss,01717314cd4a1fb6a444b94e2d6c49aa,"X'39DBBF5E5856D5F110E6B9AC0817BE0E'",count,1.00,
1762619040,10080,cache_hit,01717314cd4a1fb6a444b94e2d6c49aa,"X'39DBBF5E5856D5F110E6B9AC0817BE0E'",count,1.00,
1762619040,10080,cache_miss,bc1a0d1dc1dca02aa176ce0500f134c9,"X'A4B619D358D03714E99DA0AFF2135821'",count,1.00,
1762619040,10080,cache_hit,bc1a0d1dc1dca02aa176ce0500f134c9,"X'A4B619D358D03714E99DA0AFF2135821'",count,15.00,
1762619040,10080,user_request,2,"X'C81E728D9D4C2F636F067F89CC14862C'",count,72.00,
1762619040,10080,cache_miss,filament-excel:exports:2,"X'6FD553FA91DAA6B8F81911C003B16325'",count,123.00,
1762619040,10080,cache_miss,f8115686b717867a679dd9a5716bdec9,"X'965980FFD47CDAE4121640B99283C04F'",count,1.00,
1762619040,10080,cache_hit,f8115686b717867a679dd9a5716bdec9,"X'965980FFD47CDAE4121640B99283C04F'",count,25.00,
1762619040,10080,cache_miss,e77bb4e7dd88657659164877616a55cb,"X'B60EDAE0FA0B874E25893ABA037E4503'",count,1.00,
1762619040,10080,cache_hit,e77bb4e7dd88657659164877616a55cb,"X'B60EDAE0FA0B874E25893ABA037E4503'",count,9.00,
1762619040,10080,cache_miss,14151497f40f29c3e410875d29458107,"X'BC1453EFAC91460C999D13DBE4672779'",count,2.00,
1762619040,10080,cache_hit,14151497f40f29c3e410875d29458107,"X'BC1453EFAC91460C999D13DBE4672779'",count,38.00,
1762619040,10080,cache_miss,f699b60028e3593785cbbe0183ce01a4,"X'32EE949BE11AE7F4B6256A5375B3427B'",count,1.00,
1762619040,10080,cache_hit,f699b60028e3593785cbbe0183ce01a4,"X'32EE949BE11AE7F4B6256A5375B3427B'",count,45.00,
1762619040,10080,cache_miss,62784c4c181a626bb9c69ed2845380ca,"X'169FDF7027B00F0AB80FD8BFD7551230'",count,1.00,
1762619040,10080,cache_hit,62784c4c181a626bb9c69ed2845380ca,"X'169FDF7027B00F0AB80FD8BFD7551230'",count,9.00,
1762619040,10080,cache_miss,52004a39c3b79a5fde149052d659009a,"X'3C3839B73128810BCB405743D65B03F4'",count,1.00,
1762619040,10080,cache_hit,52004a39c3b79a5fde149052d659009a,"X'3C3839B73128810BCB405743D65B03F4'",count,19.00,
1762619040,10080,cache_miss,8c72ef30a419c174b82d5fb447ed1bcb,"X'0855C2603B3EF582E2C0772E0BCF3365'",count,1.00,
1762619040,10080,cache_hit,8c72ef30a419c174b82d5fb447ed1bcb,"X'0855C2603B3EF582E2C0772E0BCF3365'",count,9.00,
1762619040,10080,cache_miss,1093ee4f6c22e1483a622b993ce24eac,"X'2EB3D259426605BA76388C4FCEBFAADB'",count,1.00,
1762619040,10080,cache_hit,1093ee4f6c22e1483a622b993ce24eac,"X'2EB3D259426605BA76388C4FCEBFAADB'",count,9.00,
1762619040,10080,cache_miss,4b75f6e4b5cfefd06dbf308129bdc774,"X'5A098D2D6FAE84C071D3CBDEC89B01A0'",count,2.00,
1762619040,10080,cache_hit,4b75f6e4b5cfefd06dbf308129bdc774,"X'5A098D2D6FAE84C071D3CBDEC89B01A0'",count,6.00,
1762619040,10080,cache_miss,ef8b78b33ef63c05d44e28cd98426eaf,"X'2368C5B317492F0A484A9497D1376973'",count,1.00,
1762619040,10080,cache_hit,ef8b78b33ef63c05d44e28cd98426eaf,"X'2368C5B317492F0A484A9497D1376973'",count,3.00,
1762619040,10080,cache_miss,49634a396067394f95bf66401cf0aaaf,"X'0FB8F22CD0CD2B6D35BE71160F5263B5'",count,2.00,
1762619040,10080,cache_hit,49634a396067394f95bf66401cf0aaaf,"X'0FB8F22CD0CD2B6D35BE71160F5263B5'",count,18.00,
1762619040,10080,cache_miss,201de70b6580bc55b82950d4dcd1a7bc,"X'4A8CEF21051C787D5F9F20ED46319E01'",count,1.00,
1762619040,10080,cache_hit,201de70b6580bc55b82950d4dcd1a7bc,"X'4A8CEF21051C787D5F9F20ED46319E01'",count,9.00,
1762619040,10080,user_request,330,"X'FE73F687E5BC5280214E0486B273A5F9'",count,5.00,
1762619040,10080,cache_miss,a940486dcc1674412cc2add4cb546123,"X'5CF97EC735B1FA0CB0A49DFF847B42A1'",count,1.00,
1762619040,10080,cache_hit,a940486dcc1674412cc2add4cb546123,"X'5CF97EC735B1FA0CB0A49DFF847B42A1'",count,9.00,
1762619040,10080,cache_miss,d245795d92bbdc8a23ebfb063245c8ee,"X'139FCCF15233895A877353554E981FDA'",count,1.00,
1762619040,10080,cache_hit,d245795d92bbdc8a23ebfb063245c8ee,"X'139FCCF15233895A877353554E981FDA'",count,9.00,
1762619040,10080,cache_miss,d50aaec9d072d0aef051b4b3651d91e8,"X'6A20059FE1779943FAB6D1D663E2726D'",count,1.00,
1762619040,10080,cache_hit,d50aaec9d072d0aef051b4b3651d91e8,"X'6A20059FE1779943FAB6D1D663E2726D'",count,9.00,
1762619040,10080,cache_miss,80d3872f86055911fbb8fd58c8aeb28f,"X'A1B2D3517AAD10CE39B67E3DDD4F4A58'",count,1.00,
1762619040,10080,cache_hit,80d3872f86055911fbb8fd58c8aeb28f,"X'A1B2D3517AAD10CE39B67E3DDD4F4A58'",count,9.00,
1762619040,10080,cache_miss,0005f342f040bbc10f36225b3fb06bd1,"X'DE570A265C5597F956457AACBB3E4504'",count,1.00,
1762619040,10080,cache_hit,0005f342f040bbc10f36225b3fb06bd1,"X'DE570A265C5597F956457AACBB3E4504'",count,9.00,
1762629120,10080,cache_miss,201de70b6580bc55b82950d4dcd1a7bc,"X'4A8CEF21051C787D5F9F20ED46319E01'",count,2.00,
1762629120,10080,cache_hit,201de70b6580bc55b82950d4dcd1a7bc,"X'4A8CEF21051C787D5F9F20ED46319E01'",count,8.00,
1762629120,10080,user_request,330,"X'FE73F687E5BC5280214E0486B273A5F9'",count,1.00,
1762629120,10080,cache_miss,a940486dcc1674412cc2add4cb546123,"X'5CF97EC735B1FA0CB0A49DFF847B42A1'",count,1.00,
1762629120,10080,cache_hit,a940486dcc1674412cc2add4cb546123,"X'5CF97EC735B1FA0CB0A49DFF847B42A1'",count,1.00,
1762629120,10080,cache_miss,0a4a5f3d7ff11eb5a2ed68849b173809,"X'AEEF20EC5E32AA2F5E62A67F3181CD12'",count,25.00,
1762629120,10080,cache_hit,0a4a5f3d7ff11eb5a2ed68849b173809,"X'AEEF20EC5E32AA2F5E62A67F3181CD12'",count,149.00,
1762629120,10080,cache_miss,2222d3655dd8c20dbda2f1caff6449b1,"X'CBB4E1566FF177C2CED6AC8AB820CDE2'",count,3.00,
1762629120,10080,cache_hit,2222d3655dd8c20dbda2f1caff6449b1,"X'CBB4E1566FF177C2CED6AC8AB820CDE2'",count,31.00,
1762629120,10080,user_request,300,"X'94F6D7E04A4D452035300F18B984988C'",count,31.00,
1762629120,10080,cache_miss,13322d80380af77dde3851b4fe791650,"X'0855C9407EC85A129C62063B25533A2F'",count,5.00,
1762629120,10080,cache_hit,13322d80380af77dde3851b4fe791650,"X'0855C9407EC85A129C62063B25533A2F'",count,57.00,
1762629120,10080,cache_hit,15239011b2ee6a6bc9e2bdbe3eb6b9cd,"X'AAC697393CE3B536AF9BEA76DAB8E37C'",count,8.00,
1762629120,10080,cache_miss,15239011b2ee6a6bc9e2bdbe3eb6b9cd,"X'AAC697393CE3B536AF9BEA76DAB8E37C'",count,2.00,
1762629120,10080,cache_miss,05b5459d71dd4e5863f40ce574aa861c,"X'0DB5ECE1B84E54DBF7C560B28CCDFDB4'",count,1.00,
1762629120,10080,cache_hit,05b5459d71dd4e5863f40ce574aa861c,"X'0DB5ECE1B84E54DBF7C560B28CCDFDB4'",count,9.00,
1762629120,10080,slow_request,"[""POST"",""\/api\/v1\/cart\/checkout"",""App\\Http\\Controllers\\Api\\V1\\CheckoutController@completeCheckout""]","X'DF0A5B0EE6D1E5BAE10F2378B95DC85B'",count,2.00,
1762629120,10080,slow_user_request,300,"X'94F6D7E04A4D452035300F18B984988C'",count,2.00,
1762629120,10080,slow_request,"[""POST"",""\/api\/v1\/cart\/checkout"",""App\\Http\\Controllers\\Api\\V1\\CheckoutController@completeCheckout""]","X'DF0A5B0EE6D1E5BAE10F2378B95DC85B'",max,1060.00,
1762629120,10080,cache_miss,0fdbe5b219368147697bb34cf3dcd383,"X'D5DB04E0F0CA185A7A2884972177399B'",count,1.00,
1762629120,10080,cache_hit,0fdbe5b219368147697bb34cf3dcd383,"X'D5DB04E0F0CA185A7A2884972177399B'",count,9.00,
1762629120,10080,cache_miss,0972dd5ba241d73247e22e6cff52442f,"X'6CFC712680A02AAE7944C7BC275D359A'",count,1.00,
1762629120,10080,cache_hit,0972dd5ba241d73247e22e6cff52442f,"X'6CFC712680A02AAE7944C7BC275D359A'",count,9.00,
1762629120,10080,cache_miss,9e0f79ba3a68d63f8bf42415e1a5c2cd,"X'93EB50FEA5BA968C002CB18C35BCD603'",count,1.00,
1762629120,10080,cache_hit,9e0f79ba3a68d63f8bf42415e1a5c2cd,"X'93EB50FEA5BA968C002CB18C35BCD603'",count,9.00,
1762629120,10080,cache_miss,773c7df402d30b4885ad001a3f01e0b4,"X'9B6412C8EF88F04E2306B1203F666574'",count,2.00,
1762629120,10080,cache_hit,773c7df402d30b4885ad001a3f01e0b4,"X'9B6412C8EF88F04E2306B1203F666574'",count,24.00,
1762629120,10080,cache_miss,69762f1a2f4dcc6415f8f85eadb811b6,"X'0E4A7D4BDB922263A4CE659F5A88807B'",count,3.00,
1762629120,10080,cache_hit,69762f1a2f4dcc6415f8f85eadb811b6,"X'0E4A7D4BDB922263A4CE659F5A88807B'",count,7.00,
1762629120,10080,cache_miss,31bd997992299ad3a4e630e8b8f6283b,"X'0CB0CE95E77C4A7B72A345D2B3730B32'",count,2.00,
1762629120,10080,cache_hit,31bd997992299ad3a4e630e8b8f6283b,"X'0CB0CE95E77C4A7B72A345D2B3730B32'",count,6.00,
1762629120,10080,cache_miss,9e79b35ca3359de5403d75ba07c7ccf3,"X'EE30C521D2162450CB6BB62AEB8A5AC9'",count,2.00,
1762629120,10080,cache_hit,9e79b35ca3359de5403d75ba07c7ccf3,"X'EE30C521D2162450CB6BB62AEB8A5AC9'",count,2.00,
1762629120,10080,cache_miss,ecdee4a9f2b0a2b5167e5ae40d08a459,"X'D9D2F9241343D86DA61FC965AB54A3C6'",count,3.00,
1762629120,10080,cache_hit,ecdee4a9f2b0a2b5167e5ae40d08a459,"X'D9D2F9241343D86DA61FC965AB54A3C6'",count,55.00,
1762629120,10080,cache_miss,f216296ca71c51bee56a5ae8d35e3cba,"X'05B41372A14741505993B09161FCFBD4'",count,1.00,
1762629120,10080,cache_hit,f216296ca71c51bee56a5ae8d35e3cba,"X'05B41372A14741505993B09161FCFBD4'",count,5.00,
1762629120,10080,user_request,2,"X'C81E728D9D4C2F636F067F89CC14862C'",count,3.00,
1762629120,10080,cache_miss,filament-excel:exports:2,"X'6FD553FA91DAA6B8F81911C003B16325'",count,4.00,
1762629120,10080,cache_miss,9f93c3cb5de8c19d7aebde666a1fbeef,"X'158A455C47CD8F0D67E4004A792014C8'",count,1.00,
1762629120,10080,cache_hit,9f93c3cb5de8c19d7aebde666a1fbeef,"X'158A455C47CD8F0D67E4004A792014C8'",count,19.00,
1762629120,10080,cache_miss,1261ecf0253a403f1fbc619a92fcc391,"X'4B567DF04C2E807FCC6B185C9A8242BA'",count,1.00,
1762629120,10080,cache_hit,1261ecf0253a403f1fbc619a92fcc391,"X'4B567DF04C2E807FCC6B185C9A8242BA'",count,9.00,
1762629120,10080,cache_miss,2d61836a37bd69a1af0c9e710401c694,"X'03BC36BB86BBF58617F4836AA5AD0B00'",count,1.00,
1762629120,10080,cache_hit,2d61836a37bd69a1af0c9e710401c694,"X'03BC36BB86BBF58617F4836AA5AD0B00'",count,23.00,
1762629120,10080,cache_miss,0f7b1684da7c3c7689515b4733ed1a5f,"X'5566A19A139299836768C1498413EFF7'",count,1.00,
1762629120,10080,cache_hit,0f7b1684da7c3c7689515b4733ed1a5f,"X'5566A19A139299836768C1498413EFF7'",count,19.00,
1762629120,10080,cache_miss,26d599c192c816530200cbdd8a576065,"X'7231585C73B15D0342E26EA650A3D97C'",count,1.00,
1762629120,10080,cache_hit,26d599c192c816530200cbdd8a576065,"X'7231585C73B15D0342E26EA650A3D97C'",count,9.00,
1762629120,10080,cache_miss,ae2ea4c141ada6e7b1b1061a9a2564b0,"X'19EE3F9C87509EB57B660D88DEB26490'",count,1.00,
1762629120,10080,cache_hit,ae2ea4c141ada6e7b1b1061a9a2564b0,"X'19EE3F9C87509EB57B660D88DEB26490'",count,9.00,
1762629120,10080,cache_miss,076f5fe736427633ac68a646c6c57218,"X'BC6F8A729773F3880462A50B135CDAF1'",count,1.00,
1762629120,10080,cache_hit,076f5fe736427633ac68a646c6c57218,"X'BC6F8A729773F3880462A50B135CDAF1'",count,9.00,
1762629120,10080,cache_miss,c402561721e05684a8d10d0b1c35d620,"X'5EAD46C775A43E1A2E3375F6A02FD0C8'",count,1.00,
1762629120,10080,cache_hit,c402561721e05684a8d10d0b1c35d620,"X'5EAD46C775A43E1A2E3375F6A02FD0C8'",count,5.00,
1762629120,10080,cache_miss,c309b0fa2fc701a7376829043ba851c6,"X'AF12C582BC6DDAAFC4BB213405593E46'",count,3.00,
1762629120,10080,cache_hit,c309b0fa2fc701a7376829043ba851c6,"X'AF12C582BC6DDAAFC4BB213405593E46'",count,13.00,
1762629120,10080,cache_miss,ba554efa9517a20fff11ce3977b13a0b,"X'B884DCD605EAFFF0EB60184A51684E00'",count,1.00,
1762629120,10080,cache_hit,ba554efa9517a20fff11ce3977b13a0b,"X'B884DCD605EAFFF0EB60184A51684E00'",count,1.00,
1762629120,10080,cache_miss,fecd64437963ff099af72113103eacbf,"X'CAF685F3E623F783F97F6711990F30F3'",count,1.00,
1762629120,10080,cache_hit,fecd64437963ff099af72113103eacbf,"X'CAF685F3E623F783F97F6711990F30F3'",count,1.00,
1762629120,10080,cache_miss,788c7a22017d841a7e9b8290a08ed86e,"X'6221AEE368DA8E088BCCFF5DF36A2AD2'",count,1.00,
1762629120,10080,cache_hit,788c7a22017d841a7e9b8290a08ed86e,"X'6221AEE368DA8E088BCCFF5DF36A2AD2'",count,3.00,
1762629120,10080,cache_miss,0404646000c000da262769db795c9c77,"X'6C6A5746C283D628FCC09812A47711F1'",count,1.00,
1762629120,10080,cache_hit,0404646000c000da262769db795c9c77,"X'6C6A5746C283D628FCC09812A47711F1'",count,53.00,
1762629120,10080,cache_miss,001b1b85012eb64385ed392bd25cc436,"X'44D05B651D5EE72F1B200BE323FD4CBC'",count,1.00,
1762629120,10080,cache_hit,001b1b85012eb64385ed392bd25cc436,"X'44D05B651D5EE72F1B200BE323FD4CBC'",count,9.00,
1762629120,10080,cache_miss,ea9b82f7203b0e19c7dccfaa2ac6acc9,"X'329E9192B31A7331AC6B740F445ABA7B'",count,1.00,
1762629120,10080,cache_hit,ea9b82f7203b0e19c7dccfaa2ac6acc9,"X'329E9192B31A7331AC6B740F445ABA7B'",count,9.00,
1762629120,10080,cache_miss,5c3b355dc5b9aa190ced612a4ff258cb,"X'05DE954504203CE9BD4C060CCAAB7A6C'",count,2.00,
1762629120,10080,cache_hit,5c3b355dc5b9aa190ced612a4ff258cb,"X'05DE954504203CE9BD4C060CCAAB7A6C'",count,24.00,
1762629120,10080,cache_miss,9d72eeefcf03bd1702d0d826c8815775,"X'8B3DC2DA35F8D7B537DFE6DCE5DE9236'",count,1.00,
1762629120,10080,cache_hit,9d72eeefcf03bd1702d0d826c8815775,"X'8B3DC2DA35F8D7B537DFE6DCE5DE9236'",count,9.00,
1762629120,10080,cache_miss,1e180941fa32177e9b94a78afb8c7585,"X'0B3DB5D7AEF3E474D2E6EAD3E7A4D87A'",count,1.00,
1762629120,10080,cache_hit,1e180941fa32177e9b94a78afb8c7585,"X'0B3DB5D7AEF3E474D2E6EAD3E7A4D87A'",count,1.00,
1762629120,10080,cache_miss,15de1acb7b3c9747c72457cf16539c99,"X'DB00EEA9D38BC7FBFC2807F97BE0B458'",count,1.00,
1762629120,10080,cache_hit,15de1acb7b3c9747c72457cf16539c99,"X'DB00EEA9D38BC7FBFC2807F97BE0B458'",count,15.00,
1762629120,10080,cache_miss,dfbcac18b44b695d18c1430bc91db428,"X'260668DC1DA72BBAB0B267CC67619D88'",count,1.00,
1762629120,10080,cache_hit,dfbcac18b44b695d18c1430bc91db428,"X'260668DC1DA72BBAB0B267CC67619D88'",count,27.00,
1762639200,10080,cache_miss,0a4a5f3d7ff11eb5a2ed68849b173809,"X'AEEF20EC5E32AA2F5E62A67F3181CD12'",count,11.00,
1762639200,10080,cache_hit,0a4a5f3d7ff11eb5a2ed68849b173809,"X'AEEF20EC5E32AA2F5E62A67F3181CD12'",count,73.00,
1762639200,10080,cache_miss,15de1acb7b3c9747c72457cf16539c99,"X'DB00EEA9D38BC7FBFC2807F97BE0B458'",count,2.00,
1762639200,10080,cache_hit,15de1acb7b3c9747c72457cf16539c99,"X'DB00EEA9D38BC7FBFC2807F97BE0B458'",count,22.00,
1762639200,10080,cache_miss,98b62eb5899815b4c5f7709a38e4ffbd,"X'10C20180285C09E9A506E9034E52F038'",count,3.00,
1762639200,10080,cache_hit,98b62eb5899815b4c5f7709a38e4ffbd,"X'10C20180285C09E9A506E9034E52F038'",count,27.00,
1762639200,10080,cache_miss,3fb89434341dd0fc7e65ceebed913d23,"X'56BE439CA4B999C13C6FBAC3B1507733'",count,1.00,
1762639200,10080,cache_hit,3fb89434341dd0fc7e65ceebed913d23,"X'56BE439CA4B999C13C6FBAC3B1507733'",count,3.00,
1762639200,10080,cache_miss,ef64576e4c3f304c033d5faa14068ee4,"X'8A3009BC49D2FA41A9D21DE6B1C3079D'",count,2.00,
1762639200,10080,cache_hit,ef64576e4c3f304c033d5faa14068ee4,"X'8A3009BC49D2FA41A9D21DE6B1C3079D'",count,44.00,
1762639200,10080,cache_miss,57a544072a281c42ccf30bc87c963825,"X'15AE6A5845B7E854B97ADED63A2444F8'",count,2.00,
1762639200,10080,cache_hit,57a544072a281c42ccf30bc87c963825,"X'15AE6A5845B7E854B97ADED63A2444F8'",count,26.00,
1762639200,10080,cache_miss,af936173498e7d0a61bda87ce9e73dfe,"X'A993801294AB14BB21B5C294BE97FE1E'",count,1.00,
1762639200,10080,cache_hit,af936173498e7d0a61bda87ce9e73dfe,"X'A993801294AB14BB21B5C294BE97FE1E'",count,9.00,
1762639200,10080,cache_miss,792c0b4b74b6fece8aa8660f09bab8b0,"X'B055004FF1F9222089F01AC9C6D7E560'",count,1.00,
1762639200,10080,cache_hit,792c0b4b74b6fece8aa8660f09bab8b0,"X'B055004FF1F9222089F01AC9C6D7E560'",count,5.00,
1762639200,10080,user_request,300,"X'94F6D7E04A4D452035300F18B984988C'",count,12.00,
1762639200,10080,cache_hit,13322d80380af77dde3851b4fe791650,"X'0855C9407EC85A129C62063B25533A2F'",count,22.00,
1762639200,10080,cache_miss,13322d80380af77dde3851b4fe791650,"X'0855C9407EC85A129C62063B25533A2F'",count,2.00,
1762639200,10080,cache_miss,4b848003c3b681d61058cc02dfa37fe2,"X'96A29E25CDDCF24D917CB2E283606825'",count,2.00,
1762639200,10080,cache_hit,4b848003c3b681d61058cc02dfa37fe2,"X'96A29E25CDDCF24D917CB2E283606825'",count,26.00,
1762639200,10080,cache_miss,872eb67a319cfbef8280c838b93bd1fb,"X'FDE1B4C64BEB1101BC732AFA1F0B7236'",count,3.00,
1762639200,10080,cache_hit,872eb67a319cfbef8280c838b93bd1fb,"X'FDE1B4C64BEB1101BC732AFA1F0B7236'",count,21.00,
1762639200,10080,user_request,198,"X'0E65972DCE68DAD4D52D063967F0A705'",count,2.00,
1762639200,10080,cache_miss,2196564e51f8e1db70b9c60d04754bc8,"X'14CCF8DFE760D067BBEBE4581E6D679B'",count,1.00,
1762639200,10080,cache_hit,2196564e51f8e1db70b9c60d04754bc8,"X'14CCF8DFE760D067BBEBE4581E6D679B'",count,3.00,
1762639200,10080,cache_miss,8ae563ac3aca8906d26086b930500f74,"X'A217500F29DB13E23AA26A2852280DD7'",count,1.00,
1762639200,10080,cache_hit,8ae563ac3aca8906d26086b930500f74,"X'A217500F29DB13E23AA26A2852280DD7'",count,9.00,
1762639200,10080,slow_request,"[""GET"",""\/api\/v1\/categories"",""App\\Http\\Controllers\\Api\\V1\\CategoryController@index""]","X'60374D41A7A4EB9973ABC798FC028C3D'",count,1.00,
1762639200,10080,cache_miss,bbb10b2d307cdf0d3f798bebc8d3b5b7,"X'698D42B3FF3E32B6375193E3661328FF'",count,3.00,
1762639200,10080,cache_hit,bbb10b2d307cdf0d3f798bebc8d3b5b7,"X'698D42B3FF3E32B6375193E3661328FF'",count,19.00,
1762639200,10080,slow_request,"[""GET"",""\/api\/v1\/products\/{slug}"",""App\\Http\\Controllers\\Api\\V1\\ProductController@show""]","X'170410E1B2CD0D9849ED32037684C3C8'",count,1.00,
1762639200,10080,slow_request,"[""GET"",""\/api\/v1\/categories"",""App\\Http\\Controllers\\Api\\V1\\CategoryController@index""]","X'60374D41A7A4EB9973ABC798FC028C3D'",max,1543.00,
1762639200,10080,slow_request,"[""GET"",""\/api\/v1\/products\/{slug}"",""App\\Http\\Controllers\\Api\\V1\\ProductController@show""]","X'170410E1B2CD0D9849ED32037684C3C8'",max,1225.00,
1762639200,10080,cache_miss,ebfb2abd0932760609da7cbb26538459,"X'6BA1E0D4C505333EE3DDA851886123DF'",count,1.00,
1762639200,10080,cache_hit,ebfb2abd0932760609da7cbb26538459,"X'6BA1E0D4C505333EE3DDA851886123DF'",count,11.00,
1762639200,10080,cache_miss,1888b57b78ff77dac87d72de361971ec,"X'FEA9CB3C22C0D382DD527F79E61EAC2D'",count,2.00,
1762639200,10080,cache_hit,1888b57b78ff77dac87d72de361971ec,"X'FEA9CB3C22C0D382DD527F79E61EAC2D'",count,2.00,
1762649280,10080,cache_miss,ba554efa9517a20fff11ce3977b13a0b,"X'B884DCD605EAFFF0EB60184A51684E00'",count,1.00,
1762649280,10080,cache_hit,ba554efa9517a20fff11ce3977b13a0b,"X'B884DCD605EAFFF0EB60184A51684E00'",count,3.00,
1762649280,10080,cache_miss,fecd64437963ff099af72113103eacbf,"X'CAF685F3E623F783F97F6711990F30F3'",count,1.00,
1762649280,10080,cache_hit,fecd64437963ff099af72113103eacbf,"X'CAF685F3E623F783F97F6711990F30F3'",count,5.00,
1762649280,10080,cache_miss,788c7a22017d841a7e9b8290a08ed86e,"X'6221AEE368DA8E088BCCFF5DF36A2AD2'",count,1.00,
1762649280,10080,cache_hit,788c7a22017d841a7e9b8290a08ed86e,"X'6221AEE368DA8E088BCCFF5DF36A2AD2'",count,1.00,
1762649280,10080,cache_miss,0a4a5f3d7ff11eb5a2ed68849b173809,"X'AEEF20EC5E32AA2F5E62A67F3181CD12'",count,4.00,
1762649280,10080,cache_hit,0a4a5f3d7ff11eb5a2ed68849b173809,"X'AEEF20EC5E32AA2F5E62A67F3181CD12'",count,26.00,
1762649280,10080,cache_miss,f9753845a5ae8cb524b23caea643ba88,"X'CA0D9C0F324C1516D41BB8273A8AE14E'",count,3.00,
1762649280,10080,cache_hit,f9753845a5ae8cb524b23caea643ba88,"X'CA0D9C0F324C1516D41BB8273A8AE14E'",count,83.00,
1762649280,10080,cache_miss,01f1ef95be314ba50d720fe9ba721ced,"X'3983AEA0E33F5CC1760CFB5E690F5EFB'",count,1.00,
1762649280,10080,cache_hit,01f1ef95be314ba50d720fe9ba721ced,"X'3983AEA0E33F5CC1760CFB5E690F5EFB'",count,9.00,
1762649280,10080,cache_miss,1a0e3eea21ae09c25ad269c3bb1f6b82,"X'152568E5ED0145FFE4663E349172D897'",count,1.00,
1762649280,10080,cache_hit,1a0e3eea21ae09c25ad269c3bb1f6b82,"X'152568E5ED0145FFE4663E349172D897'",count,3.00,
1762649280,10080,user_request,2,"X'C81E728D9D4C2F636F067F89CC14862C'",count,8.00,
1762649280,10080,cache_miss,filament-excel:exports:2,"X'6FD553FA91DAA6B8F81911C003B16325'",count,16.00,
1762649280,10080,cache_miss,c3934e885567c3bb6a55b1f873812c97,"X'2FBA44BCF2C67EF062C6511C5FC859D0'",count,2.00,
1762649280,10080,cache_hit,c3934e885567c3bb6a55b1f873812c97,"X'2FBA44BCF2C67EF062C6511C5FC859D0'",count,38.00,
1762659360,10080,slow_request,"[""GET"",""\/api\/v1\/collections"",""App\\Http\\Controllers\\Api\\V1\\CollectionController@all""]","X'F0CAFB9DE9C914BAC0B8613012B749DF'",count,1.00,
1762659360,10080,cache_miss,0a4a5f3d7ff11eb5a2ed68849b173809,"X'AEEF20EC5E32AA2F5E62A67F3181CD12'",count,10.00,
1762659360,10080,cache_hit,0a4a5f3d7ff11eb5a2ed68849b173809,"X'AEEF20EC5E32AA2F5E62A67F3181CD12'",count,313.00,
1762659360,10080,slow_request,"[""GET"",""\/api\/v1\/collections"",""App\\Http\\Controllers\\Api\\V1\\CollectionController@all""]","X'F0CAFB9DE9C914BAC0B8613012B749DF'",max,1476.00,
1762659360,10080,cache_miss,64d834a2ed5300858ddbaf956df28543,"X'AEE0AFA80CA07B66B1CADA097B81580A'",count,1.00,
1762659360,10080,cache_hit,64d834a2ed5300858ddbaf956df28543,"X'AEE0AFA80CA07B66B1CADA097B81580A'",count,15.00,
1762659360,10080,cache_miss,74ed1791d96edecee8030d945e0b111e,"X'67BC68DB34517B304FF0ABA2BEB5FF89'",count,2.00,
1762659360,10080,cache_hit,74ed1791d96edecee8030d945e0b111e,"X'67BC68DB34517B304FF0ABA2BEB5FF89'",count,18.00,
1762659360,10080,cache_miss,788c7a22017d841a7e9b8290a08ed86e,"X'6221AEE368DA8E088BCCFF5DF36A2AD2'",count,1.00,
1762659360,10080,cache_hit,788c7a22017d841a7e9b8290a08ed86e,"X'6221AEE368DA8E088BCCFF5DF36A2AD2'",count,5.00,
1762659360,10080,cache_miss,b341968aa12a0ae54d4941ff04d5c215,"X'B6D33532BC57F893CA58BDD170D73979'",count,1.00,
1762659360,10080,cache_hit,b341968aa12a0ae54d4941ff04d5c215,"X'B6D33532BC57F893CA58BDD170D73979'",count,1.00,
1762659360,10080,slow_request,"[""GET"",""\/api\/info"",""Closure""]","X'CA0BBD44096263F2847D722F6669A882'",count,1.00,
1762659360,10080,slow_request,"[""GET"",""\/api\/info"",""Closure""]","X'CA0BBD44096263F2847D722F6669A882'",max,1923.00,
1762659360,10080,cache_miss,39d63073e43a841eceff16895a299fd1,"X'BA3EFA58AD8A51F83810C43A35CCF2B9'",count,3.00,
1762659360,10080,cache_hit,39d63073e43a841eceff16895a299fd1,"X'BA3EFA58AD8A51F83810C43A35CCF2B9'",count,17.00,
1762659360,10080,cache_miss,59c2d36fe8009676c319be1555c7f097,"X'94FE93DC7B6DA893B35E72B5F846DBD1'",count,2.00,
1762659360,10080,cache_hit,59c2d36fe8009676c319be1555c7f097,"X'94FE93DC7B6DA893B35E72B5F846DBD1'",count,6.00,
1762659360,10080,cache_hit,0a4a5f3d7ff11eb5a2ed68849b173809:timer,"X'CEB3D137A70E63D581736B0DAB351E80'",count,70.00,
1762659360,10080,slow_request,"[""GET"",""\/api\/v1\/products\/{slug}"",""App\\Http\\Controllers\\Api\\V1\\ProductController@show""]","X'170410E1B2CD0D9849ED32037684C3C8'",count,1.00,
1762659360,10080,slow_request,"[""GET"",""\/api\/v1\/products\/{slug}"",""App\\Http\\Controllers\\Api\\V1\\ProductController@show""]","X'170410E1B2CD0D9849ED32037684C3C8'",max,1736.00,
1762659360,10080,slow_request,"[""GET"",""\/api\/v1\/categories"",""App\\Http\\Controllers\\Api\\V1\\CategoryController@index""]","X'60374D41A7A4EB9973ABC798FC028C3D'",count,1.00,
1762659360,10080,slow_request,"[""GET"",""\/api\/v1\/categories"",""App\\Http\\Controllers\\Api\\V1\\CategoryController@index""]","X'60374D41A7A4EB9973ABC798FC028C3D'",max,1816.00,
1762659360,10080,cache_miss,f8ad8cfa2de07a797e62db3966190a5a,"X'9C120FB3D03B4D5B58E84A230CC12A61'",count,1.00,
1762659360,10080,cache_hit,f8ad8cfa2de07a797e62db3966190a5a,"X'9C120FB3D03B4D5B58E84A230CC12A61'",count,15.00,
1762659360,10080,cache_miss,df8bb27267c03c3e77e29f6f431266de,"X'F9563ACA416C75F87A028634B0809F31'",count,1.00,
1762659360,10080,cache_hit,df8bb27267c03c3e77e29f6f431266de,"X'F9563ACA416C75F87A028634B0809F31'",count,9.00,
1762659360,10080,cache_miss,d6a3041ca575f1f61a8d9aae556f2c4b,"X'CACC8A9200569F7BBD443EE283350A7A'",count,1.00,
1762659360,10080,cache_hit,d6a3041ca575f1f61a8d9aae556f2c4b,"X'CACC8A9200569F7BBD443EE283350A7A'",count,19.00,
1762659360,10080,cache_miss,fa7f0a4a5e542b2bbd5e1886230fa41f,"X'0ADE4746493FEF4D506090274357B51D'",count,3.00,
1762659360,10080,cache_hit,fa7f0a4a5e542b2bbd5e1886230fa41f,"X'0ADE4746493FEF4D506090274357B51D'",count,43.00,
1762669440,10080,cache_hit,fa7f0a4a5e542b2bbd5e1886230fa41f,"X'0ADE4746493FEF4D506090274357B51D'",count,34.00,
1762669440,10080,cache_miss,fa7f0a4a5e542b2bbd5e1886230fa41f,"X'0ADE4746493FEF4D506090274357B51D'",count,4.00,
1762669440,10080,cache_miss,0a4a5f3d7ff11eb5a2ed68849b173809,"X'AEEF20EC5E32AA2F5E62A67F3181CD12'",count,13.00,
1762669440,10080,cache_hit,0a4a5f3d7ff11eb5a2ed68849b173809,"X'AEEF20EC5E32AA2F5E62A67F3181CD12'",count,79.00,
1762669440,10080,cache_miss,8d79c294109818e4fcdf4f9686c489ec,"X'0D6ED98BBA54F1B349DA02A3387969D5'",count,1.00,
1762669440,10080,cache_hit,8d79c294109818e4fcdf4f9686c489ec,"X'0D6ED98BBA54F1B349DA02A3387969D5'",count,13.00,
1762669440,10080,cache_miss,65911553a02c5d4e40946505f95823e9,"X'31481441AE1E7A2C08B2B4114E969566'",count,1.00,
1762669440,10080,cache_hit,65911553a02c5d4e40946505f95823e9,"X'31481441AE1E7A2C08B2B4114E969566'",count,19.00,
1762669440,10080,cache_hit,6fd463f66c005d7e96200d9d56b4af84,"X'82C137C9CE0B3A60754E30AD23021491'",count,53.00,
1762669440,10080,cache_miss,6fd463f66c005d7e96200d9d56b4af84,"X'82C137C9CE0B3A60754E30AD23021491'",count,7.00,
1762669440,10080,slow_request,"[""GET"",""\/api\/v1\/products\/{slug}"",""App\\Http\\Controllers\\Api\\V1\\ProductController@show""]","X'170410E1B2CD0D9849ED32037684C3C8'",count,1.00,
1762669440,10080,slow_request,"[""GET"",""\/api\/v1\/categories"",""App\\Http\\Controllers\\Api\\V1\\CategoryController@index""]","X'60374D41A7A4EB9973ABC798FC028C3D'",count,2.00,
1762669440,10080,slow_query,"[""select * from `products` where `slug` = ? limit 1"",""app\/Http\/Controllers\/Api\/V1\/ProductController.php:62""]","X'E9FD7901A46AC76968D3802135C6C0B0'",count,1.00,
1762669440,10080,slow_request,"[""GET"",""\/api\/v1\/products\/{slug}"",""App\\Http\\Controllers\\Api\\V1\\ProductController@show""]","X'170410E1B2CD0D9849ED32037684C3C8'",max,3079.00,
1762669440,10080,slow_query,"[""select * from `products` where `slug` = ? limit 1"",""app\/Http\/Controllers\/Api\/V1\/ProductController.php:62""]","X'E9FD7901A46AC76968D3802135C6C0B0'",max,1432.00,
1762669440,10080,slow_query,"[""select * from `categories` where `is_visible` = ? order by `position` asc"",""app\/Http\/Controllers\/Api\/V1\/CategoryController.php:17""]","X'115B8C3A5368FCAC891ECA3F4E92D825'",count,2.00,
1762669440,10080,slow_request,"[""GET"",""\/api\/v1\/categories"",""App\\Http\\Controllers\\Api\\V1\\CategoryController@index""]","X'60374D41A7A4EB9973ABC798FC028C3D'",max,2676.00,
1762669440,10080,slow_query,"[""select * from `categories` where `is_visible` = ? order by `position` asc"",""app\/Http\/Controllers\/Api\/V1\/CategoryController.php:17""]","X'115B8C3A5368FCAC891ECA3F4E92D825'",max,1600.00,
1762669440,10080,cache_miss,0931db4a2b33fbe6bf4b80cf7edde06b,"X'EAF4E81CCCE0297EEA6878EC361068AE'",count,1.00,
1762669440,10080,cache_hit,0931db4a2b33fbe6bf4b80cf7edde06b,"X'EAF4E81CCCE0297EEA6878EC361068AE'",count,33.00,
1762669440,10080,user_request,1,"X'C4CA4238A0B923820DCC509A6F75849B'",count,14.00,
1762669440,10080,cache_miss,f1f70ec40aaa556905d4a030501c0ba4,"X'0759367FD4A3C6F4B6D6654823A19236'",count,1.00,
1762669440,10080,cache_hit,f1f70ec40aaa556905d4a030501c0ba4,"X'0759367FD4A3C6F4B6D6654823A19236'",count,27.00,
1762669440,10080,slow_request,"[""POST"",""\/api\/v1\/cart\/checkout"",""App\\Http\\Controllers\\Api\\V1\\CheckoutController@completeCheckout""]","X'DF0A5B0EE6D1E5BAE10F2378B95DC85B'",count,1.00,
1762669440,10080,slow_user_request,1,"X'C4CA4238A0B923820DCC509A6F75849B'",count,1.00,
1762669440,10080,slow_request,"[""POST"",""\/api\/v1\/cart\/checkout"",""App\\Http\\Controllers\\Api\\V1\\CheckoutController@completeCheckout""]","X'DF0A5B0EE6D1E5BAE10F2378B95DC85B'",max,1368.00,
1762669440,10080,cache_miss,3f69090392aebb631722c4ae0d429d64,"X'AC360C33CB54F8E7FF8182C6B90B7AD7'",count,1.00,
1762669440,10080,cache_hit,3f69090392aebb631722c4ae0d429d64,"X'AC360C33CB54F8E7FF8182C6B90B7AD7'",count,19.00,
1762669440,10080,cache_miss,1fbee14a814352f7cef6e4ae41aa2ecc,"X'0A40BB9964CFCF386AA8BA760F1C1666'",count,1.00,
1762669440,10080,cache_hit,1fbee14a814352f7cef6e4ae41aa2ecc,"X'0A40BB9964CFCF386AA8BA760F1C1666'",count,13.00,
1762669440,10080,cache_miss,42ee56b43360e06e871d07ad6bb79082,"X'4EB93988A688E91C7CF6A9DED98E8DC0'",count,3.00,
1762669440,10080,cache_hit,42ee56b43360e06e871d07ad6bb79082,"X'4EB93988A688E91C7CF6A9DED98E8DC0'",count,37.00,
1762669440,10080,user_request,1014,"X'766D856EF1A6B02F93D894415E6BFA0E'",count,8.00,
1762669440,10080,cache_miss,5d3fd7a718edac84c9d89073f40f3d42,"X'71C3C39B2A71607C16BD6107B5C89D3F'",count,1.00,
1762669440,10080,cache_hit,5d3fd7a718edac84c9d89073f40f3d42,"X'71C3C39B2A71607C16BD6107B5C89D3F'",count,15.00,
1762669440,10080,cache_miss,fbb7b9f8a06618b8dc6b6f2b67ed4c6c,"X'B0BD8B5DD7342D6CEDC437FA090F3F3C'",count,3.00,
1762669440,10080,cache_hit,fbb7b9f8a06618b8dc6b6f2b67ed4c6c,"X'B0BD8B5DD7342D6CEDC437FA090F3F3C'",count,29.00,
1762669440,10080,cache_miss,385199586398a9f8c7ae7e7e8990a611,"X'E5471F8AD4E144D00ECFBA4B6134CC8A'",count,1.00,
1762669440,10080,cache_hit,385199586398a9f8c7ae7e7e8990a611,"X'E5471F8AD4E144D00ECFBA4B6134CC8A'",count,19.00,
1762679520,10080,cache_miss,0a4a5f3d7ff11eb5a2ed68849b173809,"X'AEEF20EC5E32AA2F5E62A67F3181CD12'",count,16.00,
1762679520,10080,cache_hit,0a4a5f3d7ff11eb5a2ed68849b173809,"X'AEEF20EC5E32AA2F5E62A67F3181CD12'",count,104.00,
1762679520,10080,cache_miss,850931232e5132b8785c6f1edd22a761,"X'9E0B6144D2743B169B6D65E9EC490E4F'",count,1.00,
1762679520,10080,cache_hit,850931232e5132b8785c6f1edd22a761,"X'9E0B6144D2743B169B6D65E9EC490E4F'",count,9.00,
1762679520,10080,user_request,2,"X'C81E728D9D4C2F636F067F89CC14862C'",count,39.00,
1762679520,10080,cache_miss,filament-excel:exports:2,"X'6FD553FA91DAA6B8F81911C003B16325'",count,109.00,
1762679520,10080,cache_miss,2ce628defa836b525fd8a0bd0081dbfb,"X'C309A6711C85375D93E61237BB728EDC'",count,4.00,
1762679520,10080,cache_hit,2ce628defa836b525fd8a0bd0081dbfb,"X'C309A6711C85375D93E61237BB728EDC'",count,48.00,
1762679520,10080,cache_miss,fecd64437963ff099af72113103eacbf,"X'CAF685F3E623F783F97F6711990F30F3'",count,1.00,
1762679520,10080,cache_hit,fecd64437963ff099af72113103eacbf,"X'CAF685F3E623F783F97F6711990F30F3'",count,3.00,
1762679520,10080,cache_miss,ba554efa9517a20fff11ce3977b13a0b,"X'B884DCD605EAFFF0EB60184A51684E00'",count,1.00,
1762679520,10080,cache_hit,ba554efa9517a20fff11ce3977b13a0b,"X'B884DCD605EAFFF0EB60184A51684E00'",count,3.00,
1762679520,10080,cache_miss,389d5320402924e55030747debf54cd9,"X'5208BCAF77FB6BFCAC5C195D6D60AE80'",count,1.00,
1762679520,10080,cache_hit,389d5320402924e55030747debf54cd9,"X'5208BCAF77FB6BFCAC5C195D6D60AE80'",count,9.00,
1762679520,10080,cache_miss,c17a0dd93999eeb3ab7dc7b9ee35c1e3,"X'3838AAB44C69FEAF689E35353896EC75'",count,1.00,
1762679520,10080,cache_hit,c17a0dd93999eeb3ab7dc7b9ee35c1e3,"X'3838AAB44C69FEAF689E35353896EC75'",count,9.00,
1762679520,10080,cache_miss,146eb6f57da35ebbb68b5e90fc06a6b3,"X'BD6E37FA4A35D9EFBB4304612EA6C216'",count,1.00,
1762679520,10080,cache_hit,146eb6f57da35ebbb68b5e90fc06a6b3,"X'BD6E37FA4A35D9EFBB4304612EA6C216'",count,11.00,
1762679520,10080,cache_miss,2a512bac1092ae09a47f26bf04a409b7,"X'909BD8FEA89C330E23B44DC5E258A6FE'",count,2.00,
1762679520,10080,cache_hit,2a512bac1092ae09a47f26bf04a409b7,"X'909BD8FEA89C330E23B44DC5E258A6FE'",count,10.00,
1762679520,10080,cache_miss,4d7c3259367ede9829fab502537b0ea6,"X'9DDF6089D2DA40942D6E15BCED9B9766'",count,2.00,
1762679520,10080,cache_hit,4d7c3259367ede9829fab502537b0ea6,"X'9DDF6089D2DA40942D6E15BCED9B9766'",count,28.00,
1762679520,10080,cache_miss,b4dd7758ce7dc24fc50ae81e5d1f5b16,"X'4F8D7938FBCB06B5C9B456BE0EC2C586'",count,2.00,
1762679520,10080,cache_hit,b4dd7758ce7dc24fc50ae81e5d1f5b16,"X'4F8D7938FBCB06B5C9B456BE0EC2C586'",count,10.00,
1762679520,10080,cache_hit,fbb7b9f8a06618b8dc6b6f2b67ed4c6c,"X'B0BD8B5DD7342D6CEDC437FA090F3F3C'",count,18.00,
1762679520,10080,cache_miss,fbb7b9f8a06618b8dc6b6f2b67ed4c6c,"X'B0BD8B5DD7342D6CEDC437FA090F3F3C'",count,2.00,
1762679520,10080,cache_miss,6de188c4d2c82b14b0c8e5c9a48eecd1,"X'9D80F130C89629D535A198A591B65B1C'",count,1.00,
1762679520,10080,cache_hit,6de188c4d2c82b14b0c8e5c9a48eecd1,"X'9D80F130C89629D535A198A591B65B1C'",count,27.00,
1762679520,10080,cache_miss,d3e2a7246a314b7c11b4e32aa3d79ea6,"X'0DFDD57C2BA6B4710469065042CF618A'",count,1.00,
1762679520,10080,cache_hit,d3e2a7246a314b7c11b4e32aa3d79ea6,"X'0DFDD57C2BA6B4710469065042CF618A'",count,31.00,
1762679520,10080,user_request,649,"X'55B37C5C270E5D84C793E486D798C01D'",count,11.00,
1762679520,10080,cache_miss,cef3d27b0ed481be250fd5a44952b27c,"X'E235167176E899FEFB0CD103DCBE66B7'",count,1.00,
1762679520,10080,cache_hit,cef3d27b0ed481be250fd5a44952b27c,"X'E235167176E899FEFB0CD103DCBE66B7'",count,21.00,
1762679520,10080,cache_miss,9f93c3cb5de8c19d7aebde666a1fbeef,"X'158A455C47CD8F0D67E4004A792014C8'",count,3.00,
1762679520,10080,cache_hit,9f93c3cb5de8c19d7aebde666a1fbeef,"X'158A455C47CD8F0D67E4004A792014C8'",count,17.00,
1762679520,10080,slow_request,"[""GET"",""\/api\/v1\/cart\/calculate"",""App\\Http\\Controllers\\Api\\V1\\CartController@calculate""]","X'85D13A3F8FA3E40E06DBD3FD6D33EE70'",count,2.00,
1762679520,10080,slow_user_request,649,"X'55B37C5C270E5D84C793E486D798C01D'",count,3.00,
1762679520,10080,slow_request,"[""GET"",""\/api\/v1\/cart\/calculate"",""App\\Http\\Controllers\\Api\\V1\\CartController@calculate""]","X'85D13A3F8FA3E40E06DBD3FD6D33EE70'",max,2929.00,
1762679520,10080,slow_request,"[""POST"",""\/api\/v1\/cart\/shipping-address"",""App\\Http\\Controllers\\Api\\V1\\CheckoutController@setAddress""]","X'42C3AC62C2B87E2C43CE819AFDE6C0A9'",count,1.00,
1762679520,10080,slow_request,"[""POST"",""\/api\/v1\/cart\/shipping-address"",""App\\Http\\Controllers\\Api\\V1\\CheckoutController@setAddress""]","X'42C3AC62C2B87E2C43CE819AFDE6C0A9'",max,4774.00,
1762679520,10080,slow_request,"[""GET"",""\/api\/v1\/products\/{slug}"",""App\\Http\\Controllers\\Api\\V1\\ProductController@show""]","X'170410E1B2CD0D9849ED32037684C3C8'",count,3.00,
1762679520,10080,slow_request,"[""GET"",""\/api\/v1\/products\/{slug}"",""App\\Http\\Controllers\\Api\\V1\\ProductController@show""]","X'170410E1B2CD0D9849ED32037684C3C8'",max,2247.00,
1762679520,10080,slow_request,"[""GET"",""\/api\/v1\/collection"",""App\\Http\\Controllers\\Api\\V1\\CollectionController@index""]","X'C5A70820A669030919A4ED1A6B091384'",count,4.00,
1762679520,10080,slow_request,"[""GET"",""\/api\/v1\/collection"",""App\\Http\\Controllers\\Api\\V1\\CollectionController@index""]","X'C5A70820A669030919A4ED1A6B091384'",max,2434.00,
1762679520,10080,cache_hit,759934f13f6185c5ba4375c9c28cb96b,"X'1D74F60CB6FA6006B8C9C1169B6ED5C4'",count,8.00,
1762679520,10080,cache_miss,759934f13f6185c5ba4375c9c28cb96b,"X'1D74F60CB6FA6006B8C9C1169B6ED5C4'",count,2.00,
1762679520,10080,cache_miss,4b2f5c5e25a138ab82ff75f2c43cbf5a,"X'4D18C23D72421BDCE6DA0DF22FDCE8EB'",count,9.00,
1762679520,10080,cache_hit,4b2f5c5e25a138ab82ff75f2c43cbf5a,"X'4D18C23D72421BDCE6DA0DF22FDCE8EB'",count,81.00,
1762679520,10080,cache_miss,60c33c752193362f9874156f39f65988,"X'3DCCE6D2FA5ADE6B7ED402878B7E8B72'",count,1.00,
1762679520,10080,cache_hit,60c33c752193362f9874156f39f65988,"X'3DCCE6D2FA5ADE6B7ED402878B7E8B72'",count,15.00,
1762679520,10080,cache_miss,44c0255971c6ff2a29317531665a9824,"X'4E99F8684B1B99AB49C8F8BEE2FC0F03'",count,1.00,
1762679520,10080,cache_hit,44c0255971c6ff2a29317531665a9824,"X'4E99F8684B1B99AB49C8F8BEE2FC0F03'",count,9.00,
1762679520,10080,cache_miss,d2ecc1eec0eb784f873cb7346756dac0,"X'5445B48688C008FCAC35477A8E34BD4C'",count,2.00,
1762679520,10080,cache_hit,d2ecc1eec0eb784f873cb7346756dac0,"X'5445B48688C008FCAC35477A8E34BD4C'",count,26.00,
1762679520,10080,cache_miss,e0823e14ac1303248415332b0efad782,"X'2C5F6775F3836DD2A33AFD1F3671615A'",count,2.00,
1762679520,10080,cache_hit,e0823e14ac1303248415332b0efad782,"X'2C5F6775F3836DD2A33AFD1F3671615A'",count,10.00,
1762679520,10080,cache_miss,6b1057a71feddc4e37ab3c686d93acc9,"X'CDBCB34BAE2F796E684FDAF6D7BB553F'",count,7.00,
1762679520,10080,cache_hit,6b1057a71feddc4e37ab3c686d93acc9,"X'CDBCB34BAE2F796E684FDAF6D7BB553F'",count,103.00,
1762679520,10080,slow_request,"[""GET"",""\/api\/v1\/products\/related\/{product}"",""App\\Http\\Controllers\\Api\\V1\\ProductController@related""]","X'9F157569D1BE8FFD4B7CF53B03B79112'",count,1.00,
1762679520,10080,slow_request,"[""GET"",""\/api\/v1\/products\/related\/{product}"",""App\\Http\\Controllers\\Api\\V1\\ProductController@related""]","X'9F157569D1BE8FFD4B7CF53B03B79112'",max,1063.00,
1762679520,10080,slow_request,"[""GET"",""\/api\/v1\/categories"",""App\\Http\\Controllers\\Api\\V1\\CategoryController@index""]","X'60374D41A7A4EB9973ABC798FC028C3D'",count,3.00,
1762679520,10080,slow_query,"[""select * from `categories` where `is_visible` = ? order by `position` asc"",""app\/Http\/Controllers\/Api\/V1\/CategoryController.php:17""]","X'115B8C3A5368FCAC891ECA3F4E92D825'",count,1.00,
1762679520,10080,slow_request,"[""GET"",""\/api\/v1\/categories"",""App\\Http\\Controllers\\Api\\V1\\CategoryController@index""]","X'60374D41A7A4EB9973ABC798FC028C3D'",max,2086.00,
1762679520,10080,slow_query,"[""select * from `categories` where `is_visible` = ? order by `position` asc"",""app\/Http\/Controllers\/Api\/V1\/CategoryController.php:17""]","X'115B8C3A5368FCAC891ECA3F4E92D825'",max,1473.00,
1762679520,10080,slow_query,"[""select * from `products` where `slug` = ? limit 1"",""app\/Http\/Controllers\/Api\/V1\/ProductController.php:62""]","X'E9FD7901A46AC76968D3802135C6C0B0'",count,1.00,
1762679520,10080,slow_query,"[""select * from `products` where `slug` = ? limit 1"",""app\/Http\/Controllers\/Api\/V1\/ProductController.php:62""]","X'E9FD7901A46AC76968D3802135C6C0B0'",max,1534.00,
1762679520,10080,cache_hit,2489752cc07e5fe762bbbb5e64d8891c,"X'E188BED178EE6CC22835524E4E36B84E'",count,7.00,
1762679520,10080,cache_miss,2489752cc07e5fe762bbbb5e64d8891c,"X'E188BED178EE6CC22835524E4E36B84E'",count,3.00,
1762679520,10080,slow_request,"[""GET"",""\/api\/v1\/cart"",""App\\Http\\Controllers\\Api\\V1\\CartController@getCartItems""]","X'F3950DEAAD82B1670F2036BD4475A14A'",count,1.00,
1762679520,10080,slow_user_request,330,"X'FE73F687E5BC5280214E0486B273A5F9'",count,1.00,
1762679520,10080,user_request,330,"X'FE73F687E5BC5280214E0486B273A5F9'",count,1.00,
1762679520,10080,cache_miss,a940486dcc1674412cc2add4cb546123,"X'5CF97EC735B1FA0CB0A49DFF847B42A1'",count,1.00,
1762679520,10080,cache_hit,a940486dcc1674412cc2add4cb546123,"X'5CF97EC735B1FA0CB0A49DFF847B42A1'",count,1.00,
1762679520,10080,slow_request,"[""GET"",""\/api\/v1\/cart"",""App\\Http\\Controllers\\Api\\V1\\CartController@getCartItems""]","X'F3950DEAAD82B1670F2036BD4475A14A'",max,1016.00,
1762679520,10080,slow_request,"[""GET"",""\/api\/v1\/collections"",""App\\Http\\Controllers\\Api\\V1\\CollectionController@all""]","X'F0CAFB9DE9C914BAC0B8613012B749DF'",count,1.00,
1762679520,10080,slow_request,"[""GET"",""\/api\/v1\/collections"",""App\\Http\\Controllers\\Api\\V1\\CollectionController@all""]","X'F0CAFB9DE9C914BAC0B8613012B749DF'",max,1676.00,
1762679520,10080,user_request,529,"X'37F0E884FBAD9667E38940169D0A3C95'",count,28.00,
1762679520,10080,cache_miss,4fd284fa5004902ad9ec605699c3e4d9,"X'2893AD010A96D0395BBAC290D3383A9D'",count,4.00,
1762679520,10080,cache_hit,4fd284fa5004902ad9ec605699c3e4d9,"X'2893AD010A96D0395BBAC290D3383A9D'",count,52.00,
1762679520,10080,cache_miss,1f6fbeff7b0b759317b3e3c0cc945caf,"X'6868563168151D8E3CDDB42D4F52A307'",count,1.00,
1762679520,10080,cache_hit,1f6fbeff7b0b759317b3e3c0cc945caf,"X'6868563168151D8E3CDDB42D4F52A307'",count,9.00,
1762689600,10080,cache_miss,f4bc120d890c089e6fbf6383004dbe4c,"X'435A7CC896752C1A033FD819FEC7F058'",count,14.00,
1762689600,10080,cache_hit,f4bc120d890c089e6fbf6383004dbe4c,"X'435A7CC896752C1A033FD819FEC7F058'",count,150.00,
1762689600,10080,cache_hit,0a4a5f3d7ff11eb5a2ed68849b173809,"X'AEEF20EC5E32AA2F5E62A67F3181CD12'",count,201.00,
1762689600,10080,cache_miss,0a4a5f3d7ff11eb5a2ed68849b173809,"X'AEEF20EC5E32AA2F5E62A67F3181CD12'",count,21.00,
1762689600,10080,cache_miss,1ee099a7a6c5e568537d02944ccfa272,"X'169C6439DD91C84DDDB1C6DC69C4173D'",count,1.00,
1762689600,10080,cache_hit,1ee099a7a6c5e568537d02944ccfa272,"X'169C6439DD91C84DDDB1C6DC69C4173D'",count,13.00,
1762689600,10080,cache_miss,08e096f73ee13e98fb5061bd012c4208,"X'519DE61D0A800939C867D43A73991539'",count,2.00,
1762689600,10080,cache_hit,08e096f73ee13e98fb5061bd012c4208,"X'519DE61D0A800939C867D43A73991539'",count,4.00,
1762689600,10080,cache_miss,a624b444488d43c3e9a6352c95de3131,"X'EA728FA3145C59768779FA53C360C0E3'",count,1.00,
1762689600,10080,cache_hit,a624b444488d43c3e9a6352c95de3131,"X'EA728FA3145C59768779FA53C360C0E3'",count,3.00,
1762689600,10080,cache_miss,ab6d6e2cbe97b31ff94d3cd22ef2f196,"X'FFEC37052A403D6CA5EB57F94F4BC476'",count,2.00,
1762689600,10080,cache_hit,ab6d6e2cbe97b31ff94d3cd22ef2f196,"X'FFEC37052A403D6CA5EB57F94F4BC476'",count,14.00,
1762689600,10080,cache_miss,c674994b030f741622746fd04961c8ab,"X'7734B6D49A3CA66A4C43998EB8E19A07'",count,1.00,
1762689600,10080,cache_hit,c674994b030f741622746fd04961c8ab,"X'7734B6D49A3CA66A4C43998EB8E19A07'",count,25.00,
1762689600,10080,cache_miss,70e3e8a16d5dc0e9f474bca24c60fb01,"X'A1C7FDBEA6EC83F2CE5C70FE29467C97'",count,1.00,
1762689600,10080,cache_hit,70e3e8a16d5dc0e9f474bca24c60fb01,"X'A1C7FDBEA6EC83F2CE5C70FE29467C97'",count,11.00,
1762689600,10080,cache_miss,8fd12428a55b87cfcaff889a19d0585e,"X'F53CF905AC010B0AAD20484FC89916CB'",count,1.00,
1762689600,10080,cache_hit,8fd12428a55b87cfcaff889a19d0585e,"X'F53CF905AC010B0AAD20484FC89916CB'",count,9.00,
1762689600,10080,cache_miss,4c61ba6b6e82db8a1b91670c8cc27884,"X'9F41A5C54610C18D02065EB46D89BC82'",count,1.00,
1762689600,10080,cache_hit,4c61ba6b6e82db8a1b91670c8cc27884,"X'9F41A5C54610C18D02065EB46D89BC82'",count,25.00,
1762689600,10080,cache_miss,d636d276d109400aef4769b6cf82c33a,"X'7F2F98DE0D64686E686CE678DAC85228'",count,1.00,
1762689600,10080,cache_hit,d636d276d109400aef4769b6cf82c33a,"X'7F2F98DE0D64686E686CE678DAC85228'",count,25.00,
1762689600,10080,cache_miss,b5196303ad64967e4f84b564bb88f1bc,"X'0529007BB30124F6160F4020FBC51D4A'",count,1.00,
1762689600,10080,cache_hit,b5196303ad64967e4f84b564bb88f1bc,"X'0529007BB30124F6160F4020FBC51D4A'",count,1.00,
1762689600,10080,cache_miss,19edad21f5c3f63a5bff2dbbe4eb2c9a,"X'BF6A59D322EBAB9393DE3A62AD6BF96C'",count,4.00,
1762689600,10080,cache_hit,19edad21f5c3f63a5bff2dbbe4eb2c9a,"X'BF6A59D322EBAB9393DE3A62AD6BF96C'",count,54.00,
1762689600,10080,user_request,1015,"X'298923C8190045E91288B430794814C4'",count,15.00,
1762689600,10080,cache_miss,cb0112c04039731ed481fe5e319ef598,"X'76EDA347925E25650788AB2AC7ACB1E7'",count,4.00,
1762689600,10080,cache_hit,cb0112c04039731ed481fe5e319ef598,"X'76EDA347925E25650788AB2AC7ACB1E7'",count,26.00,
1762689600,10080,slow_request,"[""GET"",""\/api\/v1\/collections"",""App\\Http\\Controllers\\Api\\V1\\CollectionController@all""]","X'F0CAFB9DE9C914BAC0B8613012B749DF'",count,2.00,
1762689600,10080,slow_request,"[""GET"",""\/api\/v1\/collections"",""App\\Http\\Controllers\\Api\\V1\\CollectionController@all""]","X'F0CAFB9DE9C914BAC0B8613012B749DF'",max,1760.00,
1762689600,10080,cache_miss,eaee67ba288b14f09769282d855ccb38,"X'A1EF341A4A0CB428CE96B529A1ED71B6'",count,1.00,
1762689600,10080,cache_hit,eaee67ba288b14f09769282d855ccb38,"X'A1EF341A4A0CB428CE96B529A1ED71B6'",count,19.00,
1762689600,10080,cache_miss,788c7a22017d841a7e9b8290a08ed86e,"X'6221AEE368DA8E088BCCFF5DF36A2AD2'",count,2.00,
1762689600,10080,cache_hit,788c7a22017d841a7e9b8290a08ed86e,"X'6221AEE368DA8E088BCCFF5DF36A2AD2'",count,6.00,
1762689600,10080,cache_miss,ba554efa9517a20fff11ce3977b13a0b,"X'B884DCD605EAFFF0EB60184A51684E00'",count,1.00,
1762689600,10080,cache_hit,ba554efa9517a20fff11ce3977b13a0b,"X'B884DCD605EAFFF0EB60184A51684E00'",count,1.00,
1762689600,10080,cache_miss,bac4736dacc73efe860b1aa595a6cf22,"X'26D6D7EE7634D24D0229A1A15D65389E'",count,1.00,
1762689600,10080,cache_hit,bac4736dacc73efe860b1aa595a6cf22,"X'26D6D7EE7634D24D0229A1A15D65389E'",count,9.00,
1762689600,10080,cache_miss,c623481a0763203f0a7ceb4a4dfb6433,"X'3B978346544FB80B959D060C660EB48F'",count,1.00,
1762689600,10080,cache_hit,c623481a0763203f0a7ceb4a4dfb6433,"X'3B978346544FB80B959D060C660EB48F'",count,9.00,
1762689600,10080,cache_miss,59afdc31b87abe24db0af9c985415be2,"X'B84D4BACFB5CB0E67A4A6E4954DDB440'",count,1.00,
1762689600,10080,cache_hit,59afdc31b87abe24db0af9c985415be2,"X'B84D4BACFB5CB0E67A4A6E4954DDB440'",count,9.00,
1762689600,10080,cache_miss,6195d9e9ba66789fdc7333776d26da51,"X'E78AF736880153101C0DA13E088BAB0F'",count,3.00,
1762689600,10080,cache_hit,6195d9e9ba66789fdc7333776d26da51,"X'E78AF736880153101C0DA13E088BAB0F'",count,33.00,
1762689600,10080,cache_miss,170e71343a224348be738034c6bb8ba0,"X'28D66EFEC07A36FF5CAAF64102CA8178'",count,2.00,
1762689600,10080,cache_hit,170e71343a224348be738034c6bb8ba0,"X'28D66EFEC07A36FF5CAAF64102CA8178'",count,24.00,
1762689600,10080,user_request,1016,"X'08FE2621D8E716B02EC0DA35256A998D'",count,12.00,
1762689600,10080,cache_miss,e79ec9188c9fe16d4dc266d15990dedb,"X'AD66F807ECC62362E212EB8864A8B073'",count,2.00,
1762689600,10080,cache_hit,e79ec9188c9fe16d4dc266d15990dedb,"X'AD66F807ECC62362E212EB8864A8B073'",count,22.00,
1762689600,10080,slow_request,"[""GET"",""\/api\/v1\/categories"",""App\\Http\\Controllers\\Api\\V1\\CategoryController@index""]","X'60374D41A7A4EB9973ABC798FC028C3D'",count,3.00,
1762689600,10080,slow_request,"[""GET"",""\/api\/v1\/categories"",""App\\Http\\Controllers\\Api\\V1\\CategoryController@index""]","X'60374D41A7A4EB9973ABC798FC028C3D'",max,2479.00,
1762689600,10080,slow_request,"[""GET"",""\/api\/v1\/products\/{slug}"",""App\\Http\\Controllers\\Api\\V1\\ProductController@show""]","X'170410E1B2CD0D9849ED32037684C3C8'",count,2.00,
1762689600,10080,slow_request,"[""GET"",""\/api\/v1\/products\/{slug}"",""App\\Http\\Controllers\\Api\\V1\\ProductController@show""]","X'170410E1B2CD0D9849ED32037684C3C8'",max,1720.00,
1762689600,10080,cache_miss,24c119597b371c7dcace8ab6e26b271e,"X'615A34E07B8685A61C83BC3C61587585'",count,14.00,
1762689600,10080,cache_hit,24c119597b371c7dcace8ab6e26b271e,"X'615A34E07B8685A61C83BC3C61587585'",count,172.00,
1762689600,10080,slow_request,"[""GET"",""\/api\/v1\/products"",""App\\Http\\Controllers\\Api\\V1\\ProductController@index""]","X'9F16684F33EF3611750C326752979C04'",count,3.00,
1762689600,10080,slow_query,"[""select * from `products` where `is_visible` = ? order by `created_at` desc"",""app\/Http\/Controllers\/Api\/V1\/ProductController.php:55""]","X'1CDBCA6C009264CC94C6EFA280324E9A'",count,1.00,
1762689600,10080,slow_request,"[""GET"",""\/api\/v1\/products"",""App\\Http\\Controllers\\Api\\V1\\ProductController@index""]","X'9F16684F33EF3611750C326752979C04'",max,4152.00,
1762689600,10080,slow_query,"[""select * from `products` where `is_visible` = ? order by `created_at` desc"",""app\/Http\/Controllers\/Api\/V1\/ProductController.php:55""]","X'1CDBCA6C009264CC94C6EFA280324E9A'",max,1254.00,
1762689600,10080,slow_query,"[""select * from `categories` where `is_visible` = ? order by `position` asc"",""app\/Http\/Controllers\/Api\/V1\/CategoryController.php:17""]","X'115B8C3A5368FCAC891ECA3F4E92D825'",count,1.00,
1762689600,10080,slow_query,"[""select * from `categories` where `is_visible` = ? order by `position` asc"",""app\/Http\/Controllers\/Api\/V1\/CategoryController.php:17""]","X'115B8C3A5368FCAC891ECA3F4E92D825'",max,1244.00,
1762689600,10080,cache_miss,7a9b26b2635d16514a8a63873591a55c,"X'2C1CC930E50FA68BCE5C8745E5CF6F32'",count,1.00,
1762689600,10080,cache_hit,7a9b26b2635d16514a8a63873591a55c,"X'2C1CC930E50FA68BCE5C8745E5CF6F32'",count,3.00,
1762689600,10080,cache_miss,2410b5dc7bc8718e876b365a320fa965,"X'36A810389D10925EF9A90E9074913932'",count,1.00,
1762689600,10080,cache_hit,2410b5dc7bc8718e876b365a320fa965,"X'36A810389D10925EF9A90E9074913932'",count,1.00,
1762689600,10080,cache_miss,873c93fa365b13044229b0e073e28d95,"X'4ACE63DC5380D38C7504B6216851EAA6'",count,1.00,
1762689600,10080,cache_hit,873c93fa365b13044229b0e073e28d95,"X'4ACE63DC5380D38C7504B6216851EAA6'",count,5.00,
1762689600,10080,slow_request,"[""GET"",""\/api\/v1\/collection"",""App\\Http\\Controllers\\Api\\V1\\CollectionController@index""]","X'C5A70820A669030919A4ED1A6B091384'",count,4.00,
1762689600,10080,slow_request,"[""GET"",""\/api\/v1\/collection"",""App\\Http\\Controllers\\Api\\V1\\CollectionController@index""]","X'C5A70820A669030919A4ED1A6B091384'",max,1558.00,
1762689600,10080,cache_miss,bcbd85271bb023f33fa7c1ade715fc5a,"X'E7B8184755AA895319D7FE775CEC3053'",count,2.00,
1762689600,10080,cache_hit,bcbd85271bb023f33fa7c1ade715fc5a,"X'E7B8184755AA895319D7FE775CEC3053'",count,10.00,
1762689600,10080,cache_hit,d6bf9be74f1fc07839eb538e7a5363ef,"X'4BB1D83258F72F9BB30C362A5DA69EDE'",count,8.00,
1762689600,10080,cache_miss,d6bf9be74f1fc07839eb538e7a5363ef,"X'4BB1D83258F72F9BB30C362A5DA69EDE'",count,2.00,
1762689600,10080,cache_miss,a6bd76c31beb1ae0a4d5825aa08a07e2,"X'DAC5C2F78879000FB7B64CF3AFD94B4E'",count,1.00,
1762689600,10080,cache_hit,a6bd76c31beb1ae0a4d5825aa08a07e2,"X'DAC5C2F78879000FB7B64CF3AFD94B4E'",count,1.00,
1762689600,10080,cache_miss,d565b78d9fc0b8d8f8d653ce7dfefd29,"X'52D153C448838F2F521CAE4A0E03563F'",count,1.00,
1762689600,10080,cache_hit,d565b78d9fc0b8d8f8d653ce7dfefd29,"X'52D153C448838F2F521CAE4A0E03563F'",count,1.00,
1762689600,10080,cache_miss,121176ead267c3064330132291ba9b59,"X'BDF5256FA009CA8FFA13B5E77C3DF222'",count,7.00,
1762689600,10080,cache_hit,121176ead267c3064330132291ba9b59,"X'BDF5256FA009CA8FFA13B5E77C3DF222'",count,49.00,
1762689600,10080,user_request,482,"X'F770B62BC8F42A0B66751FE636FC6EB0'",count,5.00,
1762689600,10080,cache_miss,1a0ca7b8f3e1cc92554f4bc36e4e9b44,"X'EC44ABC8ACD778D01F6644B9DE7CF6EF'",count,2.00,
1762689600,10080,cache_hit,1a0ca7b8f3e1cc92554f4bc36e4e9b44,"X'EC44ABC8ACD778D01F6644B9DE7CF6EF'",count,8.00,
1762689600,10080,cache_miss,fd10d4c480c0af8c0b16844bab032aa8,"X'92C9B4A145C48C4FE40B58C913475B58'",count,3.00,
1762689600,10080,cache_hit,fd10d4c480c0af8c0b16844bab032aa8,"X'92C9B4A145C48C4FE40B58C913475B58'",count,17.00,
1762689600,10080,cache_miss,2d7e908e5b29c8a28cc2f3fbcc811c3f,"X'A84CEF78140A742851ED1F9A4FCA9A1F'",count,1.00,
1762689600,10080,cache_hit,2d7e908e5b29c8a28cc2f3fbcc811c3f,"X'A84CEF78140A742851ED1F9A4FCA9A1F'",count,9.00,
1762689600,10080,cache_miss,1954235f6d1b07408567ef12800eff01,"X'1D654272B3602CF7F7B68D356EB2BB17'",count,1.00,
1762689600,10080,cache_hit,1954235f6d1b07408567ef12800eff01,"X'1D654272B3602CF7F7B68D356EB2BB17'",count,11.00,
1762689600,10080,cache_miss,6d0c6d58759b5ef635bfcd7c59be0f09,"X'FE3273C75E4F38AF13A6C7B4AF72E867'",count,1.00,
1762689600,10080,cache_hit,6d0c6d58759b5ef635bfcd7c59be0f09,"X'FE3273C75E4F38AF13A6C7B4AF72E867'",count,1.00,
1762689600,10080,cache_miss,ef64576e4c3f304c033d5faa14068ee4,"X'8A3009BC49D2FA41A9D21DE6B1C3079D'",count,1.00,
1762689600,10080,cache_hit,ef64576e4c3f304c033d5faa14068ee4,"X'8A3009BC49D2FA41A9D21DE6B1C3079D'",count,9.00,
1762689600,10080,cache_miss,388bcf97a94314578fa8a511b607cdf0,"X'44CACA5F9C56A184FA9C678151C7A060'",count,1.00,
1762689600,10080,cache_hit,388bcf97a94314578fa8a511b607cdf0,"X'44CACA5F9C56A184FA9C678151C7A060'",count,7.00,
1762689600,10080,cache_miss,9938451b4cd4928d8b63d875e3523135,"X'1ECC20E7E8B390F1C89CB5CEA4525EA0'",count,2.00,
1762689600,10080,cache_hit,9938451b4cd4928d8b63d875e3523135,"X'1ECC20E7E8B390F1C89CB5CEA4525EA0'",count,2.00,
1762699680,10080,cache_miss,203970b47e892132021d25f4c347c90a,"X'98479BE5460CF6B9842894F48EEE9315'",count,2.00,
1762699680,10080,cache_hit,203970b47e892132021d25f4c347c90a,"X'98479BE5460CF6B9842894F48EEE9315'",count,10.00,
1762699680,10080,cache_hit,24c119597b371c7dcace8ab6e26b271e,"X'615A34E07B8685A61C83BC3C61587585'",count,11.00,
1762699680,10080,cache_miss,24c119597b371c7dcace8ab6e26b271e,"X'615A34E07B8685A61C83BC3C61587585'",count,1.00,
1762699680,10080,cache_miss,0a4a5f3d7ff11eb5a2ed68849b173809,"X'AEEF20EC5E32AA2F5E62A67F3181CD12'",count,12.00,
1762699680,10080,cache_hit,0a4a5f3d7ff11eb5a2ed68849b173809,"X'AEEF20EC5E32AA2F5E62A67F3181CD12'",count,78.00,
1762699680,10080,cache_miss,fa1de34d3cc4bcae26ee39f65f7c5ecb,"X'DC1B354EB42E04FE1AF7111511004E6D'",count,2.00,
1762699680,10080,cache_hit,fa1de34d3cc4bcae26ee39f65f7c5ecb,"X'DC1B354EB42E04FE1AF7111511004E6D'",count,14.00,
1762699680,10080,cache_miss,d9a0a03141c4cbdb2a59601d6b67072e,"X'9D89BFC11EC5B9D43C9452C66D9D2982'",count,2.00,
1762699680,10080,cache_hit,d9a0a03141c4cbdb2a59601d6b67072e,"X'9D89BFC11EC5B9D43C9452C66D9D2982'",count,4.00,
1762699680,10080,cache_miss,34ecabf3170d0228c9eb61ad5e3c9995,"X'07C59D2CE575FB7A73DBEE762F8C3FD3'",count,1.00,
1762699680,10080,cache_hit,34ecabf3170d0228c9eb61ad5e3c9995,"X'07C59D2CE575FB7A73DBEE762F8C3FD3'",count,11.00,
1762699680,10080,cache_miss,0728630010cef7f6983e0b2ee41d3bf1,"X'1B2B5DAA0A34F833902AA8FD2FF42778'",count,3.00,
1762699680,10080,cache_hit,0728630010cef7f6983e0b2ee41d3bf1,"X'1B2B5DAA0A34F833902AA8FD2FF42778'",count,41.00,
1762699680,10080,cache_miss,2a2762c62f785189db2c2551fc6edf86,"X'779FAEEF1B8892BB30AFE66539F4590D'",count,5.00,
1762699680,10080,cache_hit,2a2762c62f785189db2c2551fc6edf86,"X'779FAEEF1B8892BB30AFE66539F4590D'",count,49.00,
1762699680,10080,cache_hit,e22a079268d36259b794b5a4b504e240,"X'37CB7C31353C3C9FA87418879E4F2323'",count,9.00,
1762699680,10080,cache_miss,e22a079268d36259b794b5a4b504e240,"X'37CB7C31353C3C9FA87418879E4F2323'",count,1.00,
1762699680,10080,cache_miss,788c7a22017d841a7e9b8290a08ed86e,"X'6221AEE368DA8E088BCCFF5DF36A2AD2'",count,2.00,
1762699680,10080,cache_hit,788c7a22017d841a7e9b8290a08ed86e,"X'6221AEE368DA8E088BCCFF5DF36A2AD2'",count,2.00,
1762699680,10080,cache_miss,45fee13e55972238a0996d89972df9ac,"X'F93462CD7A3D0DC1A2CB1E3C5FCDC54C'",count,1.00,
1762699680,10080,cache_hit,45fee13e55972238a0996d89972df9ac,"X'F93462CD7A3D0DC1A2CB1E3C5FCDC54C'",count,21.00,
1762699680,10080,cache_miss,ba554efa9517a20fff11ce3977b13a0b,"X'B884DCD605EAFFF0EB60184A51684E00'",count,1.00,
1762699680,10080,cache_hit,ba554efa9517a20fff11ce3977b13a0b,"X'B884DCD605EAFFF0EB60184A51684E00'",count,1.00,
1762699680,10080,cache_miss,f4bc120d890c089e6fbf6383004dbe4c,"X'435A7CC896752C1A033FD819FEC7F058'",count,2.00,
1762699680,10080,cache_hit,f4bc120d890c089e6fbf6383004dbe4c,"X'435A7CC896752C1A033FD819FEC7F058'",count,24.00,
1762699680,10080,cache_miss,0b61dd0aa5842bbe6d1234c44dc72884,"X'633C478C89A98A109234FD6E783D4333'",count,1.00,
1762699680,10080,cache_hit,0b61dd0aa5842bbe6d1234c44dc72884,"X'633C478C89A98A109234FD6E783D4333'",count,59.00,
1762699680,10080,cache_miss,3ae991ad167a352bceb509fc9492ace5,"X'BA161C73169584A9E84B236032BA9487'",count,5.00,
1762699680,10080,cache_hit,3ae991ad167a352bceb509fc9492ace5,"X'BA161C73169584A9E84B236032BA9487'",count,49.00,
1762709760,10080,cache_miss,fdbdd23123a54aaccee3bf4cb8fa8818,"X'8645B19A0533FFA9F1878D7D7140860B'",count,1.00,
1762709760,10080,cache_hit,fdbdd23123a54aaccee3bf4cb8fa8818,"X'8645B19A0533FFA9F1878D7D7140860B'",count,1.00,
1762709760,10080,cache_miss,0a4a5f3d7ff11eb5a2ed68849b173809,"X'AEEF20EC5E32AA2F5E62A67F3181CD12'",count,8.00,
1762709760,10080,cache_hit,0a4a5f3d7ff11eb5a2ed68849b173809,"X'AEEF20EC5E32AA2F5E62A67F3181CD12'",count,44.00,
1762709760,10080,cache_miss,792c0b4b74b6fece8aa8660f09bab8b0,"X'B055004FF1F9222089F01AC9C6D7E560'",count,10.00,
1762709760,10080,cache_hit,792c0b4b74b6fece8aa8660f09bab8b0,"X'B055004FF1F9222089F01AC9C6D7E560'",count,176.00,
1762709760,10080,user_request,300,"X'94F6D7E04A4D452035300F18B984988C'",count,93.00,
1762709760,10080,cache_miss,13322d80380af77dde3851b4fe791650,"X'0855C9407EC85A129C62063B25533A2F'",count,11.00,
1762709760,10080,cache_hit,13322d80380af77dde3851b4fe791650,"X'0855C9407EC85A129C62063B25533A2F'",count,175.00,
1762709760,10080,cache_miss,08e096f73ee13e98fb5061bd012c4208,"X'519DE61D0A800939C867D43A73991539'",count,1.00,
1762709760,10080,cache_hit,08e096f73ee13e98fb5061bd012c4208,"X'519DE61D0A800939C867D43A73991539'",count,3.00,
1762709760,10080,cache_miss,b5196303ad64967e4f84b564bb88f1bc,"X'0529007BB30124F6160F4020FBC51D4A'",count,1.00,
1762709760,10080,cache_hit,b5196303ad64967e4f84b564bb88f1bc,"X'0529007BB30124F6160F4020FBC51D4A'",count,1.00,
1762709760,10080,cache_miss,a624b444488d43c3e9a6352c95de3131,"X'EA728FA3145C59768779FA53C360C0E3'",count,1.00,
1762709760,10080,cache_hit,a624b444488d43c3e9a6352c95de3131,"X'EA728FA3145C59768779FA53C360C0E3'",count,3.00,
1762709760,10080,cache_miss,fdb345f7366ca82b70f8c6c402cfcc6a,"X'9291ECB9356DC336B22E1D9520711ABD'",count,1.00,
1762709760,10080,cache_hit,fdb345f7366ca82b70f8c6c402cfcc6a,"X'9291ECB9356DC336B22E1D9520711ABD'",count,1.00,
1762709760,10080,slow_request,"[""POST"",""\/api\/v1\/cart\/checkout"",""App\\Http\\Controllers\\Api\\V1\\CheckoutController@completeCheckout""]","X'DF0A5B0EE6D1E5BAE10F2378B95DC85B'",count,3.00,
1762709760,10080,slow_user_request,300,"X'94F6D7E04A4D452035300F18B984988C'",count,3.00,
1762709760,10080,slow_request,"[""POST"",""\/api\/v1\/cart\/checkout"",""App\\Http\\Controllers\\Api\\V1\\CheckoutController@completeCheckout""]","X'DF0A5B0EE6D1E5BAE10F2378B95DC85B'",max,1146.00,
1762709760,10080,user_request,2,"X'C81E728D9D4C2F636F067F89CC14862C'",count,64.00,
1762709760,10080,cache_miss,filament-excel:exports:2,"X'6FD553FA91DAA6B8F81911C003B16325'",count,107.00,
1762709760,10080,cache_miss,a72b789c32c5c002605d97ac76362133,"X'2BAF92FA7FBD14634B0DBECBDA85FDC0'",count,2.00,
1762709760,10080,cache_hit,a72b789c32c5c002605d97ac76362133,"X'2BAF92FA7FBD14634B0DBECBDA85FDC0'",count,8.00,
1762709760,10080,cache_miss,fecd64437963ff099af72113103eacbf,"X'CAF685F3E623F783F97F6711990F30F3'",count,1.00,
1762709760,10080,cache_hit,fecd64437963ff099af72113103eacbf,"X'CAF685F3E623F783F97F6711990F30F3'",count,3.00,
1762709760,10080,cache_miss,19a5915465fee87cde44abbcb4eb6237,"X'C2E354F859AC50B9AF7CA1285B63A256'",count,3.00,
1762709760,10080,cache_hit,19a5915465fee87cde44abbcb4eb6237,"X'C2E354F859AC50B9AF7CA1285B63A256'",count,17.00,
1762709760,10080,slow_request,"[""GET"",""\/api\/info"",""Closure""]","X'CA0BBD44096263F2847D722F6669A882'",count,1.00,
1762709760,10080,slow_request,"[""GET"",""\/api\/info"",""Closure""]","X'CA0BBD44096263F2847D722F6669A882'",max,1346.00,
1762709760,10080,slow_request,"[""POST"",""\/api\/verify\/snapp\/{id}"",""App\\Http\\Controllers\\V1\\OrderController@handleCallbackSnapp""]","X'5E54A6D377E5BFE6AA28F54E116C40C1'",count,1.00,
1762709760,10080,slow_request,"[""POST"",""\/api\/verify\/snapp\/{id}"",""App\\Http\\Controllers\\V1\\OrderController@handleCallbackSnapp""]","X'5E54A6D377E5BFE6AA28F54E116C40C1'",max,1423.00,
1762709760,10080,cache_miss,6272990019aa915cd44d7ae80bf29386,"X'40DDDD673A47D2042CED4B62125906BD'",count,1.00,
1762709760,10080,cache_hit,6272990019aa915cd44d7ae80bf29386,"X'40DDDD673A47D2042CED4B62125906BD'",count,15.00,
1762709760,10080,cache_miss,7e64b6bef2119dcae48343b8cdd0f69b,"X'7349F528A464617F35464B47475B137F'",count,1.00,
1762709760,10080,cache_hit,7e64b6bef2119dcae48343b8cdd0f69b,"X'7349F528A464617F35464B47475B137F'",count,17.00,
1762709760,10080,cache_miss,16ffae8b6537cc94f262379dacd794eb,"X'2A18877DEAD3FA11EF5567DF6EF1D601'",count,4.00,
1762709760,10080,cache_hit,16ffae8b6537cc94f262379dacd794eb,"X'2A18877DEAD3FA11EF5567DF6EF1D601'",count,12.00,
1762709760,10080,user_request,330,"X'FE73F687E5BC5280214E0486B273A5F9'",count,2.00,
1762709760,10080,cache_miss,a940486dcc1674412cc2add4cb546123,"X'5CF97EC735B1FA0CB0A49DFF847B42A1'",count,2.00,
1762709760,10080,cache_hit,a940486dcc1674412cc2add4cb546123,"X'5CF97EC735B1FA0CB0A49DFF847B42A1'",count,2.00,
1762709760,10080,cache_miss,e9d28805e74a1d3d28821f83e30f0cf8,"X'F52A992D62BE9A44BEAE6CFBC2955F0D'",count,4.00,
1762709760,10080,cache_hit,e9d28805e74a1d3d28821f83e30f0cf8,"X'F52A992D62BE9A44BEAE6CFBC2955F0D'",count,16.00,
1762709760,10080,cache_miss,6ccaeb1ed464741fc59964ce8d95b9e6,"X'0D5D2A9E71C8F92C1D73A4FDC511BAB7'",count,1.00,
1762709760,10080,cache_hit,6ccaeb1ed464741fc59964ce8d95b9e6,"X'0D5D2A9E71C8F92C1D73A4FDC511BAB7'",count,1.00,
1762709760,10080,cache_miss,c71e5771007c1befa411c7455ae75f17,"X'7B817FB05607F901EE70EC5F787035F6'",count,2.00,
1762709760,10080,cache_hit,c71e5771007c1befa411c7455ae75f17,"X'7B817FB05607F901EE70EC5F787035F6'",count,2.00,
1762719840,10080,cache_miss,80bcb916433f01f78be287bb36707c37,"X'797AD88FB489206527DC3C15940186B8'",count,1.00,
1762719840,10080,cache_hit,80bcb916433f01f78be287bb36707c37,"X'797AD88FB489206527DC3C15940186B8'",count,11.00,
1762719840,10080,cache_miss,52004a39c3b79a5fde149052d659009a,"X'3C3839B73128810BCB405743D65B03F4'",count,1.00,
1762719840,10080,cache_hit,52004a39c3b79a5fde149052d659009a,"X'3C3839B73128810BCB405743D65B03F4'",count,1.00,
1762719840,10080,cache_miss,0a4a5f3d7ff11eb5a2ed68849b173809,"X'AEEF20EC5E32AA2F5E62A67F3181CD12'",count,7.00,
1762719840,10080,cache_hit,0a4a5f3d7ff11eb5a2ed68849b173809,"X'AEEF20EC5E32AA2F5E62A67F3181CD12'",count,35.00,
1762719840,10080,cache_miss,324fcfd2f801f3e087a074f87767a911,"X'BBC6962EF3BB95A13A35CFD5051B121A'",count,2.00,
1762719840,10080,cache_hit,324fcfd2f801f3e087a074f87767a911,"X'BBC6962EF3BB95A13A35CFD5051B121A'",count,8.00,
1762719840,10080,cache_miss,3f51e78de19c4db1e2d3a6ae1f2d3b4f,"X'3B111EC6CE2EA93E269F5D7FC9014CF5'",count,1.00,
1762719840,10080,cache_hit,3f51e78de19c4db1e2d3a6ae1f2d3b4f,"X'3B111EC6CE2EA93E269F5D7FC9014CF5'",count,9.00,
1762719840,10080,slow_request,"[""GET"",""\/api\/v1\/collection"",""App\\Http\\Controllers\\Api\\V1\\CollectionController@index""]","X'C5A70820A669030919A4ED1A6B091384'",count,2.00,
1762719840,10080,slow_query,"[""select * from `collections` where `is_visible` = ? and `slug` = ? limit 1"",""app\/Http\/Controllers\/Api\/V1\/CollectionController.php:21""]","X'A43AA732BCF9525AD7B38185A4DB8DCC'",count,2.00,
1762719840,10080,slow_request,"[""GET"",""\/api\/v1\/collection"",""App\\Http\\Controllers\\Api\\V1\\CollectionController@index""]","X'C5A70820A669030919A4ED1A6B091384'",max,4080.00,
1762719840,10080,slow_query,"[""select * from `collections` where `is_visible` = ? and `slug` = ? limit 1"",""app\/Http\/Controllers\/Api\/V1\/CollectionController.php:21""]","X'A43AA732BCF9525AD7B38185A4DB8DCC'",max,1740.00,
1762719840,10080,cache_miss,35f73fe7839ccbf05ccf4ab1e884eea4,"X'B66EDCBE1DFE5BF7D47680D8D7770949'",count,1.00,
1762719840,10080,cache_hit,35f73fe7839ccbf05ccf4ab1e884eea4,"X'B66EDCBE1DFE5BF7D47680D8D7770949'",count,9.00,
1762719840,10080,cache_miss,8106665a0ab22f769114ea2e79aae05c,"X'97C98B92769C98D6806A37DC8A2AA1DB'",count,1.00,
1762719840,10080,cache_hit,8106665a0ab22f769114ea2e79aae05c,"X'97C98B92769C98D6806A37DC8A2AA1DB'",count,15.00,
1762719840,10080,user_request,2,"X'C81E728D9D4C2F636F067F89CC14862C'",count,16.00,
1762719840,10080,cache_miss,filament-excel:exports:2,"X'6FD553FA91DAA6B8F81911C003B16325'",count,30.00,
1762719840,10080,cache_miss,788c7a22017d841a7e9b8290a08ed86e,"X'6221AEE368DA8E088BCCFF5DF36A2AD2'",count,1.00,
1762719840,10080,cache_hit,788c7a22017d841a7e9b8290a08ed86e,"X'6221AEE368DA8E088BCCFF5DF36A2AD2'",count,3.00,
1762719840,10080,cache_miss,ba554efa9517a20fff11ce3977b13a0b,"X'B884DCD605EAFFF0EB60184A51684E00'",count,1.00,
1762719840,10080,cache_hit,ba554efa9517a20fff11ce3977b13a0b,"X'B884DCD605EAFFF0EB60184A51684E00'",count,1.00,
1762719840,10080,cache_miss,25f019106b322322d3c4a4ed5e7e5c49,"X'8E5DCD962672DFAA7D09ED817CF7E8AD'",count,1.00,
1762719840,10080,cache_hit,25f019106b322322d3c4a4ed5e7e5c49,"X'8E5DCD962672DFAA7D09ED817CF7E8AD'",count,5.00,
1762719840,10080,cache_miss,edaee0d8c4a1f736461595a1b452fed0,"X'CEDD5C083EF3CA53A5004A6A83B3E094'",count,1.00,
1762719840,10080,cache_hit,edaee0d8c4a1f736461595a1b452fed0,"X'CEDD5C083EF3CA53A5004A6A83B3E094'",count,13.00,
1762719840,10080,user_request,283,"X'0F49C89D1E7298BB9930789C8ED59D48'",count,5.00,
1762719840,10080,cache_miss,7d8f01de5116fb69aef799fb7a3abc10,"X'E34265B54E6E11DA1435030E78818999'",count,2.00,
1762719840,10080,cache_hit,7d8f01de5116fb69aef799fb7a3abc10,"X'E34265B54E6E11DA1435030E78818999'",count,8.00,
1762729920,10080,cache_miss,fb77e68257c07a2a5f4ebb405a57cdbb,"X'9155B79F22E9B9DBB6A623E4D64F6211'",count,2.00,
1762729920,10080,cache_hit,fb77e68257c07a2a5f4ebb405a57cdbb,"X'9155B79F22E9B9DBB6A623E4D64F6211'",count,10.00,
1762729920,10080,cache_miss,0a4a5f3d7ff11eb5a2ed68849b173809,"X'AEEF20EC5E32AA2F5E62A67F3181CD12'",count,2.00,
1762729920,10080,cache_hit,0a4a5f3d7ff11eb5a2ed68849b173809,"X'AEEF20EC5E32AA2F5E62A67F3181CD12'",count,10.00,
1762729920,10080,cache_miss,b81f7322d792ac5c3f0b5c648b63d736,"X'0CCDA4CADF4BC3D58EAFE0FE495DC1CC'",count,2.00,
1762729920,10080,cache_hit,b81f7322d792ac5c3f0b5c648b63d736,"X'0CCDA4CADF4BC3D58EAFE0FE495DC1CC'",count,50.00,
1762729920,10080,cache_hit,f36db16a74e200cf58ea28ab5251f3e4,"X'6069B2A5C7E3EF1E9B0B6E5EC283E38B'",count,235.00,
1762729920,10080,cache_miss,f36db16a74e200cf58ea28ab5251f3e4,"X'6069B2A5C7E3EF1E9B0B6E5EC283E38B'",count,13.00,
1762729920,10080,cache_miss,c117bb89c1c92ab7155cda4cbeb2c3cf,"X'8AA7628311053E532E4C10137CAB005D'",count,1.00,
1762729920,10080,cache_hit,c117bb89c1c92ab7155cda4cbeb2c3cf,"X'8AA7628311053E532E4C10137CAB005D'",count,7.00,
1762729920,10080,cache_miss,a374d446301f9f80002900a3b5111d6b,"X'369F74B209FEF379AD7E1F0FDCC0431F'",count,2.00,
1762729920,10080,cache_hit,a374d446301f9f80002900a3b5111d6b,"X'369F74B209FEF379AD7E1F0FDCC0431F'",count,2.00,
1762729920,10080,cache_miss,788c7a22017d841a7e9b8290a08ed86e,"X'6221AEE368DA8E088BCCFF5DF36A2AD2'",count,1.00,
1762729920,10080,cache_hit,788c7a22017d841a7e9b8290a08ed86e,"X'6221AEE368DA8E088BCCFF5DF36A2AD2'",count,1.00,
1762729920,10080,cache_miss,fecd64437963ff099af72113103eacbf,"X'CAF685F3E623F783F97F6711990F30F3'",count,1.00,
1762729920,10080,cache_hit,fecd64437963ff099af72113103eacbf,"X'CAF685F3E623F783F97F6711990F30F3'",count,1.00,
1762729920,10080,cache_miss,1dacab9712b2d45387ca94e2a9276867,"X'96B4F135C19CA3B1503BBE3F684D8AD5'",count,2.00,
1762729920,10080,cache_hit,1dacab9712b2d45387ca94e2a9276867,"X'96B4F135C19CA3B1503BBE3F684D8AD5'",count,14.00,
1762729920,10080,cache_miss,7e6907ce1761636ca03678bd38d9debb,"X'FB33654AED8869C49D1BE9B64B2C6891'",count,3.00,
1762729920,10080,cache_hit,7e6907ce1761636ca03678bd38d9debb,"X'FB33654AED8869C49D1BE9B64B2C6891'",count,29.00,
1762740000,10080,cache_miss,0a4a5f3d7ff11eb5a2ed68849b173809,"X'AEEF20EC5E32AA2F5E62A67F3181CD12'",count,4.00,
1762740000,10080,cache_hit,0a4a5f3d7ff11eb5a2ed68849b173809,"X'AEEF20EC5E32AA2F5E62A67F3181CD12'",count,26.00,
1762740000,10080,cache_miss,ba554efa9517a20fff11ce3977b13a0b,"X'B884DCD605EAFFF0EB60184A51684E00'",count,1.00,
1762740000,10080,cache_hit,ba554efa9517a20fff11ce3977b13a0b,"X'B884DCD605EAFFF0EB60184A51684E00'",count,3.00,
1762740000,10080,cache_miss,788c7a22017d841a7e9b8290a08ed86e,"X'6221AEE368DA8E088BCCFF5DF36A2AD2'",count,1.00,
1762740000,10080,cache_hit,788c7a22017d841a7e9b8290a08ed86e,"X'6221AEE368DA8E088BCCFF5DF36A2AD2'",count,1.00,
1762740000,10080,cache_miss,2e06c85312f543b6a3520922ee2f0593,"X'5CA5739A1D9909710974D476556721A3'",count,1.00,
1762740000,10080,cache_hit,2e06c85312f543b6a3520922ee2f0593,"X'5CA5739A1D9909710974D476556721A3'",count,9.00,
1762740000,10080,cache_miss,74ed1791d96edecee8030d945e0b111e,"X'67BC68DB34517B304FF0ABA2BEB5FF89'",count,2.00,
1762740000,10080,cache_hit,74ed1791d96edecee8030d945e0b111e,"X'67BC68DB34517B304FF0ABA2BEB5FF89'",count,18.00,
1762740000,10080,cache_hit,c06af6d2d1d4687124885a0c182edfde,"X'144D792A898ECD1F56DA5D2678F91493'",count,7.00,
1762740000,10080,cache_miss,c06af6d2d1d4687124885a0c182edfde,"X'144D792A898ECD1F56DA5D2678F91493'",count,1.00,
1762740000,10080,cache_miss,4d09fcb7d1c485363a7d543760744962,"X'67005A4484A1FC46CF20DE5C655DDDF1'",count,2.00,
1762740000,10080,cache_hit,4d09fcb7d1c485363a7d543760744962,"X'67005A4484A1FC46CF20DE5C655DDDF1'",count,2.00,
1762740000,10080,cache_miss,c6f79fb3c1398e01012dad6b6e719a21,"X'955EC67E33A2A676FC831C9E38D7DABD'",count,1.00,
1762740000,10080,cache_hit,c6f79fb3c1398e01012dad6b6e719a21,"X'955EC67E33A2A676FC831C9E38D7DABD'",count,7.00,
1762740000,10080,cache_miss,569fee80c9f30f38b56545db37a0cc70,"X'6D8C8F3D2B91C4279E89ABDBEB8635C4'",count,2.00,
1762740000,10080,cache_hit,569fee80c9f30f38b56545db37a0cc70,"X'6D8C8F3D2B91C4279E89ABDBEB8635C4'",count,2.00,
1762740000,10080,cache_miss,6dafae00f6d80583be9d13e21256d8c2,"X'D543812BCD6627A389107E2FC526277C'",count,1.00,
1762740000,10080,cache_hit,6dafae00f6d80583be9d13e21256d8c2,"X'D543812BCD6627A389107E2FC526277C'",count,7.00,
1762740000,10080,cache_miss,05cace87c8d2e5f318492be99022ae7d,"X'C5E0412EB1236E07218AF9E9375C5DBE'",count,1.00,
1762740000,10080,cache_hit,05cace87c8d2e5f318492be99022ae7d,"X'C5E0412EB1236E07218AF9E9375C5DBE'",count,3.00,
1762740000,10080,cache_miss,5db84cfe17849623ca482f311c8ec6b6,"X'9DF58140D5E244341B7766EAB2AEE922'",count,1.00,
1762740000,10080,cache_hit,5db84cfe17849623ca482f311c8ec6b6,"X'9DF58140D5E244341B7766EAB2AEE922'",count,5.00,
1762750080,10080,cache_miss,0a4a5f3d7ff11eb5a2ed68849b173809,"X'AEEF20EC5E32AA2F5E62A67F3181CD12'",count,5.00,
1762750080,10080,cache_hit,0a4a5f3d7ff11eb5a2ed68849b173809,"X'AEEF20EC5E32AA2F5E62A67F3181CD12'",count,25.00,
1762750080,10080,cache_miss,47fd310d8da1821f98c8ce9d2b0b49e7,"X'22E3BB2A0F17CBF37077C07FD480A613'",count,3.00,
1762750080,10080,cache_hit,47fd310d8da1821f98c8ce9d2b0b49e7,"X'22E3BB2A0F17CBF37077C07FD480A613'",count,15.00,
1762750080,10080,slow_request,"[""GET"",""\/api\/v1\/products"",""App\\Http\\Controllers\\Api\\V1\\ProductController@index""]","X'9F16684F33EF3611750C326752979C04'",count,4.00,
1762750080,10080,slow_request,"[""GET"",""\/api\/v1\/products"",""App\\Http\\Controllers\\Api\\V1\\ProductController@index""]","X'9F16684F33EF3611750C326752979C04'",max,1350.00,
1762750080,10080,cache_hit,a72b789c32c5c002605d97ac76362133,"X'2BAF92FA7FBD14634B0DBECBDA85FDC0'",count,8.00,
1762750080,10080,cache_miss,a72b789c32c5c002605d97ac76362133,"X'2BAF92FA7FBD14634B0DBECBDA85FDC0'",count,2.00,
1762750080,10080,cache_miss,34c6650e7081280876eb59d731b950d7,"X'4FD746335AF1788C5A18A505109AE908'",count,1.00,
1762750080,10080,cache_hit,34c6650e7081280876eb59d731b950d7,"X'4FD746335AF1788C5A18A505109AE908'",count,11.00,
1762750080,10080,cache_miss,792c0b4b74b6fece8aa8660f09bab8b0,"X'B055004FF1F9222089F01AC9C6D7E560'",count,2.00,
1762750080,10080,cache_hit,792c0b4b74b6fece8aa8660f09bab8b0,"X'B055004FF1F9222089F01AC9C6D7E560'",count,84.00,
1762750080,10080,user_request,2,"X'C81E728D9D4C2F636F067F89CC14862C'",count,1.00,
1762750080,10080,cache_miss,filament-excel:exports:2,"X'6FD553FA91DAA6B8F81911C003B16325'",count,1.00,
1762750080,10080,cache_miss,5d49198bbde8907fd0bc9b99f5fec40e,"X'4EAB805C70320B9E5150876DB54AFC2A'",count,1.00,
1762750080,10080,cache_hit,5d49198bbde8907fd0bc9b99f5fec40e,"X'4EAB805C70320B9E5150876DB54AFC2A'",count,1.00,
1762750080,10080,cache_miss,d50177431dfcce746d2e983fde9c95d1,"X'F266D71E8C7F7083DC5BF6959012DC3E'",count,1.00,
1762750080,10080,cache_hit,d50177431dfcce746d2e983fde9c95d1,"X'F266D71E8C7F7083DC5BF6959012DC3E'",count,1.00,
1762750080,10080,cache_miss,03be4c28ce0527e395324de3870f78d1,"X'292C489573EEB1DF801404593CB73741'",count,1.00,
1762750080,10080,cache_hit,03be4c28ce0527e395324de3870f78d1,"X'292C489573EEB1DF801404593CB73741'",count,1.00,
1762750080,10080,cache_miss,0b64e9bb19302455f621356ac7287a93,"X'195AA7C95725C684FA3615F4F3FF8A84'",count,1.00,
1762750080,10080,cache_hit,0b64e9bb19302455f621356ac7287a93,"X'195AA7C95725C684FA3615F4F3FF8A84'",count,1.00,
1762750080,10080,cache_miss,5770e579e2d35ee61c692da4e74d8c32,"X'FAE7A1E6988E80986C33972D42BE2E55'",count,1.00,
1762750080,10080,cache_hit,5770e579e2d35ee61c692da4e74d8c32,"X'FAE7A1E6988E80986C33972D42BE2E55'",count,1.00,
1762750080,10080,cache_hit,c176abe3a88ed1167db0c19479757af6,"X'E8FD775C23482444025682518E8CC271'",count,9.00,
1762750080,10080,cache_miss,c176abe3a88ed1167db0c19479757af6,"X'E8FD775C23482444025682518E8CC271'",count,1.00,
1762750080,10080,cache_miss,ba554efa9517a20fff11ce3977b13a0b,"X'B884DCD605EAFFF0EB60184A51684E00'",count,1.00,
1762750080,10080,cache_hit,ba554efa9517a20fff11ce3977b13a0b,"X'B884DCD605EAFFF0EB60184A51684E00'",count,1.00,
1762750080,10080,cache_miss,788c7a22017d841a7e9b8290a08ed86e,"X'6221AEE368DA8E088BCCFF5DF36A2AD2'",count,1.00,
1762750080,10080,cache_hit,788c7a22017d841a7e9b8290a08ed86e,"X'6221AEE368DA8E088BCCFF5DF36A2AD2'",count,1.00,
1762750080,10080,cache_miss,fecd64437963ff099af72113103eacbf,"X'CAF685F3E623F783F97F6711990F30F3'",count,1.00,
1762750080,10080,cache_hit,fecd64437963ff099af72113103eacbf,"X'CAF685F3E623F783F97F6711990F30F3'",count,3.00,
1762760160,10080,cache_miss,788c7a22017d841a7e9b8290a08ed86e,"X'6221AEE368DA8E088BCCFF5DF36A2AD2'",count,1.00,
1762760160,10080,cache_hit,788c7a22017d841a7e9b8290a08ed86e,"X'6221AEE368DA8E088BCCFF5DF36A2AD2'",count,1.00,
1762760160,10080,cache_miss,ba554efa9517a20fff11ce3977b13a0b,"X'B884DCD605EAFFF0EB60184A51684E00'",count,3.00,
1762760160,10080,cache_hit,ba554efa9517a20fff11ce3977b13a0b,"X'B884DCD605EAFFF0EB60184A51684E00'",count,7.00,
1762760160,10080,cache_miss,0a4a5f3d7ff11eb5a2ed68849b173809,"X'AEEF20EC5E32AA2F5E62A67F3181CD12'",count,4.00,
1762760160,10080,cache_hit,0a4a5f3d7ff11eb5a2ed68849b173809,"X'AEEF20EC5E32AA2F5E62A67F3181CD12'",count,26.00,
1762760160,10080,cache_miss,667ce300a34c967b97c6a884faae2fd1,"X'36526122BDA4153AE34D54179D64AFD1'",count,6.00,
1762760160,10080,cache_hit,667ce300a34c967b97c6a884faae2fd1,"X'36526122BDA4153AE34D54179D64AFD1'",count,58.00,
1762760160,10080,user_request,569,"X'8B16EBC056E613024C057BE590B542EB'",count,24.00,
1762760160,10080,cache_miss,00992720978e4035b04d7492a2fbb46a,"X'DABCF58BD3AAA9D8030C2FD5788645CE'",count,5.00,
1762760160,10080,cache_hit,00992720978e4035b04d7492a2fbb46a,"X'DABCF58BD3AAA9D8030C2FD5788645CE'",count,43.00,
1762760160,10080,slow_request,"[""POST"",""\/api\/v1\/cart\/checkout"",""App\\Http\\Controllers\\Api\\V1\\CheckoutController@completeCheckout""]","X'DF0A5B0EE6D1E5BAE10F2378B95DC85B'",count,1.00,
1762760160,10080,slow_user_request,569,"X'8B16EBC056E613024C057BE590B542EB'",count,1.00,
1762760160,10080,slow_request,"[""POST"",""\/api\/v1\/cart\/checkout"",""App\\Http\\Controllers\\Api\\V1\\CheckoutController@completeCheckout""]","X'DF0A5B0EE6D1E5BAE10F2378B95DC85B'",max,1147.00,
1762760160,10080,cache_miss,792c0b4b74b6fece8aa8660f09bab8b0,"X'B055004FF1F9222089F01AC9C6D7E560'",count,1.00,
1762760160,10080,cache_hit,792c0b4b74b6fece8aa8660f09bab8b0,"X'B055004FF1F9222089F01AC9C6D7E560'",count,5.00,
1762760160,10080,user_request,300,"X'94F6D7E04A4D452035300F18B984988C'",count,1.00,
1762760160,10080,cache_miss,13322d80380af77dde3851b4fe791650,"X'0855C9407EC85A129C62063B25533A2F'",count,1.00,
1762760160,10080,cache_hit,13322d80380af77dde3851b4fe791650,"X'0855C9407EC85A129C62063B25533A2F'",count,1.00,
1762760160,10080,slow_request,"[""POST"",""\/api\/verify\/snapp\/{id}"",""App\\Http\\Controllers\\V1\\OrderController@handleCallbackSnapp""]","X'5E54A6D377E5BFE6AA28F54E116C40C1'",count,1.00,
1762760160,10080,slow_request,"[""POST"",""\/api\/verify\/snapp\/{id}"",""App\\Http\\Controllers\\V1\\OrderController@handleCallbackSnapp""]","X'5E54A6D377E5BFE6AA28F54E116C40C1'",max,1243.00,
1762760160,10080,user_request,2,"X'C81E728D9D4C2F636F067F89CC14862C'",count,16.00,
1762760160,10080,cache_miss,filament-excel:exports:2,"X'6FD553FA91DAA6B8F81911C003B16325'",count,24.00,
1762760160,10080,cache_miss,8ef62fe5e602f9129e1e9b26c4c335c0,"X'12B02B98B2E96698431EDC16D6EC49F0'",count,2.00,
1762760160,10080,cache_hit,8ef62fe5e602f9129e1e9b26c4c335c0,"X'12B02B98B2E96698431EDC16D6EC49F0'",count,8.00,
1762760160,10080,cache_miss,f301805c78333bd67e683de470222dc0,"X'946DD7FD1A720C5082D308727A65B97B'",count,1.00,
1762760160,10080,cache_hit,f301805c78333bd67e683de470222dc0,"X'946DD7FD1A720C5082D308727A65B97B'",count,23.00,
1762760160,10080,cache_miss,a72b789c32c5c002605d97ac76362133,"X'2BAF92FA7FBD14634B0DBECBDA85FDC0'",count,1.00,
1762760160,10080,cache_hit,a72b789c32c5c002605d97ac76362133,"X'2BAF92FA7FBD14634B0DBECBDA85FDC0'",count,5.00,
1762760160,10080,cache_miss,d30a3601b3370f73f0f7370421a1268a,"X'4C8FA9CB634767A10C8E08002F2B7CD7'",count,1.00,
1762760160,10080,cache_hit,d30a3601b3370f73f0f7370421a1268a,"X'4C8FA9CB634767A10C8E08002F2B7CD7'",count,5.00,
1762770240,10080,cache_miss,0a4a5f3d7ff11eb5a2ed68849b173809,"X'AEEF20EC5E32AA2F5E62A67F3181CD12'",count,12.00,
1762770240,10080,cache_hit,0a4a5f3d7ff11eb5a2ed68849b173809,"X'AEEF20EC5E32AA2F5E62A67F3181CD12'",count,66.00,
1762770240,10080,cache_miss,c005726917237532e4369182eb09f305,"X'5B33F0DB363ABC19AD6D359C7274398F'",count,2.00,
1762770240,10080,cache_hit,c005726917237532e4369182eb09f305,"X'5B33F0DB363ABC19AD6D359C7274398F'",count,18.00,
1762770240,10080,user_request,815,"X'71AD16AD2C4D81F348082FF6C4B20768'",count,3.00,
1762770240,10080,cache_miss,7de3b3c10f37a5860e6ee96760c2909a,"X'671F84194F673EC4F38533FDB01C567F'",count,3.00,
1762770240,10080,cache_hit,7de3b3c10f37a5860e6ee96760c2909a,"X'671F84194F673EC4F38533FDB01C567F'",count,3.00,
1762770240,10080,cache_miss,25394dbcd3d23754c0fa7e5cbc680032,"X'DF8FF7CC8D2583BFEB4E06BF23CD5C34'",count,1.00,
1762770240,10080,cache_hit,25394dbcd3d23754c0fa7e5cbc680032,"X'DF8FF7CC8D2583BFEB4E06BF23CD5C34'",count,1.00,
1762770240,10080,cache_miss,788c7a22017d841a7e9b8290a08ed86e,"X'6221AEE368DA8E088BCCFF5DF36A2AD2'",count,3.00,
1762770240,10080,cache_hit,788c7a22017d841a7e9b8290a08ed86e,"X'6221AEE368DA8E088BCCFF5DF36A2AD2'",count,9.00,
1762770240,10080,cache_miss,ba554efa9517a20fff11ce3977b13a0b,"X'B884DCD605EAFFF0EB60184A51684E00'",count,5.00,
1762770240,10080,cache_hit,ba554efa9517a20fff11ce3977b13a0b,"X'B884DCD605EAFFF0EB60184A51684E00'",count,17.00,
1762770240,10080,cache_miss,5a9dd42e929ab6ac5ff85751807ab6ae,"X'E5AA420A401A94E41A5A6D2C23723D05'",count,1.00,
1762770240,10080,cache_hit,5a9dd42e929ab6ac5ff85751807ab6ae,"X'E5AA420A401A94E41A5A6D2C23723D05'",count,1.00,
1762770240,10080,cache_miss,76bfb025a884c01d600d72f4eb08956c,"X'13010F1021A71A9865CB1D7C26D9B756'",count,2.00,
1762770240,10080,cache_hit,76bfb025a884c01d600d72f4eb08956c,"X'13010F1021A71A9865CB1D7C26D9B756'",count,32.00,
1762770240,10080,cache_miss,14f07a160533db3961fa1189ee8a43a0,"X'449004BB6275E7F99013EFBB5F7B18BF'",count,1.00,
1762770240,10080,cache_hit,14f07a160533db3961fa1189ee8a43a0,"X'449004BB6275E7F99013EFBB5F7B18BF'",count,13.00,
1762770240,10080,user_request,93,"X'98DCE83DA57B0395E163467C9DAE521B'",count,1.00,
1762770240,10080,cache_miss,816a71ea4f4d1ce7eb7e9fec0059039b,"X'E9A29D0AB93AA26E35A67C169F37E3F8'",count,1.00,
1762770240,10080,cache_hit,816a71ea4f4d1ce7eb7e9fec0059039b,"X'E9A29D0AB93AA26E35A67C169F37E3F8'",count,1.00,
1762770240,10080,slow_request,"[""GET"",""\/api\/v1\/products\/{slug}"",""App\\Http\\Controllers\\Api\\V1\\ProductController@show""]","X'170410E1B2CD0D9849ED32037684C3C8'",count,1.00,
1762770240,10080,slow_request,"[""GET"",""\/api\/v1\/products\/{slug}"",""App\\Http\\Controllers\\Api\\V1\\ProductController@show""]","X'170410E1B2CD0D9849ED32037684C3C8'",max,3952.00,
1762770240,10080,slow_request,"[""GET"",""\/api\/v1\/products\/related\/{product}"",""App\\Http\\Controllers\\Api\\V1\\ProductController@related""]","X'9F157569D1BE8FFD4B7CF53B03B79112'",count,1.00,
1762770240,10080,slow_request,"[""GET"",""\/api\/v1\/products\/related\/{product}"",""App\\Http\\Controllers\\Api\\V1\\ProductController@related""]","X'9F157569D1BE8FFD4B7CF53B03B79112'",max,1125.00,
1762770240,10080,cache_miss,792c0b4b74b6fece8aa8660f09bab8b0,"X'B055004FF1F9222089F01AC9C6D7E560'",count,6.00,
1762770240,10080,cache_hit,792c0b4b74b6fece8aa8660f09bab8b0,"X'B055004FF1F9222089F01AC9C6D7E560'",count,56.00,
1762770240,10080,user_request,300,"X'94F6D7E04A4D452035300F18B984988C'",count,44.00,
1762770240,10080,cache_miss,13322d80380af77dde3851b4fe791650,"X'0855C9407EC85A129C62063B25533A2F'",count,6.00,
1762770240,10080,cache_hit,13322d80380af77dde3851b4fe791650,"X'0855C9407EC85A129C62063B25533A2F'",count,82.00,
1762770240,10080,cache_miss,8c7ed2798e97135723ac2ddff635f2ab,"X'0F1C89E6E82B91BE37A8E0BAFDCFF614'",count,3.00,
1762770240,10080,cache_hit,8c7ed2798e97135723ac2ddff635f2ab,"X'0F1C89E6E82B91BE37A8E0BAFDCFF614'",count,57.00,
1762770240,10080,user_request,1015,"X'298923C8190045E91288B430794814C4'",count,8.00,
1762770240,10080,cache_miss,cb0112c04039731ed481fe5e319ef598,"X'76EDA347925E25650788AB2AC7ACB1E7'",count,3.00,
1762770240,10080,cache_hit,cb0112c04039731ed481fe5e319ef598,"X'76EDA347925E25650788AB2AC7ACB1E7'",count,13.00,
1762770240,10080,cache_miss,fecd64437963ff099af72113103eacbf,"X'CAF685F3E623F783F97F6711990F30F3'",count,2.00,
1762770240,10080,cache_hit,fecd64437963ff099af72113103eacbf,"X'CAF685F3E623F783F97F6711990F30F3'",count,6.00,
1762770240,10080,cache_miss,34c6650e7081280876eb59d731b950d7,"X'4FD746335AF1788C5A18A505109AE908'",count,1.00,
1762770240,10080,cache_hit,34c6650e7081280876eb59d731b950d7,"X'4FD746335AF1788C5A18A505109AE908'",count,25.00,
1762770240,10080,slow_request,"[""GET"",""\/api\/v1\/collection"",""App\\Http\\Controllers\\Api\\V1\\CollectionController@index""]","X'C5A70820A669030919A4ED1A6B091384'",count,2.00,
1762770240,10080,slow_request,"[""GET"",""\/api\/v1\/collection"",""App\\Http\\Controllers\\Api\\V1\\CollectionController@index""]","X'C5A70820A669030919A4ED1A6B091384'",max,1579.00,
1762770240,10080,cache_miss,d30a3601b3370f73f0f7370421a1268a,"X'4C8FA9CB634767A10C8E08002F2B7CD7'",count,1.00,
1762770240,10080,cache_hit,d30a3601b3370f73f0f7370421a1268a,"X'4C8FA9CB634767A10C8E08002F2B7CD7'",count,1.00,
1762770240,10080,cache_miss,f7790967c8aaf72eead688e197ae4d6e,"X'731435F2BDCAE2E6C94943A1EF3B9291'",count,1.00,
1762770240,10080,cache_hit,f7790967c8aaf72eead688e197ae4d6e,"X'731435F2BDCAE2E6C94943A1EF3B9291'",count,9.00,
1762770240,10080,cache_miss,21e9fd8753185effc8fe27784946f2c2,"X'2A81B63DE3B61DF8AD2057F40FD68D15'",count,1.00,
1762770240,10080,cache_hit,21e9fd8753185effc8fe27784946f2c2,"X'2A81B63DE3B61DF8AD2057F40FD68D15'",count,7.00,
1762770240,10080,user_request,2,"X'C81E728D9D4C2F636F067F89CC14862C'",count,30.00,
1762770240,10080,cache_miss,filament-excel:exports:2,"X'6FD553FA91DAA6B8F81911C003B16325'",count,48.00,
1762770240,10080,cache_miss,983e7889b1f486e231a5ef580a3af848,"X'B48BF8AA1B6A593A63A2AEA49549045C'",count,1.00,
1762770240,10080,cache_hit,983e7889b1f486e231a5ef580a3af848,"X'B48BF8AA1B6A593A63A2AEA49549045C'",count,5.00,
1762770240,10080,cache_miss,f5958c89d5b23231d6bf059b31c551a8,"X'275DEFAE9034018861669E4F0B390510'",count,1.00,
1762770240,10080,cache_hit,f5958c89d5b23231d6bf059b31c551a8,"X'275DEFAE9034018861669E4F0B390510'",count,15.00,
1762780320,10080,user_request,2,"X'C81E728D9D4C2F636F067F89CC14862C'",count,38.00,
1762780320,10080,cache_miss,filament-excel:exports:2,"X'6FD553FA91DAA6B8F81911C003B16325'",count,70.00,
1762780320,10080,cache_miss,filament-excel:exports:,"X'50DA9B2F53ED4C08BE526D8A6E6FD0F4'",count,1.00,
1762780320,10080,cache_miss,85df633fec632691392d9fef625c1fbb,"X'4DDB7F05081F8CCA7BA4A77D9A45544D'",count,1.00,
1762780320,10080,cache_hit,85df633fec632691392d9fef625c1fbb,"X'4DDB7F05081F8CCA7BA4A77D9A45544D'",count,5.00,
1762780320,10080,cache_miss,76c482473d1ad5ba96ffc6ffbca111ca,"X'F9E8C34B6FC016F972E1431659CB7434'",count,1.00,
1762780320,10080,cache_hit,76c482473d1ad5ba96ffc6ffbca111ca,"X'F9E8C34B6FC016F972E1431659CB7434'",count,11.00,
1762780320,10080,user_request,300,"X'94F6D7E04A4D452035300F18B984988C'",count,9.00,
1762780320,10080,cache_miss,13322d80380af77dde3851b4fe791650,"X'0855C9407EC85A129C62063B25533A2F'",count,1.00,
1762780320,10080,cache_hit,13322d80380af77dde3851b4fe791650,"X'0855C9407EC85A129C62063B25533A2F'",count,17.00,
1762780320,10080,cache_miss,0a4a5f3d7ff11eb5a2ed68849b173809,"X'AEEF20EC5E32AA2F5E62A67F3181CD12'",count,16.00,
1762780320,10080,cache_hit,0a4a5f3d7ff11eb5a2ed68849b173809,"X'AEEF20EC5E32AA2F5E62A67F3181CD12'",count,292.00,
1762780320,10080,cache_miss,c005726917237532e4369182eb09f305,"X'5B33F0DB363ABC19AD6D359C7274398F'",count,1.00,
1762780320,10080,cache_hit,c005726917237532e4369182eb09f305,"X'5B33F0DB363ABC19AD6D359C7274398F'",count,5.00,
1762780320,10080,user_request,815,"X'71AD16AD2C4D81F348082FF6C4B20768'",count,1.00,
1762780320,10080,cache_miss,7de3b3c10f37a5860e6ee96760c2909a,"X'671F84194F673EC4F38533FDB01C567F'",count,1.00,
1762780320,10080,cache_hit,7de3b3c10f37a5860e6ee96760c2909a,"X'671F84194F673EC4F38533FDB01C567F'",count,1.00,
1762780320,10080,cache_miss,a72b789c32c5c002605d97ac76362133,"X'2BAF92FA7FBD14634B0DBECBDA85FDC0'",count,2.00,
1762780320,10080,cache_hit,a72b789c32c5c002605d97ac76362133,"X'2BAF92FA7FBD14634B0DBECBDA85FDC0'",count,18.00,
1762780320,10080,cache_miss,ba554efa9517a20fff11ce3977b13a0b,"X'B884DCD605EAFFF0EB60184A51684E00'",count,3.00,
1762780320,10080,cache_hit,ba554efa9517a20fff11ce3977b13a0b,"X'B884DCD605EAFFF0EB60184A51684E00'",count,5.00,
1762780320,10080,cache_miss,fecd64437963ff099af72113103eacbf,"X'CAF685F3E623F783F97F6711990F30F3'",count,5.00,
1762780320,10080,cache_hit,fecd64437963ff099af72113103eacbf,"X'CAF685F3E623F783F97F6711990F30F3'",count,11.00,
1762780320,10080,cache_miss,788c7a22017d841a7e9b8290a08ed86e,"X'6221AEE368DA8E088BCCFF5DF36A2AD2'",count,3.00,
1762780320,10080,cache_hit,788c7a22017d841a7e9b8290a08ed86e,"X'6221AEE368DA8E088BCCFF5DF36A2AD2'",count,3.00,
1762780320,10080,cache_miss,24c119597b371c7dcace8ab6e26b271e,"X'615A34E07B8685A61C83BC3C61587585'",count,1.00,
1762780320,10080,cache_hit,24c119597b371c7dcace8ab6e26b271e,"X'615A34E07B8685A61C83BC3C61587585'",count,19.00,
1762780320,10080,cache_miss,e9409a0c614cf4456dccbd68d556e15f,"X'DAD634D849245959B02C0D0C2138F907'",count,3.00,
1762780320,10080,cache_hit,e9409a0c614cf4456dccbd68d556e15f,"X'DAD634D849245959B02C0D0C2138F907'",count,7.00,
1762780320,10080,cache_miss,2ce628defa836b525fd8a0bd0081dbfb,"X'C309A6711C85375D93E61237BB728EDC'",count,6.00,
1762780320,10080,cache_hit,2ce628defa836b525fd8a0bd0081dbfb,"X'C309A6711C85375D93E61237BB728EDC'",count,82.00,
1762780320,10080,cache_miss,1cd2e407814a37b63f10212d939d9f49,"X'61B26D1C3392837118BF240D87F61932'",count,1.00,
1762780320,10080,cache_hit,1cd2e407814a37b63f10212d939d9f49,"X'61B26D1C3392837118BF240D87F61932'",count,9.00,
1762780320,10080,cache_miss,2ea858f29713181a41e56c55f3341265,"X'450274E15A107B313DD49EC525C0E0C5'",count,2.00,
1762780320,10080,cache_hit,2ea858f29713181a41e56c55f3341265,"X'450274E15A107B313DD49EC525C0E0C5'",count,24.00,
1762790400,10080,cache_miss,8c7ed2798e97135723ac2ddff635f2ab,"X'0F1C89E6E82B91BE37A8E0BAFDCFF614'",count,1.00,
1762790400,10080,cache_hit,8c7ed2798e97135723ac2ddff635f2ab,"X'0F1C89E6E82B91BE37A8E0BAFDCFF614'",count,9.00,
1762790400,10080,user_request,1015,"X'298923C8190045E91288B430794814C4'",count,3.00,
1762790400,10080,cache_miss,cb0112c04039731ed481fe5e319ef598,"X'76EDA347925E25650788AB2AC7ACB1E7'",count,1.00,
1762790400,10080,cache_hit,cb0112c04039731ed481fe5e319ef598,"X'76EDA347925E25650788AB2AC7ACB1E7'",count,5.00,
1762790400,10080,cache_miss,0a4a5f3d7ff11eb5a2ed68849b173809,"X'AEEF20EC5E32AA2F5E62A67F3181CD12'",count,13.00,
1762790400,10080,cache_hit,0a4a5f3d7ff11eb5a2ed68849b173809,"X'AEEF20EC5E32AA2F5E62A67F3181CD12'",count,71.00,
1762790400,10080,cache_miss,76c482473d1ad5ba96ffc6ffbca111ca,"X'F9E8C34B6FC016F972E1431659CB7434'",count,1.00,
1762790400,10080,cache_hit,76c482473d1ad5ba96ffc6ffbca111ca,"X'F9E8C34B6FC016F972E1431659CB7434'",count,5.00,
1762790400,10080,user_request,300,"X'94F6D7E04A4D452035300F18B984988C'",count,6.00,
1762790400,10080,cache_miss,13322d80380af77dde3851b4fe791650,"X'0855C9407EC85A129C62063B25533A2F'",count,1.00,
1762790400,10080,cache_hit,13322d80380af77dde3851b4fe791650,"X'0855C9407EC85A129C62063B25533A2F'",count,11.00,
1762790400,10080,cache_miss,84643f7e04f4755c6e4c84716e15ac81,"X'A594091A103CBFB45154998CD1ABEB03'",count,1.00,
1762790400,10080,cache_hit,84643f7e04f4755c6e4c84716e15ac81,"X'A594091A103CBFB45154998CD1ABEB03'",count,1.00,
1762790400,10080,cache_miss,653cf64b0e8d0b580e03b099735b04ee,"X'B7360326483A86B10ABBE61FA04E9332'",count,2.00,
1762790400,10080,cache_hit,653cf64b0e8d0b580e03b099735b04ee,"X'B7360326483A86B10ABBE61FA04E9332'",count,2.00,
1762790400,10080,cache_miss,7b00e8f64b1fe7c5d67c6a6e251681dc,"X'C2903DFE1BE1A65770AFAB32FE17F4CA'",count,4.00,
1762790400,10080,cache_hit,7b00e8f64b1fe7c5d67c6a6e251681dc,"X'C2903DFE1BE1A65770AFAB32FE17F4CA'",count,44.00,
1762790400,10080,slow_request,"[""GET"",""\/api\/v1\/products\/{slug}"",""App\\Http\\Controllers\\Api\\V1\\ProductController@show""]","X'170410E1B2CD0D9849ED32037684C3C8'",count,2.00,
1762790400,10080,cache_miss,788c7a22017d841a7e9b8290a08ed86e,"X'6221AEE368DA8E088BCCFF5DF36A2AD2'",count,2.00,
1762790400,10080,slow_query,"[""select * from `products` where `slug` = ? limit 1"",""app\/Http\/Controllers\/Api\/V1\/ProductController.php:62""]","X'E9FD7901A46AC76968D3802135C6C0B0'",count,1.00,
1762790400,10080,cache_hit,788c7a22017d841a7e9b8290a08ed86e,"X'6221AEE368DA8E088BCCFF5DF36A2AD2'",count,4.00,
1762790400,10080,slow_request,"[""GET"",""\/api\/v1\/products\/{slug}"",""App\\Http\\Controllers\\Api\\V1\\ProductController@show""]","X'170410E1B2CD0D9849ED32037684C3C8'",max,10192.00,
1762790400,10080,slow_query,"[""select * from `products` where `slug` = ? limit 1"",""app\/Http\/Controllers\/Api\/V1\/ProductController.php:62""]","X'E9FD7901A46AC76968D3802135C6C0B0'",max,4072.00,
1762790400,10080,slow_request,"[""GET"",""\/api\/v1\/collection"",""App\\Http\\Controllers\\Api\\V1\\CollectionController@index""]","X'C5A70820A669030919A4ED1A6B091384'",count,2.00,
1762790400,10080,slow_request,"[""GET"",""\/api\/v1\/collection"",""App\\Http\\Controllers\\Api\\V1\\CollectionController@index""]","X'C5A70820A669030919A4ED1A6B091384'",max,4083.00,
1762790400,10080,cache_miss,2ce628defa836b525fd8a0bd0081dbfb,"X'C309A6711C85375D93E61237BB728EDC'",count,10.00,
1762790400,10080,cache_hit,2ce628defa836b525fd8a0bd0081dbfb,"X'C309A6711C85375D93E61237BB728EDC'",count,104.00,
1762790400,10080,user_request,2,"X'C81E728D9D4C2F636F067F89CC14862C'",count,4.00,
1762790400,10080,cache_miss,filament-excel:exports:2,"X'6FD553FA91DAA6B8F81911C003B16325'",count,6.00,
1762790400,10080,cache_miss,2df285f5d4fd02cad31795717d56b361,"X'41D0C15469F990DD7717584BFB7AC33B'",count,1.00,
1762790400,10080,cache_hit,2df285f5d4fd02cad31795717d56b361,"X'41D0C15469F990DD7717584BFB7AC33B'",count,19.00,
1762790400,10080,cache_miss,5dc8cac9e4d5c07e2223c0e7f4294c56,"X'B4439FACB7335BBC5488CFB4EE0A80D9'",count,2.00,
1762790400,10080,cache_hit,5dc8cac9e4d5c07e2223c0e7f4294c56,"X'B4439FACB7335BBC5488CFB4EE0A80D9'",count,10.00,
1762790400,10080,cache_miss,fecd64437963ff099af72113103eacbf,"X'CAF685F3E623F783F97F6711990F30F3'",count,3.00,
1762790400,10080,cache_hit,fecd64437963ff099af72113103eacbf,"X'CAF685F3E623F783F97F6711990F30F3'",count,3.00,
1762790400,10080,cache_miss,ba554efa9517a20fff11ce3977b13a0b,"X'B884DCD605EAFFF0EB60184A51684E00'",count,3.00,
1762790400,10080,cache_hit,ba554efa9517a20fff11ce3977b13a0b,"X'B884DCD605EAFFF0EB60184A51684E00'",count,9.00,
1762790400,10080,cache_miss,807843a55105468a168c8cb9f5c60a22,"X'2DCBBCBCD245DF820ECDFF8FEDD51D4F'",count,2.00,
1762790400,10080,cache_hit,807843a55105468a168c8cb9f5c60a22,"X'2DCBBCBCD245DF820ECDFF8FEDD51D4F'",count,8.00,
1762790400,10080,cache_miss,e1972925e6dde1834d84d8ca83ec56a0,"X'27687C21AC28F395552A72391BB40F7E'",count,4.00,
1762790400,10080,cache_hit,e1972925e6dde1834d84d8ca83ec56a0,"X'27687C21AC28F395552A72391BB40F7E'",count,56.00,
1762790400,10080,slow_request,"[""POST"",""\/api\/v1\/login"",""App\\Http\\Controllers\\Api\\V1\\AuthController@login""]","X'E4548B9D3BB19422BF2BCB09D487D403'",count,1.00,
1762790400,10080,slow_request,"[""POST"",""\/api\/v1\/login"",""App\\Http\\Controllers\\Api\\V1\\AuthController@login""]","X'E4548B9D3BB19422BF2BCB09D487D403'",max,1305.00,
1762790400,10080,user_request,1017,"X'5D616DD38211EBB5D6EC52986674B6E4'",count,20.00,
1762790400,10080,cache_miss,957d82800ec18a268543f5f3c7aa99ba,"X'681020302A01320A2FD4F992EBEDCFC6'",count,3.00,
1762790400,10080,cache_hit,957d82800ec18a268543f5f3c7aa99ba,"X'681020302A01320A2FD4F992EBEDCFC6'",count,37.00,
1762790400,10080,cache_miss,f36db16a74e200cf58ea28ab5251f3e4,"X'6069B2A5C7E3EF1E9B0B6E5EC283E38B'",count,11.00,
1762790400,10080,cache_hit,f36db16a74e200cf58ea28ab5251f3e4,"X'6069B2A5C7E3EF1E9B0B6E5EC283E38B'",count,205.00,
1762790400,10080,cache_miss,dfd6a9cf623460a0d052b9a427538d14,"X'6E5952AD92A2009B616683DEB4B19FD5'",count,5.00,
1762790400,10080,cache_hit,dfd6a9cf623460a0d052b9a427538d14,"X'6E5952AD92A2009B616683DEB4B19FD5'",count,63.00,
1762790400,10080,slow_request,"[""GET"",""\/api\/v1\/products"",""App\\Http\\Controllers\\Api\\V1\\ProductController@index""]","X'9F16684F33EF3611750C326752979C04'",count,2.00,
1762790400,10080,slow_request,"[""GET"",""\/api\/v1\/products"",""App\\Http\\Controllers\\Api\\V1\\ProductController@index""]","X'9F16684F33EF3611750C326752979C04'",max,1685.00,
1762790400,10080,cache_miss,1a302fa9d7ecf25b20be1a0c6643a7bb,"X'59F98B9792C3382ACC7DEDFFBE212CB3'",count,3.00,
1762790400,10080,cache_hit,1a302fa9d7ecf25b20be1a0c6643a7bb,"X'59F98B9792C3382ACC7DEDFFBE212CB3'",count,73.00,
1762790400,10080,cache_hit,da59957e50e58f5a0edfca32025c118c,"X'608BD34CDD043E15E152E7A306D69005'",count,2.00,
1762790400,10080,slow_request,"[""GET"",""\/api\/v1\/collections"",""App\\Http\\Controllers\\Api\\V1\\CollectionController@all""]","X'F0CAFB9DE9C914BAC0B8613012B749DF'",count,1.00,
1762790400,10080,slow_request,"[""GET"",""\/api\/v1\/collections"",""App\\Http\\Controllers\\Api\\V1\\CollectionController@all""]","X'F0CAFB9DE9C914BAC0B8613012B749DF'",max,1546.00,
1762790400,10080,cache_miss,31386d4fa89a90ee72fa9bf97117ec7a,"X'5C9599A4DAF73BE361F564027782EF25'",count,1.00,
1762790400,10080,cache_hit,31386d4fa89a90ee72fa9bf97117ec7a,"X'5C9599A4DAF73BE361F564027782EF25'",count,25.00,
1762800480,10080,cache_miss,788c7a22017d841a7e9b8290a08ed86e,"X'6221AEE368DA8E088BCCFF5DF36A2AD2'",count,5.00,
1762800480,10080,cache_hit,788c7a22017d841a7e9b8290a08ed86e,"X'6221AEE368DA8E088BCCFF5DF36A2AD2'",count,9.00,
1762800480,10080,cache_miss,ba554efa9517a20fff11ce3977b13a0b,"X'B884DCD605EAFFF0EB60184A51684E00'",count,5.00,
1762800480,10080,cache_hit,ba554efa9517a20fff11ce3977b13a0b,"X'B884DCD605EAFFF0EB60184A51684E00'",count,9.00,
1762800480,10080,cache_miss,0a4a5f3d7ff11eb5a2ed68849b173809,"X'AEEF20EC5E32AA2F5E62A67F3181CD12'",count,8.00,
1762800480,10080,cache_hit,0a4a5f3d7ff11eb5a2ed68849b173809,"X'AEEF20EC5E32AA2F5E62A67F3181CD12'",count,58.00,
1762800480,10080,cache_miss,a41781d4a65d888dbc5a1699da3f5152,"X'578AB6542F47BFE415F6C6A9387F6851'",count,1.00,
1762800480,10080,cache_hit,a41781d4a65d888dbc5a1699da3f5152,"X'578AB6542F47BFE415F6C6A9387F6851'",count,23.00,
1762800480,10080,cache_miss,7c8f5418a006c54d8ab44eda01a46e95,"X'C4B935DC95706BB9BDEE424BBABA1393'",count,1.00,
1762800480,10080,cache_hit,7c8f5418a006c54d8ab44eda01a46e95,"X'C4B935DC95706BB9BDEE424BBABA1393'",count,13.00,
1762800480,10080,cache_miss,e2b3d8502be0a6650bcae75f2c0408e9,"X'DAA4A0EB782E336AEBB2337A2F7BC8E6'",count,2.00,
1762800480,10080,cache_hit,e2b3d8502be0a6650bcae75f2c0408e9,"X'DAA4A0EB782E336AEBB2337A2F7BC8E6'",count,10.00,
1762800480,10080,user_request,1008,"X'1587965FB4D4B5AFE8428A4A024FEB0D'",count,2.00,
1762800480,10080,cache_miss,e38d803ac602b4fcebe61ab2dc450ff5,"X'0FEC7EBB109E86B81BDEE5A6FC189A23'",count,1.00,
1762800480,10080,cache_hit,e38d803ac602b4fcebe61ab2dc450ff5,"X'0FEC7EBB109E86B81BDEE5A6FC189A23'",count,3.00,
1762800480,10080,cache_miss,fecd64437963ff099af72113103eacbf,"X'CAF685F3E623F783F97F6711990F30F3'",count,2.00,
1762800480,10080,cache_hit,fecd64437963ff099af72113103eacbf,"X'CAF685F3E623F783F97F6711990F30F3'",count,4.00,
1762800480,10080,user_request,2,"X'C81E728D9D4C2F636F067F89CC14862C'",count,19.00,
1762800480,10080,cache_miss,filament-excel:exports:2,"X'6FD553FA91DAA6B8F81911C003B16325'",count,33.00,
1762800480,10080,cache_miss,e27c29b7ba8aeabab31b6cdb61f23c32,"X'99E73127ADB754910F7C7AD601EFB811'",count,1.00,
1762800480,10080,cache_hit,e27c29b7ba8aeabab31b6cdb61f23c32,"X'99E73127ADB754910F7C7AD601EFB811'",count,19.00,
1762800480,10080,cache_miss,08afaaf8d080501234983111cda6b22e,"X'F550FD1A0C4649AAB5585615DF492722'",count,4.00,
1762800480,10080,cache_hit,08afaaf8d080501234983111cda6b22e,"X'F550FD1A0C4649AAB5585615DF492722'",count,12.00,
1762800480,10080,user_request,989,"X'A1140A3D0DF1C81E24AE954D935E8926'",count,36.00,
1762800480,10080,cache_miss,075014c3cb3976949b1791ed3a54d8f9,"X'8A86B6F42316C696134542F789F2733B'",count,5.00,
1762800480,10080,cache_hit,075014c3cb3976949b1791ed3a54d8f9,"X'8A86B6F42316C696134542F789F2733B'",count,67.00,
1762800480,10080,cache_miss,f0c7b1994c7070e0a9303a5c634dd56b,"X'6F9F8FC324D85DFC930EDFE02660C242'",count,1.00,
1762800480,10080,cache_hit,f0c7b1994c7070e0a9303a5c634dd56b,"X'6F9F8FC324D85DFC930EDFE02660C242'",count,5.00,
1762800480,10080,cache_miss,338ec24dc4b203a66f909b344b88cc6a,"X'3D2F9F712E9C1379D7E49305E86A71A1'",count,3.00,
1762800480,10080,cache_hit,338ec24dc4b203a66f909b344b88cc6a,"X'3D2F9F712E9C1379D7E49305E86A71A1'",count,73.00,
1762810560,10080,cache_miss,0a4a5f3d7ff11eb5a2ed68849b173809,"X'AEEF20EC5E32AA2F5E62A67F3181CD12'",count,5.00,
1762810560,10080,cache_hit,0a4a5f3d7ff11eb5a2ed68849b173809,"X'AEEF20EC5E32AA2F5E62A67F3181CD12'",count,31.00,
1762810560,10080,cache_miss,b899f39e35602be8c3cb18cfad782926,"X'84D4A0F91BA8024F92F86AD5360A7936'",count,1.00,
1762810560,10080,cache_hit,b899f39e35602be8c3cb18cfad782926,"X'84D4A0F91BA8024F92F86AD5360A7936'",count,1.00,
1762810560,10080,cache_miss,788c7a22017d841a7e9b8290a08ed86e,"X'6221AEE368DA8E088BCCFF5DF36A2AD2'",count,2.00,
1762810560,10080,cache_hit,788c7a22017d841a7e9b8290a08ed86e,"X'6221AEE368DA8E088BCCFF5DF36A2AD2'",count,4.00,
1762810560,10080,cache_miss,fecd64437963ff099af72113103eacbf,"X'CAF685F3E623F783F97F6711990F30F3'",count,2.00,
1762810560,10080,cache_hit,fecd64437963ff099af72113103eacbf,"X'CAF685F3E623F783F97F6711990F30F3'",count,4.00,
1762810560,10080,cache_miss,c7a3a58a0c238506ec1bc05fa2ed6177,"X'9A66BCF930791F7AE3DC3900C0C25D1F'",count,1.00,
1762810560,10080,cache_hit,c7a3a58a0c238506ec1bc05fa2ed6177,"X'9A66BCF930791F7AE3DC3900C0C25D1F'",count,5.00,
1762820640,10080,cache_miss,fecd64437963ff099af72113103eacbf,"X'CAF685F3E623F783F97F6711990F30F3'",count,2.00,
1762820640,10080,cache_hit,fecd64437963ff099af72113103eacbf,"X'CAF685F3E623F783F97F6711990F30F3'",count,4.00,
1762820640,10080,cache_miss,ba554efa9517a20fff11ce3977b13a0b,"X'B884DCD605EAFFF0EB60184A51684E00'",count,2.00,
1762820640,10080,cache_hit,ba554efa9517a20fff11ce3977b13a0b,"X'B884DCD605EAFFF0EB60184A51684E00'",count,2.00,
1762820640,10080,cache_miss,0a4a5f3d7ff11eb5a2ed68849b173809,"X'AEEF20EC5E32AA2F5E62A67F3181CD12'",count,1.00,
1762820640,10080,cache_hit,0a4a5f3d7ff11eb5a2ed68849b173809,"X'AEEF20EC5E32AA2F5E62A67F3181CD12'",count,5.00,
1762820640,10080,cache_miss,788c7a22017d841a7e9b8290a08ed86e,"X'6221AEE368DA8E088BCCFF5DF36A2AD2'",count,1.00,
1762820640,10080,cache_hit,788c7a22017d841a7e9b8290a08ed86e,"X'6221AEE368DA8E088BCCFF5DF36A2AD2'",count,3.00,
1762830720,10080,cache_miss,0a4a5f3d7ff11eb5a2ed68849b173809,"X'AEEF20EC5E32AA2F5E62A67F3181CD12'",count,4.00,
1762830720,10080,cache_hit,0a4a5f3d7ff11eb5a2ed68849b173809,"X'AEEF20EC5E32AA2F5E62A67F3181CD12'",count,175.00,
1762830720,10080,cache_hit,0a4a5f3d7ff11eb5a2ed68849b173809:timer,"X'CEB3D137A70E63D581736B0DAB351E80'",count,46.00,
1762830720,10080,cache_miss,74ed1791d96edecee8030d945e0b111e,"X'67BC68DB34517B304FF0ABA2BEB5FF89'",count,2.00,
1762830720,10080,cache_hit,74ed1791d96edecee8030d945e0b111e,"X'67BC68DB34517B304FF0ABA2BEB5FF89'",count,18.00,
1762830720,10080,user_request,2,"X'C81E728D9D4C2F636F067F89CC14862C'",count,9.00,
1762830720,10080,cache_miss,filament-excel:exports:2,"X'6FD553FA91DAA6B8F81911C003B16325'",count,15.00,
1762830720,10080,cache_miss,31fa72c14de43ece460d182423db3c6a,"X'B3A510FBC96D2929A43D680C99025930'",count,2.00,
1762830720,10080,cache_hit,31fa72c14de43ece460d182423db3c6a,"X'B3A510FBC96D2929A43D680C99025930'",count,10.00,
1762830720,10080,cache_miss,67548b6d33697fb42c93bb6e1bcb7e0d,"X'8CEB7397F2C5890FAB690335474B20D9'",count,1.00,
1762830720,10080,cache_hit,67548b6d33697fb42c93bb6e1bcb7e0d,"X'8CEB7397F2C5890FAB690335474B20D9'",count,5.00,
1762830720,10080,user_request,300,"X'94F6D7E04A4D452035300F18B984988C'",count,14.00,
1762830720,10080,cache_miss,13322d80380af77dde3851b4fe791650,"X'0855C9407EC85A129C62063B25533A2F'",count,3.00,
1762830720,10080,cache_hit,13322d80380af77dde3851b4fe791650,"X'0855C9407EC85A129C62063B25533A2F'",count,25.00,
1762830720,10080,cache_miss,2410b5dc7bc8718e876b365a320fa965,"X'36A810389D10925EF9A90E9074913932'",count,1.00,
1762830720,10080,cache_hit,2410b5dc7bc8718e876b365a320fa965,"X'36A810389D10925EF9A90E9074913932'",count,1.00,
1762830720,10080,cache_miss,c160e923e1b765a4de29afd561c0ed50,"X'A030CA4B525F3BA5EE859EC3C0BB2E4A'",count,1.00,
1762830720,10080,cache_hit,c160e923e1b765a4de29afd561c0ed50,"X'A030CA4B525F3BA5EE859EC3C0BB2E4A'",count,3.00,
1762840800,10080,slow_request,"[""GET"",""\/api\/v1\/collections"",""App\\Http\\Controllers\\Api\\V1\\CollectionController@all""]","X'F0CAFB9DE9C914BAC0B8613012B749DF'",count,1.00,
1762840800,10080,cache_miss,0a4a5f3d7ff11eb5a2ed68849b173809,"X'AEEF20EC5E32AA2F5E62A67F3181CD12'",count,5.00,
1762840800,10080,cache_hit,0a4a5f3d7ff11eb5a2ed68849b173809,"X'AEEF20EC5E32AA2F5E62A67F3181CD12'",count,277.00,
1762840800,10080,slow_request,"[""GET"",""\/api\/v1\/collections"",""App\\Http\\Controllers\\Api\\V1\\CollectionController@all""]","X'F0CAFB9DE9C914BAC0B8613012B749DF'",max,1624.00,
1762840800,10080,cache_miss,d7e23bded5b03d0fa7cd1a7b8c570ccb,"X'3AF41CFC28EAF5502626C281083F01B8'",count,2.00,
1762840800,10080,cache_hit,d7e23bded5b03d0fa7cd1a7b8c570ccb,"X'3AF41CFC28EAF5502626C281083F01B8'",count,22.00,
1762840800,10080,slow_request,"[""GET"",""\/api\/v1\/products\/{slug}"",""App\\Http\\Controllers\\Api\\V1\\ProductController@show""]","X'170410E1B2CD0D9849ED32037684C3C8'",count,2.00,
1762840800,10080,slow_query,"[""select * from `products` where `slug` = ? limit 1"",""app\/Http\/Controllers\/Api\/V1\/ProductController.php:62""]","X'E9FD7901A46AC76968D3802135C6C0B0'",count,2.00,
1762840800,10080,slow_request,"[""GET"",""\/api\/v1\/products\/{slug}"",""App\\Http\\Controllers\\Api\\V1\\ProductController@show""]","X'170410E1B2CD0D9849ED32037684C3C8'",max,15066.00,
1762840800,10080,slow_query,"[""select * from `products` where `slug` = ? limit 1"",""app\/Http\/Controllers\/Api\/V1\/ProductController.php:62""]","X'E9FD7901A46AC76968D3802135C6C0B0'",max,8646.00,
1762840800,10080,slow_request,"[""GET"",""\/api\/v1\/categories"",""App\\Http\\Controllers\\Api\\V1\\CategoryController@index""]","X'60374D41A7A4EB9973ABC798FC028C3D'",count,2.00,
1762840800,10080,slow_query,"[""select * from `categories` where `is_visible` = ? order by `position` asc"",""app\/Http\/Controllers\/Api\/V1\/CategoryController.php:17""]","X'115B8C3A5368FCAC891ECA3F4E92D825'",count,1.00,
1762840800,10080,slow_request,"[""GET"",""\/api\/v1\/categories"",""App\\Http\\Controllers\\Api\\V1\\CategoryController@index""]","X'60374D41A7A4EB9973ABC798FC028C3D'",max,1991.00,
1762840800,10080,slow_query,"[""select * from `categories` where `is_visible` = ? order by `position` asc"",""app\/Http\/Controllers\/Api\/V1\/CategoryController.php:17""]","X'115B8C3A5368FCAC891ECA3F4E92D825'",max,1256.00,
1762840800,10080,slow_request,"[""GET"",""\/api\/v1\/cms"",""App\\Http\\Controllers\\Api\\V1\\CmsController@index""]","X'632AF37A6E5172E8F541BA52BEF62F96'",count,1.00,
1762840800,10080,slow_request,"[""GET"",""\/api\/v1\/cms"",""App\\Http\\Controllers\\Api\\V1\\CmsController@index""]","X'632AF37A6E5172E8F541BA52BEF62F96'",max,1140.00,
1762840800,10080,slow_request,"[""GET"",""\/api\/v1\/products\/related\/{product}"",""App\\Http\\Controllers\\Api\\V1\\ProductController@related""]","X'9F157569D1BE8FFD4B7CF53B03B79112'",count,1.00,
1762840800,10080,slow_request,"[""GET"",""\/api\/v1\/products\/related\/{product}"",""App\\Http\\Controllers\\Api\\V1\\ProductController@related""]","X'9F157569D1BE8FFD4B7CF53B03B79112'",max,2762.00,
1762840800,10080,cache_miss,ba554efa9517a20fff11ce3977b13a0b,"X'B884DCD605EAFFF0EB60184A51684E00'",count,1.00,
1762840800,10080,cache_hit,ba554efa9517a20fff11ce3977b13a0b,"X'B884DCD605EAFFF0EB60184A51684E00'",count,3.00,
1762840800,10080,cache_miss,ce531413ddefcb0d9eededdfd20ed0a2,"X'62CD3CB5317B3ED79638275245A6D338'",count,1.00,
1762840800,10080,cache_hit,ce531413ddefcb0d9eededdfd20ed0a2,"X'62CD3CB5317B3ED79638275245A6D338'",count,9.00,
1762840800,10080,cache_miss,788c7a22017d841a7e9b8290a08ed86e,"X'6221AEE368DA8E088BCCFF5DF36A2AD2'",count,1.00,
1762840800,10080,cache_hit,788c7a22017d841a7e9b8290a08ed86e,"X'6221AEE368DA8E088BCCFF5DF36A2AD2'",count,3.00,
1762840800,10080,cache_miss,aa534008403e3b7e9ea7d9fbc938bbe4,"X'15608F32120015A48BD074CEBB2EB14A'",count,1.00,
1762840800,10080,cache_hit,aa534008403e3b7e9ea7d9fbc938bbe4,"X'15608F32120015A48BD074CEBB2EB14A'",count,1.00,
1762840800,10080,cache_hit,0a4a5f3d7ff11eb5a2ed68849b173809:timer,"X'CEB3D137A70E63D581736B0DAB351E80'",count,64.00,
1762840800,10080,cache_miss,5dc8cac9e4d5c07e2223c0e7f4294c56,"X'B4439FACB7335BBC5488CFB4EE0A80D9'",count,2.00,
1762840800,10080,cache_hit,5dc8cac9e4d5c07e2223c0e7f4294c56,"X'B4439FACB7335BBC5488CFB4EE0A80D9'",count,10.00,
1762840800,10080,user_request,2,"X'C81E728D9D4C2F636F067F89CC14862C'",count,10.00,
1762840800,10080,cache_miss,filament-excel:exports:2,"X'6FD553FA91DAA6B8F81911C003B16325'",count,16.00,
1762850880,10080,cache_miss,0a4a5f3d7ff11eb5a2ed68849b173809,"X'AEEF20EC5E32AA2F5E62A67F3181CD12'",count,9.00,
1762850880,10080,cache_hit,0a4a5f3d7ff11eb5a2ed68849b173809,"X'AEEF20EC5E32AA2F5E62A67F3181CD12'",count,75.00,
1762850880,10080,cache_miss,b8fc24f30ebd245ceb6c8cf6441c3bfc,"X'901643C52A665CBC73A7209C52570133'",count,1.00,
1762850880,10080,cache_hit,b8fc24f30ebd245ceb6c8cf6441c3bfc,"X'901643C52A665CBC73A7209C52570133'",count,9.00,
1762850880,10080,user_request,494,"X'1BE3BC32E6564055D5CA3E5A354ACBEF'",count,1.00,
1762850880,10080,cache_miss,ba4ea8646f79483d225961e61ff3ac2c,"X'557921DEDEA61153612E15606E349A18'",count,1.00,
1762850880,10080,cache_hit,ba4ea8646f79483d225961e61ff3ac2c,"X'557921DEDEA61153612E15606E349A18'",count,1.00,
1762850880,10080,slow_request,"[""GET"",""\/api\/v1\/collections"",""App\\Http\\Controllers\\Api\\V1\\CollectionController@all""]","X'F0CAFB9DE9C914BAC0B8613012B749DF'",count,2.00,
1762850880,10080,slow_request,"[""GET"",""\/api\/v1\/collections"",""App\\Http\\Controllers\\Api\\V1\\CollectionController@all""]","X'F0CAFB9DE9C914BAC0B8613012B749DF'",max,1611.00,
1762850880,10080,slow_request,"[""GET"",""\/api\/v1\/products"",""App\\Http\\Controllers\\Api\\V1\\ProductController@index""]","X'9F16684F33EF3611750C326752979C04'",count,1.00,
1762850880,10080,slow_request,"[""GET"",""\/api\/v1\/products"",""App\\Http\\Controllers\\Api\\V1\\ProductController@index""]","X'9F16684F33EF3611750C326752979C04'",max,1885.00,
1762850880,10080,slow_request,"[""GET"",""\/api\/v1\/cms"",""App\\Http\\Controllers\\Api\\V1\\CmsController@index""]","X'632AF37A6E5172E8F541BA52BEF62F96'",count,1.00,
1762850880,10080,slow_request,"[""GET"",""\/api\/v1\/cms"",""App\\Http\\Controllers\\Api\\V1\\CmsController@index""]","X'632AF37A6E5172E8F541BA52BEF62F96'",max,1434.00,
1762850880,10080,cache_miss,fecd64437963ff099af72113103eacbf,"X'CAF685F3E623F783F97F6711990F30F3'",count,2.00,
1762850880,10080,cache_hit,fecd64437963ff099af72113103eacbf,"X'CAF685F3E623F783F97F6711990F30F3'",count,4.00,
1762850880,10080,cache_miss,ba554efa9517a20fff11ce3977b13a0b,"X'B884DCD605EAFFF0EB60184A51684E00'",count,2.00,
1762850880,10080,cache_hit,ba554efa9517a20fff11ce3977b13a0b,"X'B884DCD605EAFFF0EB60184A51684E00'",count,4.00,
1762850880,10080,cache_miss,788c7a22017d841a7e9b8290a08ed86e,"X'6221AEE368DA8E088BCCFF5DF36A2AD2'",count,2.00,
1762850880,10080,cache_hit,788c7a22017d841a7e9b8290a08ed86e,"X'6221AEE368DA8E088BCCFF5DF36A2AD2'",count,2.00,
1762850880,10080,cache_miss,6a98db34be093bd72ac4b77eface7ddb,"X'03A3F463D86F011AA3EF7EF0482BC2A5'",count,1.00,
1762850880,10080,cache_hit,6a98db34be093bd72ac4b77eface7ddb,"X'03A3F463D86F011AA3EF7EF0482BC2A5'",count,7.00,
1762850880,10080,cache_miss,9fb41f73d7dc120d8b3009b57d2d6509,"X'140A8F1242BC58C7DA07249BBEEB0003'",count,2.00,
1762850880,10080,cache_hit,9fb41f73d7dc120d8b3009b57d2d6509,"X'140A8F1242BC58C7DA07249BBEEB0003'",count,2.00,
1762850880,10080,cache_miss,e4b513a8cdb59fbb6ec8399e1a45fb7e,"X'9A3636D3D5DFF2B6F3852A03ACE1F701'",count,1.00,
1762850880,10080,cache_hit,e4b513a8cdb59fbb6ec8399e1a45fb7e,"X'9A3636D3D5DFF2B6F3852A03ACE1F701'",count,9.00,
1762850880,10080,cache_miss,c36fb0434b72dce6d28637ea9c01a4e1,"X'8CA79834A8E83CBD5AA5EE36B5816547'",count,2.00,
1762850880,10080,cache_hit,c36fb0434b72dce6d28637ea9c01a4e1,"X'8CA79834A8E83CBD5AA5EE36B5816547'",count,60.00,
1762850880,10080,cache_miss,91c1cb72cf33252d12d0907ccd4a3b46,"X'99E9635566A7E18E0686A585EE4DE07D'",count,1.00,
1762850880,10080,cache_hit,91c1cb72cf33252d12d0907ccd4a3b46,"X'99E9635566A7E18E0686A585EE4DE07D'",count,11.00,
1762850880,10080,slow_request,"[""GET"",""\/api\/v1\/categories"",""App\\Http\\Controllers\\Api\\V1\\CategoryController@index""]","X'60374D41A7A4EB9973ABC798FC028C3D'",count,1.00,
1762850880,10080,cache_miss,1eefe9c2750777be9cb58c09bd8e0467,"X'B85FC9CB4D6EB2CE94E104C66646102E'",count,2.00,
1762850880,10080,cache_hit,1eefe9c2750777be9cb58c09bd8e0467,"X'B85FC9CB4D6EB2CE94E104C66646102E'",count,14.00,
1762850880,10080,slow_request,"[""GET"",""\/api\/v1\/categories"",""App\\Http\\Controllers\\Api\\V1\\CategoryController@index""]","X'60374D41A7A4EB9973ABC798FC028C3D'",max,1552.00,
1762850880,10080,slow_request,"[""GET"",""\/api\/v1\/products\/{slug}"",""App\\Http\\Controllers\\Api\\V1\\ProductController@show""]","X'170410E1B2CD0D9849ED32037684C3C8'",count,1.00,
1762850880,10080,slow_request,"[""GET"",""\/api\/v1\/products\/{slug}"",""App\\Http\\Controllers\\Api\\V1\\ProductController@show""]","X'170410E1B2CD0D9849ED32037684C3C8'",max,1587.00,
1762850880,10080,cache_miss,0931db4a2b33fbe6bf4b80cf7edde06b,"X'EAF4E81CCCE0297EEA6878EC361068AE'",count,1.00,
1762850880,10080,cache_hit,0931db4a2b33fbe6bf4b80cf7edde06b,"X'EAF4E81CCCE0297EEA6878EC361068AE'",count,5.00,
1762850880,10080,cache_miss,b54644c7deebccee0b76036b7858d200,"X'C5125749349F3673FA7F4E0233F433BF'",count,1.00,
1762850880,10080,cache_hit,b54644c7deebccee0b76036b7858d200,"X'C5125749349F3673FA7F4E0233F433BF'",count,5.00,
1762850880,10080,user_request,1017,"X'5D616DD38211EBB5D6EC52986674B6E4'",count,3.00,
1762850880,10080,cache_miss,957d82800ec18a268543f5f3c7aa99ba,"X'681020302A01320A2FD4F992EBEDCFC6'",count,2.00,
1762850880,10080,cache_hit,957d82800ec18a268543f5f3c7aa99ba,"X'681020302A01320A2FD4F992EBEDCFC6'",count,4.00,
1762850880,10080,cache_miss,5dc8cac9e4d5c07e2223c0e7f4294c56,"X'B4439FACB7335BBC5488CFB4EE0A80D9'",count,1.00,
1762850880,10080,cache_hit,5dc8cac9e4d5c07e2223c0e7f4294c56,"X'B4439FACB7335BBC5488CFB4EE0A80D9'",count,11.00,
1762860960,10080,cache_miss,0a4a5f3d7ff11eb5a2ed68849b173809,"X'AEEF20EC5E32AA2F5E62A67F3181CD12'",count,25.00,
1762860960,10080,cache_hit,0a4a5f3d7ff11eb5a2ed68849b173809,"X'AEEF20EC5E32AA2F5E62A67F3181CD12'",count,209.00,
1762860960,10080,cache_miss,adc6f82e0546132718d26bbf1337217f,"X'0DCF127D45077CB1EAF62690365E1936'",count,2.00,
1762860960,10080,cache_hit,adc6f82e0546132718d26bbf1337217f,"X'0DCF127D45077CB1EAF62690365E1936'",count,18.00,
1762860960,10080,slow_request,"[""GET"",""\/api\/v1\/products\/{slug}"",""App\\Http\\Controllers\\Api\\V1\\ProductController@show""]","X'170410E1B2CD0D9849ED32037684C3C8'",count,4.00,
1762860960,10080,slow_request,"[""GET"",""\/api\/v1\/products\/{slug}"",""App\\Http\\Controllers\\Api\\V1\\ProductController@show""]","X'170410E1B2CD0D9849ED32037684C3C8'",max,2868.00,
1762860960,10080,cache_miss,afa97eb4f6ef3d4efc3a5d252e8e5955,"X'491B5F4F481B5EE3673712CC04ECD770'",count,1.00,
1762860960,10080,cache_hit,afa97eb4f6ef3d4efc3a5d252e8e5955,"X'491B5F4F481B5EE3673712CC04ECD770'",count,15.00,
1762860960,10080,user_request,2,"X'C81E728D9D4C2F636F067F89CC14862C'",count,83.00,
1762860960,10080,cache_miss,filament-excel:exports:2,"X'6FD553FA91DAA6B8F81911C003B16325'",count,138.00,
1762860960,10080,slow_request,"[""GET"",""\/admin\/orders"",""App\\Filament\\Resources\\OrderResource\\Pages\\ListOrders""]","X'A2AE3228E686D76741D3394E80A94136'",count,2.00,
1762860960,10080,slow_user_request,2,"X'C81E728D9D4C2F636F067F89CC14862C'",count,3.00,
1762860960,10080,slow_request,"[""GET"",""\/admin\/orders"",""App\\Filament\\Resources\\OrderResource\\Pages\\ListOrders""]","X'A2AE3228E686D76741D3394E80A94136'",max,1034.00,
1762860960,10080,cache_miss,7cfc74858a1c4598f97ec2c04de202aa,"X'630626907FA31AD104A26E8579115ED8'",count,2.00,
1762860960,10080,cache_hit,7cfc74858a1c4598f97ec2c04de202aa,"X'630626907FA31AD104A26E8579115ED8'",count,56.00,
1762860960,10080,cache_miss,431a6dd21c7553d8e56479421f34efe6,"X'E367AFD48ECD24CC954172A99A3D2C4E'",count,2.00,
1762860960,10080,cache_hit,431a6dd21c7553d8e56479421f34efe6,"X'E367AFD48ECD24CC954172A99A3D2C4E'",count,14.00,
1762860960,10080,slow_request,"[""GET"",""\/api\/v1\/products"",""App\\Http\\Controllers\\Api\\V1\\ProductController@index""]","X'9F16684F33EF3611750C326752979C04'",count,2.00,
1762860960,10080,slow_request,"[""GET"",""\/api\/v1\/products"",""App\\Http\\Controllers\\Api\\V1\\ProductController@index""]","X'9F16684F33EF3611750C326752979C04'",max,1789.00,
1762860960,10080,cache_miss,70a209b3288adec889c7b0a5b1aa0d2d,"X'5F5F66AA4719F463D8527E1A37370C05'",count,1.00,
1762860960,10080,cache_hit,70a209b3288adec889c7b0a5b1aa0d2d,"X'5F5F66AA4719F463D8527E1A37370C05'",count,5.00,
1762860960,10080,user_request,300,"X'94F6D7E04A4D452035300F18B984988C'",count,8.00,
1762860960,10080,cache_miss,13322d80380af77dde3851b4fe791650,"X'0855C9407EC85A129C62063B25533A2F'",count,1.00,
1762860960,10080,cache_hit,13322d80380af77dde3851b4fe791650,"X'0855C9407EC85A129C62063B25533A2F'",count,15.00,
1762860960,10080,slow_request,"[""GET"",""\/api\/v1\/categories"",""App\\Http\\Controllers\\Api\\V1\\CategoryController@index""]","X'60374D41A7A4EB9973ABC798FC028C3D'",count,2.00,
1762860960,10080,cache_miss,391e6f03b761993f286a7278601930aa,"X'E10F400DEC96153B978DB34D35FDA742'",count,2.00,
1762860960,10080,cache_hit,391e6f03b761993f286a7278601930aa,"X'E10F400DEC96153B978DB34D35FDA742'",count,6.00,
1762860960,10080,slow_request,"[""GET"",""\/api\/v1\/categories"",""App\\Http\\Controllers\\Api\\V1\\CategoryController@index""]","X'60374D41A7A4EB9973ABC798FC028C3D'",max,1357.00,
1762860960,10080,cache_miss,d77bade854cf198dfb77a00e7160fa79,"X'DF2A871A0F1CD5604F390BA97867A233'",count,1.00,
1762860960,10080,cache_hit,d77bade854cf198dfb77a00e7160fa79,"X'DF2A871A0F1CD5604F390BA97867A233'",count,3.00,
1762860960,10080,cache_miss,8582b84694a56e5c7139aca4e671e94f,"X'0F4BA64D8FBEA82357DD63C0B44CC40A'",count,4.00,
1762860960,10080,cache_hit,8582b84694a56e5c7139aca4e671e94f,"X'0F4BA64D8FBEA82357DD63C0B44CC40A'",count,16.00,
1762860960,10080,cache_miss,788c7a22017d841a7e9b8290a08ed86e,"X'6221AEE368DA8E088BCCFF5DF36A2AD2'",count,3.00,
1762860960,10080,cache_hit,788c7a22017d841a7e9b8290a08ed86e,"X'6221AEE368DA8E088BCCFF5DF36A2AD2'",count,5.00,
1762860960,10080,cache_miss,ba554efa9517a20fff11ce3977b13a0b,"X'B884DCD605EAFFF0EB60184A51684E00'",count,2.00,
1762860960,10080,cache_hit,ba554efa9517a20fff11ce3977b13a0b,"X'B884DCD605EAFFF0EB60184A51684E00'",count,4.00,
1762860960,10080,cache_miss,fecd64437963ff099af72113103eacbf,"X'CAF685F3E623F783F97F6711990F30F3'",count,2.00,
1762860960,10080,cache_hit,fecd64437963ff099af72113103eacbf,"X'CAF685F3E623F783F97F6711990F30F3'",count,2.00,
1762860960,10080,cache_miss,b5f3ee74a1529a7e6799a6c9b0d45ff2,"X'E8C9BD8E315E6BBBB478796191C4FDC3'",count,2.00,
1762860960,10080,cache_hit,b5f3ee74a1529a7e6799a6c9b0d45ff2,"X'E8C9BD8E315E6BBBB478796191C4FDC3'",count,6.00,
1762860960,10080,cache_miss,3277f6de96bb019e1b8c0731fea476bc,"X'74E3583F8F240250253E3B7855D8A879'",count,2.00,
1762860960,10080,cache_hit,3277f6de96bb019e1b8c0731fea476bc,"X'74E3583F8F240250253E3B7855D8A879'",count,2.00,
1762860960,10080,cache_miss,5dc8cac9e4d5c07e2223c0e7f4294c56,"X'B4439FACB7335BBC5488CFB4EE0A80D9'",count,2.00,
1762860960,10080,cache_hit,5dc8cac9e4d5c07e2223c0e7f4294c56,"X'B4439FACB7335BBC5488CFB4EE0A80D9'",count,30.00,
1762860960,10080,cache_miss,f88a940a788a7d6311de07294e87424b,"X'26E6695217F5346CFE233B80CB246EB8'",count,2.00,
1762860960,10080,cache_hit,f88a940a788a7d6311de07294e87424b,"X'26E6695217F5346CFE233B80CB246EB8'",count,10.00,
1762860960,10080,cache_miss,41b628064dd88475533940bdacc575ce,"X'02FE5AB90C9CEFB5FC87D02DEDFA5A9E'",count,1.00,
1762860960,10080,cache_hit,41b628064dd88475533940bdacc575ce,"X'02FE5AB90C9CEFB5FC87D02DEDFA5A9E'",count,15.00,
1762860960,10080,cache_miss,2ce628defa836b525fd8a0bd0081dbfb,"X'C309A6711C85375D93E61237BB728EDC'",count,12.00,
1762860960,10080,cache_hit,2ce628defa836b525fd8a0bd0081dbfb,"X'C309A6711C85375D93E61237BB728EDC'",count,120.00,
1762860960,10080,slow_request,"[""GET"",""\/admin"",""Filament\\Pages\\Dashboard""]","X'9D8BAF8A2E7DD28B63E0B975A699316E'",count,1.00,
1762860960,10080,slow_request,"[""GET"",""\/admin"",""Filament\\Pages\\Dashboard""]","X'9D8BAF8A2E7DD28B63E0B975A699316E'",max,1755.00,
1762860960,10080,cache_miss,1ca7ec4ba547a6a51036f06d33025174,"X'78AE4BCB60F3867102CC39DEA9892DC6'",count,2.00,
1762860960,10080,cache_hit,1ca7ec4ba547a6a51036f06d33025174,"X'78AE4BCB60F3867102CC39DEA9892DC6'",count,18.00,
1762860960,10080,cache_miss,a374d446301f9f80002900a3b5111d6b,"X'369F74B209FEF379AD7E1F0FDCC0431F'",count,1.00,
1762860960,10080,cache_hit,a374d446301f9f80002900a3b5111d6b,"X'369F74B209FEF379AD7E1F0FDCC0431F'",count,7.00,
1762860960,10080,cache_miss,88bba9726a620f762d8777ac6a016c47,"X'F7B00D55159700D4FE3B5F4598E05E3B'",count,1.00,
1762860960,10080,cache_hit,88bba9726a620f762d8777ac6a016c47,"X'F7B00D55159700D4FE3B5F4598E05E3B'",count,3.00,
1762860960,10080,cache_miss,463e1ef5bd6767a3782e53e462aab88c,"X'9253E5F061039AD75BE08E1267EB8E80'",count,7.00,
1762860960,10080,cache_hit,463e1ef5bd6767a3782e53e462aab88c,"X'9253E5F061039AD75BE08E1267EB8E80'",count,23.00,
1762860960,10080,cache_miss,1aab34c2e190fa096392dfb25bc8ac41,"X'E34F225145BCF6600A837553E1E9E9D9'",count,1.00,
1762860960,10080,cache_hit,1aab34c2e190fa096392dfb25bc8ac41,"X'E34F225145BCF6600A837553E1E9E9D9'",count,9.00,
1762860960,10080,slow_request,"[""GET"",""\/api\/v1\/collections"",""App\\Http\\Controllers\\Api\\V1\\CollectionController@all""]","X'F0CAFB9DE9C914BAC0B8613012B749DF'",count,1.00,
1762860960,10080,slow_request,"[""GET"",""\/api\/v1\/collections"",""App\\Http\\Controllers\\Api\\V1\\CollectionController@all""]","X'F0CAFB9DE9C914BAC0B8613012B749DF'",max,2483.00,
1762860960,10080,cache_miss,10af4500f3d8172c3162e09c0aaa0d8e,"X'C913804E9AD90E9E6BC7A26B08F3EF91'",count,2.00,
1762860960,10080,cache_hit,10af4500f3d8172c3162e09c0aaa0d8e,"X'C913804E9AD90E9E6BC7A26B08F3EF91'",count,20.00,
1762860960,10080,cache_miss,d887cfb1ead2c68108196185a0fbe536,"X'41F9CC8CE6B22FB6F636B686F5A0C70E'",count,1.00,
1762860960,10080,cache_hit,d887cfb1ead2c68108196185a0fbe536,"X'41F9CC8CE6B22FB6F636B686F5A0C70E'",count,5.00,
1762860960,10080,cache_miss,0468d7d6290f35b2a274dd835484217f,"X'65963EE7CCC46EFC813454F1788FE693'",count,2.00,
1762860960,10080,cache_hit,0468d7d6290f35b2a274dd835484217f,"X'65963EE7CCC46EFC813454F1788FE693'",count,6.00,
1762860960,10080,cache_miss,96bcea359b8d55ab10d834618c2daeb1,"X'30EF6F9255864F4E87765DAA2EFCB430'",count,2.00,
1762860960,10080,cache_hit,96bcea359b8d55ab10d834618c2daeb1,"X'30EF6F9255864F4E87765DAA2EFCB430'",count,8.00,
1762860960,10080,cache_miss,629e8393d3d06348c87625ca8c0d603d,"X'B47C83BDDAA43C5D27A5C39DBFDEE244'",count,1.00,
1762860960,10080,cache_hit,629e8393d3d06348c87625ca8c0d603d,"X'B47C83BDDAA43C5D27A5C39DBFDEE244'",count,7.00,
1762860960,10080,cache_miss,2bc7eb43391efe27f269daee7ca79641,"X'F83B57175B8C6230A7557B4227776FEB'",count,2.00,
1762860960,10080,cache_hit,2bc7eb43391efe27f269daee7ca79641,"X'F83B57175B8C6230A7557B4227776FEB'",count,2.00,
1762871040,10080,cache_miss,0a4a5f3d7ff11eb5a2ed68849b173809,"X'AEEF20EC5E32AA2F5E62A67F3181CD12'",count,8.00,
1762871040,10080,cache_hit,0a4a5f3d7ff11eb5a2ed68849b173809,"X'AEEF20EC5E32AA2F5E62A67F3181CD12'",count,52.00,
1762871040,10080,cache_miss,ad3b9828f337fe8dd9c3019b4db89ffb,"X'BA0A7C4D4A48791ECEDB2A3EE722BF9E'",count,1.00,
1762871040,10080,cache_hit,ad3b9828f337fe8dd9c3019b4db89ffb,"X'BA0A7C4D4A48791ECEDB2A3EE722BF9E'",count,9.00,
1762871040,10080,cache_miss,f0bc84b6a2e6b62110886540a0c3b2e2,"X'2FBEAA50A2A1D14EAF177E3200FD280C'",count,2.00,
1762871040,10080,cache_hit,f0bc84b6a2e6b62110886540a0c3b2e2,"X'2FBEAA50A2A1D14EAF177E3200FD280C'",count,18.00,
1762871040,10080,cache_miss,ba9a0ac2d2772a5459e4c4e58d758f02,"X'C49B4BF575DEE3647DE45B7278EA5C1F'",count,1.00,
1762871040,10080,cache_hit,ba9a0ac2d2772a5459e4c4e58d758f02,"X'C49B4BF575DEE3647DE45B7278EA5C1F'",count,9.00,
1762871040,10080,cache_miss,4c44f7ff959421bd5b4b683da3de5c5d,"X'E34CABC4E2E1F814741010DE07AA536B'",count,1.00,
1762871040,10080,cache_hit,4c44f7ff959421bd5b4b683da3de5c5d,"X'E34CABC4E2E1F814741010DE07AA536B'",count,5.00,
1762871040,10080,cache_hit,0d81ab822edd39c061176ca9baa835e2,"X'124F8191BDED2FFA30EF1206B4716685'",count,7.00,
1762871040,10080,cache_miss,0d81ab822edd39c061176ca9baa835e2,"X'124F8191BDED2FFA30EF1206B4716685'",count,1.00,
1762871040,10080,cache_miss,ba826e07d82c8a19df8858fa0881477a,"X'3A80DB698A452A5E932346867EF89692'",count,2.00,
1762871040,10080,cache_hit,ba826e07d82c8a19df8858fa0881477a,"X'3A80DB698A452A5E932346867EF89692'",count,2.00,
1762871040,10080,cache_hit,2ce628defa836b525fd8a0bd0081dbfb,"X'C309A6711C85375D93E61237BB728EDC'",count,69.00,
1762871040,10080,cache_miss,2ce628defa836b525fd8a0bd0081dbfb,"X'C309A6711C85375D93E61237BB728EDC'",count,3.00,
1762871040,10080,slow_request,"[""GET"",""\/api\/v1\/categories"",""App\\Http\\Controllers\\Api\\V1\\CategoryController@index""]","X'60374D41A7A4EB9973ABC798FC028C3D'",count,2.00,
1762871040,10080,slow_request,"[""GET"",""\/api\/v1\/categories"",""App\\Http\\Controllers\\Api\\V1\\CategoryController@index""]","X'60374D41A7A4EB9973ABC798FC028C3D'",max,1426.00,
1762871040,10080,slow_request,"[""GET"",""\/api\/v1\/products\/{slug}"",""App\\Http\\Controllers\\Api\\V1\\ProductController@show""]","X'170410E1B2CD0D9849ED32037684C3C8'",count,4.00,
1762871040,10080,slow_request,"[""GET"",""\/api\/v1\/products\/{slug}"",""App\\Http\\Controllers\\Api\\V1\\ProductController@show""]","X'170410E1B2CD0D9849ED32037684C3C8'",max,4143.00,
1762871040,10080,cache_miss,b6ff6b52c051964696e8093cc6caa90c,"X'4B6B3A15B55E9EEB99F91C6ED4FA31C5'",count,1.00,
1762871040,10080,cache_hit,b6ff6b52c051964696e8093cc6caa90c,"X'4B6B3A15B55E9EEB99F91C6ED4FA31C5'",count,11.00,
1762871040,10080,user_request,989,"X'A1140A3D0DF1C81E24AE954D935E8926'",count,1.00,
1762871040,10080,cache_miss,075014c3cb3976949b1791ed3a54d8f9,"X'8A86B6F42316C696134542F789F2733B'",count,1.00,
1762871040,10080,cache_hit,075014c3cb3976949b1791ed3a54d8f9,"X'8A86B6F42316C696134542F789F2733B'",count,1.00,
1762871040,10080,slow_request,"[""GET"",""\/api\/v1\/collections"",""App\\Http\\Controllers\\Api\\V1\\CollectionController@all""]","X'F0CAFB9DE9C914BAC0B8613012B749DF'",count,1.00,
1762871040,10080,slow_request,"[""GET"",""\/api\/v1\/collections"",""App\\Http\\Controllers\\Api\\V1\\CollectionController@all""]","X'F0CAFB9DE9C914BAC0B8613012B749DF'",max,1381.00,
1762871040,10080,cache_miss,b200243cddce94af3a16866faacbfd17,"X'953C6BF0BCD7927AF853039CA0339F8D'",count,3.00,
1762871040,10080,cache_hit,b200243cddce94af3a16866faacbfd17,"X'953C6BF0BCD7927AF853039CA0339F8D'",count,27.00,
1762871040,10080,slow_request,"[""GET"",""\/api\/v1\/collection"",""App\\Http\\Controllers\\Api\\V1\\CollectionController@index""]","X'C5A70820A669030919A4ED1A6B091384'",count,4.00,
1762871040,10080,slow_request,"[""GET"",""\/api\/v1\/collection"",""App\\Http\\Controllers\\Api\\V1\\CollectionController@index""]","X'C5A70820A669030919A4ED1A6B091384'",max,1740.00,
1762871040,10080,slow_request,"[""GET"",""\/api\/v1\/products\/suggested"",""App\\Http\\Controllers\\Api\\V1\\ProductController@suggested""]","X'00AA9989582D873F10B1ECD224E58185'",count,1.00,
1762871040,10080,slow_request,"[""GET"",""\/api\/v1\/products\/suggested"",""App\\Http\\Controllers\\Api\\V1\\ProductController@suggested""]","X'00AA9989582D873F10B1ECD224E58185'",max,3901.00,
1762871040,10080,slow_request,"[""GET"",""\/api\/v1\/products\/related\/{product}"",""App\\Http\\Controllers\\Api\\V1\\ProductController@related""]","X'9F157569D1BE8FFD4B7CF53B03B79112'",count,1.00,
1762871040,10080,slow_request,"[""GET"",""\/api\/v1\/products\/related\/{product}"",""App\\Http\\Controllers\\Api\\V1\\ProductController@related""]","X'9F157569D1BE8FFD4B7CF53B03B79112'",max,3058.00,
1762871040,10080,cache_miss,37b9554e9027da7d90bbbfe9490120d6,"X'93B111831C4168B8F04275A445BAF806'",count,1.00,
1762871040,10080,cache_hit,37b9554e9027da7d90bbbfe9490120d6,"X'93B111831C4168B8F04275A445BAF806'",count,11.00,
1762871040,10080,cache_miss,0186b157ec2c0513cffebe5c0ba653ec,"X'3145D3AFCE8399872B050F4E6EB620EE'",count,2.00,
1762871040,10080,cache_hit,0186b157ec2c0513cffebe5c0ba653ec,"X'3145D3AFCE8399872B050F4E6EB620EE'",count,10.00,
1762871040,10080,cache_miss,ac7ca339b10b3b3e87d92bc9f539aec5,"X'7CEFB40830131352A2902087733A0188'",count,3.00,
1762871040,10080,cache_hit,ac7ca339b10b3b3e87d92bc9f539aec5,"X'7CEFB40830131352A2902087733A0188'",count,19.00,
1762871040,10080,slow_request,"[""GET"",""\/admin"",""Filament\\Pages\\Dashboard""]","X'9D8BAF8A2E7DD28B63E0B975A699316E'",count,1.00,
1762871040,10080,slow_user_request,2,"X'C81E728D9D4C2F636F067F89CC14862C'",count,1.00,
1762871040,10080,user_request,2,"X'C81E728D9D4C2F636F067F89CC14862C'",count,1.00,
1762871040,10080,cache_miss,filament-excel:exports:2,"X'6FD553FA91DAA6B8F81911C003B16325'",count,1.00,
1762871040,10080,slow_request,"[""GET"",""\/admin"",""Filament\\Pages\\Dashboard""]","X'9D8BAF8A2E7DD28B63E0B975A699316E'",max,1078.00,
1762871040,10080,cache_miss,788c7a22017d841a7e9b8290a08ed86e,"X'6221AEE368DA8E088BCCFF5DF36A2AD2'",count,1.00,
1762871040,10080,cache_hit,788c7a22017d841a7e9b8290a08ed86e,"X'6221AEE368DA8E088BCCFF5DF36A2AD2'",count,1.00,
1762871040,10080,cache_miss,fecd64437963ff099af72113103eacbf,"X'CAF685F3E623F783F97F6711990F30F3'",count,1.00,
1762871040,10080,cache_hit,fecd64437963ff099af72113103eacbf,"X'CAF685F3E623F783F97F6711990F30F3'",count,1.00,
1762871040,10080,cache_miss,62e4e6f297196bb30812f9a1ed707e17,"X'4FCB1B4FEFAF8D4EBCD9D9632BB61BF0'",count,2.00,
1762871040,10080,cache_hit,62e4e6f297196bb30812f9a1ed707e17,"X'4FCB1B4FEFAF8D4EBCD9D9632BB61BF0'",count,24.00,
1762871040,10080,user_request,918,"X'1E056D2B0EBD5C878C550DA6AC5D3724'",count,5.00,
1762871040,10080,cache_miss,f4caa4e33e21dbc76456138952f3a8bd,"X'DB26C6E9A005205382383C5E08F61EEA'",count,2.00,
1762871040,10080,cache_hit,f4caa4e33e21dbc76456138952f3a8bd,"X'DB26C6E9A005205382383C5E08F61EEA'",count,8.00,
1762881120,10080,cache_miss,ba554efa9517a20fff11ce3977b13a0b,"X'B884DCD605EAFFF0EB60184A51684E00'",count,2.00,
1762881120,10080,cache_hit,ba554efa9517a20fff11ce3977b13a0b,"X'B884DCD605EAFFF0EB60184A51684E00'",count,2.00,
1762881120,10080,cache_miss,788c7a22017d841a7e9b8290a08ed86e,"X'6221AEE368DA8E088BCCFF5DF36A2AD2'",count,2.00,
1762881120,10080,cache_hit,788c7a22017d841a7e9b8290a08ed86e,"X'6221AEE368DA8E088BCCFF5DF36A2AD2'",count,6.00,
1762881120,10080,user_request,2,"X'C81E728D9D4C2F636F067F89CC14862C'",count,79.00,
1762881120,10080,cache_miss,filament-excel:exports:2,"X'6FD553FA91DAA6B8F81911C003B16325'",count,163.00,
1762881120,10080,cache_miss,0a4a5f3d7ff11eb5a2ed68849b173809,"X'AEEF20EC5E32AA2F5E62A67F3181CD12'",count,10.00,
1762881120,10080,cache_hit,0a4a5f3d7ff11eb5a2ed68849b173809,"X'AEEF20EC5E32AA2F5E62A67F3181CD12'",count,80.00,
1762881120,10080,cache_miss,e4152793b333443054583d4a80aacce1,"X'D5C4C6B0994137B6C1B78E8BABC5DF19'",count,2.00,
1762881120,10080,cache_hit,e4152793b333443054583d4a80aacce1,"X'D5C4C6B0994137B6C1B78E8BABC5DF19'",count,38.00,
1762881120,10080,cache_miss,8469ade559a4b4fb8bdc73b17941eb1f,"X'7FA12386871CD83BA0EC79549B21885C'",count,3.00,
1762881120,10080,cache_hit,8469ade559a4b4fb8bdc73b17941eb1f,"X'7FA12386871CD83BA0EC79549B21885C'",count,59.00,
1762881120,10080,user_request,709,"X'1ECFB463472EC9115B10C292EF8BC986'",count,21.00,
1762881120,10080,cache_miss,c5a64189fd06627a33c297a35602c899,"X'86D21EF38DC0CA671331658E049255C7'",count,4.00,
1762881120,10080,cache_hit,c5a64189fd06627a33c297a35602c899,"X'86D21EF38DC0CA671331658E049255C7'",count,38.00,
1762881120,10080,cache_miss,adc6f82e0546132718d26bbf1337217f,"X'0DCF127D45077CB1EAF62690365E1936'",count,4.00,
1762881120,10080,cache_hit,adc6f82e0546132718d26bbf1337217f,"X'0DCF127D45077CB1EAF62690365E1936'",count,16.00,
1762881120,10080,slow_request,"[""POST"",""\/api\/v1\/cart\/checkout"",""App\\Http\\Controllers\\Api\\V1\\CheckoutController@completeCheckout""]","X'DF0A5B0EE6D1E5BAE10F2378B95DC85B'",count,1.00,
1762881120,10080,slow_user_request,709,"X'1ECFB463472EC9115B10C292EF8BC986'",count,1.00,
1762881120,10080,slow_request,"[""POST"",""\/api\/v1\/cart\/checkout"",""App\\Http\\Controllers\\Api\\V1\\CheckoutController@completeCheckout""]","X'DF0A5B0EE6D1E5BAE10F2378B95DC85B'",max,1486.00,
1762881120,10080,cache_miss,681653deefd95b8498793894625d1227,"X'249CAEFB7DB9477C84617813F0DBE8F3'",count,1.00,
1762881120,10080,cache_hit,681653deefd95b8498793894625d1227,"X'249CAEFB7DB9477C84617813F0DBE8F3'",count,15.00,
1762881120,10080,slow_request,"[""POST"",""\/api\/verify\/snapp\/{id}"",""App\\Http\\Controllers\\V1\\OrderController@handleCallbackSnapp""]","X'5E54A6D377E5BFE6AA28F54E116C40C1'",count,1.00,
1762881120,10080,cache_miss,bee5da9d50f0ad996909b33f7ffb352c,"X'C92796C4B7AE2B96E8FE67CA33F27C54'",count,1.00,
1762881120,10080,cache_hit,bee5da9d50f0ad996909b33f7ffb352c,"X'C92796C4B7AE2B96E8FE67CA33F27C54'",count,9.00,
1762881120,10080,slow_request,"[""POST"",""\/api\/verify\/snapp\/{id}"",""App\\Http\\Controllers\\V1\\OrderController@handleCallbackSnapp""]","X'5E54A6D377E5BFE6AA28F54E116C40C1'",max,1633.00,
1762881120,10080,slow_request,"[""GET"",""\/admin\/orders"",""App\\Filament\\Resources\\OrderResource\\Pages\\ListOrders""]","X'A2AE3228E686D76741D3394E80A94136'",count,2.00,
1762881120,10080,slow_user_request,2,"X'C81E728D9D4C2F636F067F89CC14862C'",count,2.00,
1762881120,10080,slow_request,"[""GET"",""\/admin\/orders"",""App\\Filament\\Resources\\OrderResource\\Pages\\ListOrders""]","X'A2AE3228E686D76741D3394E80A94136'",max,1022.00,
1762881120,10080,cache_miss,b14fc63cc45a0fe5446ff23ec25ec5f1,"X'6CC5F201C3BE027E7C9AC276EEECE4E0'",count,6.00,
1762881120,10080,cache_hit,b14fc63cc45a0fe5446ff23ec25ec5f1,"X'6CC5F201C3BE027E7C9AC276EEECE4E0'",count,62.00,
1762881120,10080,user_request,1003,"X'AA68C75C4A77C87F97FB686B2F068676'",count,18.00,
1762881120,10080,cache_miss,3a876be66617de1f0c8c13361c49d086,"X'956E77AB5949E350A906350DCCFEF3A4'",count,4.00,
1762881120,10080,cache_hit,3a876be66617de1f0c8c13361c49d086,"X'956E77AB5949E350A906350DCCFEF3A4'",count,32.00,
1762881120,10080,slow_request,"[""GET"",""\/api\/v1\/products"",""App\\Http\\Controllers\\Api\\V1\\ProductController@index""]","X'9F16684F33EF3611750C326752979C04'",count,4.00,
1762881120,10080,slow_request,"[""GET"",""\/api\/v1\/products"",""App\\Http\\Controllers\\Api\\V1\\ProductController@index""]","X'9F16684F33EF3611750C326752979C04'",max,3163.00,
1762881120,10080,cache_miss,2ce628defa836b525fd8a0bd0081dbfb,"X'C309A6711C85375D93E61237BB728EDC'",count,2.00,
1762881120,10080,cache_hit,2ce628defa836b525fd8a0bd0081dbfb,"X'C309A6711C85375D93E61237BB728EDC'",count,10.00,
1762881120,10080,cache_miss,de0bdf8525ae26b68a30620e8e26849d,"X'744BFE9869939E7138EA4553ED8CA432'",count,1.00,
1762881120,10080,cache_hit,de0bdf8525ae26b68a30620e8e26849d,"X'744BFE9869939E7138EA4553ED8CA432'",count,19.00,
1762881120,10080,cache_miss,00434876abb06a01ddeda292ca2cb77a,"X'08455705E3E7D838FA7CEEBD8C984280'",count,1.00,
1762881120,10080,cache_hit,00434876abb06a01ddeda292ca2cb77a,"X'08455705E3E7D838FA7CEEBD8C984280'",count,3.00,
1762881120,10080,cache_miss,923a7f5ad60d5b3669c5b66d4dac023c,"X'4739F8AC10389A4333B254E371472569'",count,1.00,
1762881120,10080,cache_hit,923a7f5ad60d5b3669c5b66d4dac023c,"X'4739F8AC10389A4333B254E371472569'",count,1.00,
1762881120,10080,cache_miss,5c3a50c7c7f19b0f69dca45303b46fae,"X'30FDA6358D48ADBCD95ED1EF8A597EBB'",count,1.00,
1762881120,10080,cache_hit,5c3a50c7c7f19b0f69dca45303b46fae,"X'30FDA6358D48ADBCD95ED1EF8A597EBB'",count,1.00,
1762881120,10080,cache_miss,c8ce2c670856c1dec35af88d60b415c2,"X'24511765EED6A0E54855775665C49D1E'",count,1.00,
1762881120,10080,cache_hit,c8ce2c670856c1dec35af88d60b415c2,"X'24511765EED6A0E54855775665C49D1E'",count,17.00,
1762881120,10080,cache_miss,241fda177668592e84824f385b6684cd,"X'25E8B643A437ED57481AE57B33C0EC4E'",count,1.00,
1762881120,10080,cache_hit,241fda177668592e84824f385b6684cd,"X'25E8B643A437ED57481AE57B33C0EC4E'",count,9.00,
1762891200,10080,cache_miss,0a4a5f3d7ff11eb5a2ed68849b173809,"X'AEEF20EC5E32AA2F5E62A67F3181CD12'",count,9.00,
1762891200,10080,cache_hit,0a4a5f3d7ff11eb5a2ed68849b173809,"X'AEEF20EC5E32AA2F5E62A67F3181CD12'",count,61.00,
1762891200,10080,cache_miss,0bfb1f0ab986b0b8122b35589aedb463,"X'0F5CF878A1E729C82952271058773600'",count,1.00,
1762891200,10080,cache_hit,0bfb1f0ab986b0b8122b35589aedb463,"X'0F5CF878A1E729C82952271058773600'",count,7.00,
1762891200,10080,cache_miss,ae141ad80baf78eaafd99d268230f68a,"X'E95A6A0731D753D085D32FD23CEA4F7D'",count,2.00,
1762891200,10080,cache_hit,ae141ad80baf78eaafd99d268230f68a,"X'E95A6A0731D753D085D32FD23CEA4F7D'",count,2.00,
1762891200,10080,cache_miss,443a56310dd0dff963da0d4a48853f18,"X'84CA5E21B2DCF53E6BB2EDB590AFB571'",count,1.00,
1762891200,10080,cache_hit,443a56310dd0dff963da0d4a48853f18,"X'84CA5E21B2DCF53E6BB2EDB590AFB571'",count,19.00,
1762891200,10080,cache_miss,3129c9f1377c11cc1527eed1743dfd02,"X'F2D899082E93E17AF10B8864B030C5FE'",count,1.00,
1762891200,10080,cache_hit,3129c9f1377c11cc1527eed1743dfd02,"X'F2D899082E93E17AF10B8864B030C5FE'",count,13.00,
1762891200,10080,cache_miss,81eec1c0c8bc566b50afe972e3fd5e14,"X'49DEC2E3D959286CF57422BF1CC5CFE3'",count,2.00,
1762891200,10080,cache_hit,81eec1c0c8bc566b50afe972e3fd5e14,"X'49DEC2E3D959286CF57422BF1CC5CFE3'",count,6.00,
1762891200,10080,cache_miss,44d91479b196161c8e5dae9b035bec56,"X'E44B7AF3861EC458E7628EBC42778712'",count,1.00,
1762891200,10080,cache_hit,44d91479b196161c8e5dae9b035bec56,"X'E44B7AF3861EC458E7628EBC42778712'",count,3.00,
1762891200,10080,cache_miss,64df269c632c60d55b9fa4a41fcf30f5,"X'8771AB0563EF1C1BDE4E00219815CC6C'",count,2.00,
1762891200,10080,cache_hit,64df269c632c60d55b9fa4a41fcf30f5,"X'8771AB0563EF1C1BDE4E00219815CC6C'",count,6.00,
1762891200,10080,cache_miss,80f150fdfcf8b3db0b16c54b2434d321,"X'AFDADA38E0C91DFF8236F7EC405E1B53'",count,2.00,
1762891200,10080,cache_hit,80f150fdfcf8b3db0b16c54b2434d321,"X'AFDADA38E0C91DFF8236F7EC405E1B53'",count,2.00,
1762891200,10080,cache_miss,6ed1e41629f8d01cafbbbf2a8c519305,"X'96570AAE37E08A49DEAD43BA0E8DD8AB'",count,1.00,
1762891200,10080,cache_hit,6ed1e41629f8d01cafbbbf2a8c519305,"X'96570AAE37E08A49DEAD43BA0E8DD8AB'",count,7.00,
1762891200,10080,cache_miss,22c34fb2135344e74da6c80731341b69,"X'95E70C8BEDD3ED401E1D7A57BA0D6DE2'",count,1.00,
1762891200,10080,cache_hit,22c34fb2135344e74da6c80731341b69,"X'95E70C8BEDD3ED401E1D7A57BA0D6DE2'",count,3.00,
1762891200,10080,cache_miss,31e6919bd4a46b3f1244f82228caf183,"X'ECABF24A33B734422346E687AC82FD0E'",count,1.00,
1762891200,10080,cache_hit,31e6919bd4a46b3f1244f82228caf183,"X'ECABF24A33B734422346E687AC82FD0E'",count,9.00,
1762891200,10080,slow_request,"[""GET"",""\/api\/v1\/collections"",""App\\Http\\Controllers\\Api\\V1\\CollectionController@all""]","X'F0CAFB9DE9C914BAC0B8613012B749DF'",count,1.00,
1762891200,10080,slow_request,"[""GET"",""\/api\/v1\/collections"",""App\\Http\\Controllers\\Api\\V1\\CollectionController@all""]","X'F0CAFB9DE9C914BAC0B8613012B749DF'",max,1063.00,
1762891200,10080,cache_miss,fbcaaf4bd3fe10610b269169b54b34bf,"X'9490B8158957AF34390A94C78AF6E3AB'",count,1.00,
1762891200,10080,cache_hit,fbcaaf4bd3fe10610b269169b54b34bf,"X'9490B8158957AF34390A94C78AF6E3AB'",count,1.00,
1762891200,10080,cache_miss,70a209b3288adec889c7b0a5b1aa0d2d,"X'5F5F66AA4719F463D8527E1A37370C05'",count,2.00,
1762891200,10080,cache_hit,70a209b3288adec889c7b0a5b1aa0d2d,"X'5F5F66AA4719F463D8527E1A37370C05'",count,24.00,
1762891200,10080,user_request,300,"X'94F6D7E04A4D452035300F18B984988C'",count,15.00,
1762891200,10080,cache_miss,13322d80380af77dde3851b4fe791650,"X'0855C9407EC85A129C62063B25533A2F'",count,2.00,
1762891200,10080,cache_hit,13322d80380af77dde3851b4fe791650,"X'0855C9407EC85A129C62063B25533A2F'",count,28.00,
1762891200,10080,cache_miss,fc06577d3946942f933669075023a344,"X'AFB777C107167654B6832D39DBD81AEC'",count,1.00,
1762891200,10080,cache_hit,fc06577d3946942f933669075023a344,"X'AFB777C107167654B6832D39DBD81AEC'",count,9.00,
1762901280,10080,slow_request,"[""GET"",""\/api\/v1\/collections"",""App\\Http\\Controllers\\Api\\V1\\CollectionController@all""]","X'F0CAFB9DE9C914BAC0B8613012B749DF'",count,2.00,
1762901280,10080,cache_miss,0a4a5f3d7ff11eb5a2ed68849b173809,"X'AEEF20EC5E32AA2F5E62A67F3181CD12'",count,12.00,
1762901280,10080,cache_hit,0a4a5f3d7ff11eb5a2ed68849b173809,"X'AEEF20EC5E32AA2F5E62A67F3181CD12'",count,70.00,
1762901280,10080,slow_request,"[""GET"",""\/api\/v1\/collections"",""App\\Http\\Controllers\\Api\\V1\\CollectionController@all""]","X'F0CAFB9DE9C914BAC0B8613012B749DF'",max,1449.00,
1762901280,10080,cache_miss,61f6bc9f0d102175c366098f58c06a8d,"X'052405FD8505EDAF3B5686903FA73358'",count,3.00,
1762901280,10080,cache_hit,61f6bc9f0d102175c366098f58c06a8d,"X'052405FD8505EDAF3B5686903FA73358'",count,13.00,
1762901280,10080,cache_miss,957ad9abd88ca1a4441b9df25c078890,"X'E7F28DF5001F809B452D8D202DCA12AB'",count,1.00,
1762901280,10080,cache_hit,957ad9abd88ca1a4441b9df25c078890,"X'E7F28DF5001F809B452D8D202DCA12AB'",count,3.00,
1762901280,10080,cache_miss,51b01e80ac4d44b9709af9c8e61c7090,"X'4B45C3E0789D7A8154B40F2179799E2D'",count,1.00,
1762901280,10080,cache_hit,51b01e80ac4d44b9709af9c8e61c7090,"X'4B45C3E0789D7A8154B40F2179799E2D'",count,1.00,
1762911360,10080,slow_request,"[""GET"",""\/api\/v1\/collections"",""App\\Http\\Controllers\\Api\\V1\\CollectionController@all""]","X'F0CAFB9DE9C914BAC0B8613012B749DF'",count,1.00,
1762911360,10080,cache_miss,0a4a5f3d7ff11eb5a2ed68849b173809,"X'AEEF20EC5E32AA2F5E62A67F3181CD12'",count,2.00,
1762911360,10080,cache_hit,0a4a5f3d7ff11eb5a2ed68849b173809,"X'AEEF20EC5E32AA2F5E62A67F3181CD12'",count,10.00,
1762911360,10080,slow_request,"[""GET"",""\/api\/v1\/collections"",""App\\Http\\Controllers\\Api\\V1\\CollectionController@all""]","X'F0CAFB9DE9C914BAC0B8613012B749DF'",max,1554.00,
1762911360,10080,slow_request,"[""GET"",""\/api\/v1\/categories"",""App\\Http\\Controllers\\Api\\V1\\CategoryController@index""]","X'60374D41A7A4EB9973ABC798FC028C3D'",count,1.00,
1762911360,10080,cache_miss,4dc21c91ad993f9735a123830d1097f5,"X'4AF959FCB09F40A713AB24D54FCB1437'",count,2.00,
1762911360,10080,cache_hit,4dc21c91ad993f9735a123830d1097f5,"X'4AF959FCB09F40A713AB24D54FCB1437'",count,14.00,
1762911360,10080,slow_request,"[""GET"",""\/api\/v1\/categories"",""App\\Http\\Controllers\\Api\\V1\\CategoryController@index""]","X'60374D41A7A4EB9973ABC798FC028C3D'",max,1620.00,
1762911360,10080,slow_request,"[""GET"",""\/api\/v1\/products\/{slug}"",""App\\Http\\Controllers\\Api\\V1\\ProductController@show""]","X'170410E1B2CD0D9849ED32037684C3C8'",count,1.00,
1762911360,10080,slow_request,"[""GET"",""\/api\/v1\/products\/{slug}"",""App\\Http\\Controllers\\Api\\V1\\ProductController@show""]","X'170410E1B2CD0D9849ED32037684C3C8'",max,1465.00,
1762911360,10080,cache_miss,74ed1791d96edecee8030d945e0b111e,"X'67BC68DB34517B304FF0ABA2BEB5FF89'",count,2.00,
1762911360,10080,cache_hit,74ed1791d96edecee8030d945e0b111e,"X'67BC68DB34517B304FF0ABA2BEB5FF89'",count,18.00,
1762921440,10080,user_request,2,"X'C81E728D9D4C2F636F067F89CC14862C'",count,21.00,
1762921440,10080,cache_miss,filament-excel:exports:2,"X'6FD553FA91DAA6B8F81911C003B16325'",count,35.00,
1762921440,10080,slow_request,"[""POST"",""\/admin"",""via \/livewire\/update""]","X'5E06B5B1438580B995ACCA1BF2BDFEC8'",count,1.00,
1762921440,10080,slow_user_request,2,"X'C81E728D9D4C2F636F067F89CC14862C'",count,3.00,
1762921440,10080,slow_outgoing_request,"[""GET"",""https:\/\/api.kavenegar.com\/v1\/74424A6955393375634935514F3378786D412F6B78764979684E6D414F594E35434C3837744C43783273343D\/account\/info.json""]","X'9950F99A4795D7DDCF55342B7F1C04C5'",count,1.00,
1762921440,10080,slow_request,"[""POST"",""\/admin"",""via \/livewire\/update""]","X'5E06B5B1438580B995ACCA1BF2BDFEC8'",max,5444.00,
1762921440,10080,slow_outgoing_request,"[""GET"",""https:\/\/api.kavenegar.com\/v1\/74424A6955393375634935514F3378786D412F6B78764979684E6D414F594E35434C3837744C43783273343D\/account\/info.json""]","X'9950F99A4795D7DDCF55342B7F1C04C5'",max,5056.00,
1762921440,10080,slow_request,"[""GET"",""\/admin\/orders"",""App\\Filament\\Resources\\OrderResource\\Pages\\ListOrders""]","X'A2AE3228E686D76741D3394E80A94136'",count,1.00,
1762921440,10080,slow_request,"[""GET"",""\/admin\/orders"",""App\\Filament\\Resources\\OrderResource\\Pages\\ListOrders""]","X'A2AE3228E686D76741D3394E80A94136'",max,1059.00,
1762921440,10080,cache_miss,d62497940dfeaa788830087ada2d8d82,"X'9E5AE90BAE02EE05D0492C8F72F8B37A'",count,1.00,
1762921440,10080,cache_hit,d62497940dfeaa788830087ada2d8d82,"X'9E5AE90BAE02EE05D0492C8F72F8B37A'",count,5.00,
1762921440,10080,cache_miss,3d3c9ea34f27a62722c06ff0efbc6ee9,"X'2CAC64299F99814D5065E689B028EE39'",count,1.00,
1762921440,10080,cache_hit,3d3c9ea34f27a62722c06ff0efbc6ee9,"X'2CAC64299F99814D5065E689B028EE39'",count,3.00,
1762921440,10080,cache_miss,7965641fa373ca4ef6c8a9bc46fb70fc,"X'10CC57ADD8E5B1228FA1725920EA9E27'",count,1.00,
1762921440,10080,cache_hit,7965641fa373ca4ef6c8a9bc46fb70fc,"X'10CC57ADD8E5B1228FA1725920EA9E27'",count,1.00,
1762921440,10080,cache_miss,6d54b7e7ca6904ced7af999b4109a1f7,"X'BC338560A618DDD51EF94A759222B165'",count,1.00,
1762921440,10080,cache_hit,6d54b7e7ca6904ced7af999b4109a1f7,"X'BC338560A618DDD51EF94A759222B165'",count,3.00,
1762921440,10080,slow_request,"[""GET"",""\/admin"",""Filament\\Pages\\Dashboard""]","X'9D8BAF8A2E7DD28B63E0B975A699316E'",count,1.00,
1762921440,10080,slow_request,"[""GET"",""\/admin"",""Filament\\Pages\\Dashboard""]","X'9D8BAF8A2E7DD28B63E0B975A699316E'",max,1725.00,
1762921440,10080,slow_request,"[""GET"",""\/api\/v1\/collections"",""App\\Http\\Controllers\\Api\\V1\\CollectionController@all""]","X'F0CAFB9DE9C914BAC0B8613012B749DF'",count,1.00,
1762921440,10080,cache_miss,0a4a5f3d7ff11eb5a2ed68849b173809,"X'AEEF20EC5E32AA2F5E62A67F3181CD12'",count,2.00,
1762921440,10080,cache_hit,0a4a5f3d7ff11eb5a2ed68849b173809,"X'AEEF20EC5E32AA2F5E62A67F3181CD12'",count,10.00,
1762921440,10080,slow_request,"[""GET"",""\/api\/v1\/collections"",""App\\Http\\Controllers\\Api\\V1\\CollectionController@all""]","X'F0CAFB9DE9C914BAC0B8613012B749DF'",max,1421.00,
1762921440,10080,cache_miss,788c7a22017d841a7e9b8290a08ed86e,"X'6221AEE368DA8E088BCCFF5DF36A2AD2'",count,1.00,
1762921440,10080,cache_hit,788c7a22017d841a7e9b8290a08ed86e,"X'6221AEE368DA8E088BCCFF5DF36A2AD2'",count,5.00,
1762921440,10080,cache_miss,ba554efa9517a20fff11ce3977b13a0b,"X'B884DCD605EAFFF0EB60184A51684E00'",count,1.00,
1762921440,10080,cache_hit,ba554efa9517a20fff11ce3977b13a0b,"X'B884DCD605EAFFF0EB60184A51684E00'",count,1.00,
1762921440,10080,cache_miss,70a209b3288adec889c7b0a5b1aa0d2d,"X'5F5F66AA4719F463D8527E1A37370C05'",count,1.00,
1762921440,10080,cache_hit,70a209b3288adec889c7b0a5b1aa0d2d,"X'5F5F66AA4719F463D8527E1A37370C05'",count,5.00,
1762921440,10080,user_request,300,"X'94F6D7E04A4D452035300F18B984988C'",count,6.00,
1762921440,10080,cache_miss,13322d80380af77dde3851b4fe791650,"X'0855C9407EC85A129C62063B25533A2F'",count,1.00,
1762921440,10080,cache_hit,13322d80380af77dde3851b4fe791650,"X'0855C9407EC85A129C62063B25533A2F'",count,11.00,
1762921440,10080,slow_request,"[""GET"",""\/api\/v1\/user"",""Closure""]","X'537FEC27264F3372527B92CBA2546111'",count,1.00,
1762921440,10080,slow_user_request,300,"X'94F6D7E04A4D452035300F18B984988C'",count,2.00,
1762921440,10080,slow_request,"[""GET"",""\/api\/v1\/user"",""Closure""]","X'537FEC27264F3372527B92CBA2546111'",max,1447.00,
1762921440,10080,slow_request,"[""GET"",""\/api\/v1\/user\/orders"",""App\\Http\\Controllers\\Api\\V1\\AccountController@getUserOrders""]","X'C62FB6CA575E84C06CAAF7591C325025'",count,1.00,
1762921440,10080,slow_request,"[""GET"",""\/api\/v1\/user\/orders"",""App\\Http\\Controllers\\Api\\V1\\AccountController@getUserOrders""]","X'C62FB6CA575E84C06CAAF7591C325025'",max,1902.00,
1762921440,10080,cache_miss,bcd3faa8fb2c3a22263ddab70771092b,"X'2AE73E1E229B5DE7B7CCA96C104FFD79'",count,1.00,
1762921440,10080,cache_hit,bcd3faa8fb2c3a22263ddab70771092b,"X'2AE73E1E229B5DE7B7CCA96C104FFD79'",count,7.00,
1762921440,10080,cache_miss,accd673153f5510ee2e58c1bd6548c3f,"X'7A35FF56BE7C252982D7FC21573F7C1E'",count,2.00,
1762921440,10080,cache_hit,accd673153f5510ee2e58c1bd6548c3f,"X'7A35FF56BE7C252982D7FC21573F7C1E'",count,2.00,
1762931520,10080,cache_miss,0a4a5f3d7ff11eb5a2ed68849b173809,"X'AEEF20EC5E32AA2F5E62A67F3181CD12'",count,8.00,
1762931520,10080,cache_hit,0a4a5f3d7ff11eb5a2ed68849b173809,"X'AEEF20EC5E32AA2F5E62A67F3181CD12'",count,76.00,
1762931520,10080,cache_miss,8582b84694a56e5c7139aca4e671e94f,"X'0F4BA64D8FBEA82357DD63C0B44CC40A'",count,1.00,
1762931520,10080,cache_hit,8582b84694a56e5c7139aca4e671e94f,"X'0F4BA64D8FBEA82357DD63C0B44CC40A'",count,25.00,
1762931520,10080,cache_miss,7057df1e79d285b3fc79cd9a7c04e1dd,"X'45065DB3C19858E7497DD90E6C419072'",count,1.00,
1762931520,10080,cache_hit,7057df1e79d285b3fc79cd9a7c04e1dd,"X'45065DB3C19858E7497DD90E6C419072'",count,11.00,
1762931520,10080,slow_request,"[""GET"",""\/"",""Closure""]","X'E0D0CD379704448F092F4128611D14AD'",count,1.00,
1762931520,10080,slow_request,"[""GET"",""\/"",""Closure""]","X'E0D0CD379704448F092F4128611D14AD'",max,1302.00,
1762935840,1440,slow_request,"[""GET"",""\/api\/v1\/products\/{slug}"",""App\\Http\\Controllers\\Api\\V1\\ProductController@show""]","X'170410E1B2CD0D9849ED32037684C3C8'",count,2.00,
1762931520,10080,slow_request,"[""GET"",""\/api\/v1\/products\/{slug}"",""App\\Http\\Controllers\\Api\\V1\\ProductController@show""]","X'170410E1B2CD0D9849ED32037684C3C8'",count,3.00,
1762935840,1440,cache_miss,f88a940a788a7d6311de07294e87424b,"X'26E6695217F5346CFE233B80CB246EB8'",count,2.00,
1762931520,10080,cache_miss,f88a940a788a7d6311de07294e87424b,"X'26E6695217F5346CFE233B80CB246EB8'",count,2.00,
1762935840,1440,slow_query,"[""select `categories`.*, `category_product`.`product_id` as `pivot_product_id`, `category_product`.`category_id` as `pivot_category_id` from `categories` inner join `category_product` on `categories`.`id` = `category_product`.`category_id` where `category_product`.`product_id` in (142)"",""app\/Http\/Controllers\/Api\/V1\/ProductController.php:64""]","X'6EC42DD9D6A316394CC203F9BD14457B'",count,1.00,
1762931520,10080,slow_query,"[""select `categories`.*, `category_product`.`product_id` as `pivot_product_id`, `category_product`.`category_id` as `pivot_category_id` from `categories` inner join `category_product` on `categories`.`id` = `category_product`.`category_id` where `category_product`.`product_id` in (142)"",""app\/Http\/Controllers\/Api\/V1\/ProductController.php:64""]","X'6EC42DD9D6A316394CC203F9BD14457B'",count,1.00,
1762935840,1440,slow_query,"[""select `guides`.*, `guide_product`.`product_id` as `pivot_product_id`, `guide_product`.`guide_id` as `pivot_guide_id` from `guides` inner join `guide_product` on `guides`.`id` = `guide_product`.`guide_id` where `guide_product`.`product_id` in (142)"",""app\/Http\/Controllers\/Api\/V1\/ProductController.php:64""]","X'3DAF42BDBD00602C4E5A6666BEB5C2E4'",count,1.00,
1762931520,10080,slow_query,"[""select `guides`.*, `guide_product`.`product_id` as `pivot_product_id`, `guide_product`.`guide_id` as `pivot_guide_id` from `guides` inner join `guide_product` on `guides`.`id` = `guide_product`.`guide_id` where `guide_product`.`product_id` in (142)"",""app\/Http\/Controllers\/Api\/V1\/ProductController.php:64""]","X'3DAF42BDBD00602C4E5A6666BEB5C2E4'",count,1.00,
1762935840,1440,cache_hit,f88a940a788a7d6311de07294e87424b,"X'26E6695217F5346CFE233B80CB246EB8'",count,10.00,
1762931520,10080,cache_hit,f88a940a788a7d6311de07294e87424b,"X'26E6695217F5346CFE233B80CB246EB8'",count,10.00,
1762935840,1440,slow_request,"[""GET"",""\/api\/v1\/products\/{slug}"",""App\\Http\\Controllers\\Api\\V1\\ProductController@show""]","X'170410E1B2CD0D9849ED32037684C3C8'",max,13027.00,
1762931520,10080,slow_request,"[""GET"",""\/api\/v1\/products\/{slug}"",""App\\Http\\Controllers\\Api\\V1\\ProductController@show""]","X'170410E1B2CD0D9849ED32037684C3C8'",max,13027.00,
1762935840,1440,slow_query,"[""select `categories`.*, `category_product`.`product_id` as `pivot_product_id`, `category_product`.`category_id` as `pivot_category_id` from `categories` inner join `category_product` on `categories`.`id` = `category_product`.`category_id` where `category_product`.`product_id` in (142)"",""app\/Http\/Controllers\/Api\/V1\/ProductController.php:64""]","X'6EC42DD9D6A316394CC203F9BD14457B'",max,2410.00,
1762931520,10080,slow_query,"[""select `categories`.*, `category_product`.`product_id` as `pivot_product_id`, `category_product`.`category_id` as `pivot_category_id` from `categories` inner join `category_product` on `categories`.`id` = `category_product`.`category_id` where `category_product`.`product_id` in (142)"",""app\/Http\/Controllers\/Api\/V1\/ProductController.php:64""]","X'6EC42DD9D6A316394CC203F9BD14457B'",max,2410.00,
1762935840,1440,slow_query,"[""select `guides`.*, `guide_product`.`product_id` as `pivot_product_id`, `guide_product`.`guide_id` as `pivot_guide_id` from `guides` inner join `guide_product` on `guides`.`id` = `guide_product`.`guide_id` where `guide_product`.`product_id` in (142)"",""app\/Http\/Controllers\/Api\/V1\/ProductController.php:64""]","X'3DAF42BDBD00602C4E5A6666BEB5C2E4'",max,2478.00,
1762931520,10080,slow_query,"[""select `guides`.*, `guide_product`.`product_id` as `pivot_product_id`, `guide_product`.`guide_id` as `pivot_guide_id` from `guides` inner join `guide_product` on `guides`.`id` = `guide_product`.`guide_id` where `guide_product`.`product_id` in (142)"",""app\/Http\/Controllers\/Api\/V1\/ProductController.php:64""]","X'3DAF42BDBD00602C4E5A6666BEB5C2E4'",max,2478.00,
1762935840,1440,slow_request,"[""GET"",""\/api\/v1\/categories"",""App\\Http\\Controllers\\Api\\V1\\CategoryController@index""]","X'60374D41A7A4EB9973ABC798FC028C3D'",count,2.00,
1762931520,10080,slow_request,"[""GET"",""\/api\/v1\/categories"",""App\\Http\\Controllers\\Api\\V1\\CategoryController@index""]","X'60374D41A7A4EB9973ABC798FC028C3D'",count,3.00,
1762935840,1440,slow_request,"[""GET"",""\/api\/v1\/categories"",""App\\Http\\Controllers\\Api\\V1\\CategoryController@index""]","X'60374D41A7A4EB9973ABC798FC028C3D'",max,8043.00,
1762931520,10080,slow_request,"[""GET"",""\/api\/v1\/categories"",""App\\Http\\Controllers\\Api\\V1\\CategoryController@index""]","X'60374D41A7A4EB9973ABC798FC028C3D'",max,8043.00,
1762935840,1440,slow_request,"[""GET"",""\/api\/v1\/cms"",""App\\Http\\Controllers\\Api\\V1\\CmsController@index""]","X'632AF37A6E5172E8F541BA52BEF62F96'",count,1.00,
1762931520,10080,slow_request,"[""GET"",""\/api\/v1\/cms"",""App\\Http\\Controllers\\Api\\V1\\CmsController@index""]","X'632AF37A6E5172E8F541BA52BEF62F96'",count,1.00,
1762935840,1440,slow_request,"[""GET"",""\/api\/v1\/cms"",""App\\Http\\Controllers\\Api\\V1\\CmsController@index""]","X'632AF37A6E5172E8F541BA52BEF62F96'",max,2245.00,
1762931520,10080,slow_request,"[""GET"",""\/api\/v1\/cms"",""App\\Http\\Controllers\\Api\\V1\\CmsController@index""]","X'632AF37A6E5172E8F541BA52BEF62F96'",max,2245.00,
1762935840,1440,slow_query,"[""select * from `categories` where `is_visible` = ? order by `position` asc"",""app\/Http\/Controllers\/Api\/V1\/CategoryController.php:17""]","X'115B8C3A5368FCAC891ECA3F4E92D825'",count,1.00,
1762931520,10080,slow_query,"[""select * from `categories` where `is_visible` = ? order by `position` asc"",""app\/Http\/Controllers\/Api\/V1\/CategoryController.php:17""]","X'115B8C3A5368FCAC891ECA3F4E92D825'",count,1.00,
1762935840,1440,slow_query,"[""select * from `categories` where `is_visible` = ? order by `position` asc"",""app\/Http\/Controllers\/Api\/V1\/CategoryController.php:17""]","X'115B8C3A5368FCAC891ECA3F4E92D825'",max,5524.00,
1762931520,10080,slow_query,"[""select * from `categories` where `is_visible` = ? order by `position` asc"",""app\/Http\/Controllers\/Api\/V1\/CategoryController.php:17""]","X'115B8C3A5368FCAC891ECA3F4E92D825'",max,5524.00,
1762935840,1440,slow_request,"[""GET"",""\/api\/v1\/products\/suggested"",""App\\Http\\Controllers\\Api\\V1\\ProductController@suggested""]","X'00AA9989582D873F10B1ECD224E58185'",count,1.00,
1762931520,10080,slow_request,"[""GET"",""\/api\/v1\/products\/suggested"",""App\\Http\\Controllers\\Api\\V1\\ProductController@suggested""]","X'00AA9989582D873F10B1ECD224E58185'",count,1.00,
1762935840,1440,slow_request,"[""GET"",""\/api\/v1\/products\/suggested"",""App\\Http\\Controllers\\Api\\V1\\ProductController@suggested""]","X'00AA9989582D873F10B1ECD224E58185'",max,1730.00,
1762931520,10080,slow_request,"[""GET"",""\/api\/v1\/products\/suggested"",""App\\Http\\Controllers\\Api\\V1\\ProductController@suggested""]","X'00AA9989582D873F10B1ECD224E58185'",max,1730.00,
1762935840,1440,slow_request,"[""GET"",""\/api\/v1\/products\/related\/{product}"",""App\\Http\\Controllers\\Api\\V1\\ProductController@related""]","X'9F157569D1BE8FFD4B7CF53B03B79112'",count,1.00,
1762931520,10080,slow_request,"[""GET"",""\/api\/v1\/products\/related\/{product}"",""App\\Http\\Controllers\\Api\\V1\\ProductController@related""]","X'9F157569D1BE8FFD4B7CF53B03B79112'",count,1.00,
1762935840,1440,slow_request,"[""GET"",""\/api\/v1\/products\/related\/{product}"",""App\\Http\\Controllers\\Api\\V1\\ProductController@related""]","X'9F157569D1BE8FFD4B7CF53B03B79112'",max,1618.00,
1762931520,10080,slow_request,"[""GET"",""\/api\/v1\/products\/related\/{product}"",""App\\Http\\Controllers\\Api\\V1\\ProductController@related""]","X'9F157569D1BE8FFD4B7CF53B03B79112'",max,1618.00,
1762935840,1440,cache_miss,ca2c6a39c2027aad4eb2ec5e1c71a335,"X'155E5F54FA47024935A575AB948F2201'",count,1.00,
1762931520,10080,cache_miss,ca2c6a39c2027aad4eb2ec5e1c71a335,"X'155E5F54FA47024935A575AB948F2201'",count,3.00,
1762935840,1440,cache_hit,ca2c6a39c2027aad4eb2ec5e1c71a335,"X'155E5F54FA47024935A575AB948F2201'",count,11.00,
1762931520,10080,cache_hit,ca2c6a39c2027aad4eb2ec5e1c71a335,"X'155E5F54FA47024935A575AB948F2201'",count,13.00,
1762935840,1440,cache_miss,01fdd075d987a6e8afdfaaef84fa56c2,"X'AACB9851806CBC8B88C9B9AA0F207964'",count,1.00,
1762931520,10080,cache_miss,01fdd075d987a6e8afdfaaef84fa56c2,"X'AACB9851806CBC8B88C9B9AA0F207964'",count,1.00,
1762935840,1440,cache_hit,01fdd075d987a6e8afdfaaef84fa56c2,"X'AACB9851806CBC8B88C9B9AA0F207964'",count,1.00,
1762931520,10080,cache_hit,01fdd075d987a6e8afdfaaef84fa56c2,"X'AACB9851806CBC8B88C9B9AA0F207964'",count,1.00,
1762937280,1440,slow_request,"[""GET"",""\/admin"",""Filament\\Pages\\Dashboard""]","X'9D8BAF8A2E7DD28B63E0B975A699316E'",count,1.00,
1762931520,10080,slow_request,"[""GET"",""\/admin"",""Filament\\Pages\\Dashboard""]","X'9D8BAF8A2E7DD28B63E0B975A699316E'",count,1.00,
1762937280,1440,slow_user_request,2,"X'C81E728D9D4C2F636F067F89CC14862C'",count,1.00,
1762931520,10080,slow_user_request,2,"X'C81E728D9D4C2F636F067F89CC14862C'",count,1.00,
1762937280,1440,user_request,2,"X'C81E728D9D4C2F636F067F89CC14862C'",count,2.00,
1762931520,10080,user_request,2,"X'C81E728D9D4C2F636F067F89CC14862C'",count,2.00,
1762937280,1440,cache_miss,filament-excel:exports:2,"X'6FD553FA91DAA6B8F81911C003B16325'",count,3.00,
1762931520,10080,cache_miss,filament-excel:exports:2,"X'6FD553FA91DAA6B8F81911C003B16325'",count,3.00,
1762937280,1440,slow_request,"[""GET"",""\/admin"",""Filament\\Pages\\Dashboard""]","X'9D8BAF8A2E7DD28B63E0B975A699316E'",max,1843.00,
1762931520,10080,slow_request,"[""GET"",""\/admin"",""Filament\\Pages\\Dashboard""]","X'9D8BAF8A2E7DD28B63E0B975A699316E'",max,1843.00,
1762938720,1440,cache_miss,0a4a5f3d7ff11eb5a2ed68849b173809,"X'AEEF20EC5E32AA2F5E62A67F3181CD12'",count,2.00,
1762938720,1440,cache_hit,0a4a5f3d7ff11eb5a2ed68849b173809,"X'AEEF20EC5E32AA2F5E62A67F3181CD12'",count,10.00,
1762938720,1440,slow_request,"[""GET"",""\/api\/v1\/collections"",""App\\Http\\Controllers\\Api\\V1\\CollectionController@all""]","X'F0CAFB9DE9C914BAC0B8613012B749DF'",count,1.00,
1762931520,10080,slow_request,"[""GET"",""\/api\/v1\/collections"",""App\\Http\\Controllers\\Api\\V1\\CollectionController@all""]","X'F0CAFB9DE9C914BAC0B8613012B749DF'",count,1.00,
1762938720,1440,slow_request,"[""GET"",""\/api\/v1\/collections"",""App\\Http\\Controllers\\Api\\V1\\CollectionController@all""]","X'F0CAFB9DE9C914BAC0B8613012B749DF'",max,1452.00,
1762931520,10080,slow_request,"[""GET"",""\/api\/v1\/collections"",""App\\Http\\Controllers\\Api\\V1\\CollectionController@all""]","X'F0CAFB9DE9C914BAC0B8613012B749DF'",max,1452.00,
1762940160,1440,slow_request,"[""GET"",""\/api\/v1\/products\/{slug}"",""App\\Http\\Controllers\\Api\\V1\\ProductController@show""]","X'170410E1B2CD0D9849ED32037684C3C8'",count,1.00,
1762940160,1440,cache_miss,ca2c6a39c2027aad4eb2ec5e1c71a335,"X'155E5F54FA47024935A575AB948F2201'",count,2.00,
1762940160,1440,cache_hit,ca2c6a39c2027aad4eb2ec5e1c71a335,"X'155E5F54FA47024935A575AB948F2201'",count,2.00,
1762940160,1440,slow_request,"[""GET"",""\/api\/v1\/products\/{slug}"",""App\\Http\\Controllers\\Api\\V1\\ProductController@show""]","X'170410E1B2CD0D9849ED32037684C3C8'",max,7382.00,
1762940160,1440,slow_request,"[""GET"",""\/api\/v1\/categories"",""App\\Http\\Controllers\\Api\\V1\\CategoryController@index""]","X'60374D41A7A4EB9973ABC798FC028C3D'",count,1.00,
1762940160,1440,slow_request,"[""GET"",""\/api\/v1\/categories"",""App\\Http\\Controllers\\Api\\V1\\CategoryController@index""]","X'60374D41A7A4EB9973ABC798FC028C3D'",max,7026.00,
1762940160,1440,cache_miss,0a4a5f3d7ff11eb5a2ed68849b173809,"X'AEEF20EC5E32AA2F5E62A67F3181CD12'",count,1.00,
1762940160,1440,cache_hit,0a4a5f3d7ff11eb5a2ed68849b173809,"X'AEEF20EC5E32AA2F5E62A67F3181CD12'",count,5.00,
1762940160,1440,cache_miss,a4e4682286e3f9acfe143f5b9b4e086f,"X'10A1819E8232C5FBD216ED342045BC99'",count,1.00,
1762931520,10080,cache_miss,a4e4682286e3f9acfe143f5b9b4e086f,"X'10A1819E8232C5FBD216ED342045BC99'",count,1.00,
1762940160,1440,cache_hit,a4e4682286e3f9acfe143f5b9b4e086f,"X'10A1819E8232C5FBD216ED342045BC99'",count,9.00,
1762931520,10080,cache_hit,a4e4682286e3f9acfe143f5b9b4e086f,"X'10A1819E8232C5FBD216ED342045BC99'",count,9.00,
1762941600,1440,slow_request,"[""GET"",""\/api\/v1\/collections"",""App\\Http\\Controllers\\Api\\V1\\CollectionController@all""]","X'F0CAFB9DE9C914BAC0B8613012B749DF'",count,1.00,
1762941600,10080,slow_request,"[""GET"",""\/api\/v1\/collections"",""App\\Http\\Controllers\\Api\\V1\\CollectionController@all""]","X'F0CAFB9DE9C914BAC0B8613012B749DF'",count,7.00,
1762941600,1440,cache_miss,0a4a5f3d7ff11eb5a2ed68849b173809,"X'AEEF20EC5E32AA2F5E62A67F3181CD12'",count,3.00,
1762941600,10080,cache_miss,0a4a5f3d7ff11eb5a2ed68849b173809,"X'AEEF20EC5E32AA2F5E62A67F3181CD12'",count,11.00,
1762941600,1440,cache_hit,0a4a5f3d7ff11eb5a2ed68849b173809,"X'AEEF20EC5E32AA2F5E62A67F3181CD12'",count,15.00,
1762941600,10080,cache_hit,0a4a5f3d7ff11eb5a2ed68849b173809,"X'AEEF20EC5E32AA2F5E62A67F3181CD12'",count,67.00,
1762941600,1440,slow_request,"[""GET"",""\/api\/v1\/collections"",""App\\Http\\Controllers\\Api\\V1\\CollectionController@all""]","X'F0CAFB9DE9C914BAC0B8613012B749DF'",max,1507.00,
1762941600,10080,slow_request,"[""GET"",""\/api\/v1\/collections"",""App\\Http\\Controllers\\Api\\V1\\CollectionController@all""]","X'F0CAFB9DE9C914BAC0B8613012B749DF'",max,4046.00,
1762941600,1440,cache_miss,82c2d8e0c78c6368a9bbe3058bd93a46,"X'BB026A24DE315FD764D595F9F66A55DB'",count,1.00,
1762941600,10080,cache_miss,82c2d8e0c78c6368a9bbe3058bd93a46,"X'BB026A24DE315FD764D595F9F66A55DB'",count,1.00,
1762941600,1440,cache_hit,82c2d8e0c78c6368a9bbe3058bd93a46,"X'BB026A24DE315FD764D595F9F66A55DB'",count,15.00,
1762941600,10080,cache_hit,82c2d8e0c78c6368a9bbe3058bd93a46,"X'BB026A24DE315FD764D595F9F66A55DB'",count,15.00,
1762941600,1440,cache_miss,70a209b3288adec889c7b0a5b1aa0d2d,"X'5F5F66AA4719F463D8527E1A37370C05'",count,5.00,
1762941600,10080,cache_miss,70a209b3288adec889c7b0a5b1aa0d2d,"X'5F5F66AA4719F463D8527E1A37370C05'",count,5.00,
1762941600,1440,cache_hit,70a209b3288adec889c7b0a5b1aa0d2d,"X'5F5F66AA4719F463D8527E1A37370C05'",count,67.00,
1762941600,10080,cache_hit,70a209b3288adec889c7b0a5b1aa0d2d,"X'5F5F66AA4719F463D8527E1A37370C05'",count,67.00,
1762941600,1440,user_request,300,"X'94F6D7E04A4D452035300F18B984988C'",count,20.00,
1762941600,10080,user_request,300,"X'94F6D7E04A4D452035300F18B984988C'",count,20.00,
1762941600,1440,cache_miss,13322d80380af77dde3851b4fe791650,"X'0855C9407EC85A129C62063B25533A2F'",count,5.00,
1762941600,10080,cache_miss,13322d80380af77dde3851b4fe791650,"X'0855C9407EC85A129C62063B25533A2F'",count,5.00,
1762941600,1440,cache_hit,13322d80380af77dde3851b4fe791650,"X'0855C9407EC85A129C62063B25533A2F'",count,35.00,
1762941600,10080,cache_hit,13322d80380af77dde3851b4fe791650,"X'0855C9407EC85A129C62063B25533A2F'",count,35.00,
1762943040,1440,cache_miss,0a4a5f3d7ff11eb5a2ed68849b173809,"X'AEEF20EC5E32AA2F5E62A67F3181CD12'",count,4.00,
1762943040,1440,cache_hit,0a4a5f3d7ff11eb5a2ed68849b173809,"X'AEEF20EC5E32AA2F5E62A67F3181CD12'",count,20.00,
1762943040,1440,cache_miss,6ba6738ed0d5db1fec476f7b9a084c23,"X'166223A2BA912E2126A30E48AD42EFE6'",count,3.00,
1762941600,10080,cache_miss,6ba6738ed0d5db1fec476f7b9a084c23,"X'166223A2BA912E2126A30E48AD42EFE6'",count,3.00,
1762943040,1440,cache_hit,6ba6738ed0d5db1fec476f7b9a084c23,"X'166223A2BA912E2126A30E48AD42EFE6'",count,69.00,
1762941600,10080,cache_hit,6ba6738ed0d5db1fec476f7b9a084c23,"X'166223A2BA912E2126A30E48AD42EFE6'",count,69.00,
1762943040,1440,slow_request,"[""GET"",""\/api\/v1\/collection"",""App\\Http\\Controllers\\Api\\V1\\CollectionController@index""]","X'C5A70820A669030919A4ED1A6B091384'",count,2.00,
1762941600,10080,slow_request,"[""GET"",""\/api\/v1\/collection"",""App\\Http\\Controllers\\Api\\V1\\CollectionController@index""]","X'C5A70820A669030919A4ED1A6B091384'",count,2.00,
1762943040,1440,slow_request,"[""GET"",""\/api\/v1\/collection"",""App\\Http\\Controllers\\Api\\V1\\CollectionController@index""]","X'C5A70820A669030919A4ED1A6B091384'",max,1923.00,
1762941600,10080,slow_request,"[""GET"",""\/api\/v1\/collection"",""App\\Http\\Controllers\\Api\\V1\\CollectionController@index""]","X'C5A70820A669030919A4ED1A6B091384'",max,1923.00,
1762943040,1440,slow_request,"[""GET"",""\/api\/v1\/collections"",""App\\Http\\Controllers\\Api\\V1\\CollectionController@all""]","X'F0CAFB9DE9C914BAC0B8613012B749DF'",count,1.00,
1762943040,1440,slow_request,"[""GET"",""\/api\/v1\/collections"",""App\\Http\\Controllers\\Api\\V1\\CollectionController@all""]","X'F0CAFB9DE9C914BAC0B8613012B749DF'",max,1597.00,
1762943040,1440,cache_miss,ee6c66139fbc580f72912bf754531d3b,"X'9103769D83F8F4F0F5260A9C8214552F'",count,2.00,
1762941600,10080,cache_miss,ee6c66139fbc580f72912bf754531d3b,"X'9103769D83F8F4F0F5260A9C8214552F'",count,2.00,
1762943040,1440,cache_hit,ee6c66139fbc580f72912bf754531d3b,"X'9103769D83F8F4F0F5260A9C8214552F'",count,48.00,
1762941600,10080,cache_hit,ee6c66139fbc580f72912bf754531d3b,"X'9103769D83F8F4F0F5260A9C8214552F'",count,48.00,
1762943040,1440,slow_request,"[""GET"",""\/api\/v1\/products\/{slug}"",""App\\Http\\Controllers\\Api\\V1\\ProductController@show""]","X'170410E1B2CD0D9849ED32037684C3C8'",count,1.00,
1762941600,10080,slow_request,"[""GET"",""\/api\/v1\/products\/{slug}"",""App\\Http\\Controllers\\Api\\V1\\ProductController@show""]","X'170410E1B2CD0D9849ED32037684C3C8'",count,2.00,
1762943040,1440,slow_request,"[""GET"",""\/api\/v1\/products\/{slug}"",""App\\Http\\Controllers\\Api\\V1\\ProductController@show""]","X'170410E1B2CD0D9849ED32037684C3C8'",max,1357.00,
1762941600,10080,slow_request,"[""GET"",""\/api\/v1\/products\/{slug}"",""App\\Http\\Controllers\\Api\\V1\\ProductController@show""]","X'170410E1B2CD0D9849ED32037684C3C8'",max,2718.00,
1762944480,1440,cache_miss,788c7a22017d841a7e9b8290a08ed86e,"X'6221AEE368DA8E088BCCFF5DF36A2AD2'",count,1.00,
1762941600,10080,cache_miss,788c7a22017d841a7e9b8290a08ed86e,"X'6221AEE368DA8E088BCCFF5DF36A2AD2'",count,1.00,
1762944480,1440,cache_hit,788c7a22017d841a7e9b8290a08ed86e,"X'6221AEE368DA8E088BCCFF5DF36A2AD2'",count,9.00,
1762941600,10080,cache_hit,788c7a22017d841a7e9b8290a08ed86e,"X'6221AEE368DA8E088BCCFF5DF36A2AD2'",count,9.00,
1762944480,1440,cache_miss,ba554efa9517a20fff11ce3977b13a0b,"X'B884DCD605EAFFF0EB60184A51684E00'",count,1.00,
1762941600,10080,cache_miss,ba554efa9517a20fff11ce3977b13a0b,"X'B884DCD605EAFFF0EB60184A51684E00'",count,1.00,
1762944480,1440,cache_hit,ba554efa9517a20fff11ce3977b13a0b,"X'B884DCD605EAFFF0EB60184A51684E00'",count,25.00,
1762941600,10080,cache_hit,ba554efa9517a20fff11ce3977b13a0b,"X'B884DCD605EAFFF0EB60184A51684E00'",count,25.00,
1762944480,1440,slow_request,"[""GET"",""\/api\/v1\/collections"",""App\\Http\\Controllers\\Api\\V1\\CollectionController@all""]","X'F0CAFB9DE9C914BAC0B8613012B749DF'",count,4.00,
1762944480,1440,cache_miss,0a4a5f3d7ff11eb5a2ed68849b173809,"X'AEEF20EC5E32AA2F5E62A67F3181CD12'",count,3.00,
1762944480,1440,cache_hit,0a4a5f3d7ff11eb5a2ed68849b173809,"X'AEEF20EC5E32AA2F5E62A67F3181CD12'",count,27.00,
1762944480,1440,slow_request,"[""GET"",""\/api\/v1\/collections"",""App\\Http\\Controllers\\Api\\V1\\CollectionController@all""]","X'F0CAFB9DE9C914BAC0B8613012B749DF'",max,4046.00,
1762944480,1440,slow_request,"[""GET"",""\/api\/v1\/products"",""App\\Http\\Controllers\\Api\\V1\\ProductController@index""]","X'9F16684F33EF3611750C326752979C04'",count,3.00,
1762941600,10080,slow_request,"[""GET"",""\/api\/v1\/products"",""App\\Http\\Controllers\\Api\\V1\\ProductController@index""]","X'9F16684F33EF3611750C326752979C04'",count,3.00,
1762944480,1440,slow_request,"[""GET"",""\/api\/v1\/products"",""App\\Http\\Controllers\\Api\\V1\\ProductController@index""]","X'9F16684F33EF3611750C326752979C04'",max,2628.00,
1762941600,10080,slow_request,"[""GET"",""\/api\/v1\/products"",""App\\Http\\Controllers\\Api\\V1\\ProductController@index""]","X'9F16684F33EF3611750C326752979C04'",max,2628.00,
1762944480,1440,cache_miss,fe7499a8b2eef2f99a54687478c6df31,"X'79284CC8B121C4B95349D1D19A54DA05'",count,1.00,
1762941600,10080,cache_miss,fe7499a8b2eef2f99a54687478c6df31,"X'79284CC8B121C4B95349D1D19A54DA05'",count,1.00,
1762944480,1440,cache_hit,fe7499a8b2eef2f99a54687478c6df31,"X'79284CC8B121C4B95349D1D19A54DA05'",count,15.00,
1762941600,10080,cache_hit,fe7499a8b2eef2f99a54687478c6df31,"X'79284CC8B121C4B95349D1D19A54DA05'",count,15.00,
1762944480,1440,slow_request,"[""GET"",""\/api\/v1\/products\/{slug}"",""App\\Http\\Controllers\\Api\\V1\\ProductController@show""]","X'170410E1B2CD0D9849ED32037684C3C8'",count,1.00,
1762944480,1440,slow_request,"[""GET"",""\/api\/v1\/products\/{slug}"",""App\\Http\\Controllers\\Api\\V1\\ProductController@show""]","X'170410E1B2CD0D9849ED32037684C3C8'",max,2718.00,
1762944480,1440,cache_miss,e97b5bbabd22e8401cc8f1a9dd7e3641,"X'27DE09FAEB29F34A28834616404946D6'",count,1.00,
1762941600,10080,cache_miss,e97b5bbabd22e8401cc8f1a9dd7e3641,"X'27DE09FAEB29F34A28834616404946D6'",count,1.00,
1762944480,1440,cache_hit,e97b5bbabd22e8401cc8f1a9dd7e3641,"X'27DE09FAEB29F34A28834616404946D6'",count,9.00,
1762941600,10080,cache_hit,e97b5bbabd22e8401cc8f1a9dd7e3641,"X'27DE09FAEB29F34A28834616404946D6'",count,9.00,
1762944480,1440,cache_miss,3beff633692eac2cfcf727a5ba0bb9db,"X'6AE89BEC9A209D5A4F7C89FE481E36C2'",count,3.00,
1762941600,10080,cache_miss,3beff633692eac2cfcf727a5ba0bb9db,"X'6AE89BEC9A209D5A4F7C89FE481E36C2'",count,3.00,
1762944480,1440,cache_hit,3beff633692eac2cfcf727a5ba0bb9db,"X'6AE89BEC9A209D5A4F7C89FE481E36C2'",count,27.00,
1762941600,10080,cache_hit,3beff633692eac2cfcf727a5ba0bb9db,"X'6AE89BEC9A209D5A4F7C89FE481E36C2'",count,27.00,
1762948800,1440,slow_request,"[""GET"",""\/api\/v1\/collections"",""App\\Http\\Controllers\\Api\\V1\\CollectionController@all""]","X'F0CAFB9DE9C914BAC0B8613012B749DF'",count,1.00,
1762948800,1440,cache_miss,0a4a5f3d7ff11eb5a2ed68849b173809,"X'AEEF20EC5E32AA2F5E62A67F3181CD12'",count,1.00,
1762948800,1440,cache_hit,0a4a5f3d7ff11eb5a2ed68849b173809,"X'AEEF20EC5E32AA2F5E62A67F3181CD12'",count,5.00,
1762948800,1440,slow_request,"[""GET"",""\/api\/v1\/collections"",""App\\Http\\Controllers\\Api\\V1\\CollectionController@all""]","X'F0CAFB9DE9C914BAC0B8613012B749DF'",max,1549.00,
1762951680,1440,cache_miss,0a4a5f3d7ff11eb5a2ed68849b173809,"X'AEEF20EC5E32AA2F5E62A67F3181CD12'",count,1.00,
1762951680,10080,cache_miss,0a4a5f3d7ff11eb5a2ed68849b173809,"X'AEEF20EC5E32AA2F5E62A67F3181CD12'",count,7.00,
1762951680,1440,cache_hit,0a4a5f3d7ff11eb5a2ed68849b173809,"X'AEEF20EC5E32AA2F5E62A67F3181CD12'",count,5.00,
1762951680,10080,cache_hit,0a4a5f3d7ff11eb5a2ed68849b173809,"X'AEEF20EC5E32AA2F5E62A67F3181CD12'",count,41.00,
1762951680,1440,cache_miss,2660a972051588e166fc0a694f8332c4,"X'6B5418BD2DA2EFF8608D5D59A9D6F305'",count,1.00,
1762951680,10080,cache_miss,2660a972051588e166fc0a694f8332c4,"X'6B5418BD2DA2EFF8608D5D59A9D6F305'",count,1.00,
1762951680,1440,cache_hit,2660a972051588e166fc0a694f8332c4,"X'6B5418BD2DA2EFF8608D5D59A9D6F305'",count,21.00,
1762951680,10080,cache_hit,2660a972051588e166fc0a694f8332c4,"X'6B5418BD2DA2EFF8608D5D59A9D6F305'",count,21.00,
1762953120,1440,user_request,2,"X'C81E728D9D4C2F636F067F89CC14862C'",count,2.00,
1762951680,10080,user_request,2,"X'C81E728D9D4C2F636F067F89CC14862C'",count,2.00,
1762953120,1440,cache_miss,filament-excel:exports:2,"X'6FD553FA91DAA6B8F81911C003B16325'",count,3.00,
1762951680,10080,cache_miss,filament-excel:exports:2,"X'6FD553FA91DAA6B8F81911C003B16325'",count,3.00,
1762953120,1440,cache_miss,0a4a5f3d7ff11eb5a2ed68849b173809,"X'AEEF20EC5E32AA2F5E62A67F3181CD12'",count,1.00,
1762953120,1440,cache_hit,0a4a5f3d7ff11eb5a2ed68849b173809,"X'AEEF20EC5E32AA2F5E62A67F3181CD12'",count,5.00,
1762953120,1440,cache_miss,4042db35ea2e47d60734c51fb0af1542,"X'F3E0A7C96710F802A143B802104A506D'",count,1.00,
1762951680,10080,cache_miss,4042db35ea2e47d60734c51fb0af1542,"X'F3E0A7C96710F802A143B802104A506D'",count,1.00,
1762953120,1440,cache_hit,4042db35ea2e47d60734c51fb0af1542,"X'F3E0A7C96710F802A143B802104A506D'",count,15.00,
1762951680,10080,cache_hit,4042db35ea2e47d60734c51fb0af1542,"X'F3E0A7C96710F802A143B802104A506D'",count,15.00,
1762953120,1440,slow_request,"[""GET"",""\/api\/v1\/products\/{slug}"",""App\\Http\\Controllers\\Api\\V1\\ProductController@show""]","X'170410E1B2CD0D9849ED32037684C3C8'",count,1.00,
1762951680,10080,slow_request,"[""GET"",""\/api\/v1\/products\/{slug}"",""App\\Http\\Controllers\\Api\\V1\\ProductController@show""]","X'170410E1B2CD0D9849ED32037684C3C8'",count,1.00,
1762953120,1440,slow_request,"[""GET"",""\/api\/v1\/products\/{slug}"",""App\\Http\\Controllers\\Api\\V1\\ProductController@show""]","X'170410E1B2CD0D9849ED32037684C3C8'",max,5264.00,
1762951680,10080,slow_request,"[""GET"",""\/api\/v1\/products\/{slug}"",""App\\Http\\Controllers\\Api\\V1\\ProductController@show""]","X'170410E1B2CD0D9849ED32037684C3C8'",max,5264.00,
1762954560,1440,cache_miss,0a4a5f3d7ff11eb5a2ed68849b173809,"X'AEEF20EC5E32AA2F5E62A67F3181CD12'",count,2.00,
1762954560,1440,cache_hit,0a4a5f3d7ff11eb5a2ed68849b173809,"X'AEEF20EC5E32AA2F5E62A67F3181CD12'",count,16.00,
1762954560,1440,cache_miss,9e982bd4e47877efeffaaa517630babe,"X'FEDD3FA474287A0C563929052CF2045F'",count,2.00,
1762951680,10080,cache_miss,9e982bd4e47877efeffaaa517630babe,"X'FEDD3FA474287A0C563929052CF2045F'",count,2.00,
1762954560,1440,cache_hit,9e982bd4e47877efeffaaa517630babe,"X'FEDD3FA474287A0C563929052CF2045F'",count,24.00,
1762951680,10080,cache_hit,9e982bd4e47877efeffaaa517630babe,"X'FEDD3FA474287A0C563929052CF2045F'",count,24.00,
1762958880,1440,slow_request,"[""GET"",""\/api\/v1\/collections"",""App\\Http\\Controllers\\Api\\V1\\CollectionController@all""]","X'F0CAFB9DE9C914BAC0B8613012B749DF'",count,1.00,
1762951680,10080,slow_request,"[""GET"",""\/api\/v1\/collections"",""App\\Http\\Controllers\\Api\\V1\\CollectionController@all""]","X'F0CAFB9DE9C914BAC0B8613012B749DF'",count,1.00,
1762958880,1440,cache_miss,0a4a5f3d7ff11eb5a2ed68849b173809,"X'AEEF20EC5E32AA2F5E62A67F3181CD12'",count,1.00,
1762958880,1440,cache_hit,0a4a5f3d7ff11eb5a2ed68849b173809,"X'AEEF20EC5E32AA2F5E62A67F3181CD12'",count,5.00,
1762958880,1440,slow_request,"[""GET"",""\/api\/v1\/collections"",""App\\Http\\Controllers\\Api\\V1\\CollectionController@all""]","X'F0CAFB9DE9C914BAC0B8613012B749DF'",max,1474.00,
1762951680,10080,slow_request,"[""GET"",""\/api\/v1\/collections"",""App\\Http\\Controllers\\Api\\V1\\CollectionController@all""]","X'F0CAFB9DE9C914BAC0B8613012B749DF'",max,1474.00,
1762958880,1440,cache_miss,70a209b3288adec889c7b0a5b1aa0d2d,"X'5F5F66AA4719F463D8527E1A37370C05'",count,1.00,
1762951680,10080,cache_miss,70a209b3288adec889c7b0a5b1aa0d2d,"X'5F5F66AA4719F463D8527E1A37370C05'",count,1.00,
1762958880,1440,cache_hit,70a209b3288adec889c7b0a5b1aa0d2d,"X'5F5F66AA4719F463D8527E1A37370C05'",count,5.00,
1762951680,10080,cache_hit,70a209b3288adec889c7b0a5b1aa0d2d,"X'5F5F66AA4719F463D8527E1A37370C05'",count,5.00,
1762958880,1440,user_request,300,"X'94F6D7E04A4D452035300F18B984988C'",count,16.00,
1762951680,10080,user_request,300,"X'94F6D7E04A4D452035300F18B984988C'",count,16.00,
1762958880,1440,cache_miss,13322d80380af77dde3851b4fe791650,"X'0855C9407EC85A129C62063B25533A2F'",count,2.00,
1762951680,10080,cache_miss,13322d80380af77dde3851b4fe791650,"X'0855C9407EC85A129C62063B25533A2F'",count,2.00,
1762958880,1440,cache_hit,13322d80380af77dde3851b4fe791650,"X'0855C9407EC85A129C62063B25533A2F'",count,30.00,
1762951680,10080,cache_hit,13322d80380af77dde3851b4fe791650,"X'0855C9407EC85A129C62063B25533A2F'",count,30.00,
1762960320,1440,cache_miss,0a4a5f3d7ff11eb5a2ed68849b173809,"X'AEEF20EC5E32AA2F5E62A67F3181CD12'",count,2.00,
1762960320,1440,cache_hit,0a4a5f3d7ff11eb5a2ed68849b173809,"X'AEEF20EC5E32AA2F5E62A67F3181CD12'",count,10.00,
1762960320,1440,cache_miss,580251dc34365e2c26dc30a8a0c6beed,"X'261AE81FB51FB89F1E5806509D1D5116'",count,1.00,
1762951680,10080,cache_miss,580251dc34365e2c26dc30a8a0c6beed,"X'261AE81FB51FB89F1E5806509D1D5116'",count,1.00,
1762960320,1440,cache_hit,580251dc34365e2c26dc30a8a0c6beed,"X'261AE81FB51FB89F1E5806509D1D5116'",count,9.00,
1762951680,10080,cache_hit,580251dc34365e2c26dc30a8a0c6beed,"X'261AE81FB51FB89F1E5806509D1D5116'",count,9.00,
1762960320,1440,cache_miss,f07163dc20156abc90a54fcec667d371,"X'6CBAD2E12FBE077FAA9CDEEBF4D155DF'",count,2.00,
1762951680,10080,cache_miss,f07163dc20156abc90a54fcec667d371,"X'6CBAD2E12FBE077FAA9CDEEBF4D155DF'",count,2.00,
1762960320,1440,cache_hit,f07163dc20156abc90a54fcec667d371,"X'6CBAD2E12FBE077FAA9CDEEBF4D155DF'",count,24.00,
1762951680,10080,cache_hit,f07163dc20156abc90a54fcec667d371,"X'6CBAD2E12FBE077FAA9CDEEBF4D155DF'",count,24.00,
1762961760,1440,user_request,2,"X'C81E728D9D4C2F636F067F89CC14862C'",count,2.00,
1762961760,10080,user_request,2,"X'C81E728D9D4C2F636F067F89CC14862C'",count,4.00,
1762961760,1440,cache_miss,filament-excel:exports:2,"X'6FD553FA91DAA6B8F81911C003B16325'",count,3.00,
1762961760,10080,cache_miss,filament-excel:exports:2,"X'6FD553FA91DAA6B8F81911C003B16325'",count,6.00,
1762964640,1440,cache_miss,0a4a5f3d7ff11eb5a2ed68849b173809,"X'AEEF20EC5E32AA2F5E62A67F3181CD12'",count,9.00,
1762961760,10080,cache_miss,0a4a5f3d7ff11eb5a2ed68849b173809,"X'AEEF20EC5E32AA2F5E62A67F3181CD12'",count,19.00,
1762964640,1440,cache_hit,0a4a5f3d7ff11eb5a2ed68849b173809,"X'AEEF20EC5E32AA2F5E62A67F3181CD12'",count,63.00,
1762961760,10080,cache_hit,0a4a5f3d7ff11eb5a2ed68849b173809,"X'AEEF20EC5E32AA2F5E62A67F3181CD12'",count,125.00,
1762964640,1440,cache_miss,2ce628defa836b525fd8a0bd0081dbfb,"X'C309A6711C85375D93E61237BB728EDC'",count,8.00,
1762961760,10080,cache_miss,2ce628defa836b525fd8a0bd0081dbfb,"X'C309A6711C85375D93E61237BB728EDC'",count,8.00,
1762964640,1440,cache_hit,2ce628defa836b525fd8a0bd0081dbfb,"X'C309A6711C85375D93E61237BB728EDC'",count,112.00,
1762961760,10080,cache_hit,2ce628defa836b525fd8a0bd0081dbfb,"X'C309A6711C85375D93E61237BB728EDC'",count,112.00,
1762964640,1440,slow_request,"[""GET"",""\/api\/v1\/collections"",""App\\Http\\Controllers\\Api\\V1\\CollectionController@all""]","X'F0CAFB9DE9C914BAC0B8613012B749DF'",count,2.00,
1762961760,10080,slow_request,"[""GET"",""\/api\/v1\/collections"",""App\\Http\\Controllers\\Api\\V1\\CollectionController@all""]","X'F0CAFB9DE9C914BAC0B8613012B749DF'",count,2.00,
1762964640,1440,slow_request,"[""GET"",""\/api\/v1\/collections"",""App\\Http\\Controllers\\Api\\V1\\CollectionController@all""]","X'F0CAFB9DE9C914BAC0B8613012B749DF'",max,1497.00,
1762961760,10080,slow_request,"[""GET"",""\/api\/v1\/collections"",""App\\Http\\Controllers\\Api\\V1\\CollectionController@all""]","X'F0CAFB9DE9C914BAC0B8613012B749DF'",max,1497.00,
1762964640,1440,slow_request,"[""GET"",""\/api\/v1\/categories"",""App\\Http\\Controllers\\Api\\V1\\CategoryController@index""]","X'60374D41A7A4EB9973ABC798FC028C3D'",count,2.00,
1762961760,10080,slow_request,"[""GET"",""\/api\/v1\/categories"",""App\\Http\\Controllers\\Api\\V1\\CategoryController@index""]","X'60374D41A7A4EB9973ABC798FC028C3D'",count,3.00,
1762964640,1440,slow_request,"[""GET"",""\/api\/v1\/categories"",""App\\Http\\Controllers\\Api\\V1\\CategoryController@index""]","X'60374D41A7A4EB9973ABC798FC028C3D'",max,2320.00,
1762961760,10080,slow_request,"[""GET"",""\/api\/v1\/categories"",""App\\Http\\Controllers\\Api\\V1\\CategoryController@index""]","X'60374D41A7A4EB9973ABC798FC028C3D'",max,2320.00,
1762964640,1440,slow_request,"[""GET"",""\/api\/v1\/products\/{slug}"",""App\\Http\\Controllers\\Api\\V1\\ProductController@show""]","X'170410E1B2CD0D9849ED32037684C3C8'",count,2.00,
1762961760,10080,slow_request,"[""GET"",""\/api\/v1\/products\/{slug}"",""App\\Http\\Controllers\\Api\\V1\\ProductController@show""]","X'170410E1B2CD0D9849ED32037684C3C8'",count,3.00,
1762964640,1440,slow_request,"[""GET"",""\/api\/v1\/products\/{slug}"",""App\\Http\\Controllers\\Api\\V1\\ProductController@show""]","X'170410E1B2CD0D9849ED32037684C3C8'",max,2390.00,
1762961760,10080,slow_request,"[""GET"",""\/api\/v1\/products\/{slug}"",""App\\Http\\Controllers\\Api\\V1\\ProductController@show""]","X'170410E1B2CD0D9849ED32037684C3C8'",max,2390.00,
1762964640,1440,slow_request,"[""GET"",""\/api\/v1\/products\/suggested"",""App\\Http\\Controllers\\Api\\V1\\ProductController@suggested""]","X'00AA9989582D873F10B1ECD224E58185'",count,1.00,
1762961760,10080,slow_request,"[""GET"",""\/api\/v1\/products\/suggested"",""App\\Http\\Controllers\\Api\\V1\\ProductController@suggested""]","X'00AA9989582D873F10B1ECD224E58185'",count,1.00,
1762964640,1440,slow_request,"[""GET"",""\/api\/v1\/products\/related\/{product}"",""App\\Http\\Controllers\\Api\\V1\\ProductController@related""]","X'9F157569D1BE8FFD4B7CF53B03B79112'",count,1.00,
1762964640,1440,slow_request,"[""GET"",""\/api\/v1\/products\/suggested"",""App\\Http\\Controllers\\Api\\V1\\ProductController@suggested""]","X'00AA9989582D873F10B1ECD224E58185'",max,2325.00,
1762961760,10080,slow_request,"[""GET"",""\/api\/v1\/products\/suggested"",""App\\Http\\Controllers\\Api\\V1\\ProductController@suggested""]","X'00AA9989582D873F10B1ECD224E58185'",max,2325.00,
1762961760,10080,slow_request,"[""GET"",""\/api\/v1\/products\/related\/{product}"",""App\\Http\\Controllers\\Api\\V1\\ProductController@related""]","X'9F157569D1BE8FFD4B7CF53B03B79112'",count,1.00,
1762964640,1440,slow_request,"[""GET"",""\/api\/v1\/products\/related\/{product}"",""App\\Http\\Controllers\\Api\\V1\\ProductController@related""]","X'9F157569D1BE8FFD4B7CF53B03B79112'",max,2143.00,
1762961760,10080,slow_request,"[""GET"",""\/api\/v1\/products\/related\/{product}"",""App\\Http\\Controllers\\Api\\V1\\ProductController@related""]","X'9F157569D1BE8FFD4B7CF53B03B79112'",max,2143.00,
1762964640,1440,cache_miss,d238085d290fb37c5f7a2fccfdd363c0,"X'1441893AF254CCF0920AFAF1B91A76E3'",count,2.00,
1762961760,10080,cache_miss,d238085d290fb37c5f7a2fccfdd363c0,"X'1441893AF254CCF0920AFAF1B91A76E3'",count,2.00,
1762964640,1440,cache_hit,d238085d290fb37c5f7a2fccfdd363c0,"X'1441893AF254CCF0920AFAF1B91A76E3'",count,26.00,
1762961760,10080,cache_hit,d238085d290fb37c5f7a2fccfdd363c0,"X'1441893AF254CCF0920AFAF1B91A76E3'",count,26.00,
1762964640,1440,slow_request,"[""GET"",""\/admin"",""Filament\\Pages\\Dashboard""]","X'9D8BAF8A2E7DD28B63E0B975A699316E'",count,1.00,
1762961760,10080,slow_request,"[""GET"",""\/admin"",""Filament\\Pages\\Dashboard""]","X'9D8BAF8A2E7DD28B63E0B975A699316E'",count,1.00,
1762964640,1440,slow_user_request,2,"X'C81E728D9D4C2F636F067F89CC14862C'",count,1.00,
1762961760,10080,slow_user_request,2,"X'C81E728D9D4C2F636F067F89CC14862C'",count,1.00,
1762964640,1440,user_request,2,"X'C81E728D9D4C2F636F067F89CC14862C'",count,2.00,
1762964640,1440,cache_miss,filament-excel:exports:2,"X'6FD553FA91DAA6B8F81911C003B16325'",count,3.00,
1762964640,1440,slow_request,"[""GET"",""\/admin"",""Filament\\Pages\\Dashboard""]","X'9D8BAF8A2E7DD28B63E0B975A699316E'",max,1057.00,
1762961760,10080,slow_request,"[""GET"",""\/admin"",""Filament\\Pages\\Dashboard""]","X'9D8BAF8A2E7DD28B63E0B975A699316E'",max,1057.00,
1762964640,1440,cache_miss,02f6cd0590ea60777159a123363c1cb4,"X'AA44F0B89ABABD7F8FE2D7C0220BE8CA'",count,1.00,
1762961760,10080,cache_miss,02f6cd0590ea60777159a123363c1cb4,"X'AA44F0B89ABABD7F8FE2D7C0220BE8CA'",count,1.00,
1762964640,1440,cache_hit,02f6cd0590ea60777159a123363c1cb4,"X'AA44F0B89ABABD7F8FE2D7C0220BE8CA'",count,7.00,
1762961760,10080,cache_hit,02f6cd0590ea60777159a123363c1cb4,"X'AA44F0B89ABABD7F8FE2D7C0220BE8CA'",count,7.00,
1762964640,1440,cache_miss,c06a07276a208da9e47a40dd9e364893,"X'B45C6BE94A26A2C0E9D081CE8D141390'",count,2.00,
1762961760,10080,cache_miss,c06a07276a208da9e47a40dd9e364893,"X'B45C6BE94A26A2C0E9D081CE8D141390'",count,2.00,
1762964640,1440,cache_hit,c06a07276a208da9e47a40dd9e364893,"X'B45C6BE94A26A2C0E9D081CE8D141390'",count,18.00,
1762961760,10080,cache_hit,c06a07276a208da9e47a40dd9e364893,"X'B45C6BE94A26A2C0E9D081CE8D141390'",count,18.00,
1762964640,1440,cache_miss,cdad20e014cc3fda832384bbd58750de,"X'E97276A5D19E217F8295030554675A6A'",count,1.00,
1762961760,10080,cache_miss,cdad20e014cc3fda832384bbd58750de,"X'E97276A5D19E217F8295030554675A6A'",count,1.00,
1762964640,1440,cache_hit,cdad20e014cc3fda832384bbd58750de,"X'E97276A5D19E217F8295030554675A6A'",count,15.00,
1762961760,10080,cache_hit,cdad20e014cc3fda832384bbd58750de,"X'E97276A5D19E217F8295030554675A6A'",count,19.00,
1762966080,1440,cache_hit,cdad20e014cc3fda832384bbd58750de,"X'E97276A5D19E217F8295030554675A6A'",count,4.00,
1762966080,1440,cache_miss,0a4a5f3d7ff11eb5a2ed68849b173809,"X'AEEF20EC5E32AA2F5E62A67F3181CD12'",count,1.00,
1762966080,1440,cache_hit,0a4a5f3d7ff11eb5a2ed68849b173809,"X'AEEF20EC5E32AA2F5E62A67F3181CD12'",count,5.00,
1762966080,1440,cache_miss,a72b789c32c5c002605d97ac76362133,"X'2BAF92FA7FBD14634B0DBECBDA85FDC0'",count,2.00,
1762961760,10080,cache_miss,a72b789c32c5c002605d97ac76362133,"X'2BAF92FA7FBD14634B0DBECBDA85FDC0'",count,2.00,
1762966080,1440,cache_hit,a72b789c32c5c002605d97ac76362133,"X'2BAF92FA7FBD14634B0DBECBDA85FDC0'",count,34.00,
1762961760,10080,cache_hit,a72b789c32c5c002605d97ac76362133,"X'2BAF92FA7FBD14634B0DBECBDA85FDC0'",count,34.00,
1762966080,1440,cache_miss,0186b157ec2c0513cffebe5c0ba653ec,"X'3145D3AFCE8399872B050F4E6EB620EE'",count,1.00,
1762961760,10080,cache_miss,0186b157ec2c0513cffebe5c0ba653ec,"X'3145D3AFCE8399872B050F4E6EB620EE'",count,1.00,
1762966080,1440,cache_hit,0186b157ec2c0513cffebe5c0ba653ec,"X'3145D3AFCE8399872B050F4E6EB620EE'",count,19.00,
1762961760,10080,cache_hit,0186b157ec2c0513cffebe5c0ba653ec,"X'3145D3AFCE8399872B050F4E6EB620EE'",count,19.00,
1762966080,1440,slow_request,"[""GET"",""\/api\/v1\/categories"",""App\\Http\\Controllers\\Api\\V1\\CategoryController@index""]","X'60374D41A7A4EB9973ABC798FC028C3D'",count,1.00,
1762966080,1440,cache_miss,43cf77077fe19e703f8b5c68bdb386f9,"X'A3DBC6F67E68AFAA4CD08C51057BCC5B'",count,2.00,
1762961760,10080,cache_miss,43cf77077fe19e703f8b5c68bdb386f9,"X'A3DBC6F67E68AFAA4CD08C51057BCC5B'",count,2.00,
1762966080,1440,cache_hit,43cf77077fe19e703f8b5c68bdb386f9,"X'A3DBC6F67E68AFAA4CD08C51057BCC5B'",count,10.00,
1762961760,10080,cache_hit,43cf77077fe19e703f8b5c68bdb386f9,"X'A3DBC6F67E68AFAA4CD08C51057BCC5B'",count,10.00,
1762966080,1440,slow_request,"[""GET"",""\/api\/v1\/categories"",""App\\Http\\Controllers\\Api\\V1\\CategoryController@index""]","X'60374D41A7A4EB9973ABC798FC028C3D'",max,1740.00,
1762966080,1440,slow_request,"[""GET"",""\/api\/v1\/products\/{slug}"",""App\\Http\\Controllers\\Api\\V1\\ProductController@show""]","X'170410E1B2CD0D9849ED32037684C3C8'",count,1.00,
1762966080,1440,slow_request,"[""GET"",""\/api\/v1\/products\/{slug}"",""App\\Http\\Controllers\\Api\\V1\\ProductController@show""]","X'170410E1B2CD0D9849ED32037684C3C8'",max,1801.00,
1762967520,1440,cache_miss,81eb4f07e4384b60c7363cdb84ad28e1,"X'249EA8691D7FE89F293ADC7781E91A15'",count,1.00,
1762961760,10080,cache_miss,81eb4f07e4384b60c7363cdb84ad28e1,"X'249EA8691D7FE89F293ADC7781E91A15'",count,1.00,
1762967520,1440,cache_hit,81eb4f07e4384b60c7363cdb84ad28e1,"X'249EA8691D7FE89F293ADC7781E91A15'",count,11.00,
1762961760,10080,cache_hit,81eb4f07e4384b60c7363cdb84ad28e1,"X'249EA8691D7FE89F293ADC7781E91A15'",count,11.00,
1762967520,1440,cache_miss,0a4a5f3d7ff11eb5a2ed68849b173809,"X'AEEF20EC5E32AA2F5E62A67F3181CD12'",count,3.00,
1762967520,1440,cache_hit,0a4a5f3d7ff11eb5a2ed68849b173809,"X'AEEF20EC5E32AA2F5E62A67F3181CD12'",count,27.00,
1762967520,1440,cache_miss,38ffbcd379579b6f04aeb209cc882988,"X'D28C88E1AFF502F8FD6086BB6C9BBCED'",count,1.00,
1762961760,10080,cache_miss,38ffbcd379579b6f04aeb209cc882988,"X'D28C88E1AFF502F8FD6086BB6C9BBCED'",count,1.00,
1762967520,1440,cache_hit,38ffbcd379579b6f04aeb209cc882988,"X'D28C88E1AFF502F8FD6086BB6C9BBCED'",count,39.00,
1762961760,10080,cache_hit,38ffbcd379579b6f04aeb209cc882988,"X'D28C88E1AFF502F8FD6086BB6C9BBCED'",count,39.00,
1762967520,1440,user_request,529,"X'37F0E884FBAD9667E38940169D0A3C95'",count,27.00,
1762961760,10080,user_request,529,"X'37F0E884FBAD9667E38940169D0A3C95'",count,27.00,
1762967520,1440,cache_miss,4fd284fa5004902ad9ec605699c3e4d9,"X'2893AD010A96D0395BBAC290D3383A9D'",count,2.00,
1762961760,10080,cache_miss,4fd284fa5004902ad9ec605699c3e4d9,"X'2893AD010A96D0395BBAC290D3383A9D'",count,2.00,
1762967520,1440,cache_hit,4fd284fa5004902ad9ec605699c3e4d9,"X'2893AD010A96D0395BBAC290D3383A9D'",count,52.00,
1762961760,10080,cache_hit,4fd284fa5004902ad9ec605699c3e4d9,"X'2893AD010A96D0395BBAC290D3383A9D'",count,52.00,
1762967520,1440,slow_request,"[""GET"",""\/api\/v1\/payment-methods"",""App\\Http\\Controllers\\Api\\V1\\CheckoutController@getPaymentMethods""]","X'1B948E62665E851B0CE252D6C6AB9BE5'",count,1.00,
1762961760,10080,slow_request,"[""GET"",""\/api\/v1\/payment-methods"",""App\\Http\\Controllers\\Api\\V1\\CheckoutController@getPaymentMethods""]","X'1B948E62665E851B0CE252D6C6AB9BE5'",count,1.00,
1762967520,1440,slow_user_request,529,"X'37F0E884FBAD9667E38940169D0A3C95'",count,4.00,
1762961760,10080,slow_user_request,529,"X'37F0E884FBAD9667E38940169D0A3C95'",count,4.00,
1762967520,1440,slow_request,"[""GET"",""\/api\/v1\/payment-methods"",""App\\Http\\Controllers\\Api\\V1\\CheckoutController@getPaymentMethods""]","X'1B948E62665E851B0CE252D6C6AB9BE5'",max,1488.00,
1762961760,10080,slow_request,"[""GET"",""\/api\/v1\/payment-methods"",""App\\Http\\Controllers\\Api\\V1\\CheckoutController@getPaymentMethods""]","X'1B948E62665E851B0CE252D6C6AB9BE5'",max,1488.00,
1762967520,1440,slow_request,"[""POST"",""\/api\/v1\/cart\/payment-method"",""App\\Http\\Controllers\\Api\\V1\\CheckoutController@setPaymentMethod""]","X'5998E48576408D79D1EDC5D09060BC0A'",count,1.00,
1762961760,10080,slow_request,"[""POST"",""\/api\/v1\/cart\/payment-method"",""App\\Http\\Controllers\\Api\\V1\\CheckoutController@setPaymentMethod""]","X'5998E48576408D79D1EDC5D09060BC0A'",count,1.00,
1762967520,1440,slow_request,"[""POST"",""\/api\/v1\/cart\/payment-method"",""App\\Http\\Controllers\\Api\\V1\\CheckoutController@setPaymentMethod""]","X'5998E48576408D79D1EDC5D09060BC0A'",max,2320.00,
1762961760,10080,slow_request,"[""POST"",""\/api\/v1\/cart\/payment-method"",""App\\Http\\Controllers\\Api\\V1\\CheckoutController@setPaymentMethod""]","X'5998E48576408D79D1EDC5D09060BC0A'",max,2320.00,
1762967520,1440,slow_request,"[""GET"",""\/api\/v1\/cart\/calculate"",""App\\Http\\Controllers\\Api\\V1\\CartController@calculate""]","X'85D13A3F8FA3E40E06DBD3FD6D33EE70'",count,1.00,
1762961760,10080,slow_request,"[""GET"",""\/api\/v1\/cart\/calculate"",""App\\Http\\Controllers\\Api\\V1\\CartController@calculate""]","X'85D13A3F8FA3E40E06DBD3FD6D33EE70'",count,1.00,
1762967520,1440,slow_query,"[""update `personal_access_tokens` set `last_used_at` = ?, `personal_access_tokens`.`updated_at` = ? where `id` = ?"",""vendor\/laravel\/sanctum\/src\/Guard.php:83""]","X'24CE7E376BFBCE51B9FB21ADA100B925'",count,1.00,
1762961760,10080,slow_query,"[""update `personal_access_tokens` set `last_used_at` = ?, `personal_access_tokens`.`updated_at` = ? where `id` = ?"",""vendor\/laravel\/sanctum\/src\/Guard.php:83""]","X'24CE7E376BFBCE51B9FB21ADA100B925'",count,1.00,
1762967520,1440,slow_request,"[""GET"",""\/api\/v1\/cart\/calculate"",""App\\Http\\Controllers\\Api\\V1\\CartController@calculate""]","X'85D13A3F8FA3E40E06DBD3FD6D33EE70'",max,3173.00,
1762961760,10080,slow_request,"[""GET"",""\/api\/v1\/cart\/calculate"",""App\\Http\\Controllers\\Api\\V1\\CartController@calculate""]","X'85D13A3F8FA3E40E06DBD3FD6D33EE70'",max,3173.00,
1762967520,1440,slow_query,"[""update `personal_access_tokens` set `last_used_at` = ?, `personal_access_tokens`.`updated_at` = ? where `id` = ?"",""vendor\/laravel\/sanctum\/src\/Guard.php:83""]","X'24CE7E376BFBCE51B9FB21ADA100B925'",max,1625.00,
1762961760,10080,slow_query,"[""update `personal_access_tokens` set `last_used_at` = ?, `personal_access_tokens`.`updated_at` = ? where `id` = ?"",""vendor\/laravel\/sanctum\/src\/Guard.php:83""]","X'24CE7E376BFBCE51B9FB21ADA100B925'",max,1625.00,
1762967520,1440,slow_request,"[""POST"",""\/api\/v1\/cart\/shipping-method"",""App\\Http\\Controllers\\Api\\V1\\CheckoutController@setShippingMethod""]","X'8BA469CBEBB6A4F8A54B11FC9D368336'",count,1.00,
1762961760,10080,slow_request,"[""POST"",""\/api\/v1\/cart\/shipping-method"",""App\\Http\\Controllers\\Api\\V1\\CheckoutController@setShippingMethod""]","X'8BA469CBEBB6A4F8A54B11FC9D368336'",count,1.00,
1762967520,1440,slow_request,"[""POST"",""\/api\/v1\/cart\/shipping-method"",""App\\Http\\Controllers\\Api\\V1\\CheckoutController@setShippingMethod""]","X'8BA469CBEBB6A4F8A54B11FC9D368336'",max,1176.00,
1762961760,10080,slow_request,"[""POST"",""\/api\/v1\/cart\/shipping-method"",""App\\Http\\Controllers\\Api\\V1\\CheckoutController@setShippingMethod""]","X'8BA469CBEBB6A4F8A54B11FC9D368336'",max,1176.00,
1762967520,1440,cache_miss,fecd64437963ff099af72113103eacbf,"X'CAF685F3E623F783F97F6711990F30F3'",count,1.00,
1762961760,10080,cache_miss,fecd64437963ff099af72113103eacbf,"X'CAF685F3E623F783F97F6711990F30F3'",count,1.00,
1762967520,1440,cache_hit,fecd64437963ff099af72113103eacbf,"X'CAF685F3E623F783F97F6711990F30F3'",count,1.00,
1762961760,10080,cache_hit,fecd64437963ff099af72113103eacbf,"X'CAF685F3E623F783F97F6711990F30F3'",count,1.00,
1762967520,1440,cache_miss,ba554efa9517a20fff11ce3977b13a0b,"X'B884DCD605EAFFF0EB60184A51684E00'",count,1.00,
1762961760,10080,cache_miss,ba554efa9517a20fff11ce3977b13a0b,"X'B884DCD605EAFFF0EB60184A51684E00'",count,1.00,
1762967520,1440,cache_hit,ba554efa9517a20fff11ce3977b13a0b,"X'B884DCD605EAFFF0EB60184A51684E00'",count,1.00,
1762961760,10080,cache_hit,ba554efa9517a20fff11ce3977b13a0b,"X'B884DCD605EAFFF0EB60184A51684E00'",count,1.00,
1762967520,1440,cache_miss,788c7a22017d841a7e9b8290a08ed86e,"X'6221AEE368DA8E088BCCFF5DF36A2AD2'",count,1.00,
1762961760,10080,cache_miss,788c7a22017d841a7e9b8290a08ed86e,"X'6221AEE368DA8E088BCCFF5DF36A2AD2'",count,1.00,
1762967520,1440,cache_hit,788c7a22017d841a7e9b8290a08ed86e,"X'6221AEE368DA8E088BCCFF5DF36A2AD2'",count,5.00,
1762961760,10080,cache_hit,788c7a22017d841a7e9b8290a08ed86e,"X'6221AEE368DA8E088BCCFF5DF36A2AD2'",count,5.00,
1762968960,1440,cache_miss,0a4a5f3d7ff11eb5a2ed68849b173809,"X'AEEF20EC5E32AA2F5E62A67F3181CD12'",count,5.00,
1762968960,1440,cache_hit,0a4a5f3d7ff11eb5a2ed68849b173809,"X'AEEF20EC5E32AA2F5E62A67F3181CD12'",count,25.00,
1762968960,1440,cache_miss,a473bb04651eb79e0e49125cb6baea0f,"X'A9AF277706C77CCD5DCC11DD06537F83'",count,3.00,
1762961760,10080,cache_miss,a473bb04651eb79e0e49125cb6baea0f,"X'A9AF277706C77CCD5DCC11DD06537F83'",count,3.00,
1762968960,1440,cache_hit,a473bb04651eb79e0e49125cb6baea0f,"X'A9AF277706C77CCD5DCC11DD06537F83'",count,53.00,
1762961760,10080,cache_hit,a473bb04651eb79e0e49125cb6baea0f,"X'A9AF277706C77CCD5DCC11DD06537F83'",count,53.00,
1762968960,1440,cache_miss,31bce4eb561ec75d3f5ce0d552b48bfe,"X'3ED8DED51B2F37E53B05EF296D3AFF23'",count,1.00,
1762961760,10080,cache_miss,31bce4eb561ec75d3f5ce0d552b48bfe,"X'3ED8DED51B2F37E53B05EF296D3AFF23'",count,1.00,
1762968960,1440,cache_hit,31bce4eb561ec75d3f5ce0d552b48bfe,"X'3ED8DED51B2F37E53B05EF296D3AFF23'",count,9.00,
1762961760,10080,cache_hit,31bce4eb561ec75d3f5ce0d552b48bfe,"X'3ED8DED51B2F37E53B05EF296D3AFF23'",count,9.00,
1762968960,1440,user_request,1017,"X'5D616DD38211EBB5D6EC52986674B6E4'",count,12.00,
1762961760,10080,user_request,1017,"X'5D616DD38211EBB5D6EC52986674B6E4'",count,12.00,
1762968960,1440,cache_miss,957d82800ec18a268543f5f3c7aa99ba,"X'681020302A01320A2FD4F992EBEDCFC6'",count,2.00,
1762961760,10080,cache_miss,957d82800ec18a268543f5f3c7aa99ba,"X'681020302A01320A2FD4F992EBEDCFC6'",count,2.00,
1762968960,1440,cache_hit,957d82800ec18a268543f5f3c7aa99ba,"X'681020302A01320A2FD4F992EBEDCFC6'",count,22.00,
1762961760,10080,cache_hit,957d82800ec18a268543f5f3c7aa99ba,"X'681020302A01320A2FD4F992EBEDCFC6'",count,22.00,
1762968960,1440,cache_miss,70a209b3288adec889c7b0a5b1aa0d2d,"X'5F5F66AA4719F463D8527E1A37370C05'",count,1.00,
1762961760,10080,cache_miss,70a209b3288adec889c7b0a5b1aa0d2d,"X'5F5F66AA4719F463D8527E1A37370C05'",count,1.00,
1762968960,1440,cache_hit,70a209b3288adec889c7b0a5b1aa0d2d,"X'5F5F66AA4719F463D8527E1A37370C05'",count,11.00,
1762961760,10080,cache_hit,70a209b3288adec889c7b0a5b1aa0d2d,"X'5F5F66AA4719F463D8527E1A37370C05'",count,11.00,
1762968960,1440,user_request,300,"X'94F6D7E04A4D452035300F18B984988C'",count,9.00,
1762961760,10080,user_request,300,"X'94F6D7E04A4D452035300F18B984988C'",count,9.00,
1762968960,1440,cache_miss,13322d80380af77dde3851b4fe791650,"X'0855C9407EC85A129C62063B25533A2F'",count,2.00,
1762961760,10080,cache_miss,13322d80380af77dde3851b4fe791650,"X'0855C9407EC85A129C62063B25533A2F'",count,2.00,
1762968960,1440,cache_hit,13322d80380af77dde3851b4fe791650,"X'0855C9407EC85A129C62063B25533A2F'",count,16.00,
1762961760,10080,cache_hit,13322d80380af77dde3851b4fe791650,"X'0855C9407EC85A129C62063B25533A2F'",count,16.00,
1762968960,1440,cache_miss,983e7889b1f486e231a5ef580a3af848,"X'B48BF8AA1B6A593A63A2AEA49549045C'",count,1.00,
1762961760,10080,cache_miss,983e7889b1f486e231a5ef580a3af848,"X'B48BF8AA1B6A593A63A2AEA49549045C'",count,1.00,
1762968960,1440,cache_hit,983e7889b1f486e231a5ef580a3af848,"X'B48BF8AA1B6A593A63A2AEA49549045C'",count,5.00,
1762961760,10080,cache_hit,983e7889b1f486e231a5ef580a3af848,"X'B48BF8AA1B6A593A63A2AEA49549045C'",count,5.00,
1762968960,1440,cache_miss,1fd4568df50e95f840b3c6f4d99568ce,"X'D951E255C506E117C93B4E08027CE1D3'",count,1.00,
1762961760,10080,cache_miss,1fd4568df50e95f840b3c6f4d99568ce,"X'D951E255C506E117C93B4E08027CE1D3'",count,1.00,
1762968960,1440,cache_hit,1fd4568df50e95f840b3c6f4d99568ce,"X'D951E255C506E117C93B4E08027CE1D3'",count,25.00,
1762961760,10080,cache_hit,1fd4568df50e95f840b3c6f4d99568ce,"X'D951E255C506E117C93B4E08027CE1D3'",count,25.00,
1762970400,1440,cache_miss,0a4a5f3d7ff11eb5a2ed68849b173809,"X'AEEF20EC5E32AA2F5E62A67F3181CD12'",count,1.00,
1762970400,1440,cache_hit,0a4a5f3d7ff11eb5a2ed68849b173809,"X'AEEF20EC5E32AA2F5E62A67F3181CD12'",count,5.00,
1762970400,1440,cache_miss,51321eb3910e3010d2a4bb50a00c996b,"X'A08F70CC4006BBB0FA7159376E69EED5'",count,1.00,
1762961760,10080,cache_miss,51321eb3910e3010d2a4bb50a00c996b,"X'A08F70CC4006BBB0FA7159376E69EED5'",count,1.00,
1762970400,1440,cache_hit,51321eb3910e3010d2a4bb50a00c996b,"X'A08F70CC4006BBB0FA7159376E69EED5'",count,9.00,
1762961760,10080,cache_hit,51321eb3910e3010d2a4bb50a00c996b,"X'A08F70CC4006BBB0FA7159376E69EED5'",count,9.00,
1762973280,1440,slow_request,"[""GET"",""\/api\/v1\/collections"",""App\\Http\\Controllers\\Api\\V1\\CollectionController@all""]","X'F0CAFB9DE9C914BAC0B8613012B749DF'",count,1.00,
1762971840,10080,slow_request,"[""GET"",""\/api\/v1\/collections"",""App\\Http\\Controllers\\Api\\V1\\CollectionController@all""]","X'F0CAFB9DE9C914BAC0B8613012B749DF'",count,11.00,
1762973280,1440,cache_miss,0a4a5f3d7ff11eb5a2ed68849b173809,"X'AEEF20EC5E32AA2F5E62A67F3181CD12'",count,2.00,
1762971840,10080,cache_miss,0a4a5f3d7ff11eb5a2ed68849b173809,"X'AEEF20EC5E32AA2F5E62A67F3181CD12'",count,18.00,
1762973280,1440,cache_hit,0a4a5f3d7ff11eb5a2ed68849b173809,"X'AEEF20EC5E32AA2F5E62A67F3181CD12'",count,10.00,
1762971840,10080,cache_hit,0a4a5f3d7ff11eb5a2ed68849b173809,"X'AEEF20EC5E32AA2F5E62A67F3181CD12'",count,98.00,
1762973280,1440,slow_request,"[""GET"",""\/api\/v1\/collections"",""App\\Http\\Controllers\\Api\\V1\\CollectionController@all""]","X'F0CAFB9DE9C914BAC0B8613012B749DF'",max,1369.00,
1762971840,10080,slow_request,"[""GET"",""\/api\/v1\/collections"",""App\\Http\\Controllers\\Api\\V1\\CollectionController@all""]","X'F0CAFB9DE9C914BAC0B8613012B749DF'",max,17025.00,
1762976160,1440,cache_miss,fd448d9849c7a19dde6854a457c0ad18,"X'9AE1BDD30884C250D6AD685D513ACD62'",count,1.00,
1762971840,10080,cache_miss,fd448d9849c7a19dde6854a457c0ad18,"X'9AE1BDD30884C250D6AD685D513ACD62'",count,1.00,
1762976160,1440,cache_hit,fd448d9849c7a19dde6854a457c0ad18,"X'9AE1BDD30884C250D6AD685D513ACD62'",count,11.00,
1762971840,10080,cache_hit,fd448d9849c7a19dde6854a457c0ad18,"X'9AE1BDD30884C250D6AD685D513ACD62'",count,11.00,
1762976160,1440,cache_miss,e9b7702445b470bb83fc37ad9363e8df,"X'CB64B9A5F3D60C5FEB4F67A03EEF2544'",count,1.00,
1762971840,10080,cache_miss,e9b7702445b470bb83fc37ad9363e8df,"X'CB64B9A5F3D60C5FEB4F67A03EEF2544'",count,1.00,
1762976160,1440,cache_hit,e9b7702445b470bb83fc37ad9363e8df,"X'CB64B9A5F3D60C5FEB4F67A03EEF2544'",count,25.00,
1762971840,10080,cache_hit,e9b7702445b470bb83fc37ad9363e8df,"X'CB64B9A5F3D60C5FEB4F67A03EEF2544'",count,25.00,
1762976160,1440,cache_miss,0a4a5f3d7ff11eb5a2ed68849b173809,"X'AEEF20EC5E32AA2F5E62A67F3181CD12'",count,1.00,
1762976160,1440,cache_hit,0a4a5f3d7ff11eb5a2ed68849b173809,"X'AEEF20EC5E32AA2F5E62A67F3181CD12'",count,5.00,
1762977600,1440,cache_hit,69df4d97042ba13045ccd5cafff75892,"X'68C3B706A1DDA9674E22516DF33FA7B5'",count,11.00,
1762971840,10080,cache_hit,69df4d97042ba13045ccd5cafff75892,"X'68C3B706A1DDA9674E22516DF33FA7B5'",count,11.00,
1762977600,1440,cache_miss,69df4d97042ba13045ccd5cafff75892,"X'68C3B706A1DDA9674E22516DF33FA7B5'",count,1.00,
1762971840,10080,cache_miss,69df4d97042ba13045ccd5cafff75892,"X'68C3B706A1DDA9674E22516DF33FA7B5'",count,1.00,
1762977600,1440,cache_miss,0a4a5f3d7ff11eb5a2ed68849b173809,"X'AEEF20EC5E32AA2F5E62A67F3181CD12'",count,2.00,
1762977600,1440,cache_hit,0a4a5f3d7ff11eb5a2ed68849b173809,"X'AEEF20EC5E32AA2F5E62A67F3181CD12'",count,10.00,
1762977600,1440,cache_miss,4fbac1fd28600f16a2151a5c22a7d79d,"X'21221D1CD154E08D1B3D9D364BF5550F'",count,4.00,
1762971840,10080,cache_miss,4fbac1fd28600f16a2151a5c22a7d79d,"X'21221D1CD154E08D1B3D9D364BF5550F'",count,4.00,
1762977600,1440,cache_hit,4fbac1fd28600f16a2151a5c22a7d79d,"X'21221D1CD154E08D1B3D9D364BF5550F'",count,44.00,
1762971840,10080,cache_hit,4fbac1fd28600f16a2151a5c22a7d79d,"X'21221D1CD154E08D1B3D9D364BF5550F'",count,44.00,
1762977600,1440,cache_miss,fa17915af84c57f22c547820385778ed,"X'704753C3BE446EC96C1D286ECCE7FB85'",count,1.00,
1762971840,10080,cache_miss,fa17915af84c57f22c547820385778ed,"X'704753C3BE446EC96C1D286ECCE7FB85'",count,1.00,
1762977600,1440,cache_hit,fa17915af84c57f22c547820385778ed,"X'704753C3BE446EC96C1D286ECCE7FB85'",count,15.00,
1762971840,10080,cache_hit,fa17915af84c57f22c547820385778ed,"X'704753C3BE446EC96C1D286ECCE7FB85'",count,15.00,
1762977600,1440,cache_miss,1cfb43ff26386c9da58e69777d68fd5a,"X'B222DCAD6ED970527798EBEA6DEDEB2F'",count,3.00,
1762971840,10080,cache_miss,1cfb43ff26386c9da58e69777d68fd5a,"X'B222DCAD6ED970527798EBEA6DEDEB2F'",count,3.00,
1762977600,1440,cache_hit,1cfb43ff26386c9da58e69777d68fd5a,"X'B222DCAD6ED970527798EBEA6DEDEB2F'",count,31.00,
1762971840,10080,cache_hit,1cfb43ff26386c9da58e69777d68fd5a,"X'B222DCAD6ED970527798EBEA6DEDEB2F'",count,31.00,
1762977600,1440,cache_miss,002288a5bcdc8954b748ec3cc8cbe201,"X'2BE6454FD9339DA63E3B2DB290C7A9BF'",count,1.00,
1762971840,10080,cache_miss,002288a5bcdc8954b748ec3cc8cbe201,"X'2BE6454FD9339DA63E3B2DB290C7A9BF'",count,1.00,
1762977600,1440,cache_hit,002288a5bcdc8954b748ec3cc8cbe201,"X'2BE6454FD9339DA63E3B2DB290C7A9BF'",count,5.00,
1762971840,10080,cache_hit,002288a5bcdc8954b748ec3cc8cbe201,"X'2BE6454FD9339DA63E3B2DB290C7A9BF'",count,5.00,
1762977600,1440,user_request,1017,"X'5D616DD38211EBB5D6EC52986674B6E4'",count,3.00,
1762971840,10080,user_request,1017,"X'5D616DD38211EBB5D6EC52986674B6E4'",count,3.00,
1762977600,1440,cache_miss,957d82800ec18a268543f5f3c7aa99ba,"X'681020302A01320A2FD4F992EBEDCFC6'",count,1.00,
1762971840,10080,cache_miss,957d82800ec18a268543f5f3c7aa99ba,"X'681020302A01320A2FD4F992EBEDCFC6'",count,1.00,
1762977600,1440,cache_hit,957d82800ec18a268543f5f3c7aa99ba,"X'681020302A01320A2FD4F992EBEDCFC6'",count,5.00,
1762971840,10080,cache_hit,957d82800ec18a268543f5f3c7aa99ba,"X'681020302A01320A2FD4F992EBEDCFC6'",count,5.00,
1762979040,1440,cache_miss,82109f9089e6d1c4068e0fb41b42dcd5,"X'3A92332F4DB26838A5C8860C95516C7F'",count,4.00,
1762971840,10080,cache_miss,82109f9089e6d1c4068e0fb41b42dcd5,"X'3A92332F4DB26838A5C8860C95516C7F'",count,4.00,
1762979040,1440,cache_hit,82109f9089e6d1c4068e0fb41b42dcd5,"X'3A92332F4DB26838A5C8860C95516C7F'",count,42.00,
1762971840,10080,cache_hit,82109f9089e6d1c4068e0fb41b42dcd5,"X'3A92332F4DB26838A5C8860C95516C7F'",count,42.00,
1762979040,1440,cache_miss,0a4a5f3d7ff11eb5a2ed68849b173809,"X'AEEF20EC5E32AA2F5E62A67F3181CD12'",count,13.00,
1762979040,1440,cache_hit,0a4a5f3d7ff11eb5a2ed68849b173809,"X'AEEF20EC5E32AA2F5E62A67F3181CD12'",count,73.00,
1762979040,1440,slow_request,"[""GET"",""\/api\/v1\/products\/{slug}"",""App\\Http\\Controllers\\Api\\V1\\ProductController@show""]","X'170410E1B2CD0D9849ED32037684C3C8'",count,1.00,
1762971840,10080,slow_request,"[""GET"",""\/api\/v1\/products\/{slug}"",""App\\Http\\Controllers\\Api\\V1\\ProductController@show""]","X'170410E1B2CD0D9849ED32037684C3C8'",count,1.00,
1762979040,1440,slow_request,"[""GET"",""\/api\/v1\/products\/{slug}"",""App\\Http\\Controllers\\Api\\V1\\ProductController@show""]","X'170410E1B2CD0D9849ED32037684C3C8'",max,8173.00,
1762971840,10080,slow_request,"[""GET"",""\/api\/v1\/products\/{slug}"",""App\\Http\\Controllers\\Api\\V1\\ProductController@show""]","X'170410E1B2CD0D9849ED32037684C3C8'",max,8173.00,
1762979040,1440,slow_request,"[""GET"",""\/api\/v1\/products\/related\/{product}"",""App\\Http\\Controllers\\Api\\V1\\ProductController@related""]","X'9F157569D1BE8FFD4B7CF53B03B79112'",count,1.00,
1762971840,10080,slow_request,"[""GET"",""\/api\/v1\/products\/related\/{product}"",""App\\Http\\Controllers\\Api\\V1\\ProductController@related""]","X'9F157569D1BE8FFD4B7CF53B03B79112'",count,1.00,
1762979040,1440,slow_request,"[""GET"",""\/api\/v1\/products\/related\/{product}"",""App\\Http\\Controllers\\Api\\V1\\ProductController@related""]","X'9F157569D1BE8FFD4B7CF53B03B79112'",max,2161.00,
1762971840,10080,slow_request,"[""GET"",""\/api\/v1\/products\/related\/{product}"",""App\\Http\\Controllers\\Api\\V1\\ProductController@related""]","X'9F157569D1BE8FFD4B7CF53B03B79112'",max,2161.00,
1762979040,1440,slow_request,"[""GET"",""\/api\/v1\/products\/suggested"",""App\\Http\\Controllers\\Api\\V1\\ProductController@suggested""]","X'00AA9989582D873F10B1ECD224E58185'",count,1.00,
1762971840,10080,slow_request,"[""GET"",""\/api\/v1\/products\/suggested"",""App\\Http\\Controllers\\Api\\V1\\ProductController@suggested""]","X'00AA9989582D873F10B1ECD224E58185'",count,1.00,
1762979040,1440,slow_request,"[""GET"",""\/api\/v1\/products\/suggested"",""App\\Http\\Controllers\\Api\\V1\\ProductController@suggested""]","X'00AA9989582D873F10B1ECD224E58185'",max,2160.00,
1762971840,10080,slow_request,"[""GET"",""\/api\/v1\/products\/suggested"",""App\\Http\\Controllers\\Api\\V1\\ProductController@suggested""]","X'00AA9989582D873F10B1ECD224E58185'",max,2160.00,
1762979040,1440,slow_request,"[""GET"",""\/api\/v1\/collections"",""App\\Http\\Controllers\\Api\\V1\\CollectionController@all""]","X'F0CAFB9DE9C914BAC0B8613012B749DF'",count,10.00,
1762979040,1440,slow_request,"[""GET"",""\/api\/v1\/collections"",""App\\Http\\Controllers\\Api\\V1\\CollectionController@all""]","X'F0CAFB9DE9C914BAC0B8613012B749DF'",max,17025.00,
1762979040,1440,slow_request,"[""GET"",""\/api\/v1\/products"",""App\\Http\\Controllers\\Api\\V1\\ProductController@index""]","X'9F16684F33EF3611750C326752979C04'",count,11.00,
1762971840,10080,slow_request,"[""GET"",""\/api\/v1\/products"",""App\\Http\\Controllers\\Api\\V1\\ProductController@index""]","X'9F16684F33EF3611750C326752979C04'",count,11.00,
1762979040,1440,slow_query,"[""select * from `products` where `is_visible` = ? order by `created_at` desc"",""app\/Http\/Controllers\/Api\/V1\/ProductController.php:55""]","X'1CDBCA6C009264CC94C6EFA280324E9A'",count,5.00,
1762971840,10080,slow_query,"[""select * from `products` where `is_visible` = ? order by `created_at` desc"",""app\/Http\/Controllers\/Api\/V1\/ProductController.php:55""]","X'1CDBCA6C009264CC94C6EFA280324E9A'",count,5.00,
1762979040,1440,slow_request,"[""GET"",""\/api\/v1\/products"",""App\\Http\\Controllers\\Api\\V1\\ProductController@index""]","X'9F16684F33EF3611750C326752979C04'",max,12787.00,
1762971840,10080,slow_request,"[""GET"",""\/api\/v1\/products"",""App\\Http\\Controllers\\Api\\V1\\ProductController@index""]","X'9F16684F33EF3611750C326752979C04'",max,12787.00,
1762979040,1440,slow_query,"[""select * from `products` where `is_visible` = ? order by `created_at` desc"",""app\/Http\/Controllers\/Api\/V1\/ProductController.php:55""]","X'1CDBCA6C009264CC94C6EFA280324E9A'",max,2078.00,
1762971840,10080,slow_query,"[""select * from `products` where `is_visible` = ? order by `created_at` desc"",""app\/Http\/Controllers\/Api\/V1\/ProductController.php:55""]","X'1CDBCA6C009264CC94C6EFA280324E9A'",max,2078.00,
1762979040,1440,slow_request,"[""GET"",""\/api\/v1\/cms"",""App\\Http\\Controllers\\Api\\V1\\CmsController@index""]","X'632AF37A6E5172E8F541BA52BEF62F96'",count,7.00,
1762971840,10080,slow_request,"[""GET"",""\/api\/v1\/cms"",""App\\Http\\Controllers\\Api\\V1\\CmsController@index""]","X'632AF37A6E5172E8F541BA52BEF62F96'",count,7.00,
1762979040,1440,slow_request,"[""GET"",""\/api\/v1\/cms"",""App\\Http\\Controllers\\Api\\V1\\CmsController@index""]","X'632AF37A6E5172E8F541BA52BEF62F96'",max,11051.00,
1762971840,10080,slow_request,"[""GET"",""\/api\/v1\/cms"",""App\\Http\\Controllers\\Api\\V1\\CmsController@index""]","X'632AF37A6E5172E8F541BA52BEF62F96'",max,11051.00,
1762979040,1440,slow_query,"[""select * from `collections` where `is_visible` = ? order by `position` asc"",""app\/Http\/Controllers\/Api\/V1\/CollectionController.php:28""]","X'429D56E8E167616094F3AF2DEC648BC2'",count,4.00,
1762971840,10080,slow_query,"[""select * from `collections` where `is_visible` = ? order by `position` asc"",""app\/Http\/Controllers\/Api\/V1\/CollectionController.php:28""]","X'429D56E8E167616094F3AF2DEC648BC2'",count,4.00,
1762979040,1440,slow_query,"[""select * from `collections` where `is_visible` = ? order by `position` asc"",""app\/Http\/Controllers\/Api\/V1\/CollectionController.php:28""]","X'429D56E8E167616094F3AF2DEC648BC2'",max,4570.00,
1762971840,10080,slow_query,"[""select * from `collections` where `is_visible` = ? order by `position` asc"",""app\/Http\/Controllers\/Api\/V1\/CollectionController.php:28""]","X'429D56E8E167616094F3AF2DEC648BC2'",max,4570.00,
1762979040,1440,slow_query,"[""select `products`.*, `collection_product`.`collection_id` as `pivot_collection_id`, `collection_product`.`product_id` as `pivot_product_id`, `collection_product`.`position` as `pivot_position` from `products` inner join `collection_product` on `products`.`id` = `collection_product`.`product_id` where `is_visible` = ? and `collection_product`.`collection_id` in (7, 8, 9) order by `position` asc"",""app\/Http\/Controllers\/Api\/V1\/CollectionController.php:28""]","X'D4AF65A9B53481442EEFFAE5CD3079AD'",count,2.00,
1762971840,10080,slow_query,"[""select `products`.*, `collection_product`.`collection_id` as `pivot_collection_id`, `collection_product`.`product_id` as `pivot_product_id`, `collection_product`.`position` as `pivot_position` from `products` inner join `collection_product` on `products`.`id` = `collection_product`.`product_id` where `is_visible` = ? and `collection_product`.`collection_id` in (7, 8, 9) order by `position` asc"",""app\/Http\/Controllers\/Api\/V1\/CollectionController.php:28""]","X'D4AF65A9B53481442EEFFAE5CD3079AD'",count,2.00,
1762979040,1440,slow_query,"[""select `products`.*, `collection_product`.`collection_id` as `pivot_collection_id`, `collection_product`.`product_id` as `pivot_product_id`, `collection_product`.`position` as `pivot_position` from `products` inner join `collection_product` on `products`.`id` = `collection_product`.`product_id` where `is_visible` = ? and `collection_product`.`collection_id` in (7, 8, 9) order by `position` asc"",""app\/Http\/Controllers\/Api\/V1\/CollectionController.php:28""]","X'D4AF65A9B53481442EEFFAE5CD3079AD'",max,1830.00,
1762971840,10080,slow_query,"[""select `products`.*, `collection_product`.`collection_id` as `pivot_collection_id`, `collection_product`.`product_id` as `pivot_product_id`, `collection_product`.`position` as `pivot_position` from `products` inner join `collection_product` on `products`.`id` = `collection_product`.`product_id` where `is_visible` = ? and `collection_product`.`collection_id` in (7, 8, 9) order by `position` asc"",""app\/Http\/Controllers\/Api\/V1\/CollectionController.php:28""]","X'D4AF65A9B53481442EEFFAE5CD3079AD'",max,1830.00,
1762979040,1440,slow_request,"[""GET"",""\/api\/v1\/collection"",""App\\Http\\Controllers\\Api\\V1\\CollectionController@index""]","X'C5A70820A669030919A4ED1A6B091384'",count,4.00,
1762971840,10080,slow_request,"[""GET"",""\/api\/v1\/collection"",""App\\Http\\Controllers\\Api\\V1\\CollectionController@index""]","X'C5A70820A669030919A4ED1A6B091384'",count,4.00,
1762979040,1440,slow_query,"[""select * from `collections` where `is_visible` = ? and `slug` = ? limit 1"",""app\/Http\/Controllers\/Api\/V1\/CollectionController.php:21""]","X'A43AA732BCF9525AD7B38185A4DB8DCC'",count,3.00,
1762971840,10080,slow_query,"[""select * from `collections` where `is_visible` = ? and `slug` = ? limit 1"",""app\/Http\/Controllers\/Api\/V1\/CollectionController.php:21""]","X'A43AA732BCF9525AD7B38185A4DB8DCC'",count,3.00,
1762979040,1440,slow_query,"[""select * from `variants` where `variants`.`product_id` in (32, 33, 36, 39, 45, 49, 62, 80, 160, 161, 162, 163, 164, 165, 166, 167, 168, 169, 170, 171, 172, 173, 174, 175, 176, 177, 178, 179, 180, 181, 182, 185, 186, 187, 188, 189)"",""app\/Http\/Controllers\/Api\/V1\/CollectionController.php:21""]","X'94B06BDF28A9B6C9A95FBE65E289329F'",count,1.00,
1762971840,10080,slow_query,"[""select * from `variants` where `variants`.`product_id` in (32, 33, 36, 39, 45, 49, 62, 80, 160, 161, 162, 163, 164, 165, 166, 167, 168, 169, 170, 171, 172, 173, 174, 175, 176, 177, 178, 179, 180, 181, 182, 185, 186, 187, 188, 189)"",""app\/Http\/Controllers\/Api\/V1\/CollectionController.php:21""]","X'94B06BDF28A9B6C9A95FBE65E289329F'",count,1.00,
1762979040,1440,slow_request,"[""GET"",""\/api\/v1\/collection"",""App\\Http\\Controllers\\Api\\V1\\CollectionController@index""]","X'C5A70820A669030919A4ED1A6B091384'",max,10731.00,
1762971840,10080,slow_request,"[""GET"",""\/api\/v1\/collection"",""App\\Http\\Controllers\\Api\\V1\\CollectionController@index""]","X'C5A70820A669030919A4ED1A6B091384'",max,10731.00,
1762979040,1440,slow_query,"[""select * from `collections` where `is_visible` = ? and `slug` = ? limit 1"",""app\/Http\/Controllers\/Api\/V1\/CollectionController.php:21""]","X'A43AA732BCF9525AD7B38185A4DB8DCC'",max,2914.00,
1762971840,10080,slow_query,"[""select * from `collections` where `is_visible` = ? and `slug` = ? limit 1"",""app\/Http\/Controllers\/Api\/V1\/CollectionController.php:21""]","X'A43AA732BCF9525AD7B38185A4DB8DCC'",max,2914.00,
1762979040,1440,slow_query,"[""select * from `variants` where `variants`.`product_id` in (32, 33, 36, 39, 45, 49, 62, 80, 160, 161, 162, 163, 164, 165, 166, 167, 168, 169, 170, 171, 172, 173, 174, 175, 176, 177, 178, 179, 180, 181, 182, 185, 186, 187, 188, 189)"",""app\/Http\/Controllers\/Api\/V1\/CollectionController.php:21""]","X'94B06BDF28A9B6C9A95FBE65E289329F'",max,1263.00,
1762971840,10080,slow_query,"[""select * from `variants` where `variants`.`product_id` in (32, 33, 36, 39, 45, 49, 62, 80, 160, 161, 162, 163, 164, 165, 166, 167, 168, 169, 170, 171, 172, 173, 174, 175, 176, 177, 178, 179, 180, 181, 182, 185, 186, 187, 188, 189)"",""app\/Http\/Controllers\/Api\/V1\/CollectionController.php:21""]","X'94B06BDF28A9B6C9A95FBE65E289329F'",max,1263.00,
1762979040,1440,slow_request,"[""GET"",""\/api\/v1\/categories"",""App\\Http\\Controllers\\Api\\V1\\CategoryController@index""]","X'60374D41A7A4EB9973ABC798FC028C3D'",count,1.00,
1762971840,10080,slow_request,"[""GET"",""\/api\/v1\/categories"",""App\\Http\\Controllers\\Api\\V1\\CategoryController@index""]","X'60374D41A7A4EB9973ABC798FC028C3D'",count,1.00,
1762979040,1440,slow_request,"[""GET"",""\/api\/v1\/categories"",""App\\Http\\Controllers\\Api\\V1\\CategoryController@index""]","X'60374D41A7A4EB9973ABC798FC028C3D'",max,11406.00,
1762971840,10080,slow_request,"[""GET"",""\/api\/v1\/categories"",""App\\Http\\Controllers\\Api\\V1\\CategoryController@index""]","X'60374D41A7A4EB9973ABC798FC028C3D'",max,11406.00,
1762979040,1440,slow_query,"[""select * from `cms`"",""app\/Http\/Controllers\/Api\/V1\/CmsController.php:14""]","X'EA324ACFD5E485244159679F99E54026'",count,1.00,
1762971840,10080,slow_query,"[""select * from `cms`"",""app\/Http\/Controllers\/Api\/V1\/CmsController.php:14""]","X'EA324ACFD5E485244159679F99E54026'",count,1.00,
1762979040,1440,slow_query,"[""select * from `cms`"",""app\/Http\/Controllers\/Api\/V1\/CmsController.php:14""]","X'EA324ACFD5E485244159679F99E54026'",max,1201.00,
1762971840,10080,slow_query,"[""select * from `cms`"",""app\/Http\/Controllers\/Api\/V1\/CmsController.php:14""]","X'EA324ACFD5E485244159679F99E54026'",max,1201.00,
1762979040,1440,cache_miss,d96efe712c1d84259dee4f0a2a04b4ba,"X'D021FA54A54293AB13DF7F26961C8356'",count,1.00,
1762971840,10080,cache_miss,d96efe712c1d84259dee4f0a2a04b4ba,"X'D021FA54A54293AB13DF7F26961C8356'",count,1.00,
1762979040,1440,cache_hit,d96efe712c1d84259dee4f0a2a04b4ba,"X'D021FA54A54293AB13DF7F26961C8356'",count,1.00,
1762971840,10080,cache_hit,d96efe712c1d84259dee4f0a2a04b4ba,"X'D021FA54A54293AB13DF7F26961C8356'",count,1.00,
1762979040,1440,cache_miss,ebd1f42d12e73f0794f76e59a4e245a2,"X'B7DB70B409AFE783B3AE4FC7575F3C5B'",count,1.00,
1762971840,10080,cache_miss,ebd1f42d12e73f0794f76e59a4e245a2,"X'B7DB70B409AFE783B3AE4FC7575F3C5B'",count,1.00,
1762979040,1440,cache_hit,ebd1f42d12e73f0794f76e59a4e245a2,"X'B7DB70B409AFE783B3AE4FC7575F3C5B'",count,3.00,
1762971840,10080,cache_hit,ebd1f42d12e73f0794f76e59a4e245a2,"X'B7DB70B409AFE783B3AE4FC7575F3C5B'",count,3.00,
1762980480,1440,cache_miss,5fe783d30909eff366212d9cf176c8fa,"X'5D9EF2C988BA278F81B298A4E4C365FC'",count,2.00,
1762971840,10080,cache_miss,5fe783d30909eff366212d9cf176c8fa,"X'5D9EF2C988BA278F81B298A4E4C365FC'",count,2.00,
1762980480,1440,cache_hit,5fe783d30909eff366212d9cf176c8fa,"X'5D9EF2C988BA278F81B298A4E4C365FC'",count,10.00,
1762971840,10080,cache_hit,5fe783d30909eff366212d9cf176c8fa,"X'5D9EF2C988BA278F81B298A4E4C365FC'",count,10.00,
1762983360,1440,slow_request,"[""GET"",""\/api\/v1\/categories"",""App\\Http\\Controllers\\Api\\V1\\CategoryController@index""]","X'60374D41A7A4EB9973ABC798FC028C3D'",count,1.00,
1762981920,10080,slow_request,"[""GET"",""\/api\/v1\/categories"",""App\\Http\\Controllers\\Api\\V1\\CategoryController@index""]","X'60374D41A7A4EB9973ABC798FC028C3D'",count,1.00,
1762983360,1440,cache_miss,c6f79fb3c1398e01012dad6b6e719a21,"X'955EC67E33A2A676FC831C9E38D7DABD'",count,2.00,
1762981920,10080,cache_miss,c6f79fb3c1398e01012dad6b6e719a21,"X'955EC67E33A2A676FC831C9E38D7DABD'",count,2.00,
1762983360,1440,cache_hit,c6f79fb3c1398e01012dad6b6e719a21,"X'955EC67E33A2A676FC831C9E38D7DABD'",count,6.00,
1762981920,10080,cache_hit,c6f79fb3c1398e01012dad6b6e719a21,"X'955EC67E33A2A676FC831C9E38D7DABD'",count,6.00,
1762983360,1440,slow_request,"[""GET"",""\/api\/v1\/categories"",""App\\Http\\Controllers\\Api\\V1\\CategoryController@index""]","X'60374D41A7A4EB9973ABC798FC028C3D'",max,1395.00,
1762981920,10080,slow_request,"[""GET"",""\/api\/v1\/categories"",""App\\Http\\Controllers\\Api\\V1\\CategoryController@index""]","X'60374D41A7A4EB9973ABC798FC028C3D'",max,1395.00,
1762983360,1440,slow_request,"[""GET"",""\/api\/v1\/products\/{slug}"",""App\\Http\\Controllers\\Api\\V1\\ProductController@show""]","X'170410E1B2CD0D9849ED32037684C3C8'",count,1.00,
1762981920,10080,slow_request,"[""GET"",""\/api\/v1\/products\/{slug}"",""App\\Http\\Controllers\\Api\\V1\\ProductController@show""]","X'170410E1B2CD0D9849ED32037684C3C8'",count,1.00,
1762983360,1440,slow_request,"[""GET"",""\/api\/v1\/products\/{slug}"",""App\\Http\\Controllers\\Api\\V1\\ProductController@show""]","X'170410E1B2CD0D9849ED32037684C3C8'",max,1432.00,
1762981920,10080,slow_request,"[""GET"",""\/api\/v1\/products\/{slug}"",""App\\Http\\Controllers\\Api\\V1\\ProductController@show""]","X'170410E1B2CD0D9849ED32037684C3C8'",max,1432.00,
1762983360,1440,cache_miss,d24c56a372a646527817f211dfe1c70e,"X'1E53556407FB81FD769F5DCDDCFF5EDC'",count,2.00,
1762981920,10080,cache_miss,d24c56a372a646527817f211dfe1c70e,"X'1E53556407FB81FD769F5DCDDCFF5EDC'",count,2.00,
1762983360,1440,cache_hit,d24c56a372a646527817f211dfe1c70e,"X'1E53556407FB81FD769F5DCDDCFF5EDC'",count,2.00,
1762981920,10080,cache_hit,d24c56a372a646527817f211dfe1c70e,"X'1E53556407FB81FD769F5DCDDCFF5EDC'",count,2.00,
1762984800,1440,slow_request,"[""GET"",""\/admin"",""Filament\\Pages\\Dashboard""]","X'9D8BAF8A2E7DD28B63E0B975A699316E'",count,1.00,
1762981920,10080,slow_request,"[""GET"",""\/admin"",""Filament\\Pages\\Dashboard""]","X'9D8BAF8A2E7DD28B63E0B975A699316E'",count,1.00,
1762984800,1440,slow_user_request,2,"X'C81E728D9D4C2F636F067F89CC14862C'",count,2.00,
1762981920,10080,slow_user_request,2,"X'C81E728D9D4C2F636F067F89CC14862C'",count,2.00,
1762984800,1440,user_request,2,"X'C81E728D9D4C2F636F067F89CC14862C'",count,52.00,
1762981920,10080,user_request,2,"X'C81E728D9D4C2F636F067F89CC14862C'",count,52.00,
1762984800,1440,cache_miss,filament-excel:exports:2,"X'6FD553FA91DAA6B8F81911C003B16325'",count,93.00,
1762981920,10080,cache_miss,filament-excel:exports:2,"X'6FD553FA91DAA6B8F81911C003B16325'",count,93.00,
1762984800,1440,slow_request,"[""GET"",""\/admin"",""Filament\\Pages\\Dashboard""]","X'9D8BAF8A2E7DD28B63E0B975A699316E'",max,1222.00,
1762981920,10080,slow_request,"[""GET"",""\/admin"",""Filament\\Pages\\Dashboard""]","X'9D8BAF8A2E7DD28B63E0B975A699316E'",max,1222.00,
1762984800,1440,slow_request,"[""GET"",""\/admin\/orders"",""App\\Filament\\Resources\\OrderResource\\Pages\\ListOrders""]","X'A2AE3228E686D76741D3394E80A94136'",count,1.00,
1762981920,10080,slow_request,"[""GET"",""\/admin\/orders"",""App\\Filament\\Resources\\OrderResource\\Pages\\ListOrders""]","X'A2AE3228E686D76741D3394E80A94136'",count,1.00,
1762984800,1440,slow_request,"[""GET"",""\/admin\/orders"",""App\\Filament\\Resources\\OrderResource\\Pages\\ListOrders""]","X'A2AE3228E686D76741D3394E80A94136'",max,1076.00,
1762981920,10080,slow_request,"[""GET"",""\/admin\/orders"",""App\\Filament\\Resources\\OrderResource\\Pages\\ListOrders""]","X'A2AE3228E686D76741D3394E80A94136'",max,1076.00,
1762984800,1440,cache_miss,e5130353a81496badc2daccb9f1af2bf,"X'E8F05E0B83A9B46BC99789A78198605B'",count,2.00,
1762981920,10080,cache_miss,e5130353a81496badc2daccb9f1af2bf,"X'E8F05E0B83A9B46BC99789A78198605B'",count,2.00,
1762984800,1440,cache_hit,e5130353a81496badc2daccb9f1af2bf,"X'E8F05E0B83A9B46BC99789A78198605B'",count,6.00,
1762981920,10080,cache_hit,e5130353a81496badc2daccb9f1af2bf,"X'E8F05E0B83A9B46BC99789A78198605B'",count,6.00,
1762984800,1440,cache_miss,6ea87ca185a67c24ed908a6073633e62,"X'E79545CE8C047732485BC0981C90ED4A'",count,1.00,
1762981920,10080,cache_miss,6ea87ca185a67c24ed908a6073633e62,"X'E79545CE8C047732485BC0981C90ED4A'",count,1.00,
1762984800,1440,cache_hit,6ea87ca185a67c24ed908a6073633e62,"X'E79545CE8C047732485BC0981C90ED4A'",count,3.00,
1762981920,10080,cache_hit,6ea87ca185a67c24ed908a6073633e62,"X'E79545CE8C047732485BC0981C90ED4A'",count,3.00,
1762984800,1440,cache_miss,0a4a5f3d7ff11eb5a2ed68849b173809,"X'AEEF20EC5E32AA2F5E62A67F3181CD12'",count,1.00,
1762981920,10080,cache_miss,0a4a5f3d7ff11eb5a2ed68849b173809,"X'AEEF20EC5E32AA2F5E62A67F3181CD12'",count,3.00,
1762984800,1440,cache_hit,0a4a5f3d7ff11eb5a2ed68849b173809,"X'AEEF20EC5E32AA2F5E62A67F3181CD12'",count,5.00,
1762981920,10080,cache_hit,0a4a5f3d7ff11eb5a2ed68849b173809,"X'AEEF20EC5E32AA2F5E62A67F3181CD12'",count,15.00,
1762984800,1440,cache_miss,8bdf83dbbd8a7df632baf36ef8435a65,"X'A8DE8DC08E6F76D7E2CF026F5622E07B'",count,2.00,
1762981920,10080,cache_miss,8bdf83dbbd8a7df632baf36ef8435a65,"X'A8DE8DC08E6F76D7E2CF026F5622E07B'",count,2.00,
1762984800,1440,cache_hit,8bdf83dbbd8a7df632baf36ef8435a65,"X'A8DE8DC08E6F76D7E2CF026F5622E07B'",count,12.00,
1762981920,10080,cache_hit,8bdf83dbbd8a7df632baf36ef8435a65,"X'A8DE8DC08E6F76D7E2CF026F5622E07B'",count,12.00,
1762984800,1440,user_request,198,"X'0E65972DCE68DAD4D52D063967F0A705'",count,1.00,
1762981920,10080,user_request,198,"X'0E65972DCE68DAD4D52D063967F0A705'",count,1.00,
1762984800,1440,cache_miss,2196564e51f8e1db70b9c60d04754bc8,"X'14CCF8DFE760D067BBEBE4581E6D679B'",count,1.00,
1762981920,10080,cache_miss,2196564e51f8e1db70b9c60d04754bc8,"X'14CCF8DFE760D067BBEBE4581E6D679B'",count,1.00,
1762984800,1440,cache_hit,2196564e51f8e1db70b9c60d04754bc8,"X'14CCF8DFE760D067BBEBE4581E6D679B'",count,1.00,
1762981920,10080,cache_hit,2196564e51f8e1db70b9c60d04754bc8,"X'14CCF8DFE760D067BBEBE4581E6D679B'",count,1.00,
1762987680,1440,cache_miss,0a4a5f3d7ff11eb5a2ed68849b173809,"X'AEEF20EC5E32AA2F5E62A67F3181CD12'",count,1.00,
1762987680,1440,cache_hit,0a4a5f3d7ff11eb5a2ed68849b173809,"X'AEEF20EC5E32AA2F5E62A67F3181CD12'",count,5.00,
1762987680,1440,cache_miss,788c7a22017d841a7e9b8290a08ed86e,"X'6221AEE368DA8E088BCCFF5DF36A2AD2'",count,1.00,
1762981920,10080,cache_miss,788c7a22017d841a7e9b8290a08ed86e,"X'6221AEE368DA8E088BCCFF5DF36A2AD2'",count,1.00,
1762987680,1440,cache_hit,788c7a22017d841a7e9b8290a08ed86e,"X'6221AEE368DA8E088BCCFF5DF36A2AD2'",count,3.00,
1762981920,10080,cache_hit,788c7a22017d841a7e9b8290a08ed86e,"X'6221AEE368DA8E088BCCFF5DF36A2AD2'",count,3.00,
1762987680,1440,cache_miss,19978f2fae73b9b576dd8b625966fe4c,"X'5551F7E6469FB0AB0AD081F7093394AD'",count,1.00,
1762981920,10080,cache_miss,19978f2fae73b9b576dd8b625966fe4c,"X'5551F7E6469FB0AB0AD081F7093394AD'",count,1.00,
1762987680,1440,cache_hit,19978f2fae73b9b576dd8b625966fe4c,"X'5551F7E6469FB0AB0AD081F7093394AD'",count,7.00,
1762981920,10080,cache_hit,19978f2fae73b9b576dd8b625966fe4c,"X'5551F7E6469FB0AB0AD081F7093394AD'",count,7.00,
1762987680,1440,cache_miss,50b85217d3f3cfc8be6c3971ad8400a5,"X'5035FBA93D39B2D88A4B641EC679BFEE'",count,1.00,
1762981920,10080,cache_miss,50b85217d3f3cfc8be6c3971ad8400a5,"X'5035FBA93D39B2D88A4B641EC679BFEE'",count,1.00,
1762987680,1440,cache_hit,50b85217d3f3cfc8be6c3971ad8400a5,"X'5035FBA93D39B2D88A4B641EC679BFEE'",count,3.00,
1762981920,10080,cache_hit,50b85217d3f3cfc8be6c3971ad8400a5,"X'5035FBA93D39B2D88A4B641EC679BFEE'",count,3.00,
1762987680,1440,cache_miss,002288a5bcdc8954b748ec3cc8cbe201,"X'2BE6454FD9339DA63E3B2DB290C7A9BF'",count,1.00,
1762981920,10080,cache_miss,002288a5bcdc8954b748ec3cc8cbe201,"X'2BE6454FD9339DA63E3B2DB290C7A9BF'",count,1.00,
1762987680,1440,cache_hit,002288a5bcdc8954b748ec3cc8cbe201,"X'2BE6454FD9339DA63E3B2DB290C7A9BF'",count,5.00,
1762981920,10080,cache_hit,002288a5bcdc8954b748ec3cc8cbe201,"X'2BE6454FD9339DA63E3B2DB290C7A9BF'",count,5.00,
1762987680,1440,user_request,1017,"X'5D616DD38211EBB5D6EC52986674B6E4'",count,3.00,
1762981920,10080,user_request,1017,"X'5D616DD38211EBB5D6EC52986674B6E4'",count,3.00,
1762987680,1440,cache_miss,957d82800ec18a268543f5f3c7aa99ba,"X'681020302A01320A2FD4F992EBEDCFC6'",count,1.00,
1762981920,10080,cache_miss,957d82800ec18a268543f5f3c7aa99ba,"X'681020302A01320A2FD4F992EBEDCFC6'",count,1.00,
1762987680,1440,cache_hit,957d82800ec18a268543f5f3c7aa99ba,"X'681020302A01320A2FD4F992EBEDCFC6'",count,5.00,
1762981920,10080,cache_hit,957d82800ec18a268543f5f3c7aa99ba,"X'681020302A01320A2FD4F992EBEDCFC6'",count,5.00,
1762990560,1440,cache_miss,0a4a5f3d7ff11eb5a2ed68849b173809,"X'AEEF20EC5E32AA2F5E62A67F3181CD12'",count,1.00,
1762990560,1440,cache_hit,0a4a5f3d7ff11eb5a2ed68849b173809,"X'AEEF20EC5E32AA2F5E62A67F3181CD12'",count,5.00,
1762990560,1440,cache_miss,48cbe9e0b2f536f714942b40833c042c,"X'458C1E6F8A929266BB8EED4A96E576F2'",count,1.00,
1762981920,10080,cache_miss,48cbe9e0b2f536f714942b40833c042c,"X'458C1E6F8A929266BB8EED4A96E576F2'",count,1.00,
1762990560,1440,cache_hit,48cbe9e0b2f536f714942b40833c042c,"X'458C1E6F8A929266BB8EED4A96E576F2'",count,23.00,
1762981920,10080,cache_hit,48cbe9e0b2f536f714942b40833c042c,"X'458C1E6F8A929266BB8EED4A96E576F2'",count,23.00,
1762992000,1440,cache_miss,4ad6debc9faa899b02c0394599825cc2,"X'888A09649F61F4223EDE693EAF0A7440'",count,2.00,
1762992000,10080,cache_miss,4ad6debc9faa899b02c0394599825cc2,"X'888A09649F61F4223EDE693EAF0A7440'",count,2.00,
1762992000,1440,cache_hit,4ad6debc9faa899b02c0394599825cc2,"X'888A09649F61F4223EDE693EAF0A7440'",count,20.00,
1762992000,10080,cache_hit,4ad6debc9faa899b02c0394599825cc2,"X'888A09649F61F4223EDE693EAF0A7440'",count,20.00,
1762992000,1440,cache_miss,0a4a5f3d7ff11eb5a2ed68849b173809,"X'AEEF20EC5E32AA2F5E62A67F3181CD12'",count,1.00,
1762992000,10080,cache_miss,0a4a5f3d7ff11eb5a2ed68849b173809,"X'AEEF20EC5E32AA2F5E62A67F3181CD12'",count,2.00,
1762992000,1440,cache_hit,0a4a5f3d7ff11eb5a2ed68849b173809,"X'AEEF20EC5E32AA2F5E62A67F3181CD12'",count,5.00,
1762992000,10080,cache_hit,0a4a5f3d7ff11eb5a2ed68849b173809,"X'AEEF20EC5E32AA2F5E62A67F3181CD12'",count,10.00,
1762994880,1440,cache_miss,88cbced6b687b400c667ca85a79598a7,"X'E3AF5A60EF6BBA55F6E9F1705EE1F6E3'",count,1.00,
1762992000,10080,cache_miss,88cbced6b687b400c667ca85a79598a7,"X'E3AF5A60EF6BBA55F6E9F1705EE1F6E3'",count,1.00,
1762994880,1440,cache_hit,88cbced6b687b400c667ca85a79598a7,"X'E3AF5A60EF6BBA55F6E9F1705EE1F6E3'",count,11.00,
1762992000,10080,cache_hit,88cbced6b687b400c667ca85a79598a7,"X'E3AF5A60EF6BBA55F6E9F1705EE1F6E3'",count,11.00,
1762999200,1440,cache_miss,0a4a5f3d7ff11eb5a2ed68849b173809,"X'AEEF20EC5E32AA2F5E62A67F3181CD12'",count,1.00,
1762999200,1440,cache_hit,0a4a5f3d7ff11eb5a2ed68849b173809,"X'AEEF20EC5E32AA2F5E62A67F3181CD12'",count,5.00,
1763006400,360,cache_miss,74ed1791d96edecee8030d945e0b111e,"X'67BC68DB34517B304FF0ABA2BEB5FF89'",count,2.00,
1763006400,1440,cache_miss,74ed1791d96edecee8030d945e0b111e,"X'67BC68DB34517B304FF0ABA2BEB5FF89'",count,2.00,
1763002080,10080,cache_miss,74ed1791d96edecee8030d945e0b111e,"X'67BC68DB34517B304FF0ABA2BEB5FF89'",count,2.00,
1763006400,360,cache_hit,74ed1791d96edecee8030d945e0b111e,"X'67BC68DB34517B304FF0ABA2BEB5FF89'",count,18.00,
1763006400,1440,cache_hit,74ed1791d96edecee8030d945e0b111e,"X'67BC68DB34517B304FF0ABA2BEB5FF89'",count,18.00,
1763002080,10080,cache_hit,74ed1791d96edecee8030d945e0b111e,"X'67BC68DB34517B304FF0ABA2BEB5FF89'",count,18.00,
1763007480,360,cache_miss,0a4a5f3d7ff11eb5a2ed68849b173809,"X'AEEF20EC5E32AA2F5E62A67F3181CD12'",count,1.00,
1763006400,1440,cache_miss,0a4a5f3d7ff11eb5a2ed68849b173809,"X'AEEF20EC5E32AA2F5E62A67F3181CD12'",count,1.00,
1763002080,10080,cache_miss,0a4a5f3d7ff11eb5a2ed68849b173809,"X'AEEF20EC5E32AA2F5E62A67F3181CD12'",count,3.00,
1763007480,360,cache_hit,0a4a5f3d7ff11eb5a2ed68849b173809,"X'AEEF20EC5E32AA2F5E62A67F3181CD12'",count,11.00,
1763006400,1440,cache_hit,0a4a5f3d7ff11eb5a2ed68849b173809,"X'AEEF20EC5E32AA2F5E62A67F3181CD12'",count,11.00,
1763002080,10080,cache_hit,0a4a5f3d7ff11eb5a2ed68849b173809,"X'AEEF20EC5E32AA2F5E62A67F3181CD12'",count,21.00,
1763007480,360,cache_miss,eda19712ac714b3f41996ff733d52f79,"X'8D893FBA138E4ECE711D1DCF6C223A77'",count,4.00,
1763006400,1440,cache_miss,eda19712ac714b3f41996ff733d52f79,"X'8D893FBA138E4ECE711D1DCF6C223A77'",count,4.00,
1763002080,10080,cache_miss,eda19712ac714b3f41996ff733d52f79,"X'8D893FBA138E4ECE711D1DCF6C223A77'",count,4.00,
1763007480,360,cache_hit,eda19712ac714b3f41996ff733d52f79,"X'8D893FBA138E4ECE711D1DCF6C223A77'",count,30.00,
1763006400,1440,cache_hit,eda19712ac714b3f41996ff733d52f79,"X'8D893FBA138E4ECE711D1DCF6C223A77'",count,30.00,
1763002080,10080,cache_hit,eda19712ac714b3f41996ff733d52f79,"X'8D893FBA138E4ECE711D1DCF6C223A77'",count,30.00,
1763008920,360,user_request,2,"X'C81E728D9D4C2F636F067F89CC14862C'",count,2.00,
1763007840,1440,user_request,2,"X'C81E728D9D4C2F636F067F89CC14862C'",count,2.00,
1763002080,10080,user_request,2,"X'C81E728D9D4C2F636F067F89CC14862C'",count,2.00,
1763008920,360,cache_miss,filament-excel:exports:2,"X'6FD553FA91DAA6B8F81911C003B16325'",count,3.00,
1763007840,1440,cache_miss,filament-excel:exports:2,"X'6FD553FA91DAA6B8F81911C003B16325'",count,3.00,
1763002080,10080,cache_miss,filament-excel:exports:2,"X'6FD553FA91DAA6B8F81911C003B16325'",count,3.00,
1763009280,360,cache_miss,0a4a5f3d7ff11eb5a2ed68849b173809,"X'AEEF20EC5E32AA2F5E62A67F3181CD12'",count,1.00,
1763009280,1440,cache_miss,0a4a5f3d7ff11eb5a2ed68849b173809,"X'AEEF20EC5E32AA2F5E62A67F3181CD12'",count,1.00,
1763009280,360,cache_hit,0a4a5f3d7ff11eb5a2ed68849b173809,"X'AEEF20EC5E32AA2F5E62A67F3181CD12'",count,5.00,
1763009280,1440,cache_hit,0a4a5f3d7ff11eb5a2ed68849b173809,"X'AEEF20EC5E32AA2F5E62A67F3181CD12'",count,5.00,
1763011080,360,cache_miss,ba554efa9517a20fff11ce3977b13a0b,"X'B884DCD605EAFFF0EB60184A51684E00'",count,1.00,
1763010720,1440,cache_miss,ba554efa9517a20fff11ce3977b13a0b,"X'B884DCD605EAFFF0EB60184A51684E00'",count,1.00,
1763002080,10080,cache_miss,ba554efa9517a20fff11ce3977b13a0b,"X'B884DCD605EAFFF0EB60184A51684E00'",count,1.00,
1763011080,360,cache_hit,ba554efa9517a20fff11ce3977b13a0b,"X'B884DCD605EAFFF0EB60184A51684E00'",count,1.00,
1763010720,1440,cache_hit,ba554efa9517a20fff11ce3977b13a0b,"X'B884DCD605EAFFF0EB60184A51684E00'",count,1.00,
1763002080,10080,cache_hit,ba554efa9517a20fff11ce3977b13a0b,"X'B884DCD605EAFFF0EB60184A51684E00'",count,1.00,
1763011440,360,cache_miss,0a4a5f3d7ff11eb5a2ed68849b173809,"X'AEEF20EC5E32AA2F5E62A67F3181CD12'",count,1.00,
1763010720,1440,cache_miss,0a4a5f3d7ff11eb5a2ed68849b173809,"X'AEEF20EC5E32AA2F5E62A67F3181CD12'",count,1.00,
1763011440,360,cache_hit,0a4a5f3d7ff11eb5a2ed68849b173809,"X'AEEF20EC5E32AA2F5E62A67F3181CD12'",count,5.00,
1763010720,1440,cache_hit,0a4a5f3d7ff11eb5a2ed68849b173809,"X'AEEF20EC5E32AA2F5E62A67F3181CD12'",count,5.00,
1763014320,360,cache_miss,0a4a5f3d7ff11eb5a2ed68849b173809,"X'AEEF20EC5E32AA2F5E62A67F3181CD12'",count,1.00,
1763013600,1440,cache_miss,0a4a5f3d7ff11eb5a2ed68849b173809,"X'AEEF20EC5E32AA2F5E62A67F3181CD12'",count,1.00,
1763012160,10080,cache_miss,0a4a5f3d7ff11eb5a2ed68849b173809,"X'AEEF20EC5E32AA2F5E62A67F3181CD12'",count,7.00,
1763014320,360,cache_hit,0a4a5f3d7ff11eb5a2ed68849b173809,"X'AEEF20EC5E32AA2F5E62A67F3181CD12'",count,11.00,
1763013600,1440,cache_hit,0a4a5f3d7ff11eb5a2ed68849b173809,"X'AEEF20EC5E32AA2F5E62A67F3181CD12'",count,11.00,
1763012160,10080,cache_hit,0a4a5f3d7ff11eb5a2ed68849b173809,"X'AEEF20EC5E32AA2F5E62A67F3181CD12'",count,47.00,
1763014320,360,cache_miss,05ffc27b4dfcab2712a42d91a0a44225,"X'47361A7DD43C484232225A0F0C55182E'",count,1.00,
1763013600,1440,cache_miss,05ffc27b4dfcab2712a42d91a0a44225,"X'47361A7DD43C484232225A0F0C55182E'",count,1.00,
1763012160,10080,cache_miss,05ffc27b4dfcab2712a42d91a0a44225,"X'47361A7DD43C484232225A0F0C55182E'",count,1.00,
1763014320,360,cache_hit,05ffc27b4dfcab2712a42d91a0a44225,"X'47361A7DD43C484232225A0F0C55182E'",count,5.00,
1763013600,1440,cache_hit,05ffc27b4dfcab2712a42d91a0a44225,"X'47361A7DD43C484232225A0F0C55182E'",count,5.00,
1763012160,10080,cache_hit,05ffc27b4dfcab2712a42d91a0a44225,"X'47361A7DD43C484232225A0F0C55182E'",count,5.00,
1763015040,360,slow_request,"[""GET"",""\/api\/v1\/collections"",""App\\Http\\Controllers\\Api\\V1\\CollectionController@all""]","X'F0CAFB9DE9C914BAC0B8613012B749DF'",count,1.00,
1763015040,1440,slow_request,"[""GET"",""\/api\/v1\/collections"",""App\\Http\\Controllers\\Api\\V1\\CollectionController@all""]","X'F0CAFB9DE9C914BAC0B8613012B749DF'",count,1.00,
1763012160,10080,slow_request,"[""GET"",""\/api\/v1\/collections"",""App\\Http\\Controllers\\Api\\V1\\CollectionController@all""]","X'F0CAFB9DE9C914BAC0B8613012B749DF'",count,1.00,
1763015040,360,cache_miss,0a4a5f3d7ff11eb5a2ed68849b173809,"X'AEEF20EC5E32AA2F5E62A67F3181CD12'",count,1.00,
1763015040,1440,cache_miss,0a4a5f3d7ff11eb5a2ed68849b173809,"X'AEEF20EC5E32AA2F5E62A67F3181CD12'",count,1.00,
1763015040,360,cache_hit,0a4a5f3d7ff11eb5a2ed68849b173809,"X'AEEF20EC5E32AA2F5E62A67F3181CD12'",count,5.00,
1763015040,1440,cache_hit,0a4a5f3d7ff11eb5a2ed68849b173809,"X'AEEF20EC5E32AA2F5E62A67F3181CD12'",count,5.00,
1763015040,360,slow_request,"[""GET"",""\/api\/v1\/collections"",""App\\Http\\Controllers\\Api\\V1\\CollectionController@all""]","X'F0CAFB9DE9C914BAC0B8613012B749DF'",max,1136.00,
1763015040,1440,slow_request,"[""GET"",""\/api\/v1\/collections"",""App\\Http\\Controllers\\Api\\V1\\CollectionController@all""]","X'F0CAFB9DE9C914BAC0B8613012B749DF'",max,1136.00,
1763012160,10080,slow_request,"[""GET"",""\/api\/v1\/collections"",""App\\Http\\Controllers\\Api\\V1\\CollectionController@all""]","X'F0CAFB9DE9C914BAC0B8613012B749DF'",max,1136.00,
1763015040,360,cache_miss,c847522b700db9e26c07f40ccaff2c49,"X'8B3520E8FFECA24F1C8977B1D206CAAA'",count,1.00,
1763015040,1440,cache_miss,c847522b700db9e26c07f40ccaff2c49,"X'8B3520E8FFECA24F1C8977B1D206CAAA'",count,1.00,
1763012160,10080,cache_miss,c847522b700db9e26c07f40ccaff2c49,"X'8B3520E8FFECA24F1C8977B1D206CAAA'",count,4.00,
1763015040,360,cache_hit,c847522b700db9e26c07f40ccaff2c49,"X'8B3520E8FFECA24F1C8977B1D206CAAA'",count,9.00,
1763015040,1440,cache_hit,c847522b700db9e26c07f40ccaff2c49,"X'8B3520E8FFECA24F1C8977B1D206CAAA'",count,9.00,
1763012160,10080,cache_hit,c847522b700db9e26c07f40ccaff2c49,"X'8B3520E8FFECA24F1C8977B1D206CAAA'",count,16.00,
1763017200,360,cache_miss,c847522b700db9e26c07f40ccaff2c49,"X'8B3520E8FFECA24F1C8977B1D206CAAA'",count,3.00,
1763016480,1440,cache_miss,c847522b700db9e26c07f40ccaff2c49,"X'8B3520E8FFECA24F1C8977B1D206CAAA'",count,3.00,
1763017200,360,cache_hit,c847522b700db9e26c07f40ccaff2c49,"X'8B3520E8FFECA24F1C8977B1D206CAAA'",count,7.00,
1763016480,1440,cache_hit,c847522b700db9e26c07f40ccaff2c49,"X'8B3520E8FFECA24F1C8977B1D206CAAA'",count,7.00,
1763017980,60,cache_miss,0a4a5f3d7ff11eb5a2ed68849b173809,"X'AEEF20EC5E32AA2F5E62A67F3181CD12'",count,1.00,
1763017920,360,cache_miss,0a4a5f3d7ff11eb5a2ed68849b173809,"X'AEEF20EC5E32AA2F5E62A67F3181CD12'",count,2.00,
1763017920,1440,cache_miss,0a4a5f3d7ff11eb5a2ed68849b173809,"X'AEEF20EC5E32AA2F5E62A67F3181CD12'",count,4.00,
1763017980,60,cache_hit,0a4a5f3d7ff11eb5a2ed68849b173809,"X'AEEF20EC5E32AA2F5E62A67F3181CD12'",count,11.00,
1763017920,360,cache_hit,0a4a5f3d7ff11eb5a2ed68849b173809,"X'AEEF20EC5E32AA2F5E62A67F3181CD12'",count,16.00,
1763017920,1440,cache_hit,0a4a5f3d7ff11eb5a2ed68849b173809,"X'AEEF20EC5E32AA2F5E62A67F3181CD12'",count,26.00,
1763017980,60,cache_miss,e9409a0c614cf4456dccbd68d556e15f,"X'DAD634D849245959B02C0D0C2138F907'",count,1.00,
1763017920,360,cache_miss,e9409a0c614cf4456dccbd68d556e15f,"X'DAD634D849245959B02C0D0C2138F907'",count,1.00,
1763017920,1440,cache_miss,e9409a0c614cf4456dccbd68d556e15f,"X'DAD634D849245959B02C0D0C2138F907'",count,1.00,
1763012160,10080,cache_miss,e9409a0c614cf4456dccbd68d556e15f,"X'DAD634D849245959B02C0D0C2138F907'",count,1.00,
1763017980,60,cache_hit,e9409a0c614cf4456dccbd68d556e15f,"X'DAD634D849245959B02C0D0C2138F907'",count,5.00,
1763017920,360,cache_hit,e9409a0c614cf4456dccbd68d556e15f,"X'DAD634D849245959B02C0D0C2138F907'",count,5.00,
1763017920,1440,cache_hit,e9409a0c614cf4456dccbd68d556e15f,"X'DAD634D849245959B02C0D0C2138F907'",count,5.00,
1763012160,10080,cache_hit,e9409a0c614cf4456dccbd68d556e15f,"X'DAD634D849245959B02C0D0C2138F907'",count,5.00,
1763017980,60,cache_miss,f40fca99bbf2cb748632e48fa5536c80,"X'88A08A2AFADFE89A088D56E6D5DF2461'",count,1.00,
1763017920,360,cache_miss,f40fca99bbf2cb748632e48fa5536c80,"X'88A08A2AFADFE89A088D56E6D5DF2461'",count,5.00,
1763017920,1440,cache_miss,f40fca99bbf2cb748632e48fa5536c80,"X'88A08A2AFADFE89A088D56E6D5DF2461'",count,5.00,
1763012160,10080,cache_miss,f40fca99bbf2cb748632e48fa5536c80,"X'88A08A2AFADFE89A088D56E6D5DF2461'",count,5.00,
1763017980,60,cache_hit,f40fca99bbf2cb748632e48fa5536c80,"X'88A08A2AFADFE89A088D56E6D5DF2461'",count,15.00,
1763017920,360,cache_hit,f40fca99bbf2cb748632e48fa5536c80,"X'88A08A2AFADFE89A088D56E6D5DF2461'",count,55.00,
1763017920,1440,cache_hit,f40fca99bbf2cb748632e48fa5536c80,"X'88A08A2AFADFE89A088D56E6D5DF2461'",count,55.00,
1763012160,10080,cache_hit,f40fca99bbf2cb748632e48fa5536c80,"X'88A08A2AFADFE89A088D56E6D5DF2461'",count,55.00,
1763018040,60,cache_hit,f40fca99bbf2cb748632e48fa5536c80,"X'88A08A2AFADFE89A088D56E6D5DF2461'",count,10.00,
1763018100,60,cache_miss,f40fca99bbf2cb748632e48fa5536c80,"X'88A08A2AFADFE89A088D56E6D5DF2461'",count,2.00,
1763018100,60,cache_hit,f40fca99bbf2cb748632e48fa5536c80,"X'88A08A2AFADFE89A088D56E6D5DF2461'",count,12.00,
1763018100,60,cache_miss,0a4a5f3d7ff11eb5a2ed68849b173809,"X'AEEF20EC5E32AA2F5E62A67F3181CD12'",count,1.00,
1763018100,60,cache_hit,0a4a5f3d7ff11eb5a2ed68849b173809,"X'AEEF20EC5E32AA2F5E62A67F3181CD12'",count,5.00,
1763018160,60,cache_miss,f40fca99bbf2cb748632e48fa5536c80,"X'88A08A2AFADFE89A088D56E6D5DF2461'",count,1.00,
1763018160,60,cache_hit,f40fca99bbf2cb748632e48fa5536c80,"X'88A08A2AFADFE89A088D56E6D5DF2461'",count,9.00,
1763018220,60,cache_miss,f40fca99bbf2cb748632e48fa5536c80,"X'88A08A2AFADFE89A088D56E6D5DF2461'",count,1.00,
1763018220,60,cache_hit,f40fca99bbf2cb748632e48fa5536c80,"X'88A08A2AFADFE89A088D56E6D5DF2461'",count,9.00,
1763018520,60,cache_miss,0a4a5f3d7ff11eb5a2ed68849b173809,"X'AEEF20EC5E32AA2F5E62A67F3181CD12'",count,1.00,
1763018280,360,cache_miss,0a4a5f3d7ff11eb5a2ed68849b173809,"X'AEEF20EC5E32AA2F5E62A67F3181CD12'",count,1.00,
1763018520,60,cache_hit,0a4a5f3d7ff11eb5a2ed68849b173809,"X'AEEF20EC5E32AA2F5E62A67F3181CD12'",count,5.00,
1763018280,360,cache_hit,0a4a5f3d7ff11eb5a2ed68849b173809,"X'AEEF20EC5E32AA2F5E62A67F3181CD12'",count,5.00,
1763018520,60,cache_miss,c99e3e4e4c5b4d5abf698dbd3b1099ae,"X'DD496BDD3720AEFF8CF527EE67F1422E'",count,1.00,
1763018280,360,cache_miss,c99e3e4e4c5b4d5abf698dbd3b1099ae,"X'DD496BDD3720AEFF8CF527EE67F1422E'",count,1.00,
1763017920,1440,cache_miss,c99e3e4e4c5b4d5abf698dbd3b1099ae,"X'DD496BDD3720AEFF8CF527EE67F1422E'",count,1.00,
1763012160,10080,cache_miss,c99e3e4e4c5b4d5abf698dbd3b1099ae,"X'DD496BDD3720AEFF8CF527EE67F1422E'",count,1.00,
1763018520,60,cache_hit,c99e3e4e4c5b4d5abf698dbd3b1099ae,"X'DD496BDD3720AEFF8CF527EE67F1422E'",count,9.00,
1763018280,360,cache_hit,c99e3e4e4c5b4d5abf698dbd3b1099ae,"X'DD496BDD3720AEFF8CF527EE67F1422E'",count,9.00,
1763017920,1440,cache_hit,c99e3e4e4c5b4d5abf698dbd3b1099ae,"X'DD496BDD3720AEFF8CF527EE67F1422E'",count,9.00,
1763012160,10080,cache_hit,c99e3e4e4c5b4d5abf698dbd3b1099ae,"X'DD496BDD3720AEFF8CF527EE67F1422E'",count,9.00,
1763019060,60,cache_miss,filament-excel:exports:,"X'50DA9B2F53ED4C08BE526D8A6E6FD0F4'",count,1.00,
1763019000,360,cache_miss,filament-excel:exports:,"X'50DA9B2F53ED4C08BE526D8A6E6FD0F4'",count,1.00,
1763017920,1440,cache_miss,filament-excel:exports:,"X'50DA9B2F53ED4C08BE526D8A6E6FD0F4'",count,1.00,
1763012160,10080,cache_miss,filament-excel:exports:,"X'50DA9B2F53ED4C08BE526D8A6E6FD0F4'",count,1.00,
1763019060,60,user_request,2,"X'C81E728D9D4C2F636F067F89CC14862C'",count,6.00,
1763019000,360,user_request,2,"X'C81E728D9D4C2F636F067F89CC14862C'",count,9.00,
1763017920,1440,user_request,2,"X'C81E728D9D4C2F636F067F89CC14862C'",count,9.00,
1763012160,10080,user_request,2,"X'C81E728D9D4C2F636F067F89CC14862C'",count,9.00,
1763019060,60,cache_miss,filament-excel:exports:2,"X'6FD553FA91DAA6B8F81911C003B16325'",count,7.00,
1763019000,360,cache_miss,filament-excel:exports:2,"X'6FD553FA91DAA6B8F81911C003B16325'",count,11.00,
1763017920,1440,cache_miss,filament-excel:exports:2,"X'6FD553FA91DAA6B8F81911C003B16325'",count,11.00,
1763012160,10080,cache_miss,filament-excel:exports:2,"X'6FD553FA91DAA6B8F81911C003B16325'",count,11.00,
1763019060,60,cache_hit,86e218f52ab309b473fa90e7b576809b,"X'A3B7863CA505E9C729F48F32FCA7A63E'",count,11.00,
1763019000,360,cache_hit,86e218f52ab309b473fa90e7b576809b,"X'A3B7863CA505E9C729F48F32FCA7A63E'",count,21.00,
1763017920,1440,cache_hit,86e218f52ab309b473fa90e7b576809b,"X'A3B7863CA505E9C729F48F32FCA7A63E'",count,21.00,
1763012160,10080,cache_hit,86e218f52ab309b473fa90e7b576809b,"X'A3B7863CA505E9C729F48F32FCA7A63E'",count,21.00,
1763019060,60,cache_miss,86e218f52ab309b473fa90e7b576809b,"X'A3B7863CA505E9C729F48F32FCA7A63E'",count,1.00,
1763019000,360,cache_miss,86e218f52ab309b473fa90e7b576809b,"X'A3B7863CA505E9C729F48F32FCA7A63E'",count,1.00,
1763017920,1440,cache_miss,86e218f52ab309b473fa90e7b576809b,"X'A3B7863CA505E9C729F48F32FCA7A63E'",count,1.00,
1763012160,10080,cache_miss,86e218f52ab309b473fa90e7b576809b,"X'A3B7863CA505E9C729F48F32FCA7A63E'",count,1.00,
1763019120,60,user_request,2,"X'C81E728D9D4C2F636F067F89CC14862C'",count,3.00,
1763019120,60,cache_miss,filament-excel:exports:2,"X'6FD553FA91DAA6B8F81911C003B16325'",count,4.00,
1763019120,60,cache_miss,0a4a5f3d7ff11eb5a2ed68849b173809,"X'AEEF20EC5E32AA2F5E62A67F3181CD12'",count,1.00,
1763019000,360,cache_miss,0a4a5f3d7ff11eb5a2ed68849b173809,"X'AEEF20EC5E32AA2F5E62A67F3181CD12'",count,1.00,
1763019120,60,cache_hit,0a4a5f3d7ff11eb5a2ed68849b173809,"X'AEEF20EC5E32AA2F5E62A67F3181CD12'",count,5.00,
1763019000,360,cache_hit,0a4a5f3d7ff11eb5a2ed68849b173809,"X'AEEF20EC5E32AA2F5E62A67F3181CD12'",count,5.00,
1763019120,60,cache_hit,86e218f52ab309b473fa90e7b576809b,"X'A3B7863CA505E9C729F48F32FCA7A63E'",count,10.00,
1763020320,60,cache_miss,0a4a5f3d7ff11eb5a2ed68849b173809,"X'AEEF20EC5E32AA2F5E62A67F3181CD12'",count,1.00,
1763020080,360,cache_miss,0a4a5f3d7ff11eb5a2ed68849b173809,"X'AEEF20EC5E32AA2F5E62A67F3181CD12'",count,1.00,
1763019360,1440,cache_miss,0a4a5f3d7ff11eb5a2ed68849b173809,"X'AEEF20EC5E32AA2F5E62A67F3181CD12'",count,1.00,
1763020320,60,cache_hit,0a4a5f3d7ff11eb5a2ed68849b173809,"X'AEEF20EC5E32AA2F5E62A67F3181CD12'",count,5.00,
1763020080,360,cache_hit,0a4a5f3d7ff11eb5a2ed68849b173809,"X'AEEF20EC5E32AA2F5E62A67F3181CD12'",count,5.00,
1763019360,1440,cache_hit,0a4a5f3d7ff11eb5a2ed68849b173809,"X'AEEF20EC5E32AA2F5E62A67F3181CD12'",count,5.00,
1763020320,60,cache_miss,d05cfcea2624e752efbc84ea0591695d,"X'2965497ABEB2F895638EC80DBE23F852'",count,2.00,
1763020080,360,cache_miss,d05cfcea2624e752efbc84ea0591695d,"X'2965497ABEB2F895638EC80DBE23F852'",count,3.00,
1763019360,1440,cache_miss,d05cfcea2624e752efbc84ea0591695d,"X'2965497ABEB2F895638EC80DBE23F852'",count,3.00,
1763012160,10080,cache_miss,d05cfcea2624e752efbc84ea0591695d,"X'2965497ABEB2F895638EC80DBE23F852'",count,3.00,
1763020320,60,cache_hit,d05cfcea2624e752efbc84ea0591695d,"X'2965497ABEB2F895638EC80DBE23F852'",count,14.00,
1763020080,360,cache_hit,d05cfcea2624e752efbc84ea0591695d,"X'2965497ABEB2F895638EC80DBE23F852'",count,17.00,
1763019360,1440,cache_hit,d05cfcea2624e752efbc84ea0591695d,"X'2965497ABEB2F895638EC80DBE23F852'",count,17.00,
1763012160,10080,cache_hit,d05cfcea2624e752efbc84ea0591695d,"X'2965497ABEB2F895638EC80DBE23F852'",count,17.00,
1763020380,60,cache_miss,d05cfcea2624e752efbc84ea0591695d,"X'2965497ABEB2F895638EC80DBE23F852'",count,1.00,
1763020380,60,cache_hit,d05cfcea2624e752efbc84ea0591695d,"X'2965497ABEB2F895638EC80DBE23F852'",count,3.00,
1763021220,60,cache_miss,2065ff5eecc69043c4bfc8d55b63f0d1,"X'E34F36662932D219706B6BDA42DFB34B'",count,1.00,
1763021160,360,cache_miss,2065ff5eecc69043c4bfc8d55b63f0d1,"X'E34F36662932D219706B6BDA42DFB34B'",count,1.00,
1763020800,1440,cache_miss,2065ff5eecc69043c4bfc8d55b63f0d1,"X'E34F36662932D219706B6BDA42DFB34B'",count,1.00,
1763012160,10080,cache_miss,2065ff5eecc69043c4bfc8d55b63f0d1,"X'E34F36662932D219706B6BDA42DFB34B'",count,1.00,
1763021220,60,cache_hit,2065ff5eecc69043c4bfc8d55b63f0d1,"X'E34F36662932D219706B6BDA42DFB34B'",count,5.00,
1763021160,360,cache_hit,2065ff5eecc69043c4bfc8d55b63f0d1,"X'E34F36662932D219706B6BDA42DFB34B'",count,5.00,
1763020800,1440,cache_hit,2065ff5eecc69043c4bfc8d55b63f0d1,"X'E34F36662932D219706B6BDA42DFB34B'",count,5.00,
1763012160,10080,cache_hit,2065ff5eecc69043c4bfc8d55b63f0d1,"X'E34F36662932D219706B6BDA42DFB34B'",count,5.00,
1763021220,60,user_request,1014,"X'766D856EF1A6B02F93D894415E6BFA0E'",count,6.00,
1763021160,360,user_request,1014,"X'766D856EF1A6B02F93D894415E6BFA0E'",count,6.00,
1763020800,1440,user_request,1014,"X'766D856EF1A6B02F93D894415E6BFA0E'",count,6.00,
1763012160,10080,user_request,1014,"X'766D856EF1A6B02F93D894415E6BFA0E'",count,6.00,
1763021220,60,cache_miss,5d3fd7a718edac84c9d89073f40f3d42,"X'71C3C39B2A71607C16BD6107B5C89D3F'",count,3.00,
1763021160,360,cache_miss,5d3fd7a718edac84c9d89073f40f3d42,"X'71C3C39B2A71607C16BD6107B5C89D3F'",count,3.00,
1763020800,1440,cache_miss,5d3fd7a718edac84c9d89073f40f3d42,"X'71C3C39B2A71607C16BD6107B5C89D3F'",count,3.00,
1763012160,10080,cache_miss,5d3fd7a718edac84c9d89073f40f3d42,"X'71C3C39B2A71607C16BD6107B5C89D3F'",count,3.00,
1763021220,60,cache_hit,5d3fd7a718edac84c9d89073f40f3d42,"X'71C3C39B2A71607C16BD6107B5C89D3F'",count,9.00,
1763021160,360,cache_hit,5d3fd7a718edac84c9d89073f40f3d42,"X'71C3C39B2A71607C16BD6107B5C89D3F'",count,9.00,
1763020800,1440,cache_hit,5d3fd7a718edac84c9d89073f40f3d42,"X'71C3C39B2A71607C16BD6107B5C89D3F'",count,9.00,
1763012160,10080,cache_hit,5d3fd7a718edac84c9d89073f40f3d42,"X'71C3C39B2A71607C16BD6107B5C89D3F'",count,9.00,
1763021640,60,slow_request,"[""GET"",""\/api\/v1\/products\/{slug}"",""App\\Http\\Controllers\\Api\\V1\\ProductController@show""]","X'170410E1B2CD0D9849ED32037684C3C8'",count,1.00,
1763021640,60,slow_request,"[""GET"",""\/api\/v1\/categories"",""App\\Http\\Controllers\\Api\\V1\\CategoryController@index""]","X'60374D41A7A4EB9973ABC798FC028C3D'",count,1.00,
1763021520,360,slow_request,"[""GET"",""\/api\/v1\/products\/{slug}"",""App\\Http\\Controllers\\Api\\V1\\ProductController@show""]","X'170410E1B2CD0D9849ED32037684C3C8'",count,2.00,
1763020800,1440,slow_request,"[""GET"",""\/api\/v1\/products\/{slug}"",""App\\Http\\Controllers\\Api\\V1\\ProductController@show""]","X'170410E1B2CD0D9849ED32037684C3C8'",count,2.00,
1763021520,360,slow_request,"[""GET"",""\/api\/v1\/categories"",""App\\Http\\Controllers\\Api\\V1\\CategoryController@index""]","X'60374D41A7A4EB9973ABC798FC028C3D'",count,2.00,
1763020800,1440,slow_request,"[""GET"",""\/api\/v1\/categories"",""App\\Http\\Controllers\\Api\\V1\\CategoryController@index""]","X'60374D41A7A4EB9973ABC798FC028C3D'",count,2.00,
1763012160,10080,slow_request,"[""GET"",""\/api\/v1\/products\/{slug}"",""App\\Http\\Controllers\\Api\\V1\\ProductController@show""]","X'170410E1B2CD0D9849ED32037684C3C8'",count,2.00,
1763021640,60,cache_miss,4c7eef01ec93d7ca52d64647c4aa1ebf,"X'98B302080743207976AE3E987EA70E63'",count,2.00,
1763021520,360,cache_miss,4c7eef01ec93d7ca52d64647c4aa1ebf,"X'98B302080743207976AE3E987EA70E63'",count,3.00,
1763020800,1440,cache_miss,4c7eef01ec93d7ca52d64647c4aa1ebf,"X'98B302080743207976AE3E987EA70E63'",count,3.00,
1763012160,10080,slow_request,"[""GET"",""\/api\/v1\/categories"",""App\\Http\\Controllers\\Api\\V1\\CategoryController@index""]","X'60374D41A7A4EB9973ABC798FC028C3D'",count,2.00,
1763012160,10080,cache_miss,4c7eef01ec93d7ca52d64647c4aa1ebf,"X'98B302080743207976AE3E987EA70E63'",count,3.00,
1763021640,60,cache_hit,4c7eef01ec93d7ca52d64647c4aa1ebf,"X'98B302080743207976AE3E987EA70E63'",count,14.00,
1763021520,360,cache_hit,4c7eef01ec93d7ca52d64647c4aa1ebf,"X'98B302080743207976AE3E987EA70E63'",count,31.00,
1763020800,1440,cache_hit,4c7eef01ec93d7ca52d64647c4aa1ebf,"X'98B302080743207976AE3E987EA70E63'",count,31.00,
1763012160,10080,cache_hit,4c7eef01ec93d7ca52d64647c4aa1ebf,"X'98B302080743207976AE3E987EA70E63'",count,31.00,
1763021640,60,slow_request,"[""GET"",""\/api\/v1\/products\/{slug}"",""App\\Http\\Controllers\\Api\\V1\\ProductController@show""]","X'170410E1B2CD0D9849ED32037684C3C8'",max,1358.00,
1763021520,360,slow_request,"[""GET"",""\/api\/v1\/products\/{slug}"",""App\\Http\\Controllers\\Api\\V1\\ProductController@show""]","X'170410E1B2CD0D9849ED32037684C3C8'",max,3589.00,
1763020800,1440,slow_request,"[""GET"",""\/api\/v1\/products\/{slug}"",""App\\Http\\Controllers\\Api\\V1\\ProductController@show""]","X'170410E1B2CD0D9849ED32037684C3C8'",max,3589.00,
1763012160,10080,slow_request,"[""GET"",""\/api\/v1\/products\/{slug}"",""App\\Http\\Controllers\\Api\\V1\\ProductController@show""]","X'170410E1B2CD0D9849ED32037684C3C8'",max,3589.00,
1763021640,60,slow_request,"[""GET"",""\/api\/v1\/categories"",""App\\Http\\Controllers\\Api\\V1\\CategoryController@index""]","X'60374D41A7A4EB9973ABC798FC028C3D'",max,1333.00,
1763021520,360,slow_request,"[""GET"",""\/api\/v1\/categories"",""App\\Http\\Controllers\\Api\\V1\\CategoryController@index""]","X'60374D41A7A4EB9973ABC798FC028C3D'",max,1333.00,
1763020800,1440,slow_request,"[""GET"",""\/api\/v1\/categories"",""App\\Http\\Controllers\\Api\\V1\\CategoryController@index""]","X'60374D41A7A4EB9973ABC798FC028C3D'",max,1333.00,
1763012160,10080,slow_request,"[""GET"",""\/api\/v1\/categories"",""App\\Http\\Controllers\\Api\\V1\\CategoryController@index""]","X'60374D41A7A4EB9973ABC798FC028C3D'",max,1333.00,
1763021700,60,slow_request,"[""GET"",""\/api\/v1\/products\/{slug}"",""App\\Http\\Controllers\\Api\\V1\\ProductController@show""]","X'170410E1B2CD0D9849ED32037684C3C8'",count,1.00,
1763021700,60,cache_hit,4c7eef01ec93d7ca52d64647c4aa1ebf,"X'98B302080743207976AE3E987EA70E63'",count,6.00,
1763021700,60,slow_request,"[""GET"",""\/api\/v1\/products\/{slug}"",""App\\Http\\Controllers\\Api\\V1\\ProductController@show""]","X'170410E1B2CD0D9849ED32037684C3C8'",max,3589.00,
1763021700,60,slow_request,"[""GET"",""\/api\/v1\/products\/related\/{product}"",""App\\Http\\Controllers\\Api\\V1\\ProductController@related""]","X'9F157569D1BE8FFD4B7CF53B03B79112'",count,1.00,
1763021520,360,slow_request,"[""GET"",""\/api\/v1\/products\/related\/{product}"",""App\\Http\\Controllers\\Api\\V1\\ProductController@related""]","X'9F157569D1BE8FFD4B7CF53B03B79112'",count,2.00,
1763020800,1440,slow_request,"[""GET"",""\/api\/v1\/products\/related\/{product}"",""App\\Http\\Controllers\\Api\\V1\\ProductController@related""]","X'9F157569D1BE8FFD4B7CF53B03B79112'",count,2.00,
1763012160,10080,slow_request,"[""GET"",""\/api\/v1\/products\/related\/{product}"",""App\\Http\\Controllers\\Api\\V1\\ProductController@related""]","X'9F157569D1BE8FFD4B7CF53B03B79112'",count,2.00,
1763021700,60,slow_request,"[""GET"",""\/api\/v1\/products\/related\/{product}"",""App\\Http\\Controllers\\Api\\V1\\ProductController@related""]","X'9F157569D1BE8FFD4B7CF53B03B79112'",max,1225.00,
1763021520,360,slow_request,"[""GET"",""\/api\/v1\/products\/related\/{product}"",""App\\Http\\Controllers\\Api\\V1\\ProductController@related""]","X'9F157569D1BE8FFD4B7CF53B03B79112'",max,1228.00,
1763020800,1440,slow_request,"[""GET"",""\/api\/v1\/products\/related\/{product}"",""App\\Http\\Controllers\\Api\\V1\\ProductController@related""]","X'9F157569D1BE8FFD4B7CF53B03B79112'",max,1228.00,
1763012160,10080,slow_request,"[""GET"",""\/api\/v1\/products\/related\/{product}"",""App\\Http\\Controllers\\Api\\V1\\ProductController@related""]","X'9F157569D1BE8FFD4B7CF53B03B79112'",max,1228.00,
1763021820,60,slow_request,"[""GET"",""\/api\/v1\/categories"",""App\\Http\\Controllers\\Api\\V1\\CategoryController@index""]","X'60374D41A7A4EB9973ABC798FC028C3D'",count,1.00,
1763021820,60,cache_miss,4c7eef01ec93d7ca52d64647c4aa1ebf,"X'98B302080743207976AE3E987EA70E63'",count,1.00,
1763021820,60,cache_hit,4c7eef01ec93d7ca52d64647c4aa1ebf,"X'98B302080743207976AE3E987EA70E63'",count,11.00,
1763021820,60,slow_request,"[""GET"",""\/api\/v1\/categories"",""App\\Http\\Controllers\\Api\\V1\\CategoryController@index""]","X'60374D41A7A4EB9973ABC798FC028C3D'",max,1193.00,
1763021820,60,slow_request,"[""GET"",""\/api\/v1\/products\/related\/{product}"",""App\\Http\\Controllers\\Api\\V1\\ProductController@related""]","X'9F157569D1BE8FFD4B7CF53B03B79112'",count,1.00,
1763021820,60,slow_request,"[""GET"",""\/api\/v1\/products\/related\/{product}"",""App\\Http\\Controllers\\Api\\V1\\ProductController@related""]","X'9F157569D1BE8FFD4B7CF53B03B79112'",max,1228.00,
1763021820,60,slow_request,"[""GET"",""\/api\/v1\/products\/suggested"",""App\\Http\\Controllers\\Api\\V1\\ProductController@suggested""]","X'00AA9989582D873F10B1ECD224E58185'",count,1.00,
1763021520,360,slow_request,"[""GET"",""\/api\/v1\/products\/suggested"",""App\\Http\\Controllers\\Api\\V1\\ProductController@suggested""]","X'00AA9989582D873F10B1ECD224E58185'",count,1.00,
1763020800,1440,slow_request,"[""GET"",""\/api\/v1\/products\/suggested"",""App\\Http\\Controllers\\Api\\V1\\ProductController@suggested""]","X'00AA9989582D873F10B1ECD224E58185'",count,1.00,
1763012160,10080,slow_request,"[""GET"",""\/api\/v1\/products\/suggested"",""App\\Http\\Controllers\\Api\\V1\\ProductController@suggested""]","X'00AA9989582D873F10B1ECD224E58185'",count,1.00,
1763021820,60,slow_request,"[""GET"",""\/api\/v1\/products\/suggested"",""App\\Http\\Controllers\\Api\\V1\\ProductController@suggested""]","X'00AA9989582D873F10B1ECD224E58185'",max,1641.00,
1763021520,360,slow_request,"[""GET"",""\/api\/v1\/products\/suggested"",""App\\Http\\Controllers\\Api\\V1\\ProductController@suggested""]","X'00AA9989582D873F10B1ECD224E58185'",max,1641.00,
1763020800,1440,slow_request,"[""GET"",""\/api\/v1\/products\/suggested"",""App\\Http\\Controllers\\Api\\V1\\ProductController@suggested""]","X'00AA9989582D873F10B1ECD224E58185'",max,1641.00,
1763012160,10080,slow_request,"[""GET"",""\/api\/v1\/products\/suggested"",""App\\Http\\Controllers\\Api\\V1\\ProductController@suggested""]","X'00AA9989582D873F10B1ECD224E58185'",max,1641.00,
1763022300,60,slow_request,"[""GET"",""\/api\/v1\/collections"",""App\\Http\\Controllers\\Api\\V1\\CollectionController@all""]","X'F0CAFB9DE9C914BAC0B8613012B749DF'",count,1.00,
1763022240,360,slow_request,"[""GET"",""\/api\/v1\/collections"",""App\\Http\\Controllers\\Api\\V1\\CollectionController@all""]","X'F0CAFB9DE9C914BAC0B8613012B749DF'",count,1.00,
1763022240,1440,slow_request,"[""GET"",""\/api\/v1\/collections"",""App\\Http\\Controllers\\Api\\V1\\CollectionController@all""]","X'F0CAFB9DE9C914BAC0B8613012B749DF'",count,2.00,
1763022240,10080,slow_request,"[""GET"",""\/api\/v1\/collections"",""App\\Http\\Controllers\\Api\\V1\\CollectionController@all""]","X'F0CAFB9DE9C914BAC0B8613012B749DF'",count,3.00,
1763022300,60,cache_miss,0a4a5f3d7ff11eb5a2ed68849b173809,"X'AEEF20EC5E32AA2F5E62A67F3181CD12'",count,1.00,
1763022240,360,cache_miss,0a4a5f3d7ff11eb5a2ed68849b173809,"X'AEEF20EC5E32AA2F5E62A67F3181CD12'",count,2.00,
1763022240,1440,cache_miss,0a4a5f3d7ff11eb5a2ed68849b173809,"X'AEEF20EC5E32AA2F5E62A67F3181CD12'",count,3.00,
1763022240,10080,cache_miss,0a4a5f3d7ff11eb5a2ed68849b173809,"X'AEEF20EC5E32AA2F5E62A67F3181CD12'",count,7.00,
1763022300,60,cache_hit,0a4a5f3d7ff11eb5a2ed68849b173809,"X'AEEF20EC5E32AA2F5E62A67F3181CD12'",count,5.00,
1763022240,360,cache_hit,0a4a5f3d7ff11eb5a2ed68849b173809,"X'AEEF20EC5E32AA2F5E62A67F3181CD12'",count,10.00,
1763022240,1440,cache_hit,0a4a5f3d7ff11eb5a2ed68849b173809,"X'AEEF20EC5E32AA2F5E62A67F3181CD12'",count,15.00,
1763022240,10080,cache_hit,0a4a5f3d7ff11eb5a2ed68849b173809,"X'AEEF20EC5E32AA2F5E62A67F3181CD12'",count,35.00,
1763022300,60,slow_request,"[""GET"",""\/api\/v1\/collections"",""App\\Http\\Controllers\\Api\\V1\\CollectionController@all""]","X'F0CAFB9DE9C914BAC0B8613012B749DF'",max,1519.00,
1763022240,360,slow_request,"[""GET"",""\/api\/v1\/collections"",""App\\Http\\Controllers\\Api\\V1\\CollectionController@all""]","X'F0CAFB9DE9C914BAC0B8613012B749DF'",max,1519.00,
1763022240,1440,slow_request,"[""GET"",""\/api\/v1\/collections"",""App\\Http\\Controllers\\Api\\V1\\CollectionController@all""]","X'F0CAFB9DE9C914BAC0B8613012B749DF'",max,1519.00,
1763022240,10080,slow_request,"[""GET"",""\/api\/v1\/collections"",""App\\Http\\Controllers\\Api\\V1\\CollectionController@all""]","X'F0CAFB9DE9C914BAC0B8613012B749DF'",max,3757.00,
1763022300,60,cache_miss,0859d8b09e264750c1453d02d44b652c,"X'C8EB61EDE58AE506B20FD122D8155B72'",count,1.00,
1763022240,360,cache_miss,0859d8b09e264750c1453d02d44b652c,"X'C8EB61EDE58AE506B20FD122D8155B72'",count,5.00,
1763022240,1440,cache_miss,0859d8b09e264750c1453d02d44b652c,"X'C8EB61EDE58AE506B20FD122D8155B72'",count,5.00,
1763022240,10080,cache_miss,0859d8b09e264750c1453d02d44b652c,"X'C8EB61EDE58AE506B20FD122D8155B72'",count,5.00,
1763022300,60,cache_hit,0859d8b09e264750c1453d02d44b652c,"X'C8EB61EDE58AE506B20FD122D8155B72'",count,37.00,
1763022240,360,cache_hit,0859d8b09e264750c1453d02d44b652c,"X'C8EB61EDE58AE506B20FD122D8155B72'",count,61.00,
1763022240,1440,cache_hit,0859d8b09e264750c1453d02d44b652c,"X'C8EB61EDE58AE506B20FD122D8155B72'",count,61.00,
1763022240,10080,cache_hit,0859d8b09e264750c1453d02d44b652c,"X'C8EB61EDE58AE506B20FD122D8155B72'",count,61.00,
1763022360,60,slow_request,"[""GET"",""\/api\/v1\/categories"",""App\\Http\\Controllers\\Api\\V1\\CategoryController@index""]","X'60374D41A7A4EB9973ABC798FC028C3D'",count,3.00,
1763022240,360,slow_request,"[""GET"",""\/api\/v1\/categories"",""App\\Http\\Controllers\\Api\\V1\\CategoryController@index""]","X'60374D41A7A4EB9973ABC798FC028C3D'",count,3.00,
1763022240,1440,slow_request,"[""GET"",""\/api\/v1\/categories"",""App\\Http\\Controllers\\Api\\V1\\CategoryController@index""]","X'60374D41A7A4EB9973ABC798FC028C3D'",count,3.00,
1763022240,10080,slow_request,"[""GET"",""\/api\/v1\/categories"",""App\\Http\\Controllers\\Api\\V1\\CategoryController@index""]","X'60374D41A7A4EB9973ABC798FC028C3D'",count,5.00,
1763022360,60,cache_hit,0859d8b09e264750c1453d02d44b652c,"X'C8EB61EDE58AE506B20FD122D8155B72'",count,6.00,
1763022360,60,slow_query,"[""select * from `categories` where `is_visible` = ? order by `position` asc"",""app\/Http\/Controllers\/Api\/V1\/CategoryController.php:17""]","X'115B8C3A5368FCAC891ECA3F4E92D825'",count,1.00,
1763022240,360,slow_query,"[""select * from `categories` where `is_visible` = ? order by `position` asc"",""app\/Http\/Controllers\/Api\/V1\/CategoryController.php:17""]","X'115B8C3A5368FCAC891ECA3F4E92D825'",count,1.00,
1763022240,1440,slow_query,"[""select * from `categories` where `is_visible` = ? order by `position` asc"",""app\/Http\/Controllers\/Api\/V1\/CategoryController.php:17""]","X'115B8C3A5368FCAC891ECA3F4E92D825'",count,1.00,
1763022240,10080,slow_query,"[""select * from `categories` where `is_visible` = ? order by `position` asc"",""app\/Http\/Controllers\/Api\/V1\/CategoryController.php:17""]","X'115B8C3A5368FCAC891ECA3F4E92D825'",count,1.00,
1763022360,60,slow_query,"[""select * from `categories` where `categories`.`parent_id` in (1, 2, 3, 4)"",""app\/Http\/Controllers\/Api\/V1\/CategoryController.php:17""]","X'ED3C6334B879968765103847D3CFD90A'",count,1.00,
1763022240,360,slow_query,"[""select * from `categories` where `categories`.`parent_id` in (1, 2, 3, 4)"",""app\/Http\/Controllers\/Api\/V1\/CategoryController.php:17""]","X'ED3C6334B879968765103847D3CFD90A'",count,1.00,
1763022240,1440,slow_query,"[""select * from `categories` where `categories`.`parent_id` in (1, 2, 3, 4)"",""app\/Http\/Controllers\/Api\/V1\/CategoryController.php:17""]","X'ED3C6334B879968765103847D3CFD90A'",count,1.00,
1763022240,10080,slow_query,"[""select * from `categories` where `categories`.`parent_id` in (1, 2, 3, 4)"",""app\/Http\/Controllers\/Api\/V1\/CategoryController.php:17""]","X'ED3C6334B879968765103847D3CFD90A'",count,1.00,
1763022360,60,cache_miss,0859d8b09e264750c1453d02d44b652c,"X'C8EB61EDE58AE506B20FD122D8155B72'",count,4.00,
1763022360,60,slow_request,"[""GET"",""\/api\/v1\/categories"",""App\\Http\\Controllers\\Api\\V1\\CategoryController@index""]","X'60374D41A7A4EB9973ABC798FC028C3D'",max,31633.00,
1763022240,360,slow_request,"[""GET"",""\/api\/v1\/categories"",""App\\Http\\Controllers\\Api\\V1\\CategoryController@index""]","X'60374D41A7A4EB9973ABC798FC028C3D'",max,31633.00,
1763022240,1440,slow_request,"[""GET"",""\/api\/v1\/categories"",""App\\Http\\Controllers\\Api\\V1\\CategoryController@index""]","X'60374D41A7A4EB9973ABC798FC028C3D'",max,31633.00,
1763022240,10080,slow_request,"[""GET"",""\/api\/v1\/categories"",""App\\Http\\Controllers\\Api\\V1\\CategoryController@index""]","X'60374D41A7A4EB9973ABC798FC028C3D'",max,31633.00,
1763022360,60,slow_query,"[""select * from `categories` where `is_visible` = ? order by `position` asc"",""app\/Http\/Controllers\/Api\/V1\/CategoryController.php:17""]","X'115B8C3A5368FCAC891ECA3F4E92D825'",max,7819.00,
1763022240,360,slow_query,"[""select * from `categories` where `is_visible` = ? order by `position` asc"",""app\/Http\/Controllers\/Api\/V1\/CategoryController.php:17""]","X'115B8C3A5368FCAC891ECA3F4E92D825'",max,7819.00,
1763022240,1440,slow_query,"[""select * from `categories` where `is_visible` = ? order by `position` asc"",""app\/Http\/Controllers\/Api\/V1\/CategoryController.php:17""]","X'115B8C3A5368FCAC891ECA3F4E92D825'",max,7819.00,
1763022240,10080,slow_query,"[""select * from `categories` where `is_visible` = ? order by `position` asc"",""app\/Http\/Controllers\/Api\/V1\/CategoryController.php:17""]","X'115B8C3A5368FCAC891ECA3F4E92D825'",max,7819.00,
1763022360,60,slow_query,"[""select * from `categories` where `categories`.`parent_id` in (1, 2, 3, 4)"",""app\/Http\/Controllers\/Api\/V1\/CategoryController.php:17""]","X'ED3C6334B879968765103847D3CFD90A'",max,1732.00,
1763022240,360,slow_query,"[""select * from `categories` where `categories`.`parent_id` in (1, 2, 3, 4)"",""app\/Http\/Controllers\/Api\/V1\/CategoryController.php:17""]","X'ED3C6334B879968765103847D3CFD90A'",max,1732.00,
1763022240,1440,slow_query,"[""select * from `categories` where `categories`.`parent_id` in (1, 2, 3, 4)"",""app\/Http\/Controllers\/Api\/V1\/CategoryController.php:17""]","X'ED3C6334B879968765103847D3CFD90A'",max,1732.00,
1763022240,10080,slow_query,"[""select * from `categories` where `categories`.`parent_id` in (1, 2, 3, 4)"",""app\/Http\/Controllers\/Api\/V1\/CategoryController.php:17""]","X'ED3C6334B879968765103847D3CFD90A'",max,1732.00,
1763022360,60,slow_request,"[""GET"",""\/api\/v1\/products\/{slug}"",""App\\Http\\Controllers\\Api\\V1\\ProductController@show""]","X'170410E1B2CD0D9849ED32037684C3C8'",count,2.00,
1763022240,360,slow_request,"[""GET"",""\/api\/v1\/products\/{slug}"",""App\\Http\\Controllers\\Api\\V1\\ProductController@show""]","X'170410E1B2CD0D9849ED32037684C3C8'",count,2.00,
1763022240,1440,slow_request,"[""GET"",""\/api\/v1\/products\/{slug}"",""App\\Http\\Controllers\\Api\\V1\\ProductController@show""]","X'170410E1B2CD0D9849ED32037684C3C8'",count,2.00,
1763022240,10080,slow_request,"[""GET"",""\/api\/v1\/products\/{slug}"",""App\\Http\\Controllers\\Api\\V1\\ProductController@show""]","X'170410E1B2CD0D9849ED32037684C3C8'",count,2.00,
1763022360,60,slow_query,"[""select * from `products` where `slug` = ? limit 1"",""app\/Http\/Controllers\/Api\/V1\/ProductController.php:62""]","X'E9FD7901A46AC76968D3802135C6C0B0'",count,1.00,
1763022240,360,slow_query,"[""select * from `products` where `slug` = ? limit 1"",""app\/Http\/Controllers\/Api\/V1\/ProductController.php:62""]","X'E9FD7901A46AC76968D3802135C6C0B0'",count,1.00,
1763022240,1440,slow_query,"[""select * from `products` where `slug` = ? limit 1"",""app\/Http\/Controllers\/Api\/V1\/ProductController.php:62""]","X'E9FD7901A46AC76968D3802135C6C0B0'",count,1.00,
1763022240,10080,slow_query,"[""select * from `products` where `slug` = ? limit 1"",""app\/Http\/Controllers\/Api\/V1\/ProductController.php:62""]","X'E9FD7901A46AC76968D3802135C6C0B0'",count,1.00,
1763022360,60,slow_request,"[""GET"",""\/api\/v1\/products\/{slug}"",""App\\Http\\Controllers\\Api\\V1\\ProductController@show""]","X'170410E1B2CD0D9849ED32037684C3C8'",max,22403.00,
1763022240,360,slow_request,"[""GET"",""\/api\/v1\/products\/{slug}"",""App\\Http\\Controllers\\Api\\V1\\ProductController@show""]","X'170410E1B2CD0D9849ED32037684C3C8'",max,22403.00,
1763022240,1440,slow_request,"[""GET"",""\/api\/v1\/products\/{slug}"",""App\\Http\\Controllers\\Api\\V1\\ProductController@show""]","X'170410E1B2CD0D9849ED32037684C3C8'",max,22403.00,
1763022240,10080,slow_request,"[""GET"",""\/api\/v1\/products\/{slug}"",""App\\Http\\Controllers\\Api\\V1\\ProductController@show""]","X'170410E1B2CD0D9849ED32037684C3C8'",max,22403.00,
1763022360,60,slow_query,"[""select * from `products` where `slug` = ? limit 1"",""app\/Http\/Controllers\/Api\/V1\/ProductController.php:62""]","X'E9FD7901A46AC76968D3802135C6C0B0'",max,6471.00,
1763022240,360,slow_query,"[""select * from `products` where `slug` = ? limit 1"",""app\/Http\/Controllers\/Api\/V1\/ProductController.php:62""]","X'E9FD7901A46AC76968D3802135C6C0B0'",max,6471.00,
1763022240,1440,slow_query,"[""select * from `products` where `slug` = ? limit 1"",""app\/Http\/Controllers\/Api\/V1\/ProductController.php:62""]","X'E9FD7901A46AC76968D3802135C6C0B0'",max,6471.00,
1763022240,10080,slow_query,"[""select * from `products` where `slug` = ? limit 1"",""app\/Http\/Controllers\/Api\/V1\/ProductController.php:62""]","X'E9FD7901A46AC76968D3802135C6C0B0'",max,6471.00,
1763022360,60,slow_request,"[""GET"",""\/api\/v1\/cms"",""App\\Http\\Controllers\\Api\\V1\\CmsController@index""]","X'632AF37A6E5172E8F541BA52BEF62F96'",count,1.00,
1763022240,360,slow_request,"[""GET"",""\/api\/v1\/cms"",""App\\Http\\Controllers\\Api\\V1\\CmsController@index""]","X'632AF37A6E5172E8F541BA52BEF62F96'",count,1.00,
1763022240,1440,slow_request,"[""GET"",""\/api\/v1\/cms"",""App\\Http\\Controllers\\Api\\V1\\CmsController@index""]","X'632AF37A6E5172E8F541BA52BEF62F96'",count,1.00,
1763022240,10080,slow_request,"[""GET"",""\/api\/v1\/cms"",""App\\Http\\Controllers\\Api\\V1\\CmsController@index""]","X'632AF37A6E5172E8F541BA52BEF62F96'",count,1.00,
1763022360,60,slow_request,"[""GET"",""\/api\/v1\/cms"",""App\\Http\\Controllers\\Api\\V1\\CmsController@index""]","X'632AF37A6E5172E8F541BA52BEF62F96'",max,33179.00,
1763022240,360,slow_request,"[""GET"",""\/api\/v1\/cms"",""App\\Http\\Controllers\\Api\\V1\\CmsController@index""]","X'632AF37A6E5172E8F541BA52BEF62F96'",max,33179.00,
1763022240,1440,slow_request,"[""GET"",""\/api\/v1\/cms"",""App\\Http\\Controllers\\Api\\V1\\CmsController@index""]","X'632AF37A6E5172E8F541BA52BEF62F96'",max,33179.00,
1763022240,10080,slow_request,"[""GET"",""\/api\/v1\/cms"",""App\\Http\\Controllers\\Api\\V1\\CmsController@index""]","X'632AF37A6E5172E8F541BA52BEF62F96'",max,33179.00,
1763022420,60,cache_hit,0859d8b09e264750c1453d02d44b652c,"X'C8EB61EDE58AE506B20FD122D8155B72'",count,18.00,
1763022420,60,slow_request,"[""GET"",""\/api\/v1\/products\/suggested"",""App\\Http\\Controllers\\Api\\V1\\ProductController@suggested""]","X'00AA9989582D873F10B1ECD224E58185'",count,1.00,
1763022240,360,slow_request,"[""GET"",""\/api\/v1\/products\/suggested"",""App\\Http\\Controllers\\Api\\V1\\ProductController@suggested""]","X'00AA9989582D873F10B1ECD224E58185'",count,1.00,
1763022240,1440,slow_request,"[""GET"",""\/api\/v1\/products\/suggested"",""App\\Http\\Controllers\\Api\\V1\\ProductController@suggested""]","X'00AA9989582D873F10B1ECD224E58185'",count,1.00,
1763022240,10080,slow_request,"[""GET"",""\/api\/v1\/products\/suggested"",""App\\Http\\Controllers\\Api\\V1\\ProductController@suggested""]","X'00AA9989582D873F10B1ECD224E58185'",count,1.00,
1763022420,60,slow_request,"[""GET"",""\/api\/v1\/products\/suggested"",""App\\Http\\Controllers\\Api\\V1\\ProductController@suggested""]","X'00AA9989582D873F10B1ECD224E58185'",max,4035.00,
1763022240,360,slow_request,"[""GET"",""\/api\/v1\/products\/suggested"",""App\\Http\\Controllers\\Api\\V1\\ProductController@suggested""]","X'00AA9989582D873F10B1ECD224E58185'",max,4035.00,
1763022240,1440,slow_request,"[""GET"",""\/api\/v1\/products\/suggested"",""App\\Http\\Controllers\\Api\\V1\\ProductController@suggested""]","X'00AA9989582D873F10B1ECD224E58185'",max,4035.00,
1763022240,10080,slow_request,"[""GET"",""\/api\/v1\/products\/suggested"",""App\\Http\\Controllers\\Api\\V1\\ProductController@suggested""]","X'00AA9989582D873F10B1ECD224E58185'",max,4035.00,
1763022420,60,slow_request,"[""GET"",""\/api\/v1\/products\/related\/{product}"",""App\\Http\\Controllers\\Api\\V1\\ProductController@related""]","X'9F157569D1BE8FFD4B7CF53B03B79112'",count,1.00,
1763022240,360,slow_request,"[""GET"",""\/api\/v1\/products\/related\/{product}"",""App\\Http\\Controllers\\Api\\V1\\ProductController@related""]","X'9F157569D1BE8FFD4B7CF53B03B79112'",count,1.00,
1763022240,1440,slow_request,"[""GET"",""\/api\/v1\/products\/related\/{product}"",""App\\Http\\Controllers\\Api\\V1\\ProductController@related""]","X'9F157569D1BE8FFD4B7CF53B03B79112'",count,1.00,
1763022240,10080,slow_request,"[""GET"",""\/api\/v1\/products\/related\/{product}"",""App\\Http\\Controllers\\Api\\V1\\ProductController@related""]","X'9F157569D1BE8FFD4B7CF53B03B79112'",count,1.00,
1763022420,60,slow_request,"[""GET"",""\/api\/v1\/products\/related\/{product}"",""App\\Http\\Controllers\\Api\\V1\\ProductController@related""]","X'9F157569D1BE8FFD4B7CF53B03B79112'",max,4223.00,
1763022240,360,slow_request,"[""GET"",""\/api\/v1\/products\/related\/{product}"",""App\\Http\\Controllers\\Api\\V1\\ProductController@related""]","X'9F157569D1BE8FFD4B7CF53B03B79112'",max,4223.00,
1763022240,1440,slow_request,"[""GET"",""\/api\/v1\/products\/related\/{product}"",""App\\Http\\Controllers\\Api\\V1\\ProductController@related""]","X'9F157569D1BE8FFD4B7CF53B03B79112'",max,4223.00,
1763022240,10080,slow_request,"[""GET"",""\/api\/v1\/products\/related\/{product}"",""App\\Http\\Controllers\\Api\\V1\\ProductController@related""]","X'9F157569D1BE8FFD4B7CF53B03B79112'",max,4223.00,
1763022540,60,cache_miss,0a4a5f3d7ff11eb5a2ed68849b173809,"X'AEEF20EC5E32AA2F5E62A67F3181CD12'",count,1.00,
1763022540,60,cache_hit,0a4a5f3d7ff11eb5a2ed68849b173809,"X'AEEF20EC5E32AA2F5E62A67F3181CD12'",count,5.00,
1763022540,60,cache_miss,02b9e4e0b9fe06854a11122500a979b2,"X'83535382922121FA44DDF45F99433041'",count,1.00,
1763022240,360,cache_miss,02b9e4e0b9fe06854a11122500a979b2,"X'83535382922121FA44DDF45F99433041'",count,1.00,
1763022240,1440,cache_miss,02b9e4e0b9fe06854a11122500a979b2,"X'83535382922121FA44DDF45F99433041'",count,2.00,
1763022240,10080,cache_miss,02b9e4e0b9fe06854a11122500a979b2,"X'83535382922121FA44DDF45F99433041'",count,2.00,
1763022540,60,cache_hit,02b9e4e0b9fe06854a11122500a979b2,"X'83535382922121FA44DDF45F99433041'",count,5.00,
1763022240,360,cache_hit,02b9e4e0b9fe06854a11122500a979b2,"X'83535382922121FA44DDF45F99433041'",count,5.00,
1763022240,1440,cache_hit,02b9e4e0b9fe06854a11122500a979b2,"X'83535382922121FA44DDF45F99433041'",count,24.00,
1763022240,10080,cache_hit,02b9e4e0b9fe06854a11122500a979b2,"X'83535382922121FA44DDF45F99433041'",count,24.00,
1763022600,60,slow_request,"[""GET"",""\/api\/v1\/collection"",""App\\Http\\Controllers\\Api\\V1\\CollectionController@index""]","X'C5A70820A669030919A4ED1A6B091384'",count,4.00,
1763022600,360,slow_request,"[""GET"",""\/api\/v1\/collection"",""App\\Http\\Controllers\\Api\\V1\\CollectionController@index""]","X'C5A70820A669030919A4ED1A6B091384'",count,4.00,
1763022240,1440,slow_request,"[""GET"",""\/api\/v1\/collection"",""App\\Http\\Controllers\\Api\\V1\\CollectionController@index""]","X'C5A70820A669030919A4ED1A6B091384'",count,4.00,
1763022240,10080,slow_request,"[""GET"",""\/api\/v1\/collection"",""App\\Http\\Controllers\\Api\\V1\\CollectionController@index""]","X'C5A70820A669030919A4ED1A6B091384'",count,8.00,
1763022600,60,cache_hit,02b9e4e0b9fe06854a11122500a979b2,"X'83535382922121FA44DDF45F99433041'",count,14.00,
1763022600,360,cache_hit,02b9e4e0b9fe06854a11122500a979b2,"X'83535382922121FA44DDF45F99433041'",count,14.00,
1763022600,60,slow_request,"[""GET"",""\/api\/v1\/collection"",""App\\Http\\Controllers\\Api\\V1\\CollectionController@index""]","X'C5A70820A669030919A4ED1A6B091384'",max,2278.00,
1763022600,360,slow_request,"[""GET"",""\/api\/v1\/collection"",""App\\Http\\Controllers\\Api\\V1\\CollectionController@index""]","X'C5A70820A669030919A4ED1A6B091384'",max,2278.00,
1763022240,1440,slow_request,"[""GET"",""\/api\/v1\/collection"",""App\\Http\\Controllers\\Api\\V1\\CollectionController@index""]","X'C5A70820A669030919A4ED1A6B091384'",max,2278.00,
1763022240,10080,slow_request,"[""GET"",""\/api\/v1\/collection"",""App\\Http\\Controllers\\Api\\V1\\CollectionController@index""]","X'C5A70820A669030919A4ED1A6B091384'",max,2278.00,
1763022720,60,slow_request,"[""GET"",""\/api\/v1\/collections"",""App\\Http\\Controllers\\Api\\V1\\CollectionController@all""]","X'F0CAFB9DE9C914BAC0B8613012B749DF'",count,1.00,
1763022600,360,slow_request,"[""GET"",""\/api\/v1\/collections"",""App\\Http\\Controllers\\Api\\V1\\CollectionController@all""]","X'F0CAFB9DE9C914BAC0B8613012B749DF'",count,1.00,
1763022720,60,cache_miss,0a4a5f3d7ff11eb5a2ed68849b173809,"X'AEEF20EC5E32AA2F5E62A67F3181CD12'",count,1.00,
1763022600,360,cache_miss,0a4a5f3d7ff11eb5a2ed68849b173809,"X'AEEF20EC5E32AA2F5E62A67F3181CD12'",count,1.00,
1763022720,60,cache_hit,0a4a5f3d7ff11eb5a2ed68849b173809,"X'AEEF20EC5E32AA2F5E62A67F3181CD12'",count,5.00,
1763022600,360,cache_hit,0a4a5f3d7ff11eb5a2ed68849b173809,"X'AEEF20EC5E32AA2F5E62A67F3181CD12'",count,5.00,
1763022720,60,slow_request,"[""GET"",""\/api\/v1\/collections"",""App\\Http\\Controllers\\Api\\V1\\CollectionController@all""]","X'F0CAFB9DE9C914BAC0B8613012B749DF'",max,1444.00,
1763022600,360,slow_request,"[""GET"",""\/api\/v1\/collections"",""App\\Http\\Controllers\\Api\\V1\\CollectionController@all""]","X'F0CAFB9DE9C914BAC0B8613012B749DF'",max,1444.00,
1763022780,60,cache_miss,2ce628defa836b525fd8a0bd0081dbfb,"X'C309A6711C85375D93E61237BB728EDC'",count,1.00,
1763022600,360,cache_miss,2ce628defa836b525fd8a0bd0081dbfb,"X'C309A6711C85375D93E61237BB728EDC'",count,1.00,
1763022240,1440,cache_miss,2ce628defa836b525fd8a0bd0081dbfb,"X'C309A6711C85375D93E61237BB728EDC'",count,1.00,
1763022240,10080,cache_miss,2ce628defa836b525fd8a0bd0081dbfb,"X'C309A6711C85375D93E61237BB728EDC'",count,1.00,
1763022780,60,cache_hit,2ce628defa836b525fd8a0bd0081dbfb,"X'C309A6711C85375D93E61237BB728EDC'",count,5.00,
1763022600,360,cache_hit,2ce628defa836b525fd8a0bd0081dbfb,"X'C309A6711C85375D93E61237BB728EDC'",count,5.00,
1763022240,1440,cache_hit,2ce628defa836b525fd8a0bd0081dbfb,"X'C309A6711C85375D93E61237BB728EDC'",count,5.00,
1763022240,10080,cache_hit,2ce628defa836b525fd8a0bd0081dbfb,"X'C309A6711C85375D93E61237BB728EDC'",count,5.00,
1763023440,60,cache_miss,02b9e4e0b9fe06854a11122500a979b2,"X'83535382922121FA44DDF45F99433041'",count,1.00,
1763023320,360,cache_miss,02b9e4e0b9fe06854a11122500a979b2,"X'83535382922121FA44DDF45F99433041'",count,1.00,
1763023440,60,cache_hit,02b9e4e0b9fe06854a11122500a979b2,"X'83535382922121FA44DDF45F99433041'",count,5.00,
1763023320,360,cache_hit,02b9e4e0b9fe06854a11122500a979b2,"X'83535382922121FA44DDF45F99433041'",count,5.00,
1763025180,60,cache_miss,0a4a5f3d7ff11eb5a2ed68849b173809,"X'AEEF20EC5E32AA2F5E62A67F3181CD12'",count,1.00,
1763025120,360,cache_miss,0a4a5f3d7ff11eb5a2ed68849b173809,"X'AEEF20EC5E32AA2F5E62A67F3181CD12'",count,1.00,
1763025120,1440,cache_miss,0a4a5f3d7ff11eb5a2ed68849b173809,"X'AEEF20EC5E32AA2F5E62A67F3181CD12'",count,2.00,
1763025180,60,cache_hit,0a4a5f3d7ff11eb5a2ed68849b173809,"X'AEEF20EC5E32AA2F5E62A67F3181CD12'",count,5.00,
1763025120,360,cache_hit,0a4a5f3d7ff11eb5a2ed68849b173809,"X'AEEF20EC5E32AA2F5E62A67F3181CD12'",count,5.00,
1763025120,1440,cache_hit,0a4a5f3d7ff11eb5a2ed68849b173809,"X'AEEF20EC5E32AA2F5E62A67F3181CD12'",count,10.00,
1763026020,60,slow_request,"[""GET"",""\/api\/v1\/collections"",""App\\Http\\Controllers\\Api\\V1\\CollectionController@all""]","X'F0CAFB9DE9C914BAC0B8613012B749DF'",count,1.00,
1763025840,360,slow_request,"[""GET"",""\/api\/v1\/collections"",""App\\Http\\Controllers\\Api\\V1\\CollectionController@all""]","X'F0CAFB9DE9C914BAC0B8613012B749DF'",count,1.00,
1763025120,1440,slow_request,"[""GET"",""\/api\/v1\/collections"",""App\\Http\\Controllers\\Api\\V1\\CollectionController@all""]","X'F0CAFB9DE9C914BAC0B8613012B749DF'",count,1.00,
1763026020,60,cache_miss,0a4a5f3d7ff11eb5a2ed68849b173809,"X'AEEF20EC5E32AA2F5E62A67F3181CD12'",count,1.00,
1763025840,360,cache_miss,0a4a5f3d7ff11eb5a2ed68849b173809,"X'AEEF20EC5E32AA2F5E62A67F3181CD12'",count,1.00,
1763026020,60,cache_hit,0a4a5f3d7ff11eb5a2ed68849b173809,"X'AEEF20EC5E32AA2F5E62A67F3181CD12'",count,5.00,
1763025840,360,cache_hit,0a4a5f3d7ff11eb5a2ed68849b173809,"X'AEEF20EC5E32AA2F5E62A67F3181CD12'",count,5.00,
1763026020,60,slow_request,"[""GET"",""\/api\/v1\/collections"",""App\\Http\\Controllers\\Api\\V1\\CollectionController@all""]","X'F0CAFB9DE9C914BAC0B8613012B749DF'",max,3757.00,
1763025840,360,slow_request,"[""GET"",""\/api\/v1\/collections"",""App\\Http\\Controllers\\Api\\V1\\CollectionController@all""]","X'F0CAFB9DE9C914BAC0B8613012B749DF'",max,3757.00,
1763025120,1440,slow_request,"[""GET"",""\/api\/v1\/collections"",""App\\Http\\Controllers\\Api\\V1\\CollectionController@all""]","X'F0CAFB9DE9C914BAC0B8613012B749DF'",max,3757.00,
1763026020,60,slow_request,"[""GET"",""\/api\/v1\/products"",""App\\Http\\Controllers\\Api\\V1\\ProductController@index""]","X'9F16684F33EF3611750C326752979C04'",count,1.00,
1763025840,360,slow_request,"[""GET"",""\/api\/v1\/products"",""App\\Http\\Controllers\\Api\\V1\\ProductController@index""]","X'9F16684F33EF3611750C326752979C04'",count,1.00,
1763025120,1440,slow_request,"[""GET"",""\/api\/v1\/products"",""App\\Http\\Controllers\\Api\\V1\\ProductController@index""]","X'9F16684F33EF3611750C326752979C04'",count,1.00,
1763022240,10080,slow_request,"[""GET"",""\/api\/v1\/products"",""App\\Http\\Controllers\\Api\\V1\\ProductController@index""]","X'9F16684F33EF3611750C326752979C04'",count,1.00,
1763026020,60,slow_request,"[""GET"",""\/api\/v1\/products"",""App\\Http\\Controllers\\Api\\V1\\ProductController@index""]","X'9F16684F33EF3611750C326752979C04'",max,1055.00,
1763025840,360,slow_request,"[""GET"",""\/api\/v1\/products"",""App\\Http\\Controllers\\Api\\V1\\ProductController@index""]","X'9F16684F33EF3611750C326752979C04'",max,1055.00,
1763025120,1440,slow_request,"[""GET"",""\/api\/v1\/products"",""App\\Http\\Controllers\\Api\\V1\\ProductController@index""]","X'9F16684F33EF3611750C326752979C04'",max,1055.00,
1763022240,10080,slow_request,"[""GET"",""\/api\/v1\/products"",""App\\Http\\Controllers\\Api\\V1\\ProductController@index""]","X'9F16684F33EF3611750C326752979C04'",max,1055.00,
1763026500,60,cache_hit,c847522b700db9e26c07f40ccaff2c49,"X'8B3520E8FFECA24F1C8977B1D206CAAA'",count,9.00,
1763026200,360,cache_hit,c847522b700db9e26c07f40ccaff2c49,"X'8B3520E8FFECA24F1C8977B1D206CAAA'",count,9.00,
1763025120,1440,cache_hit,c847522b700db9e26c07f40ccaff2c49,"X'8B3520E8FFECA24F1C8977B1D206CAAA'",count,9.00,
1763022240,10080,cache_hit,c847522b700db9e26c07f40ccaff2c49,"X'8B3520E8FFECA24F1C8977B1D206CAAA'",count,16.00,
1763026500,60,cache_miss,c847522b700db9e26c07f40ccaff2c49,"X'8B3520E8FFECA24F1C8977B1D206CAAA'",count,1.00,
1763026200,360,cache_miss,c847522b700db9e26c07f40ccaff2c49,"X'8B3520E8FFECA24F1C8977B1D206CAAA'",count,1.00,
1763025120,1440,cache_miss,c847522b700db9e26c07f40ccaff2c49,"X'8B3520E8FFECA24F1C8977B1D206CAAA'",count,1.00,
1763022240,10080,cache_miss,c847522b700db9e26c07f40ccaff2c49,"X'8B3520E8FFECA24F1C8977B1D206CAAA'",count,4.00,
1763026920,60,cache_miss,0a4a5f3d7ff11eb5a2ed68849b173809,"X'AEEF20EC5E32AA2F5E62A67F3181CD12'",count,1.00,
1763026920,360,cache_miss,0a4a5f3d7ff11eb5a2ed68849b173809,"X'AEEF20EC5E32AA2F5E62A67F3181CD12'",count,1.00,
1763026560,1440,cache_miss,0a4a5f3d7ff11eb5a2ed68849b173809,"X'AEEF20EC5E32AA2F5E62A67F3181CD12'",count,1.00,
1763026920,60,cache_hit,0a4a5f3d7ff11eb5a2ed68849b173809,"X'AEEF20EC5E32AA2F5E62A67F3181CD12'",count,5.00,
1763026920,360,cache_hit,0a4a5f3d7ff11eb5a2ed68849b173809,"X'AEEF20EC5E32AA2F5E62A67F3181CD12'",count,5.00,
1763026560,1440,cache_hit,0a4a5f3d7ff11eb5a2ed68849b173809,"X'AEEF20EC5E32AA2F5E62A67F3181CD12'",count,5.00,
1763029080,60,slow_request,"[""GET"",""\/api\/v1\/categories"",""App\\Http\\Controllers\\Api\\V1\\CategoryController@index""]","X'60374D41A7A4EB9973ABC798FC028C3D'",count,1.00,
1763029080,360,slow_request,"[""GET"",""\/api\/v1\/categories"",""App\\Http\\Controllers\\Api\\V1\\CategoryController@index""]","X'60374D41A7A4EB9973ABC798FC028C3D'",count,1.00,
1763028000,1440,slow_request,"[""GET"",""\/api\/v1\/categories"",""App\\Http\\Controllers\\Api\\V1\\CategoryController@index""]","X'60374D41A7A4EB9973ABC798FC028C3D'",count,1.00,
1763029080,60,cache_miss,7a07ae2d57888490dff09d77046e637b,"X'F0AECE1B1DB7110EFF5BA0B63B70E0A2'",count,3.00,
1763029080,360,cache_miss,7a07ae2d57888490dff09d77046e637b,"X'F0AECE1B1DB7110EFF5BA0B63B70E0A2'",count,3.00,
1763028000,1440,cache_miss,7a07ae2d57888490dff09d77046e637b,"X'F0AECE1B1DB7110EFF5BA0B63B70E0A2'",count,3.00,
1763022240,10080,cache_miss,7a07ae2d57888490dff09d77046e637b,"X'F0AECE1B1DB7110EFF5BA0B63B70E0A2'",count,3.00,
1763029080,60,cache_hit,7a07ae2d57888490dff09d77046e637b,"X'F0AECE1B1DB7110EFF5BA0B63B70E0A2'",count,17.00,
1763029080,360,cache_hit,7a07ae2d57888490dff09d77046e637b,"X'F0AECE1B1DB7110EFF5BA0B63B70E0A2'",count,17.00,
1763028000,1440,cache_hit,7a07ae2d57888490dff09d77046e637b,"X'F0AECE1B1DB7110EFF5BA0B63B70E0A2'",count,17.00,
1763022240,10080,cache_hit,7a07ae2d57888490dff09d77046e637b,"X'F0AECE1B1DB7110EFF5BA0B63B70E0A2'",count,17.00,
1763029080,60,slow_request,"[""GET"",""\/api\/v1\/categories"",""App\\Http\\Controllers\\Api\\V1\\CategoryController@index""]","X'60374D41A7A4EB9973ABC798FC028C3D'",max,1503.00,
1763029080,360,slow_request,"[""GET"",""\/api\/v1\/categories"",""App\\Http\\Controllers\\Api\\V1\\CategoryController@index""]","X'60374D41A7A4EB9973ABC798FC028C3D'",max,1503.00,
1763028000,1440,slow_request,"[""GET"",""\/api\/v1\/categories"",""App\\Http\\Controllers\\Api\\V1\\CategoryController@index""]","X'60374D41A7A4EB9973ABC798FC028C3D'",max,1503.00,
1763029080,60,slow_request,"[""GET"",""\/api\/v1\/collection"",""App\\Http\\Controllers\\Api\\V1\\CollectionController@index""]","X'C5A70820A669030919A4ED1A6B091384'",count,2.00,
1763029080,360,slow_request,"[""GET"",""\/api\/v1\/collection"",""App\\Http\\Controllers\\Api\\V1\\CollectionController@index""]","X'C5A70820A669030919A4ED1A6B091384'",count,2.00,
1763028000,1440,slow_request,"[""GET"",""\/api\/v1\/collection"",""App\\Http\\Controllers\\Api\\V1\\CollectionController@index""]","X'C5A70820A669030919A4ED1A6B091384'",count,2.00,
1763029080,60,slow_request,"[""GET"",""\/api\/v1\/collection"",""App\\Http\\Controllers\\Api\\V1\\CollectionController@index""]","X'C5A70820A669030919A4ED1A6B091384'",max,1604.00,
1763029080,360,slow_request,"[""GET"",""\/api\/v1\/collection"",""App\\Http\\Controllers\\Api\\V1\\CollectionController@index""]","X'C5A70820A669030919A4ED1A6B091384'",max,1604.00,
1763028000,1440,slow_request,"[""GET"",""\/api\/v1\/collection"",""App\\Http\\Controllers\\Api\\V1\\CollectionController@index""]","X'C5A70820A669030919A4ED1A6B091384'",max,1604.00,
1763029380,60,cache_miss,0a4a5f3d7ff11eb5a2ed68849b173809,"X'AEEF20EC5E32AA2F5E62A67F3181CD12'",count,1.00,
1763029080,360,cache_miss,0a4a5f3d7ff11eb5a2ed68849b173809,"X'AEEF20EC5E32AA2F5E62A67F3181CD12'",count,1.00,
1763028000,1440,cache_miss,0a4a5f3d7ff11eb5a2ed68849b173809,"X'AEEF20EC5E32AA2F5E62A67F3181CD12'",count,1.00,
1763029380,60,cache_hit,0a4a5f3d7ff11eb5a2ed68849b173809,"X'AEEF20EC5E32AA2F5E62A67F3181CD12'",count,5.00,
1763029080,360,cache_hit,0a4a5f3d7ff11eb5a2ed68849b173809,"X'AEEF20EC5E32AA2F5E62A67F3181CD12'",count,5.00,
1763028000,1440,cache_hit,0a4a5f3d7ff11eb5a2ed68849b173809,"X'AEEF20EC5E32AA2F5E62A67F3181CD12'",count,5.00,
1763029380,60,cache_miss,70a209b3288adec889c7b0a5b1aa0d2d,"X'5F5F66AA4719F463D8527E1A37370C05'",count,1.00,
1763029080,360,cache_miss,70a209b3288adec889c7b0a5b1aa0d2d,"X'5F5F66AA4719F463D8527E1A37370C05'",count,1.00,
1763028000,1440,cache_miss,70a209b3288adec889c7b0a5b1aa0d2d,"X'5F5F66AA4719F463D8527E1A37370C05'",count,1.00,
1763022240,10080,cache_miss,70a209b3288adec889c7b0a5b1aa0d2d,"X'5F5F66AA4719F463D8527E1A37370C05'",count,1.00,
1763029380,60,cache_hit,70a209b3288adec889c7b0a5b1aa0d2d,"X'5F5F66AA4719F463D8527E1A37370C05'",count,5.00,
1763029080,360,cache_hit,70a209b3288adec889c7b0a5b1aa0d2d,"X'5F5F66AA4719F463D8527E1A37370C05'",count,5.00,
1763028000,1440,cache_hit,70a209b3288adec889c7b0a5b1aa0d2d,"X'5F5F66AA4719F463D8527E1A37370C05'",count,5.00,
1763022240,10080,cache_hit,70a209b3288adec889c7b0a5b1aa0d2d,"X'5F5F66AA4719F463D8527E1A37370C05'",count,5.00,
1763029380,60,user_request,300,"X'94F6D7E04A4D452035300F18B984988C'",count,2.00,
1763029080,360,user_request,300,"X'94F6D7E04A4D452035300F18B984988C'",count,2.00,
1763028000,1440,user_request,300,"X'94F6D7E04A4D452035300F18B984988C'",count,2.00,
1763022240,10080,user_request,300,"X'94F6D7E04A4D452035300F18B984988C'",count,11.00,
1763029380,60,cache_miss,13322d80380af77dde3851b4fe791650,"X'0855C9407EC85A129C62063B25533A2F'",count,1.00,
1763029080,360,cache_miss,13322d80380af77dde3851b4fe791650,"X'0855C9407EC85A129C62063B25533A2F'",count,1.00,
1763028000,1440,cache_miss,13322d80380af77dde3851b4fe791650,"X'0855C9407EC85A129C62063B25533A2F'",count,1.00,
1763022240,10080,cache_miss,13322d80380af77dde3851b4fe791650,"X'0855C9407EC85A129C62063B25533A2F'",count,1.00,
1763029380,60,cache_hit,13322d80380af77dde3851b4fe791650,"X'0855C9407EC85A129C62063B25533A2F'",count,3.00,
1763029080,360,cache_hit,13322d80380af77dde3851b4fe791650,"X'0855C9407EC85A129C62063B25533A2F'",count,3.00,
1763028000,1440,cache_hit,13322d80380af77dde3851b4fe791650,"X'0855C9407EC85A129C62063B25533A2F'",count,3.00,
1763022240,10080,cache_hit,13322d80380af77dde3851b4fe791650,"X'0855C9407EC85A129C62063B25533A2F'",count,21.00,
1763029440,60,user_request,300,"X'94F6D7E04A4D452035300F18B984988C'",count,9.00,
1763029440,360,user_request,300,"X'94F6D7E04A4D452035300F18B984988C'",count,9.00,
1763029440,1440,user_request,300,"X'94F6D7E04A4D452035300F18B984988C'",count,9.00,
1763029440,60,cache_hit,13322d80380af77dde3851b4fe791650,"X'0855C9407EC85A129C62063B25533A2F'",count,18.00,
1763029440,360,cache_hit,13322d80380af77dde3851b4fe791650,"X'0855C9407EC85A129C62063B25533A2F'",count,18.00,
1763029440,1440,cache_hit,13322d80380af77dde3851b4fe791650,"X'0855C9407EC85A129C62063B25533A2F'",count,18.00,
1763030220,60,slow_request,"[""GET"",""\/admin\/orders\/{record}"",""App\\Filament\\Resources\\OrderResource\\Pages\\ViewOrder""]","X'77972A3444E877C7CD80F61901E66125'",count,1.00,
1763030160,360,slow_request,"[""GET"",""\/admin\/orders\/{record}"",""App\\Filament\\Resources\\OrderResource\\Pages\\ViewOrder""]","X'77972A3444E877C7CD80F61901E66125'",count,1.00,
1763029440,1440,slow_request,"[""GET"",""\/admin\/orders\/{record}"",""App\\Filament\\Resources\\OrderResource\\Pages\\ViewOrder""]","X'77972A3444E877C7CD80F61901E66125'",count,1.00,
1763022240,10080,slow_request,"[""GET"",""\/admin\/orders\/{record}"",""App\\Filament\\Resources\\OrderResource\\Pages\\ViewOrder""]","X'77972A3444E877C7CD80F61901E66125'",count,1.00,
1763030220,60,slow_user_request,2,"X'C81E728D9D4C2F636F067F89CC14862C'",count,1.00,
1763030160,360,slow_user_request,2,"X'C81E728D9D4C2F636F067F89CC14862C'",count,1.00,
1763029440,1440,slow_user_request,2,"X'C81E728D9D4C2F636F067F89CC14862C'",count,1.00,
1763022240,10080,slow_user_request,2,"X'C81E728D9D4C2F636F067F89CC14862C'",count,1.00,
1763030220,60,user_request,2,"X'C81E728D9D4C2F636F067F89CC14862C'",count,2.00,
1763030160,360,user_request,2,"X'C81E728D9D4C2F636F067F89CC14862C'",count,2.00,
1763029440,1440,user_request,2,"X'C81E728D9D4C2F636F067F89CC14862C'",count,8.00,
1763022240,10080,user_request,2,"X'C81E728D9D4C2F636F067F89CC14862C'",count,8.00,
1763030220,60,cache_miss,filament-excel:exports:2,"X'6FD553FA91DAA6B8F81911C003B16325'",count,3.00,
1763030160,360,cache_miss,filament-excel:exports:2,"X'6FD553FA91DAA6B8F81911C003B16325'",count,3.00,
1763029440,1440,cache_miss,filament-excel:exports:2,"X'6FD553FA91DAA6B8F81911C003B16325'",count,12.00,
1763022240,10080,cache_miss,filament-excel:exports:2,"X'6FD553FA91DAA6B8F81911C003B16325'",count,12.00,
1763030220,60,slow_request,"[""GET"",""\/admin\/orders\/{record}"",""App\\Filament\\Resources\\OrderResource\\Pages\\ViewOrder""]","X'77972A3444E877C7CD80F61901E66125'",max,2041.00,
1763030160,360,slow_request,"[""GET"",""\/admin\/orders\/{record}"",""App\\Filament\\Resources\\OrderResource\\Pages\\ViewOrder""]","X'77972A3444E877C7CD80F61901E66125'",max,2041.00,
1763029440,1440,slow_request,"[""GET"",""\/admin\/orders\/{record}"",""App\\Filament\\Resources\\OrderResource\\Pages\\ViewOrder""]","X'77972A3444E877C7CD80F61901E66125'",max,2041.00,
1763022240,10080,slow_request,"[""GET"",""\/admin\/orders\/{record}"",""App\\Filament\\Resources\\OrderResource\\Pages\\ViewOrder""]","X'77972A3444E877C7CD80F61901E66125'",max,2041.00,
1763030580,60,user_request,2,"X'C81E728D9D4C2F636F067F89CC14862C'",count,6.00,
1763030520,360,user_request,2,"X'C81E728D9D4C2F636F067F89CC14862C'",count,6.00,
1763030580,60,cache_miss,filament-excel:exports:2,"X'6FD553FA91DAA6B8F81911C003B16325'",count,9.00,
1763030520,360,cache_miss,filament-excel:exports:2,"X'6FD553FA91DAA6B8F81911C003B16325'",count,9.00,
1763031900,60,slow_request,"[""GET"",""\/api\/v1\/categories"",""App\\Http\\Controllers\\Api\\V1\\CategoryController@index""]","X'60374D41A7A4EB9973ABC798FC028C3D'",count,1.00,
1763031600,360,slow_request,"[""GET"",""\/api\/v1\/categories"",""App\\Http\\Controllers\\Api\\V1\\CategoryController@index""]","X'60374D41A7A4EB9973ABC798FC028C3D'",count,1.00,
1763030880,1440,slow_request,"[""GET"",""\/api\/v1\/categories"",""App\\Http\\Controllers\\Api\\V1\\CategoryController@index""]","X'60374D41A7A4EB9973ABC798FC028C3D'",count,1.00,
1763031900,60,cache_miss,c847522b700db9e26c07f40ccaff2c49,"X'8B3520E8FFECA24F1C8977B1D206CAAA'",count,3.00,
1763031600,360,cache_miss,c847522b700db9e26c07f40ccaff2c49,"X'8B3520E8FFECA24F1C8977B1D206CAAA'",count,3.00,
1763030880,1440,cache_miss,c847522b700db9e26c07f40ccaff2c49,"X'8B3520E8FFECA24F1C8977B1D206CAAA'",count,3.00,
1763031900,60,cache_hit,c847522b700db9e26c07f40ccaff2c49,"X'8B3520E8FFECA24F1C8977B1D206CAAA'",count,7.00,
1763031600,360,cache_hit,c847522b700db9e26c07f40ccaff2c49,"X'8B3520E8FFECA24F1C8977B1D206CAAA'",count,7.00,
1763030880,1440,cache_hit,c847522b700db9e26c07f40ccaff2c49,"X'8B3520E8FFECA24F1C8977B1D206CAAA'",count,7.00,
1763031900,60,slow_request,"[""GET"",""\/api\/v1\/categories"",""App\\Http\\Controllers\\Api\\V1\\CategoryController@index""]","X'60374D41A7A4EB9973ABC798FC028C3D'",max,1192.00,
1763031600,360,slow_request,"[""GET"",""\/api\/v1\/categories"",""App\\Http\\Controllers\\Api\\V1\\CategoryController@index""]","X'60374D41A7A4EB9973ABC798FC028C3D'",max,1192.00,
1763030880,1440,slow_request,"[""GET"",""\/api\/v1\/categories"",""App\\Http\\Controllers\\Api\\V1\\CategoryController@index""]","X'60374D41A7A4EB9973ABC798FC028C3D'",max,1192.00,
1763031900,60,slow_request,"[""GET"",""\/api\/v1\/collection"",""App\\Http\\Controllers\\Api\\V1\\CollectionController@index""]","X'C5A70820A669030919A4ED1A6B091384'",count,2.00,
1763031600,360,slow_request,"[""GET"",""\/api\/v1\/collection"",""App\\Http\\Controllers\\Api\\V1\\CollectionController@index""]","X'C5A70820A669030919A4ED1A6B091384'",count,2.00,
1763030880,1440,slow_request,"[""GET"",""\/api\/v1\/collection"",""App\\Http\\Controllers\\Api\\V1\\CollectionController@index""]","X'C5A70820A669030919A4ED1A6B091384'",count,2.00,
1763031900,60,slow_request,"[""GET"",""\/api\/v1\/collection"",""App\\Http\\Controllers\\Api\\V1\\CollectionController@index""]","X'C5A70820A669030919A4ED1A6B091384'",max,1294.00,
1763031600,360,slow_request,"[""GET"",""\/api\/v1\/collection"",""App\\Http\\Controllers\\Api\\V1\\CollectionController@index""]","X'C5A70820A669030919A4ED1A6B091384'",max,1294.00,
1763030880,1440,slow_request,"[""GET"",""\/api\/v1\/collection"",""App\\Http\\Controllers\\Api\\V1\\CollectionController@index""]","X'C5A70820A669030919A4ED1A6B091384'",max,1294.00,
1763032440,60,cache_miss,70a209b3288adec889c7b0a5b1aa0d2d,"X'5F5F66AA4719F463D8527E1A37370C05'",count,1.00,
1763032320,360,cache_miss,70a209b3288adec889c7b0a5b1aa0d2d,"X'5F5F66AA4719F463D8527E1A37370C05'",count,1.00,
1763032320,1440,cache_miss,70a209b3288adec889c7b0a5b1aa0d2d,"X'5F5F66AA4719F463D8527E1A37370C05'",count,1.00,
1763032320,10080,cache_miss,70a209b3288adec889c7b0a5b1aa0d2d,"X'5F5F66AA4719F463D8527E1A37370C05'",count,1.00,
1763032440,60,cache_hit,70a209b3288adec889c7b0a5b1aa0d2d,"X'5F5F66AA4719F463D8527E1A37370C05'",count,5.00,
1763032320,360,cache_hit,70a209b3288adec889c7b0a5b1aa0d2d,"X'5F5F66AA4719F463D8527E1A37370C05'",count,11.00,
1763032320,1440,cache_hit,70a209b3288adec889c7b0a5b1aa0d2d,"X'5F5F66AA4719F463D8527E1A37370C05'",count,11.00,
1763032320,10080,cache_hit,70a209b3288adec889c7b0a5b1aa0d2d,"X'5F5F66AA4719F463D8527E1A37370C05'",count,11.00,
1763032440,60,user_request,300,"X'94F6D7E04A4D452035300F18B984988C'",count,3.00,
1763032320,360,user_request,300,"X'94F6D7E04A4D452035300F18B984988C'",count,9.00,
1763032320,1440,user_request,300,"X'94F6D7E04A4D452035300F18B984988C'",count,9.00,
1763032320,10080,user_request,300,"X'94F6D7E04A4D452035300F18B984988C'",count,9.00,
1763032440,60,cache_miss,13322d80380af77dde3851b4fe791650,"X'0855C9407EC85A129C62063B25533A2F'",count,2.00,
1763032320,360,cache_miss,13322d80380af77dde3851b4fe791650,"X'0855C9407EC85A129C62063B25533A2F'",count,2.00,
1763032320,1440,cache_miss,13322d80380af77dde3851b4fe791650,"X'0855C9407EC85A129C62063B25533A2F'",count,2.00,
1763032320,10080,cache_miss,13322d80380af77dde3851b4fe791650,"X'0855C9407EC85A129C62063B25533A2F'",count,2.00,
1763032440,60,cache_hit,13322d80380af77dde3851b4fe791650,"X'0855C9407EC85A129C62063B25533A2F'",count,4.00,
1763032320,360,cache_hit,13322d80380af77dde3851b4fe791650,"X'0855C9407EC85A129C62063B25533A2F'",count,16.00,
1763032320,1440,cache_hit,13322d80380af77dde3851b4fe791650,"X'0855C9407EC85A129C62063B25533A2F'",count,16.00,
1763032320,10080,cache_hit,13322d80380af77dde3851b4fe791650,"X'0855C9407EC85A129C62063B25533A2F'",count,16.00,
1763032440,60,cache_miss,0a4a5f3d7ff11eb5a2ed68849b173809,"X'AEEF20EC5E32AA2F5E62A67F3181CD12'",count,1.00,
1763032320,360,cache_miss,0a4a5f3d7ff11eb5a2ed68849b173809,"X'AEEF20EC5E32AA2F5E62A67F3181CD12'",count,1.00,
1763032320,1440,cache_miss,0a4a5f3d7ff11eb5a2ed68849b173809,"X'AEEF20EC5E32AA2F5E62A67F3181CD12'",count,1.00,
1763032320,10080,cache_miss,0a4a5f3d7ff11eb5a2ed68849b173809,"X'AEEF20EC5E32AA2F5E62A67F3181CD12'",count,11.00,
1763032440,60,cache_hit,0a4a5f3d7ff11eb5a2ed68849b173809,"X'AEEF20EC5E32AA2F5E62A67F3181CD12'",count,5.00,
1763032320,360,cache_hit,0a4a5f3d7ff11eb5a2ed68849b173809,"X'AEEF20EC5E32AA2F5E62A67F3181CD12'",count,17.00,
1763032320,1440,cache_hit,0a4a5f3d7ff11eb5a2ed68849b173809,"X'AEEF20EC5E32AA2F5E62A67F3181CD12'",count,17.00,
1763032320,10080,cache_hit,0a4a5f3d7ff11eb5a2ed68849b173809,"X'AEEF20EC5E32AA2F5E62A67F3181CD12'",count,67.00,
1763032500,60,cache_hit,70a209b3288adec889c7b0a5b1aa0d2d,"X'5F5F66AA4719F463D8527E1A37370C05'",count,6.00,
1763032500,60,user_request,300,"X'94F6D7E04A4D452035300F18B984988C'",count,6.00,
1763032500,60,cache_hit,13322d80380af77dde3851b4fe791650,"X'0855C9407EC85A129C62063B25533A2F'",count,12.00,
1763032500,60,cache_hit,0a4a5f3d7ff11eb5a2ed68849b173809,"X'AEEF20EC5E32AA2F5E62A67F3181CD12'",count,12.00,
1763032500,60,cache_miss,00434876abb06a01ddeda292ca2cb77a,"X'08455705E3E7D838FA7CEEBD8C984280'",count,1.00,
1763032320,360,cache_miss,00434876abb06a01ddeda292ca2cb77a,"X'08455705E3E7D838FA7CEEBD8C984280'",count,1.00,
1763032320,1440,cache_miss,00434876abb06a01ddeda292ca2cb77a,"X'08455705E3E7D838FA7CEEBD8C984280'",count,1.00,
1763032320,10080,cache_miss,00434876abb06a01ddeda292ca2cb77a,"X'08455705E3E7D838FA7CEEBD8C984280'",count,1.00,
1763032500,60,cache_hit,00434876abb06a01ddeda292ca2cb77a,"X'08455705E3E7D838FA7CEEBD8C984280'",count,3.00,
1763032320,360,cache_hit,00434876abb06a01ddeda292ca2cb77a,"X'08455705E3E7D838FA7CEEBD8C984280'",count,3.00,
1763032320,1440,cache_hit,00434876abb06a01ddeda292ca2cb77a,"X'08455705E3E7D838FA7CEEBD8C984280'",count,3.00,
1763032320,10080,cache_hit,00434876abb06a01ddeda292ca2cb77a,"X'08455705E3E7D838FA7CEEBD8C984280'",count,3.00,
1763032500,60,cache_miss,5c3a50c7c7f19b0f69dca45303b46fae,"X'30FDA6358D48ADBCD95ED1EF8A597EBB'",count,1.00,
1763032320,360,cache_miss,5c3a50c7c7f19b0f69dca45303b46fae,"X'30FDA6358D48ADBCD95ED1EF8A597EBB'",count,1.00,
1763032320,1440,cache_miss,5c3a50c7c7f19b0f69dca45303b46fae,"X'30FDA6358D48ADBCD95ED1EF8A597EBB'",count,1.00,
1763032320,10080,cache_miss,5c3a50c7c7f19b0f69dca45303b46fae,"X'30FDA6358D48ADBCD95ED1EF8A597EBB'",count,1.00,
1763032500,60,cache_hit,5c3a50c7c7f19b0f69dca45303b46fae,"X'30FDA6358D48ADBCD95ED1EF8A597EBB'",count,1.00,
1763032320,360,cache_hit,5c3a50c7c7f19b0f69dca45303b46fae,"X'30FDA6358D48ADBCD95ED1EF8A597EBB'",count,1.00,
1763032320,1440,cache_hit,5c3a50c7c7f19b0f69dca45303b46fae,"X'30FDA6358D48ADBCD95ED1EF8A597EBB'",count,1.00,
1763032320,10080,cache_hit,5c3a50c7c7f19b0f69dca45303b46fae,"X'30FDA6358D48ADBCD95ED1EF8A597EBB'",count,1.00,
1763033280,60,cache_miss,2046a7177f111747282681ee7becee32,"X'36AFD16B2B3BE1512F07DCE545DE261F'",count,1.00,
1763033040,360,cache_miss,2046a7177f111747282681ee7becee32,"X'36AFD16B2B3BE1512F07DCE545DE261F'",count,1.00,
1763032320,1440,cache_miss,2046a7177f111747282681ee7becee32,"X'36AFD16B2B3BE1512F07DCE545DE261F'",count,1.00,
1763032320,10080,cache_miss,2046a7177f111747282681ee7becee32,"X'36AFD16B2B3BE1512F07DCE545DE261F'",count,1.00,
1763033280,60,cache_hit,2046a7177f111747282681ee7becee32,"X'36AFD16B2B3BE1512F07DCE545DE261F'",count,9.00,
1763033040,360,cache_hit,2046a7177f111747282681ee7becee32,"X'36AFD16B2B3BE1512F07DCE545DE261F'",count,29.00,
1763032320,1440,cache_hit,2046a7177f111747282681ee7becee32,"X'36AFD16B2B3BE1512F07DCE545DE261F'",count,29.00,
1763032320,10080,cache_hit,2046a7177f111747282681ee7becee32,"X'36AFD16B2B3BE1512F07DCE545DE261F'",count,29.00,
1763033280,60,user_request,969,"X'E744F91C29EC99F0E662C9177946C627'",count,1.00,
1763033040,360,user_request,969,"X'E744F91C29EC99F0E662C9177946C627'",count,3.00,
1763032320,1440,user_request,969,"X'E744F91C29EC99F0E662C9177946C627'",count,3.00,
1763032320,10080,user_request,969,"X'E744F91C29EC99F0E662C9177946C627'",count,3.00,
1763033280,60,cache_miss,665094146d05ff4a4b6666119da248ad,"X'16D91B5CBED9621EA5DC25B6CCB72604'",count,1.00,
1763033040,360,cache_miss,665094146d05ff4a4b6666119da248ad,"X'16D91B5CBED9621EA5DC25B6CCB72604'",count,1.00,
1763032320,1440,cache_miss,665094146d05ff4a4b6666119da248ad,"X'16D91B5CBED9621EA5DC25B6CCB72604'",count,1.00,
1763032320,10080,cache_miss,665094146d05ff4a4b6666119da248ad,"X'16D91B5CBED9621EA5DC25B6CCB72604'",count,1.00,
1763033280,60,cache_hit,665094146d05ff4a4b6666119da248ad,"X'16D91B5CBED9621EA5DC25B6CCB72604'",count,1.00,
1763033040,360,cache_hit,665094146d05ff4a4b6666119da248ad,"X'16D91B5CBED9621EA5DC25B6CCB72604'",count,5.00,
1763032320,1440,cache_hit,665094146d05ff4a4b6666119da248ad,"X'16D91B5CBED9621EA5DC25B6CCB72604'",count,5.00,
1763032320,10080,cache_hit,665094146d05ff4a4b6666119da248ad,"X'16D91B5CBED9621EA5DC25B6CCB72604'",count,5.00,
1763033340,60,cache_hit,2046a7177f111747282681ee7becee32,"X'36AFD16B2B3BE1512F07DCE545DE261F'",count,20.00,
1763033340,60,user_request,969,"X'E744F91C29EC99F0E662C9177946C627'",count,2.00,
1763033340,60,cache_hit,665094146d05ff4a4b6666119da248ad,"X'16D91B5CBED9621EA5DC25B6CCB72604'",count,4.00,
1763033340,60,cache_miss,788c7a22017d841a7e9b8290a08ed86e,"X'6221AEE368DA8E088BCCFF5DF36A2AD2'",count,1.00,
1763033040,360,cache_miss,788c7a22017d841a7e9b8290a08ed86e,"X'6221AEE368DA8E088BCCFF5DF36A2AD2'",count,1.00,
1763032320,1440,cache_miss,788c7a22017d841a7e9b8290a08ed86e,"X'6221AEE368DA8E088BCCFF5DF36A2AD2'",count,1.00,
1763032320,10080,cache_miss,788c7a22017d841a7e9b8290a08ed86e,"X'6221AEE368DA8E088BCCFF5DF36A2AD2'",count,1.00,
1763033340,60,cache_hit,788c7a22017d841a7e9b8290a08ed86e,"X'6221AEE368DA8E088BCCFF5DF36A2AD2'",count,5.00,
1763033040,360,cache_hit,788c7a22017d841a7e9b8290a08ed86e,"X'6221AEE368DA8E088BCCFF5DF36A2AD2'",count,5.00,
1763032320,1440,cache_hit,788c7a22017d841a7e9b8290a08ed86e,"X'6221AEE368DA8E088BCCFF5DF36A2AD2'",count,5.00,
1763032320,10080,cache_hit,788c7a22017d841a7e9b8290a08ed86e,"X'6221AEE368DA8E088BCCFF5DF36A2AD2'",count,5.00,
1763033340,60,cache_miss,fecd64437963ff099af72113103eacbf,"X'CAF685F3E623F783F97F6711990F30F3'",count,1.00,
1763033040,360,cache_miss,fecd64437963ff099af72113103eacbf,"X'CAF685F3E623F783F97F6711990F30F3'",count,1.00,
1763032320,1440,cache_miss,fecd64437963ff099af72113103eacbf,"X'CAF685F3E623F783F97F6711990F30F3'",count,1.00,
1763032320,10080,cache_miss,fecd64437963ff099af72113103eacbf,"X'CAF685F3E623F783F97F6711990F30F3'",count,1.00,
1763033340,60,cache_hit,fecd64437963ff099af72113103eacbf,"X'CAF685F3E623F783F97F6711990F30F3'",count,1.00,
1763033040,360,cache_hit,fecd64437963ff099af72113103eacbf,"X'CAF685F3E623F783F97F6711990F30F3'",count,1.00,
1763032320,1440,cache_hit,fecd64437963ff099af72113103eacbf,"X'CAF685F3E623F783F97F6711990F30F3'",count,1.00,
1763032320,10080,cache_hit,fecd64437963ff099af72113103eacbf,"X'CAF685F3E623F783F97F6711990F30F3'",count,1.00,
1763033340,60,cache_miss,ba554efa9517a20fff11ce3977b13a0b,"X'B884DCD605EAFFF0EB60184A51684E00'",count,1.00,
1763033040,360,cache_miss,ba554efa9517a20fff11ce3977b13a0b,"X'B884DCD605EAFFF0EB60184A51684E00'",count,1.00,
1763032320,1440,cache_miss,ba554efa9517a20fff11ce3977b13a0b,"X'B884DCD605EAFFF0EB60184A51684E00'",count,1.00,
1763032320,10080,cache_miss,ba554efa9517a20fff11ce3977b13a0b,"X'B884DCD605EAFFF0EB60184A51684E00'",count,1.00,
1763033340,60,cache_hit,ba554efa9517a20fff11ce3977b13a0b,"X'B884DCD605EAFFF0EB60184A51684E00'",count,7.00,
1763033040,360,cache_hit,ba554efa9517a20fff11ce3977b13a0b,"X'B884DCD605EAFFF0EB60184A51684E00'",count,7.00,
1763032320,1440,cache_hit,ba554efa9517a20fff11ce3977b13a0b,"X'B884DCD605EAFFF0EB60184A51684E00'",count,7.00,
1763032320,10080,cache_hit,ba554efa9517a20fff11ce3977b13a0b,"X'B884DCD605EAFFF0EB60184A51684E00'",count,7.00,
1763033340,60,slow_request,"[""GET"",""\/api\/v1\/products\/{slug}"",""App\\Http\\Controllers\\Api\\V1\\ProductController@show""]","X'170410E1B2CD0D9849ED32037684C3C8'",count,1.00,
1763033040,360,slow_request,"[""GET"",""\/api\/v1\/products\/{slug}"",""App\\Http\\Controllers\\Api\\V1\\ProductController@show""]","X'170410E1B2CD0D9849ED32037684C3C8'",count,1.00,
1763032320,1440,slow_request,"[""GET"",""\/api\/v1\/products\/{slug}"",""App\\Http\\Controllers\\Api\\V1\\ProductController@show""]","X'170410E1B2CD0D9849ED32037684C3C8'",count,1.00,
1763032320,10080,slow_request,"[""GET"",""\/api\/v1\/products\/{slug}"",""App\\Http\\Controllers\\Api\\V1\\ProductController@show""]","X'170410E1B2CD0D9849ED32037684C3C8'",count,4.00,
1763033340,60,slow_request,"[""GET"",""\/api\/v1\/products\/{slug}"",""App\\Http\\Controllers\\Api\\V1\\ProductController@show""]","X'170410E1B2CD0D9849ED32037684C3C8'",max,1998.00,
1763033040,360,slow_request,"[""GET"",""\/api\/v1\/products\/{slug}"",""App\\Http\\Controllers\\Api\\V1\\ProductController@show""]","X'170410E1B2CD0D9849ED32037684C3C8'",max,1998.00,
1763032320,1440,slow_request,"[""GET"",""\/api\/v1\/products\/{slug}"",""App\\Http\\Controllers\\Api\\V1\\ProductController@show""]","X'170410E1B2CD0D9849ED32037684C3C8'",max,1998.00,
1763032320,10080,slow_request,"[""GET"",""\/api\/v1\/products\/{slug}"",""App\\Http\\Controllers\\Api\\V1\\ProductController@show""]","X'170410E1B2CD0D9849ED32037684C3C8'",max,5222.00,
1763034840,60,user_request,2,"X'C81E728D9D4C2F636F067F89CC14862C'",count,4.00,
1763034840,360,user_request,2,"X'C81E728D9D4C2F636F067F89CC14862C'",count,10.00,
1763033760,1440,user_request,2,"X'C81E728D9D4C2F636F067F89CC14862C'",count,10.00,
1763032320,10080,user_request,2,"X'C81E728D9D4C2F636F067F89CC14862C'",count,12.00,
1763034840,60,cache_miss,filament-excel:exports:2,"X'6FD553FA91DAA6B8F81911C003B16325'",count,5.00,
1763034840,360,cache_miss,filament-excel:exports:2,"X'6FD553FA91DAA6B8F81911C003B16325'",count,11.00,
1763033760,1440,cache_miss,filament-excel:exports:2,"X'6FD553FA91DAA6B8F81911C003B16325'",count,11.00,
1763032320,10080,cache_miss,filament-excel:exports:2,"X'6FD553FA91DAA6B8F81911C003B16325'",count,14.00,
1763034840,60,cache_miss,0a4a5f3d7ff11eb5a2ed68849b173809,"X'AEEF20EC5E32AA2F5E62A67F3181CD12'",count,1.00,
1763034840,360,cache_miss,0a4a5f3d7ff11eb5a2ed68849b173809,"X'AEEF20EC5E32AA2F5E62A67F3181CD12'",count,2.00,
1763033760,1440,cache_miss,0a4a5f3d7ff11eb5a2ed68849b173809,"X'AEEF20EC5E32AA2F5E62A67F3181CD12'",count,2.00,
1763034840,60,cache_hit,0a4a5f3d7ff11eb5a2ed68849b173809,"X'AEEF20EC5E32AA2F5E62A67F3181CD12'",count,5.00,
1763034840,360,cache_hit,0a4a5f3d7ff11eb5a2ed68849b173809,"X'AEEF20EC5E32AA2F5E62A67F3181CD12'",count,10.00,
1763033760,1440,cache_hit,0a4a5f3d7ff11eb5a2ed68849b173809,"X'AEEF20EC5E32AA2F5E62A67F3181CD12'",count,10.00,
1763034900,60,cache_miss,ce531413ddefcb0d9eededdfd20ed0a2,"X'62CD3CB5317B3ED79638275245A6D338'",count,1.00,
1763034840,360,cache_miss,ce531413ddefcb0d9eededdfd20ed0a2,"X'62CD3CB5317B3ED79638275245A6D338'",count,1.00,
1763033760,1440,cache_miss,ce531413ddefcb0d9eededdfd20ed0a2,"X'62CD3CB5317B3ED79638275245A6D338'",count,1.00,
1763032320,10080,cache_miss,ce531413ddefcb0d9eededdfd20ed0a2,"X'62CD3CB5317B3ED79638275245A6D338'",count,1.00,
1763034900,60,cache_hit,ce531413ddefcb0d9eededdfd20ed0a2,"X'62CD3CB5317B3ED79638275245A6D338'",count,15.00,
1763034840,360,cache_hit,ce531413ddefcb0d9eededdfd20ed0a2,"X'62CD3CB5317B3ED79638275245A6D338'",count,15.00,
1763033760,1440,cache_hit,ce531413ddefcb0d9eededdfd20ed0a2,"X'62CD3CB5317B3ED79638275245A6D338'",count,15.00,
1763032320,10080,cache_hit,ce531413ddefcb0d9eededdfd20ed0a2,"X'62CD3CB5317B3ED79638275245A6D338'",count,15.00,
1763034900,60,slow_request,"[""GET"",""\/api\/v1\/products\/{slug}"",""App\\Http\\Controllers\\Api\\V1\\ProductController@show""]","X'170410E1B2CD0D9849ED32037684C3C8'",count,1.00,
1763034840,360,slow_request,"[""GET"",""\/api\/v1\/products\/{slug}"",""App\\Http\\Controllers\\Api\\V1\\ProductController@show""]","X'170410E1B2CD0D9849ED32037684C3C8'",count,1.00,
1763033760,1440,slow_request,"[""GET"",""\/api\/v1\/products\/{slug}"",""App\\Http\\Controllers\\Api\\V1\\ProductController@show""]","X'170410E1B2CD0D9849ED32037684C3C8'",count,1.00,
1763034900,60,slow_request,"[""GET"",""\/api\/v1\/products\/{slug}"",""App\\Http\\Controllers\\Api\\V1\\ProductController@show""]","X'170410E1B2CD0D9849ED32037684C3C8'",max,4693.00,
1763034840,360,slow_request,"[""GET"",""\/api\/v1\/products\/{slug}"",""App\\Http\\Controllers\\Api\\V1\\ProductController@show""]","X'170410E1B2CD0D9849ED32037684C3C8'",max,4693.00,
1763033760,1440,slow_request,"[""GET"",""\/api\/v1\/products\/{slug}"",""App\\Http\\Controllers\\Api\\V1\\ProductController@show""]","X'170410E1B2CD0D9849ED32037684C3C8'",max,4693.00,
1763034900,60,user_request,2,"X'C81E728D9D4C2F636F067F89CC14862C'",count,1.00,
1763034900,60,cache_miss,filament-excel:exports:2,"X'6FD553FA91DAA6B8F81911C003B16325'",count,1.00,
1763034960,60,user_request,2,"X'C81E728D9D4C2F636F067F89CC14862C'",count,5.00,
1763034960,60,cache_miss,filament-excel:exports:2,"X'6FD553FA91DAA6B8F81911C003B16325'",count,5.00,
1763035080,60,cache_miss,0a4a5f3d7ff11eb5a2ed68849b173809,"X'AEEF20EC5E32AA2F5E62A67F3181CD12'",count,1.00,
1763035080,60,cache_hit,0a4a5f3d7ff11eb5a2ed68849b173809,"X'AEEF20EC5E32AA2F5E62A67F3181CD12'",count,5.00,
1763035080,60,cache_miss,dfe1e5a58b36acb3464c20b279d803c5,"X'C8339E00CF57371AF24BD6F22F5639D6'",count,1.00,
1763034840,360,cache_miss,dfe1e5a58b36acb3464c20b279d803c5,"X'C8339E00CF57371AF24BD6F22F5639D6'",count,1.00,
1763033760,1440,cache_miss,dfe1e5a58b36acb3464c20b279d803c5,"X'C8339E00CF57371AF24BD6F22F5639D6'",count,1.00,
1763032320,10080,cache_miss,dfe1e5a58b36acb3464c20b279d803c5,"X'C8339E00CF57371AF24BD6F22F5639D6'",count,3.00,
1763035080,60,cache_hit,dfe1e5a58b36acb3464c20b279d803c5,"X'C8339E00CF57371AF24BD6F22F5639D6'",count,9.00,
1763034840,360,cache_hit,dfe1e5a58b36acb3464c20b279d803c5,"X'C8339E00CF57371AF24BD6F22F5639D6'",count,9.00,
1763033760,1440,cache_hit,dfe1e5a58b36acb3464c20b279d803c5,"X'C8339E00CF57371AF24BD6F22F5639D6'",count,9.00,
1763032320,10080,cache_hit,dfe1e5a58b36acb3464c20b279d803c5,"X'C8339E00CF57371AF24BD6F22F5639D6'",count,33.00,
1763035200,60,cache_miss,dfe1e5a58b36acb3464c20b279d803c5,"X'C8339E00CF57371AF24BD6F22F5639D6'",count,1.00,
1763035200,360,cache_miss,dfe1e5a58b36acb3464c20b279d803c5,"X'C8339E00CF57371AF24BD6F22F5639D6'",count,1.00,
1763035200,1440,cache_miss,dfe1e5a58b36acb3464c20b279d803c5,"X'C8339E00CF57371AF24BD6F22F5639D6'",count,2.00,
1763035200,60,cache_hit,dfe1e5a58b36acb3464c20b279d803c5,"X'C8339E00CF57371AF24BD6F22F5639D6'",count,7.00,
1763035200,360,cache_hit,dfe1e5a58b36acb3464c20b279d803c5,"X'C8339E00CF57371AF24BD6F22F5639D6'",count,21.00,
1763035200,1440,cache_hit,dfe1e5a58b36acb3464c20b279d803c5,"X'C8339E00CF57371AF24BD6F22F5639D6'",count,24.00,
1763035260,60,cache_hit,dfe1e5a58b36acb3464c20b279d803c5,"X'C8339E00CF57371AF24BD6F22F5639D6'",count,14.00,
1763035260,60,user_request,1018,"X'EF50C335CCA9F340BDE656363EBD02FD'",count,2.00,
1763035200,360,user_request,1018,"X'EF50C335CCA9F340BDE656363EBD02FD'",count,2.00,
1763035200,1440,user_request,1018,"X'EF50C335CCA9F340BDE656363EBD02FD'",count,4.00,
1763032320,10080,user_request,1018,"X'EF50C335CCA9F340BDE656363EBD02FD'",count,4.00,
1763035260,60,cache_miss,d45f5eae13ab368b98888c07e0deb6ce,"X'1C979CB9F5D759217C5A97737261FB51'",count,1.00,
1763035200,360,cache_miss,d45f5eae13ab368b98888c07e0deb6ce,"X'1C979CB9F5D759217C5A97737261FB51'",count,1.00,
1763035200,1440,cache_miss,d45f5eae13ab368b98888c07e0deb6ce,"X'1C979CB9F5D759217C5A97737261FB51'",count,2.00,
1763032320,10080,cache_miss,d45f5eae13ab368b98888c07e0deb6ce,"X'1C979CB9F5D759217C5A97737261FB51'",count,2.00,
1763035260,60,cache_hit,d45f5eae13ab368b98888c07e0deb6ce,"X'1C979CB9F5D759217C5A97737261FB51'",count,3.00,
1763035200,360,cache_hit,d45f5eae13ab368b98888c07e0deb6ce,"X'1C979CB9F5D759217C5A97737261FB51'",count,3.00,
1763035200,1440,cache_hit,d45f5eae13ab368b98888c07e0deb6ce,"X'1C979CB9F5D759217C5A97737261FB51'",count,6.00,
1763032320,10080,cache_hit,d45f5eae13ab368b98888c07e0deb6ce,"X'1C979CB9F5D759217C5A97737261FB51'",count,6.00,
1763035500,60,cache_miss,0a4a5f3d7ff11eb5a2ed68849b173809,"X'AEEF20EC5E32AA2F5E62A67F3181CD12'",count,1.00,
1763035200,360,cache_miss,0a4a5f3d7ff11eb5a2ed68849b173809,"X'AEEF20EC5E32AA2F5E62A67F3181CD12'",count,1.00,
1763035200,1440,cache_miss,0a4a5f3d7ff11eb5a2ed68849b173809,"X'AEEF20EC5E32AA2F5E62A67F3181CD12'",count,3.00,
1763035500,60,cache_hit,0a4a5f3d7ff11eb5a2ed68849b173809,"X'AEEF20EC5E32AA2F5E62A67F3181CD12'",count,5.00,
1763035200,360,cache_hit,0a4a5f3d7ff11eb5a2ed68849b173809,"X'AEEF20EC5E32AA2F5E62A67F3181CD12'",count,5.00,
1763035200,1440,cache_hit,0a4a5f3d7ff11eb5a2ed68849b173809,"X'AEEF20EC5E32AA2F5E62A67F3181CD12'",count,15.00,
1763035560,60,user_request,1018,"X'EF50C335CCA9F340BDE656363EBD02FD'",count,2.00,
1763035560,360,user_request,1018,"X'EF50C335CCA9F340BDE656363EBD02FD'",count,2.00,
1763035560,60,cache_miss,d45f5eae13ab368b98888c07e0deb6ce,"X'1C979CB9F5D759217C5A97737261FB51'",count,1.00,
1763035560,360,cache_miss,d45f5eae13ab368b98888c07e0deb6ce,"X'1C979CB9F5D759217C5A97737261FB51'",count,1.00,
1763035560,60,cache_hit,d45f5eae13ab368b98888c07e0deb6ce,"X'1C979CB9F5D759217C5A97737261FB51'",count,3.00,
1763035560,360,cache_hit,d45f5eae13ab368b98888c07e0deb6ce,"X'1C979CB9F5D759217C5A97737261FB51'",count,3.00,
1763035560,60,cache_miss,dfe1e5a58b36acb3464c20b279d803c5,"X'C8339E00CF57371AF24BD6F22F5639D6'",count,1.00,
1763035560,360,cache_miss,dfe1e5a58b36acb3464c20b279d803c5,"X'C8339E00CF57371AF24BD6F22F5639D6'",count,1.00,
1763035560,60,cache_hit,dfe1e5a58b36acb3464c20b279d803c5,"X'C8339E00CF57371AF24BD6F22F5639D6'",count,3.00,
1763035560,360,cache_hit,dfe1e5a58b36acb3464c20b279d803c5,"X'C8339E00CF57371AF24BD6F22F5639D6'",count,3.00,
1763035980,60,cache_miss,0a4a5f3d7ff11eb5a2ed68849b173809,"X'AEEF20EC5E32AA2F5E62A67F3181CD12'",count,1.00,
1763035920,360,cache_miss,0a4a5f3d7ff11eb5a2ed68849b173809,"X'AEEF20EC5E32AA2F5E62A67F3181CD12'",count,2.00,
1763035980,60,cache_hit,0a4a5f3d7ff11eb5a2ed68849b173809,"X'AEEF20EC5E32AA2F5E62A67F3181CD12'",count,5.00,
1763035920,360,cache_hit,0a4a5f3d7ff11eb5a2ed68849b173809,"X'AEEF20EC5E32AA2F5E62A67F3181CD12'",count,10.00,
1763036220,60,cache_miss,0a4a5f3d7ff11eb5a2ed68849b173809,"X'AEEF20EC5E32AA2F5E62A67F3181CD12'",count,1.00,
1763036220,60,cache_hit,0a4a5f3d7ff11eb5a2ed68849b173809,"X'AEEF20EC5E32AA2F5E62A67F3181CD12'",count,5.00,
1763036640,60,cache_miss,2ce628defa836b525fd8a0bd0081dbfb,"X'C309A6711C85375D93E61237BB728EDC'",count,1.00,
1763036640,360,cache_miss,2ce628defa836b525fd8a0bd0081dbfb,"X'C309A6711C85375D93E61237BB728EDC'",count,1.00,
1763036640,1440,cache_miss,2ce628defa836b525fd8a0bd0081dbfb,"X'C309A6711C85375D93E61237BB728EDC'",count,1.00,
1763032320,10080,cache_miss,2ce628defa836b525fd8a0bd0081dbfb,"X'C309A6711C85375D93E61237BB728EDC'",count,1.00,
1763036640,60,cache_hit,2ce628defa836b525fd8a0bd0081dbfb,"X'C309A6711C85375D93E61237BB728EDC'",count,9.00,
1763036640,360,cache_hit,2ce628defa836b525fd8a0bd0081dbfb,"X'C309A6711C85375D93E61237BB728EDC'",count,25.00,
1763036640,1440,cache_hit,2ce628defa836b525fd8a0bd0081dbfb,"X'C309A6711C85375D93E61237BB728EDC'",count,25.00,
1763032320,10080,cache_hit,2ce628defa836b525fd8a0bd0081dbfb,"X'C309A6711C85375D93E61237BB728EDC'",count,25.00,
1763036640,60,cache_miss,0a4a5f3d7ff11eb5a2ed68849b173809,"X'AEEF20EC5E32AA2F5E62A67F3181CD12'",count,1.00,
1763036640,360,cache_miss,0a4a5f3d7ff11eb5a2ed68849b173809,"X'AEEF20EC5E32AA2F5E62A67F3181CD12'",count,1.00,
1763036640,1440,cache_miss,0a4a5f3d7ff11eb5a2ed68849b173809,"X'AEEF20EC5E32AA2F5E62A67F3181CD12'",count,2.00,
1763036640,60,cache_hit,0a4a5f3d7ff11eb5a2ed68849b173809,"X'AEEF20EC5E32AA2F5E62A67F3181CD12'",count,5.00,
1763036640,360,cache_hit,0a4a5f3d7ff11eb5a2ed68849b173809,"X'AEEF20EC5E32AA2F5E62A67F3181CD12'",count,5.00,
1763036640,1440,cache_hit,0a4a5f3d7ff11eb5a2ed68849b173809,"X'AEEF20EC5E32AA2F5E62A67F3181CD12'",count,10.00,
1763036700,60,cache_hit,2ce628defa836b525fd8a0bd0081dbfb,"X'C309A6711C85375D93E61237BB728EDC'",count,16.00,
1763037600,60,slow_request,"[""GET"",""\/api\/v1\/collections"",""App\\Http\\Controllers\\Api\\V1\\CollectionController@all""]","X'F0CAFB9DE9C914BAC0B8613012B749DF'",count,1.00,
1763037360,360,slow_request,"[""GET"",""\/api\/v1\/collections"",""App\\Http\\Controllers\\Api\\V1\\CollectionController@all""]","X'F0CAFB9DE9C914BAC0B8613012B749DF'",count,1.00,
1763036640,1440,slow_request,"[""GET"",""\/api\/v1\/collections"",""App\\Http\\Controllers\\Api\\V1\\CollectionController@all""]","X'F0CAFB9DE9C914BAC0B8613012B749DF'",count,1.00,
1763032320,10080,slow_request,"[""GET"",""\/api\/v1\/collections"",""App\\Http\\Controllers\\Api\\V1\\CollectionController@all""]","X'F0CAFB9DE9C914BAC0B8613012B749DF'",count,3.00,
1763037600,60,cache_miss,0a4a5f3d7ff11eb5a2ed68849b173809,"X'AEEF20EC5E32AA2F5E62A67F3181CD12'",count,1.00,
1763037360,360,cache_miss,0a4a5f3d7ff11eb5a2ed68849b173809,"X'AEEF20EC5E32AA2F5E62A67F3181CD12'",count,1.00,
1763037600,60,cache_hit,0a4a5f3d7ff11eb5a2ed68849b173809,"X'AEEF20EC5E32AA2F5E62A67F3181CD12'",count,5.00,
1763037360,360,cache_hit,0a4a5f3d7ff11eb5a2ed68849b173809,"X'AEEF20EC5E32AA2F5E62A67F3181CD12'",count,5.00,
1763037600,60,slow_request,"[""GET"",""\/api\/v1\/collections"",""App\\Http\\Controllers\\Api\\V1\\CollectionController@all""]","X'F0CAFB9DE9C914BAC0B8613012B749DF'",max,1393.00,
1763037360,360,slow_request,"[""GET"",""\/api\/v1\/collections"",""App\\Http\\Controllers\\Api\\V1\\CollectionController@all""]","X'F0CAFB9DE9C914BAC0B8613012B749DF'",max,1393.00,
1763036640,1440,slow_request,"[""GET"",""\/api\/v1\/collections"",""App\\Http\\Controllers\\Api\\V1\\CollectionController@all""]","X'F0CAFB9DE9C914BAC0B8613012B749DF'",max,1393.00,
1763032320,10080,slow_request,"[""GET"",""\/api\/v1\/collections"",""App\\Http\\Controllers\\Api\\V1\\CollectionController@all""]","X'F0CAFB9DE9C914BAC0B8613012B749DF'",max,1615.00,
1763038260,60,slow_request,"[""GET"",""\/api\/v1\/collections"",""App\\Http\\Controllers\\Api\\V1\\CollectionController@all""]","X'F0CAFB9DE9C914BAC0B8613012B749DF'",count,1.00,
1763038080,360,slow_request,"[""GET"",""\/api\/v1\/collections"",""App\\Http\\Controllers\\Api\\V1\\CollectionController@all""]","X'F0CAFB9DE9C914BAC0B8613012B749DF'",count,1.00,
1763038080,1440,slow_request,"[""GET"",""\/api\/v1\/collections"",""App\\Http\\Controllers\\Api\\V1\\CollectionController@all""]","X'F0CAFB9DE9C914BAC0B8613012B749DF'",count,1.00,
1763038260,60,cache_miss,0a4a5f3d7ff11eb5a2ed68849b173809,"X'AEEF20EC5E32AA2F5E62A67F3181CD12'",count,1.00,
1763038080,360,cache_miss,0a4a5f3d7ff11eb5a2ed68849b173809,"X'AEEF20EC5E32AA2F5E62A67F3181CD12'",count,1.00,
1763038080,1440,cache_miss,0a4a5f3d7ff11eb5a2ed68849b173809,"X'AEEF20EC5E32AA2F5E62A67F3181CD12'",count,1.00,
1763038260,60,cache_hit,0a4a5f3d7ff11eb5a2ed68849b173809,"X'AEEF20EC5E32AA2F5E62A67F3181CD12'",count,5.00,
1763038080,360,cache_hit,0a4a5f3d7ff11eb5a2ed68849b173809,"X'AEEF20EC5E32AA2F5E62A67F3181CD12'",count,5.00,
1763038080,1440,cache_hit,0a4a5f3d7ff11eb5a2ed68849b173809,"X'AEEF20EC5E32AA2F5E62A67F3181CD12'",count,5.00,
1763038260,60,slow_request,"[""GET"",""\/api\/v1\/collections"",""App\\Http\\Controllers\\Api\\V1\\CollectionController@all""]","X'F0CAFB9DE9C914BAC0B8613012B749DF'",max,1373.00,
1763038080,360,slow_request,"[""GET"",""\/api\/v1\/collections"",""App\\Http\\Controllers\\Api\\V1\\CollectionController@all""]","X'F0CAFB9DE9C914BAC0B8613012B749DF'",max,1373.00,
1763038080,1440,slow_request,"[""GET"",""\/api\/v1\/collections"",""App\\Http\\Controllers\\Api\\V1\\CollectionController@all""]","X'F0CAFB9DE9C914BAC0B8613012B749DF'",max,1373.00,
1763038260,60,cache_miss,8d46820fc22fc2f6b04805efc1891df8,"X'F2997BAA8AC77F2B4DC5D70C959925D6'",count,1.00,
1763038080,360,cache_miss,8d46820fc22fc2f6b04805efc1891df8,"X'F2997BAA8AC77F2B4DC5D70C959925D6'",count,1.00,
1763038080,1440,cache_miss,8d46820fc22fc2f6b04805efc1891df8,"X'F2997BAA8AC77F2B4DC5D70C959925D6'",count,3.00,
1763032320,10080,cache_miss,8d46820fc22fc2f6b04805efc1891df8,"X'F2997BAA8AC77F2B4DC5D70C959925D6'",count,3.00,
1763038260,60,cache_hit,8d46820fc22fc2f6b04805efc1891df8,"X'F2997BAA8AC77F2B4DC5D70C959925D6'",count,5.00,
1763038080,360,cache_hit,8d46820fc22fc2f6b04805efc1891df8,"X'F2997BAA8AC77F2B4DC5D70C959925D6'",count,25.00,
1763038080,1440,cache_hit,8d46820fc22fc2f6b04805efc1891df8,"X'F2997BAA8AC77F2B4DC5D70C959925D6'",count,27.00,
1763032320,10080,cache_hit,8d46820fc22fc2f6b04805efc1891df8,"X'F2997BAA8AC77F2B4DC5D70C959925D6'",count,27.00,
1763038320,60,cache_hit,8d46820fc22fc2f6b04805efc1891df8,"X'F2997BAA8AC77F2B4DC5D70C959925D6'",count,20.00,
1763038920,60,cache_miss,8d46820fc22fc2f6b04805efc1891df8,"X'F2997BAA8AC77F2B4DC5D70C959925D6'",count,2.00,
1763038800,360,cache_miss,8d46820fc22fc2f6b04805efc1891df8,"X'F2997BAA8AC77F2B4DC5D70C959925D6'",count,2.00,
1763038920,60,cache_hit,8d46820fc22fc2f6b04805efc1891df8,"X'F2997BAA8AC77F2B4DC5D70C959925D6'",count,2.00,
1763038800,360,cache_hit,8d46820fc22fc2f6b04805efc1891df8,"X'F2997BAA8AC77F2B4DC5D70C959925D6'",count,2.00,
1763040360,60,cache_miss,395e5fda4d09e87f04ff9cc6ce8e4e6f,"X'B640878242F270E12EE2C77E3B3D9128'",count,1.00,
1763040240,360,cache_miss,395e5fda4d09e87f04ff9cc6ce8e4e6f,"X'B640878242F270E12EE2C77E3B3D9128'",count,1.00,
1763039520,1440,cache_miss,395e5fda4d09e87f04ff9cc6ce8e4e6f,"X'B640878242F270E12EE2C77E3B3D9128'",count,1.00,
1763032320,10080,cache_miss,395e5fda4d09e87f04ff9cc6ce8e4e6f,"X'B640878242F270E12EE2C77E3B3D9128'",count,1.00,
1763040360,60,cache_hit,395e5fda4d09e87f04ff9cc6ce8e4e6f,"X'B640878242F270E12EE2C77E3B3D9128'",count,11.00,
1763040240,360,cache_hit,395e5fda4d09e87f04ff9cc6ce8e4e6f,"X'B640878242F270E12EE2C77E3B3D9128'",count,11.00,
1763039520,1440,cache_hit,395e5fda4d09e87f04ff9cc6ce8e4e6f,"X'B640878242F270E12EE2C77E3B3D9128'",count,11.00,
1763032320,10080,cache_hit,395e5fda4d09e87f04ff9cc6ce8e4e6f,"X'B640878242F270E12EE2C77E3B3D9128'",count,11.00,
1763040660,60,slow_request,"[""GET"",""\/admin"",""Filament\\Pages\\Dashboard""]","X'9D8BAF8A2E7DD28B63E0B975A699316E'",count,1.00,
1763040600,360,slow_request,"[""GET"",""\/admin"",""Filament\\Pages\\Dashboard""]","X'9D8BAF8A2E7DD28B63E0B975A699316E'",count,1.00,
1763039520,1440,slow_request,"[""GET"",""\/admin"",""Filament\\Pages\\Dashboard""]","X'9D8BAF8A2E7DD28B63E0B975A699316E'",count,1.00,
1763032320,10080,slow_request,"[""GET"",""\/admin"",""Filament\\Pages\\Dashboard""]","X'9D8BAF8A2E7DD28B63E0B975A699316E'",count,1.00,
1763040660,60,slow_user_request,2,"X'C81E728D9D4C2F636F067F89CC14862C'",count,1.00,
1763040600,360,slow_user_request,2,"X'C81E728D9D4C2F636F067F89CC14862C'",count,1.00,
1763039520,1440,slow_user_request,2,"X'C81E728D9D4C2F636F067F89CC14862C'",count,1.00,
1763032320,10080,slow_user_request,2,"X'C81E728D9D4C2F636F067F89CC14862C'",count,1.00,
1763040660,60,user_request,2,"X'C81E728D9D4C2F636F067F89CC14862C'",count,2.00,
1763040600,360,user_request,2,"X'C81E728D9D4C2F636F067F89CC14862C'",count,2.00,
1763039520,1440,user_request,2,"X'C81E728D9D4C2F636F067F89CC14862C'",count,2.00,
1763040660,60,cache_miss,filament-excel:exports:2,"X'6FD553FA91DAA6B8F81911C003B16325'",count,3.00,
1763040600,360,cache_miss,filament-excel:exports:2,"X'6FD553FA91DAA6B8F81911C003B16325'",count,3.00,
1763039520,1440,cache_miss,filament-excel:exports:2,"X'6FD553FA91DAA6B8F81911C003B16325'",count,3.00,
1763040660,60,slow_request,"[""GET"",""\/admin"",""Filament\\Pages\\Dashboard""]","X'9D8BAF8A2E7DD28B63E0B975A699316E'",max,1088.00,
1763040600,360,slow_request,"[""GET"",""\/admin"",""Filament\\Pages\\Dashboard""]","X'9D8BAF8A2E7DD28B63E0B975A699316E'",max,1088.00,
1763039520,1440,slow_request,"[""GET"",""\/admin"",""Filament\\Pages\\Dashboard""]","X'9D8BAF8A2E7DD28B63E0B975A699316E'",max,1088.00,
1763032320,10080,slow_request,"[""GET"",""\/admin"",""Filament\\Pages\\Dashboard""]","X'9D8BAF8A2E7DD28B63E0B975A699316E'",max,1088.00,
1763041080,60,slow_request,"[""GET"",""\/api\/v1\/collections"",""App\\Http\\Controllers\\Api\\V1\\CollectionController@all""]","X'F0CAFB9DE9C914BAC0B8613012B749DF'",count,1.00,
1763040960,360,slow_request,"[""GET"",""\/api\/v1\/collections"",""App\\Http\\Controllers\\Api\\V1\\CollectionController@all""]","X'F0CAFB9DE9C914BAC0B8613012B749DF'",count,1.00,
1763040960,1440,slow_request,"[""GET"",""\/api\/v1\/collections"",""App\\Http\\Controllers\\Api\\V1\\CollectionController@all""]","X'F0CAFB9DE9C914BAC0B8613012B749DF'",count,1.00,
1763041080,60,cache_miss,0a4a5f3d7ff11eb5a2ed68849b173809,"X'AEEF20EC5E32AA2F5E62A67F3181CD12'",count,1.00,
1763040960,360,cache_miss,0a4a5f3d7ff11eb5a2ed68849b173809,"X'AEEF20EC5E32AA2F5E62A67F3181CD12'",count,1.00,
1763040960,1440,cache_miss,0a4a5f3d7ff11eb5a2ed68849b173809,"X'AEEF20EC5E32AA2F5E62A67F3181CD12'",count,2.00,
1763041080,60,cache_hit,0a4a5f3d7ff11eb5a2ed68849b173809,"X'AEEF20EC5E32AA2F5E62A67F3181CD12'",count,5.00,
1763040960,360,cache_hit,0a4a5f3d7ff11eb5a2ed68849b173809,"X'AEEF20EC5E32AA2F5E62A67F3181CD12'",count,5.00,
1763040960,1440,cache_hit,0a4a5f3d7ff11eb5a2ed68849b173809,"X'AEEF20EC5E32AA2F5E62A67F3181CD12'",count,10.00,
1763041080,60,slow_request,"[""GET"",""\/api\/v1\/collections"",""App\\Http\\Controllers\\Api\\V1\\CollectionController@all""]","X'F0CAFB9DE9C914BAC0B8613012B749DF'",max,1615.00,
1763040960,360,slow_request,"[""GET"",""\/api\/v1\/collections"",""App\\Http\\Controllers\\Api\\V1\\CollectionController@all""]","X'F0CAFB9DE9C914BAC0B8613012B749DF'",max,1615.00,
1763040960,1440,slow_request,"[""GET"",""\/api\/v1\/collections"",""App\\Http\\Controllers\\Api\\V1\\CollectionController@all""]","X'F0CAFB9DE9C914BAC0B8613012B749DF'",max,1615.00,
1763041320,60,cache_miss,0a4a5f3d7ff11eb5a2ed68849b173809,"X'AEEF20EC5E32AA2F5E62A67F3181CD12'",count,1.00,
1763041320,360,cache_miss,0a4a5f3d7ff11eb5a2ed68849b173809,"X'AEEF20EC5E32AA2F5E62A67F3181CD12'",count,1.00,
1763041320,60,cache_hit,0a4a5f3d7ff11eb5a2ed68849b173809,"X'AEEF20EC5E32AA2F5E62A67F3181CD12'",count,5.00,
1763041320,360,cache_hit,0a4a5f3d7ff11eb5a2ed68849b173809,"X'AEEF20EC5E32AA2F5E62A67F3181CD12'",count,5.00,
1763041320,60,cache_miss,a0c04e484a94c023aca9826524159d7f,"X'5D3A2292C5214E126AD6B53E77C34CC3'",count,1.00,
1763041320,360,cache_miss,a0c04e484a94c023aca9826524159d7f,"X'5D3A2292C5214E126AD6B53E77C34CC3'",count,2.00,
1763040960,1440,cache_miss,a0c04e484a94c023aca9826524159d7f,"X'5D3A2292C5214E126AD6B53E77C34CC3'",count,2.00,
1763032320,10080,cache_miss,a0c04e484a94c023aca9826524159d7f,"X'5D3A2292C5214E126AD6B53E77C34CC3'",count,2.00,
1763041320,60,cache_hit,a0c04e484a94c023aca9826524159d7f,"X'5D3A2292C5214E126AD6B53E77C34CC3'",count,9.00,
1763041320,360,cache_hit,a0c04e484a94c023aca9826524159d7f,"X'5D3A2292C5214E126AD6B53E77C34CC3'",count,28.00,
1763040960,1440,cache_hit,a0c04e484a94c023aca9826524159d7f,"X'5D3A2292C5214E126AD6B53E77C34CC3'",count,28.00,
1763032320,10080,cache_hit,a0c04e484a94c023aca9826524159d7f,"X'5D3A2292C5214E126AD6B53E77C34CC3'",count,28.00,
1763041380,60,slow_request,"[""GET"",""\/api\/v1\/products\/{slug}"",""App\\Http\\Controllers\\Api\\V1\\ProductController@show""]","X'170410E1B2CD0D9849ED32037684C3C8'",count,1.00,
1763041320,360,slow_request,"[""GET"",""\/api\/v1\/products\/{slug}"",""App\\Http\\Controllers\\Api\\V1\\ProductController@show""]","X'170410E1B2CD0D9849ED32037684C3C8'",count,2.00,
1763040960,1440,slow_request,"[""GET"",""\/api\/v1\/products\/{slug}"",""App\\Http\\Controllers\\Api\\V1\\ProductController@show""]","X'170410E1B2CD0D9849ED32037684C3C8'",count,2.00,
1763041380,60,cache_hit,a0c04e484a94c023aca9826524159d7f,"X'5D3A2292C5214E126AD6B53E77C34CC3'",count,10.00,
1763041380,60,slow_request,"[""GET"",""\/api\/v1\/products\/{slug}"",""App\\Http\\Controllers\\Api\\V1\\ProductController@show""]","X'170410E1B2CD0D9849ED32037684C3C8'",max,5222.00,
1763041320,360,slow_request,"[""GET"",""\/api\/v1\/products\/{slug}"",""App\\Http\\Controllers\\Api\\V1\\ProductController@show""]","X'170410E1B2CD0D9849ED32037684C3C8'",max,5222.00,
1763040960,1440,slow_request,"[""GET"",""\/api\/v1\/products\/{slug}"",""App\\Http\\Controllers\\Api\\V1\\ProductController@show""]","X'170410E1B2CD0D9849ED32037684C3C8'",max,5222.00,
1763041380,60,slow_request,"[""GET"",""\/api\/v1\/products\/suggested"",""App\\Http\\Controllers\\Api\\V1\\ProductController@suggested""]","X'00AA9989582D873F10B1ECD224E58185'",count,1.00,
1763041320,360,slow_request,"[""GET"",""\/api\/v1\/products\/suggested"",""App\\Http\\Controllers\\Api\\V1\\ProductController@suggested""]","X'00AA9989582D873F10B1ECD224E58185'",count,2.00,
1763040960,1440,slow_request,"[""GET"",""\/api\/v1\/products\/suggested"",""App\\Http\\Controllers\\Api\\V1\\ProductController@suggested""]","X'00AA9989582D873F10B1ECD224E58185'",count,2.00,
1763032320,10080,slow_request,"[""GET"",""\/api\/v1\/products\/suggested"",""App\\Http\\Controllers\\Api\\V1\\ProductController@suggested""]","X'00AA9989582D873F10B1ECD224E58185'",count,2.00,
1763041380,60,slow_request,"[""GET"",""\/api\/v1\/products\/suggested"",""App\\Http\\Controllers\\Api\\V1\\ProductController@suggested""]","X'00AA9989582D873F10B1ECD224E58185'",max,2913.00,
1763041320,360,slow_request,"[""GET"",""\/api\/v1\/products\/suggested"",""App\\Http\\Controllers\\Api\\V1\\ProductController@suggested""]","X'00AA9989582D873F10B1ECD224E58185'",max,2913.00,
1763040960,1440,slow_request,"[""GET"",""\/api\/v1\/products\/suggested"",""App\\Http\\Controllers\\Api\\V1\\ProductController@suggested""]","X'00AA9989582D873F10B1ECD224E58185'",max,2913.00,
1763032320,10080,slow_request,"[""GET"",""\/api\/v1\/products\/suggested"",""App\\Http\\Controllers\\Api\\V1\\ProductController@suggested""]","X'00AA9989582D873F10B1ECD224E58185'",max,2913.00,
1763041380,60,slow_request,"[""GET"",""\/api\/v1\/products\/related\/{product}"",""App\\Http\\Controllers\\Api\\V1\\ProductController@related""]","X'9F157569D1BE8FFD4B7CF53B03B79112'",count,1.00,
1763041320,360,slow_request,"[""GET"",""\/api\/v1\/products\/related\/{product}"",""App\\Http\\Controllers\\Api\\V1\\ProductController@related""]","X'9F157569D1BE8FFD4B7CF53B03B79112'",count,2.00,
1763040960,1440,slow_request,"[""GET"",""\/api\/v1\/products\/related\/{product}"",""App\\Http\\Controllers\\Api\\V1\\ProductController@related""]","X'9F157569D1BE8FFD4B7CF53B03B79112'",count,2.00,
1763032320,10080,slow_request,"[""GET"",""\/api\/v1\/products\/related\/{product}"",""App\\Http\\Controllers\\Api\\V1\\ProductController@related""]","X'9F157569D1BE8FFD4B7CF53B03B79112'",count,2.00,
1763041380,60,slow_request,"[""GET"",""\/api\/v1\/products\/related\/{product}"",""App\\Http\\Controllers\\Api\\V1\\ProductController@related""]","X'9F157569D1BE8FFD4B7CF53B03B79112'",max,3065.00,
1763041320,360,slow_request,"[""GET"",""\/api\/v1\/products\/related\/{product}"",""App\\Http\\Controllers\\Api\\V1\\ProductController@related""]","X'9F157569D1BE8FFD4B7CF53B03B79112'",max,3065.00,
1763040960,1440,slow_request,"[""GET"",""\/api\/v1\/products\/related\/{product}"",""App\\Http\\Controllers\\Api\\V1\\ProductController@related""]","X'9F157569D1BE8FFD4B7CF53B03B79112'",max,3065.00,
1763032320,10080,slow_request,"[""GET"",""\/api\/v1\/products\/related\/{product}"",""App\\Http\\Controllers\\Api\\V1\\ProductController@related""]","X'9F157569D1BE8FFD4B7CF53B03B79112'",max,3065.00,
1763041380,60,slow_request,"[""GET"",""\/api\/v1\/collection"",""App\\Http\\Controllers\\Api\\V1\\CollectionController@index""]","X'C5A70820A669030919A4ED1A6B091384'",count,2.00,
1763041320,360,slow_request,"[""GET"",""\/api\/v1\/collection"",""App\\Http\\Controllers\\Api\\V1\\CollectionController@index""]","X'C5A70820A669030919A4ED1A6B091384'",count,4.00,
1763040960,1440,slow_request,"[""GET"",""\/api\/v1\/collection"",""App\\Http\\Controllers\\Api\\V1\\CollectionController@index""]","X'C5A70820A669030919A4ED1A6B091384'",count,4.00,
1763032320,10080,slow_request,"[""GET"",""\/api\/v1\/collection"",""App\\Http\\Controllers\\Api\\V1\\CollectionController@index""]","X'C5A70820A669030919A4ED1A6B091384'",count,4.00,
1763041380,60,slow_request,"[""GET"",""\/api\/v1\/collection"",""App\\Http\\Controllers\\Api\\V1\\CollectionController@index""]","X'C5A70820A669030919A4ED1A6B091384'",max,1317.00,
1763041320,360,slow_request,"[""GET"",""\/api\/v1\/collection"",""App\\Http\\Controllers\\Api\\V1\\CollectionController@index""]","X'C5A70820A669030919A4ED1A6B091384'",max,1317.00,
1763040960,1440,slow_request,"[""GET"",""\/api\/v1\/collection"",""App\\Http\\Controllers\\Api\\V1\\CollectionController@index""]","X'C5A70820A669030919A4ED1A6B091384'",max,1317.00,
1763032320,10080,slow_request,"[""GET"",""\/api\/v1\/collection"",""App\\Http\\Controllers\\Api\\V1\\CollectionController@index""]","X'C5A70820A669030919A4ED1A6B091384'",max,1317.00,
1763041440,60,slow_request,"[""GET"",""\/api\/v1\/products\/{slug}"",""App\\Http\\Controllers\\Api\\V1\\ProductController@show""]","X'170410E1B2CD0D9849ED32037684C3C8'",count,1.00,
1763041440,60,cache_miss,a0c04e484a94c023aca9826524159d7f,"X'5D3A2292C5214E126AD6B53E77C34CC3'",count,1.00,
1763041440,60,cache_hit,a0c04e484a94c023aca9826524159d7f,"X'5D3A2292C5214E126AD6B53E77C34CC3'",count,9.00,
1763041440,60,slow_request,"[""GET"",""\/api\/v1\/products\/{slug}"",""App\\Http\\Controllers\\Api\\V1\\ProductController@show""]","X'170410E1B2CD0D9849ED32037684C3C8'",max,3596.00,
1763041440,60,slow_request,"[""GET"",""\/api\/v1\/products\/suggested"",""App\\Http\\Controllers\\Api\\V1\\ProductController@suggested""]","X'00AA9989582D873F10B1ECD224E58185'",count,1.00,
1763041440,60,slow_request,"[""GET"",""\/api\/v1\/products\/suggested"",""App\\Http\\Controllers\\Api\\V1\\ProductController@suggested""]","X'00AA9989582D873F10B1ECD224E58185'",max,1601.00,
1763041440,60,slow_request,"[""GET"",""\/api\/v1\/products\/related\/{product}"",""App\\Http\\Controllers\\Api\\V1\\ProductController@related""]","X'9F157569D1BE8FFD4B7CF53B03B79112'",count,1.00,
1763041440,60,slow_request,"[""GET"",""\/api\/v1\/products\/related\/{product}"",""App\\Http\\Controllers\\Api\\V1\\ProductController@related""]","X'9F157569D1BE8FFD4B7CF53B03B79112'",max,1636.00,
1763041440,60,slow_request,"[""GET"",""\/api\/v1\/collection"",""App\\Http\\Controllers\\Api\\V1\\CollectionController@index""]","X'C5A70820A669030919A4ED1A6B091384'",count,2.00,
1763041440,60,slow_request,"[""GET"",""\/api\/v1\/collection"",""App\\Http\\Controllers\\Api\\V1\\CollectionController@index""]","X'C5A70820A669030919A4ED1A6B091384'",max,1297.00,
1763042640,60,slow_request,"[""GET"",""\/api\/v1\/collections"",""App\\Http\\Controllers\\Api\\V1\\CollectionController@all""]","X'F0CAFB9DE9C914BAC0B8613012B749DF'",count,1.00,
1763042400,360,slow_request,"[""GET"",""\/api\/v1\/collections"",""App\\Http\\Controllers\\Api\\V1\\CollectionController@all""]","X'F0CAFB9DE9C914BAC0B8613012B749DF'",count,1.00,
1763042400,1440,slow_request,"[""GET"",""\/api\/v1\/collections"",""App\\Http\\Controllers\\Api\\V1\\CollectionController@all""]","X'F0CAFB9DE9C914BAC0B8613012B749DF'",count,1.00,
1763042400,10080,slow_request,"[""GET"",""\/api\/v1\/collections"",""App\\Http\\Controllers\\Api\\V1\\CollectionController@all""]","X'F0CAFB9DE9C914BAC0B8613012B749DF'",count,2.00,
1763042700,60,cache_miss,0a4a5f3d7ff11eb5a2ed68849b173809,"X'AEEF20EC5E32AA2F5E62A67F3181CD12'",count,1.00,
1763042400,360,cache_miss,0a4a5f3d7ff11eb5a2ed68849b173809,"X'AEEF20EC5E32AA2F5E62A67F3181CD12'",count,1.00,
1763042400,1440,cache_miss,0a4a5f3d7ff11eb5a2ed68849b173809,"X'AEEF20EC5E32AA2F5E62A67F3181CD12'",count,3.00,
1763042400,10080,cache_miss,0a4a5f3d7ff11eb5a2ed68849b173809,"X'AEEF20EC5E32AA2F5E62A67F3181CD12'",count,10.00,
1763042700,60,cache_hit,0a4a5f3d7ff11eb5a2ed68849b173809,"X'AEEF20EC5E32AA2F5E62A67F3181CD12'",count,5.00,
1763042400,360,cache_hit,0a4a5f3d7ff11eb5a2ed68849b173809,"X'AEEF20EC5E32AA2F5E62A67F3181CD12'",count,5.00,
1763042400,1440,cache_hit,0a4a5f3d7ff11eb5a2ed68849b173809,"X'AEEF20EC5E32AA2F5E62A67F3181CD12'",count,15.00,
1763042400,10080,cache_hit,0a4a5f3d7ff11eb5a2ed68849b173809,"X'AEEF20EC5E32AA2F5E62A67F3181CD12'",count,62.00,
1763042640,60,slow_request,"[""GET"",""\/api\/v1\/collections"",""App\\Http\\Controllers\\Api\\V1\\CollectionController@all""]","X'F0CAFB9DE9C914BAC0B8613012B749DF'",max,1470.00,
1763042400,360,slow_request,"[""GET"",""\/api\/v1\/collections"",""App\\Http\\Controllers\\Api\\V1\\CollectionController@all""]","X'F0CAFB9DE9C914BAC0B8613012B749DF'",max,1470.00,
1763042400,1440,slow_request,"[""GET"",""\/api\/v1\/collections"",""App\\Http\\Controllers\\Api\\V1\\CollectionController@all""]","X'F0CAFB9DE9C914BAC0B8613012B749DF'",max,1470.00,
1763042400,10080,slow_request,"[""GET"",""\/api\/v1\/collections"",""App\\Http\\Controllers\\Api\\V1\\CollectionController@all""]","X'F0CAFB9DE9C914BAC0B8613012B749DF'",max,1470.00,
1763042700,60,cache_miss,70a209b3288adec889c7b0a5b1aa0d2d,"X'5F5F66AA4719F463D8527E1A37370C05'",count,1.00,
1763042400,360,cache_miss,70a209b3288adec889c7b0a5b1aa0d2d,"X'5F5F66AA4719F463D8527E1A37370C05'",count,1.00,
1763042400,1440,cache_miss,70a209b3288adec889c7b0a5b1aa0d2d,"X'5F5F66AA4719F463D8527E1A37370C05'",count,2.00,
1763042400,10080,cache_miss,70a209b3288adec889c7b0a5b1aa0d2d,"X'5F5F66AA4719F463D8527E1A37370C05'",count,2.00,
1763042700,60,cache_hit,70a209b3288adec889c7b0a5b1aa0d2d,"X'5F5F66AA4719F463D8527E1A37370C05'",count,5.00,
1763042400,360,cache_hit,70a209b3288adec889c7b0a5b1aa0d2d,"X'5F5F66AA4719F463D8527E1A37370C05'",count,5.00,
1763042400,1440,cache_hit,70a209b3288adec889c7b0a5b1aa0d2d,"X'5F5F66AA4719F463D8527E1A37370C05'",count,10.00,
1763042400,10080,cache_hit,70a209b3288adec889c7b0a5b1aa0d2d,"X'5F5F66AA4719F463D8527E1A37370C05'",count,10.00,
1763042700,60,user_request,300,"X'94F6D7E04A4D452035300F18B984988C'",count,6.00,
1763042400,360,user_request,300,"X'94F6D7E04A4D452035300F18B984988C'",count,6.00,
1763042400,1440,user_request,300,"X'94F6D7E04A4D452035300F18B984988C'",count,9.00,
1763042400,10080,user_request,300,"X'94F6D7E04A4D452035300F18B984988C'",count,9.00,
1763042700,60,cache_miss,13322d80380af77dde3851b4fe791650,"X'0855C9407EC85A129C62063B25533A2F'",count,1.00,
1763042400,360,cache_miss,13322d80380af77dde3851b4fe791650,"X'0855C9407EC85A129C62063B25533A2F'",count,1.00,
1763042400,1440,cache_miss,13322d80380af77dde3851b4fe791650,"X'0855C9407EC85A129C62063B25533A2F'",count,2.00,
1763042400,10080,cache_miss,13322d80380af77dde3851b4fe791650,"X'0855C9407EC85A129C62063B25533A2F'",count,2.00,
1763042700,60,cache_hit,13322d80380af77dde3851b4fe791650,"X'0855C9407EC85A129C62063B25533A2F'",count,11.00,
1763042400,360,cache_hit,13322d80380af77dde3851b4fe791650,"X'0855C9407EC85A129C62063B25533A2F'",count,11.00,
1763042400,1440,cache_hit,13322d80380af77dde3851b4fe791650,"X'0855C9407EC85A129C62063B25533A2F'",count,16.00,
1763042400,10080,cache_hit,13322d80380af77dde3851b4fe791650,"X'0855C9407EC85A129C62063B25533A2F'",count,16.00,
1763042820,60,cache_miss,0a4a5f3d7ff11eb5a2ed68849b173809,"X'AEEF20EC5E32AA2F5E62A67F3181CD12'",count,1.00,
1763042760,360,cache_miss,0a4a5f3d7ff11eb5a2ed68849b173809,"X'AEEF20EC5E32AA2F5E62A67F3181CD12'",count,2.00,
1763042820,60,cache_hit,0a4a5f3d7ff11eb5a2ed68849b173809,"X'AEEF20EC5E32AA2F5E62A67F3181CD12'",count,5.00,
1763042760,360,cache_hit,0a4a5f3d7ff11eb5a2ed68849b173809,"X'AEEF20EC5E32AA2F5E62A67F3181CD12'",count,10.00,
1763043000,60,cache_miss,0a4a5f3d7ff11eb5a2ed68849b173809,"X'AEEF20EC5E32AA2F5E62A67F3181CD12'",count,1.00,
1763043000,60,cache_hit,0a4a5f3d7ff11eb5a2ed68849b173809,"X'AEEF20EC5E32AA2F5E62A67F3181CD12'",count,5.00,
1763043000,60,cache_miss,6e8e6c504b884e3b2f9be620cbecc3cc,"X'11552C0A54A907BBE080B3FFA13EDD77'",count,1.00,
1763042760,360,cache_miss,6e8e6c504b884e3b2f9be620cbecc3cc,"X'11552C0A54A907BBE080B3FFA13EDD77'",count,1.00,
1763042400,1440,cache_miss,6e8e6c504b884e3b2f9be620cbecc3cc,"X'11552C0A54A907BBE080B3FFA13EDD77'",count,1.00,
1763042400,10080,cache_miss,6e8e6c504b884e3b2f9be620cbecc3cc,"X'11552C0A54A907BBE080B3FFA13EDD77'",count,1.00,
1763043000,60,cache_hit,6e8e6c504b884e3b2f9be620cbecc3cc,"X'11552C0A54A907BBE080B3FFA13EDD77'",count,9.00,
1763042760,360,cache_hit,6e8e6c504b884e3b2f9be620cbecc3cc,"X'11552C0A54A907BBE080B3FFA13EDD77'",count,9.00,
1763042400,1440,cache_hit,6e8e6c504b884e3b2f9be620cbecc3cc,"X'11552C0A54A907BBE080B3FFA13EDD77'",count,9.00,
1763042400,10080,cache_hit,6e8e6c504b884e3b2f9be620cbecc3cc,"X'11552C0A54A907BBE080B3FFA13EDD77'",count,9.00,
1763043180,60,slow_request,"[""GET"",""\/api\/v1\/categories"",""App\\Http\\Controllers\\Api\\V1\\CategoryController@index""]","X'60374D41A7A4EB9973ABC798FC028C3D'",count,1.00,
1763043120,360,slow_request,"[""GET"",""\/api\/v1\/categories"",""App\\Http\\Controllers\\Api\\V1\\CategoryController@index""]","X'60374D41A7A4EB9973ABC798FC028C3D'",count,1.00,
1763042400,1440,slow_request,"[""GET"",""\/api\/v1\/categories"",""App\\Http\\Controllers\\Api\\V1\\CategoryController@index""]","X'60374D41A7A4EB9973ABC798FC028C3D'",count,1.00,
1763042400,10080,slow_request,"[""GET"",""\/api\/v1\/categories"",""App\\Http\\Controllers\\Api\\V1\\CategoryController@index""]","X'60374D41A7A4EB9973ABC798FC028C3D'",count,3.00,
1763043180,60,cache_miss,70a209b3288adec889c7b0a5b1aa0d2d,"X'5F5F66AA4719F463D8527E1A37370C05'",count,1.00,
1763043120,360,cache_miss,70a209b3288adec889c7b0a5b1aa0d2d,"X'5F5F66AA4719F463D8527E1A37370C05'",count,1.00,
1763043180,60,cache_hit,70a209b3288adec889c7b0a5b1aa0d2d,"X'5F5F66AA4719F463D8527E1A37370C05'",count,5.00,
1763043120,360,cache_hit,70a209b3288adec889c7b0a5b1aa0d2d,"X'5F5F66AA4719F463D8527E1A37370C05'",count,5.00,
1763043180,60,slow_request,"[""GET"",""\/api\/v1\/categories"",""App\\Http\\Controllers\\Api\\V1\\CategoryController@index""]","X'60374D41A7A4EB9973ABC798FC028C3D'",max,1455.00,
1763043120,360,slow_request,"[""GET"",""\/api\/v1\/categories"",""App\\Http\\Controllers\\Api\\V1\\CategoryController@index""]","X'60374D41A7A4EB9973ABC798FC028C3D'",max,1455.00,
1763042400,1440,slow_request,"[""GET"",""\/api\/v1\/categories"",""App\\Http\\Controllers\\Api\\V1\\CategoryController@index""]","X'60374D41A7A4EB9973ABC798FC028C3D'",max,1455.00,
1763042400,10080,slow_request,"[""GET"",""\/api\/v1\/categories"",""App\\Http\\Controllers\\Api\\V1\\CategoryController@index""]","X'60374D41A7A4EB9973ABC798FC028C3D'",max,1691.00,
1763043180,60,user_request,300,"X'94F6D7E04A4D452035300F18B984988C'",count,3.00,
1763043120,360,user_request,300,"X'94F6D7E04A4D452035300F18B984988C'",count,3.00,
1763043180,60,cache_hit,13322d80380af77dde3851b4fe791650,"X'0855C9407EC85A129C62063B25533A2F'",count,5.00,
1763043120,360,cache_hit,13322d80380af77dde3851b4fe791650,"X'0855C9407EC85A129C62063B25533A2F'",count,5.00,
1763043180,60,cache_miss,13322d80380af77dde3851b4fe791650,"X'0855C9407EC85A129C62063B25533A2F'",count,1.00,
1763043120,360,cache_miss,13322d80380af77dde3851b4fe791650,"X'0855C9407EC85A129C62063B25533A2F'",count,1.00,
1763043900,60,cache_miss,0a4a5f3d7ff11eb5a2ed68849b173809,"X'AEEF20EC5E32AA2F5E62A67F3181CD12'",count,1.00,
1763043840,360,cache_miss,0a4a5f3d7ff11eb5a2ed68849b173809,"X'AEEF20EC5E32AA2F5E62A67F3181CD12'",count,1.00,
1763043840,1440,cache_miss,0a4a5f3d7ff11eb5a2ed68849b173809,"X'AEEF20EC5E32AA2F5E62A67F3181CD12'",count,1.00,
1763043900,60,cache_hit,0a4a5f3d7ff11eb5a2ed68849b173809,"X'AEEF20EC5E32AA2F5E62A67F3181CD12'",count,5.00,
1763043840,360,cache_hit,0a4a5f3d7ff11eb5a2ed68849b173809,"X'AEEF20EC5E32AA2F5E62A67F3181CD12'",count,5.00,
1763043840,1440,cache_hit,0a4a5f3d7ff11eb5a2ed68849b173809,"X'AEEF20EC5E32AA2F5E62A67F3181CD12'",count,5.00,
1763043900,60,cache_miss,2ce628defa836b525fd8a0bd0081dbfb,"X'C309A6711C85375D93E61237BB728EDC'",count,1.00,
1763043840,360,cache_miss,2ce628defa836b525fd8a0bd0081dbfb,"X'C309A6711C85375D93E61237BB728EDC'",count,1.00,
1763043840,1440,cache_miss,2ce628defa836b525fd8a0bd0081dbfb,"X'C309A6711C85375D93E61237BB728EDC'",count,1.00,
1763042400,10080,cache_miss,2ce628defa836b525fd8a0bd0081dbfb,"X'C309A6711C85375D93E61237BB728EDC'",count,3.00,
1763043900,60,cache_hit,2ce628defa836b525fd8a0bd0081dbfb,"X'C309A6711C85375D93E61237BB728EDC'",count,9.00,
1763043840,360,cache_hit,2ce628defa836b525fd8a0bd0081dbfb,"X'C309A6711C85375D93E61237BB728EDC'",count,27.00,
1763043840,1440,cache_hit,2ce628defa836b525fd8a0bd0081dbfb,"X'C309A6711C85375D93E61237BB728EDC'",count,27.00,
1763042400,10080,cache_hit,2ce628defa836b525fd8a0bd0081dbfb,"X'C309A6711C85375D93E61237BB728EDC'",count,37.00,
1763043900,60,slow_request,"[""GET"",""\/api\/v1\/collection"",""App\\Http\\Controllers\\Api\\V1\\CollectionController@index""]","X'C5A70820A669030919A4ED1A6B091384'",count,2.00,
1763043840,360,slow_request,"[""GET"",""\/api\/v1\/collection"",""App\\Http\\Controllers\\Api\\V1\\CollectionController@index""]","X'C5A70820A669030919A4ED1A6B091384'",count,2.00,
1763043840,1440,slow_request,"[""GET"",""\/api\/v1\/collection"",""App\\Http\\Controllers\\Api\\V1\\CollectionController@index""]","X'C5A70820A669030919A4ED1A6B091384'",count,2.00,
1763042400,10080,slow_request,"[""GET"",""\/api\/v1\/collection"",""App\\Http\\Controllers\\Api\\V1\\CollectionController@index""]","X'C5A70820A669030919A4ED1A6B091384'",count,2.00,
1763043900,60,slow_request,"[""GET"",""\/api\/v1\/collection"",""App\\Http\\Controllers\\Api\\V1\\CollectionController@index""]","X'C5A70820A669030919A4ED1A6B091384'",max,1609.00,
1763043840,360,slow_request,"[""GET"",""\/api\/v1\/collection"",""App\\Http\\Controllers\\Api\\V1\\CollectionController@index""]","X'C5A70820A669030919A4ED1A6B091384'",max,1609.00,
1763043840,1440,slow_request,"[""GET"",""\/api\/v1\/collection"",""App\\Http\\Controllers\\Api\\V1\\CollectionController@index""]","X'C5A70820A669030919A4ED1A6B091384'",max,1609.00,
1763042400,10080,slow_request,"[""GET"",""\/api\/v1\/collection"",""App\\Http\\Controllers\\Api\\V1\\CollectionController@index""]","X'C5A70820A669030919A4ED1A6B091384'",max,1609.00,
1763043960,60,cache_hit,2ce628defa836b525fd8a0bd0081dbfb,"X'C309A6711C85375D93E61237BB728EDC'",count,18.00,
1763046720,60,cache_miss,0a4a5f3d7ff11eb5a2ed68849b173809,"X'AEEF20EC5E32AA2F5E62A67F3181CD12'",count,1.00,
1763046720,360,cache_miss,0a4a5f3d7ff11eb5a2ed68849b173809,"X'AEEF20EC5E32AA2F5E62A67F3181CD12'",count,1.00,
1763046720,1440,cache_miss,0a4a5f3d7ff11eb5a2ed68849b173809,"X'AEEF20EC5E32AA2F5E62A67F3181CD12'",count,2.00,
1763046720,60,cache_hit,0a4a5f3d7ff11eb5a2ed68849b173809,"X'AEEF20EC5E32AA2F5E62A67F3181CD12'",count,5.00,
1763046720,360,cache_hit,0a4a5f3d7ff11eb5a2ed68849b173809,"X'AEEF20EC5E32AA2F5E62A67F3181CD12'",count,5.00,
1763046720,1440,cache_hit,0a4a5f3d7ff11eb5a2ed68849b173809,"X'AEEF20EC5E32AA2F5E62A67F3181CD12'",count,10.00,
1763046900,60,user_request,2,"X'C81E728D9D4C2F636F067F89CC14862C'",count,3.00,
1763046720,360,user_request,2,"X'C81E728D9D4C2F636F067F89CC14862C'",count,3.00,
1763046720,1440,user_request,2,"X'C81E728D9D4C2F636F067F89CC14862C'",count,3.00,
1763042400,10080,user_request,2,"X'C81E728D9D4C2F636F067F89CC14862C'",count,3.00,
1763046900,60,cache_miss,filament-excel:exports:2,"X'6FD553FA91DAA6B8F81911C003B16325'",count,4.00,
1763046720,360,cache_miss,filament-excel:exports:2,"X'6FD553FA91DAA6B8F81911C003B16325'",count,4.00,
1763046720,1440,cache_miss,filament-excel:exports:2,"X'6FD553FA91DAA6B8F81911C003B16325'",count,4.00,
1763042400,10080,cache_miss,filament-excel:exports:2,"X'6FD553FA91DAA6B8F81911C003B16325'",count,4.00,
1763047140,60,cache_miss,0a4a5f3d7ff11eb5a2ed68849b173809,"X'AEEF20EC5E32AA2F5E62A67F3181CD12'",count,1.00,
1763047080,360,cache_miss,0a4a5f3d7ff11eb5a2ed68849b173809,"X'AEEF20EC5E32AA2F5E62A67F3181CD12'",count,1.00,
1763047140,60,cache_hit,0a4a5f3d7ff11eb5a2ed68849b173809,"X'AEEF20EC5E32AA2F5E62A67F3181CD12'",count,5.00,
1763047080,360,cache_hit,0a4a5f3d7ff11eb5a2ed68849b173809,"X'AEEF20EC5E32AA2F5E62A67F3181CD12'",count,5.00,
1763047140,60,cache_miss,c797eb0b470c3efa7ff9251d946a027c,"X'C5948FAEF3A550659363FED2D0046AE3'",count,1.00,
1763047080,360,cache_miss,c797eb0b470c3efa7ff9251d946a027c,"X'C5948FAEF3A550659363FED2D0046AE3'",count,2.00,
1763046720,1440,cache_miss,c797eb0b470c3efa7ff9251d946a027c,"X'C5948FAEF3A550659363FED2D0046AE3'",count,2.00,
1763042400,10080,cache_miss,c797eb0b470c3efa7ff9251d946a027c,"X'C5948FAEF3A550659363FED2D0046AE3'",count,2.00,
1763047140,60,cache_hit,c797eb0b470c3efa7ff9251d946a027c,"X'C5948FAEF3A550659363FED2D0046AE3'",count,9.00,
1763047080,360,cache_hit,c797eb0b470c3efa7ff9251d946a027c,"X'C5948FAEF3A550659363FED2D0046AE3'",count,38.00,
1763046720,1440,cache_hit,c797eb0b470c3efa7ff9251d946a027c,"X'C5948FAEF3A550659363FED2D0046AE3'",count,38.00,
1763042400,10080,cache_hit,c797eb0b470c3efa7ff9251d946a027c,"X'C5948FAEF3A550659363FED2D0046AE3'",count,38.00,
1763047200,60,cache_hit,c797eb0b470c3efa7ff9251d946a027c,"X'C5948FAEF3A550659363FED2D0046AE3'",count,24.00,
1763047260,60,cache_miss,c797eb0b470c3efa7ff9251d946a027c,"X'C5948FAEF3A550659363FED2D0046AE3'",count,1.00,
1763047260,60,cache_hit,c797eb0b470c3efa7ff9251d946a027c,"X'C5948FAEF3A550659363FED2D0046AE3'",count,5.00,
1763049180,60,cache_miss,fecd64437963ff099af72113103eacbf,"X'CAF685F3E623F783F97F6711990F30F3'",count,1.00,
1763048880,360,cache_miss,fecd64437963ff099af72113103eacbf,"X'CAF685F3E623F783F97F6711990F30F3'",count,1.00,
1763048160,1440,cache_miss,fecd64437963ff099af72113103eacbf,"X'CAF685F3E623F783F97F6711990F30F3'",count,1.00,
1763042400,10080,cache_miss,fecd64437963ff099af72113103eacbf,"X'CAF685F3E623F783F97F6711990F30F3'",count,1.00,
1763049180,60,cache_hit,fecd64437963ff099af72113103eacbf,"X'CAF685F3E623F783F97F6711990F30F3'",count,1.00,
1763048880,360,cache_hit,fecd64437963ff099af72113103eacbf,"X'CAF685F3E623F783F97F6711990F30F3'",count,1.00,
1763048160,1440,cache_hit,fecd64437963ff099af72113103eacbf,"X'CAF685F3E623F783F97F6711990F30F3'",count,1.00,
1763042400,10080,cache_hit,fecd64437963ff099af72113103eacbf,"X'CAF685F3E623F783F97F6711990F30F3'",count,1.00,
1763049180,60,cache_miss,ba554efa9517a20fff11ce3977b13a0b,"X'B884DCD605EAFFF0EB60184A51684E00'",count,1.00,
1763048880,360,cache_miss,ba554efa9517a20fff11ce3977b13a0b,"X'B884DCD605EAFFF0EB60184A51684E00'",count,1.00,
1763048160,1440,cache_miss,ba554efa9517a20fff11ce3977b13a0b,"X'B884DCD605EAFFF0EB60184A51684E00'",count,1.00,
1763042400,10080,cache_miss,ba554efa9517a20fff11ce3977b13a0b,"X'B884DCD605EAFFF0EB60184A51684E00'",count,1.00,
1763049180,60,cache_hit,ba554efa9517a20fff11ce3977b13a0b,"X'B884DCD605EAFFF0EB60184A51684E00'",count,1.00,
1763048880,360,cache_hit,ba554efa9517a20fff11ce3977b13a0b,"X'B884DCD605EAFFF0EB60184A51684E00'",count,1.00,
1763048160,1440,cache_hit,ba554efa9517a20fff11ce3977b13a0b,"X'B884DCD605EAFFF0EB60184A51684E00'",count,1.00,
1763042400,10080,cache_hit,ba554efa9517a20fff11ce3977b13a0b,"X'B884DCD605EAFFF0EB60184A51684E00'",count,1.00,
1763049240,60,cache_miss,0a4a5f3d7ff11eb5a2ed68849b173809,"X'AEEF20EC5E32AA2F5E62A67F3181CD12'",count,1.00,
1763049240,360,cache_miss,0a4a5f3d7ff11eb5a2ed68849b173809,"X'AEEF20EC5E32AA2F5E62A67F3181CD12'",count,2.00,
1763048160,1440,cache_miss,0a4a5f3d7ff11eb5a2ed68849b173809,"X'AEEF20EC5E32AA2F5E62A67F3181CD12'",count,2.00,
1763049240,60,cache_hit,0a4a5f3d7ff11eb5a2ed68849b173809,"X'AEEF20EC5E32AA2F5E62A67F3181CD12'",count,5.00,
1763049240,360,cache_hit,0a4a5f3d7ff11eb5a2ed68849b173809,"X'AEEF20EC5E32AA2F5E62A67F3181CD12'",count,10.00,
1763048160,1440,cache_hit,0a4a5f3d7ff11eb5a2ed68849b173809,"X'AEEF20EC5E32AA2F5E62A67F3181CD12'",count,10.00,
1763049240,60,cache_miss,13030c07dbab6457f88c288bff00d57d,"X'168B00C1DC5490D62B6D0BE2744644D0'",count,1.00,
1763049240,360,cache_miss,13030c07dbab6457f88c288bff00d57d,"X'168B00C1DC5490D62B6D0BE2744644D0'",count,1.00,
1763048160,1440,cache_miss,13030c07dbab6457f88c288bff00d57d,"X'168B00C1DC5490D62B6D0BE2744644D0'",count,1.00,
1763042400,10080,cache_miss,13030c07dbab6457f88c288bff00d57d,"X'168B00C1DC5490D62B6D0BE2744644D0'",count,1.00,
1763049240,60,cache_hit,13030c07dbab6457f88c288bff00d57d,"X'168B00C1DC5490D62B6D0BE2744644D0'",count,5.00,
1763049240,360,cache_hit,13030c07dbab6457f88c288bff00d57d,"X'168B00C1DC5490D62B6D0BE2744644D0'",count,5.00,
1763048160,1440,cache_hit,13030c07dbab6457f88c288bff00d57d,"X'168B00C1DC5490D62B6D0BE2744644D0'",count,5.00,
1763042400,10080,cache_hit,13030c07dbab6457f88c288bff00d57d,"X'168B00C1DC5490D62B6D0BE2744644D0'",count,5.00,
1763049360,60,slow_request,"[""GET"",""\/api\/v1\/collections"",""App\\Http\\Controllers\\Api\\V1\\CollectionController@all""]","X'F0CAFB9DE9C914BAC0B8613012B749DF'",count,1.00,
1763049240,360,slow_request,"[""GET"",""\/api\/v1\/collections"",""App\\Http\\Controllers\\Api\\V1\\CollectionController@all""]","X'F0CAFB9DE9C914BAC0B8613012B749DF'",count,1.00,
1763048160,1440,slow_request,"[""GET"",""\/api\/v1\/collections"",""App\\Http\\Controllers\\Api\\V1\\CollectionController@all""]","X'F0CAFB9DE9C914BAC0B8613012B749DF'",count,1.00,
1763049360,60,cache_miss,0a4a5f3d7ff11eb5a2ed68849b173809,"X'AEEF20EC5E32AA2F5E62A67F3181CD12'",count,1.00,
1763049360,60,cache_hit,0a4a5f3d7ff11eb5a2ed68849b173809,"X'AEEF20EC5E32AA2F5E62A67F3181CD12'",count,5.00,
1763049360,60,slow_request,"[""GET"",""\/api\/v1\/collections"",""App\\Http\\Controllers\\Api\\V1\\CollectionController@all""]","X'F0CAFB9DE9C914BAC0B8613012B749DF'",max,1263.00,
1763049240,360,slow_request,"[""GET"",""\/api\/v1\/collections"",""App\\Http\\Controllers\\Api\\V1\\CollectionController@all""]","X'F0CAFB9DE9C914BAC0B8613012B749DF'",max,1263.00,
1763048160,1440,slow_request,"[""GET"",""\/api\/v1\/collections"",""App\\Http\\Controllers\\Api\\V1\\CollectionController@all""]","X'F0CAFB9DE9C914BAC0B8613012B749DF'",max,1263.00,
1763049360,60,cache_miss,d6bbe6726d9fd54aa6987f60d10c0387,"X'F665528079E48D1DDF591934F44DC686'",count,1.00,
1763049240,360,cache_miss,d6bbe6726d9fd54aa6987f60d10c0387,"X'F665528079E48D1DDF591934F44DC686'",count,2.00,
1763048160,1440,cache_miss,d6bbe6726d9fd54aa6987f60d10c0387,"X'F665528079E48D1DDF591934F44DC686'",count,2.00,
1763042400,10080,cache_miss,d6bbe6726d9fd54aa6987f60d10c0387,"X'F665528079E48D1DDF591934F44DC686'",count,2.00,
1763049360,60,cache_hit,d6bbe6726d9fd54aa6987f60d10c0387,"X'F665528079E48D1DDF591934F44DC686'",count,5.00,
1763049240,360,cache_hit,d6bbe6726d9fd54aa6987f60d10c0387,"X'F665528079E48D1DDF591934F44DC686'",count,18.00,
1763048160,1440,cache_hit,d6bbe6726d9fd54aa6987f60d10c0387,"X'F665528079E48D1DDF591934F44DC686'",count,18.00,
1763042400,10080,cache_hit,d6bbe6726d9fd54aa6987f60d10c0387,"X'F665528079E48D1DDF591934F44DC686'",count,18.00,
1763049360,60,slow_request,"[""GET"",""\/api\/v1\/categories"",""App\\Http\\Controllers\\Api\\V1\\CategoryController@index""]","X'60374D41A7A4EB9973ABC798FC028C3D'",count,1.00,
1763049240,360,slow_request,"[""GET"",""\/api\/v1\/categories"",""App\\Http\\Controllers\\Api\\V1\\CategoryController@index""]","X'60374D41A7A4EB9973ABC798FC028C3D'",count,1.00,
1763048160,1440,slow_request,"[""GET"",""\/api\/v1\/categories"",""App\\Http\\Controllers\\Api\\V1\\CategoryController@index""]","X'60374D41A7A4EB9973ABC798FC028C3D'",count,1.00,
1763049360,60,slow_request,"[""GET"",""\/api\/v1\/categories"",""App\\Http\\Controllers\\Api\\V1\\CategoryController@index""]","X'60374D41A7A4EB9973ABC798FC028C3D'",max,1686.00,
1763049240,360,slow_request,"[""GET"",""\/api\/v1\/categories"",""App\\Http\\Controllers\\Api\\V1\\CategoryController@index""]","X'60374D41A7A4EB9973ABC798FC028C3D'",max,1686.00,
1763048160,1440,slow_request,"[""GET"",""\/api\/v1\/categories"",""App\\Http\\Controllers\\Api\\V1\\CategoryController@index""]","X'60374D41A7A4EB9973ABC798FC028C3D'",max,1686.00,
1763049420,60,cache_hit,d6bbe6726d9fd54aa6987f60d10c0387,"X'F665528079E48D1DDF591934F44DC686'",count,13.00,
1763049420,60,slow_request,"[""GET"",""\/api\/v1\/products\/{slug}"",""App\\Http\\Controllers\\Api\\V1\\ProductController@show""]","X'170410E1B2CD0D9849ED32037684C3C8'",count,1.00,
1763049240,360,slow_request,"[""GET"",""\/api\/v1\/products\/{slug}"",""App\\Http\\Controllers\\Api\\V1\\ProductController@show""]","X'170410E1B2CD0D9849ED32037684C3C8'",count,1.00,
1763048160,1440,slow_request,"[""GET"",""\/api\/v1\/products\/{slug}"",""App\\Http\\Controllers\\Api\\V1\\ProductController@show""]","X'170410E1B2CD0D9849ED32037684C3C8'",count,1.00,
1763042400,10080,slow_request,"[""GET"",""\/api\/v1\/products\/{slug}"",""App\\Http\\Controllers\\Api\\V1\\ProductController@show""]","X'170410E1B2CD0D9849ED32037684C3C8'",count,2.00,
1763049420,60,cache_miss,d6bbe6726d9fd54aa6987f60d10c0387,"X'F665528079E48D1DDF591934F44DC686'",count,1.00,
1763049420,60,slow_request,"[""GET"",""\/api\/v1\/products\/{slug}"",""App\\Http\\Controllers\\Api\\V1\\ProductController@show""]","X'170410E1B2CD0D9849ED32037684C3C8'",max,1382.00,
1763049240,360,slow_request,"[""GET"",""\/api\/v1\/products\/{slug}"",""App\\Http\\Controllers\\Api\\V1\\ProductController@show""]","X'170410E1B2CD0D9849ED32037684C3C8'",max,1382.00,
1763048160,1440,slow_request,"[""GET"",""\/api\/v1\/products\/{slug}"",""App\\Http\\Controllers\\Api\\V1\\ProductController@show""]","X'170410E1B2CD0D9849ED32037684C3C8'",max,1382.00,
1763042400,10080,slow_request,"[""GET"",""\/api\/v1\/products\/{slug}"",""App\\Http\\Controllers\\Api\\V1\\ProductController@show""]","X'170410E1B2CD0D9849ED32037684C3C8'",max,1763.00,
1763051460,60,cache_miss,0a4a5f3d7ff11eb5a2ed68849b173809,"X'AEEF20EC5E32AA2F5E62A67F3181CD12'",count,1.00,
1763051400,360,cache_miss,0a4a5f3d7ff11eb5a2ed68849b173809,"X'AEEF20EC5E32AA2F5E62A67F3181CD12'",count,1.00,
1763051040,1440,cache_miss,0a4a5f3d7ff11eb5a2ed68849b173809,"X'AEEF20EC5E32AA2F5E62A67F3181CD12'",count,2.00,
1763051460,60,cache_hit,0a4a5f3d7ff11eb5a2ed68849b173809,"X'AEEF20EC5E32AA2F5E62A67F3181CD12'",count,11.00,
1763051400,360,cache_hit,0a4a5f3d7ff11eb5a2ed68849b173809,"X'AEEF20EC5E32AA2F5E62A67F3181CD12'",count,11.00,
1763051040,1440,cache_hit,0a4a5f3d7ff11eb5a2ed68849b173809,"X'AEEF20EC5E32AA2F5E62A67F3181CD12'",count,22.00,
1763051460,60,cache_miss,bc5b89eed7a0d874dc0f467c5e7ce7db,"X'6CD56BF520EF02C5C2CDFF78A2995A70'",count,1.00,
1763051400,360,cache_miss,bc5b89eed7a0d874dc0f467c5e7ce7db,"X'6CD56BF520EF02C5C2CDFF78A2995A70'",count,1.00,
1763051040,1440,cache_miss,bc5b89eed7a0d874dc0f467c5e7ce7db,"X'6CD56BF520EF02C5C2CDFF78A2995A70'",count,1.00,
1763042400,10080,cache_miss,bc5b89eed7a0d874dc0f467c5e7ce7db,"X'6CD56BF520EF02C5C2CDFF78A2995A70'",count,1.00,
1763051460,60,cache_hit,bc5b89eed7a0d874dc0f467c5e7ce7db,"X'6CD56BF520EF02C5C2CDFF78A2995A70'",count,13.00,
1763051400,360,cache_hit,bc5b89eed7a0d874dc0f467c5e7ce7db,"X'6CD56BF520EF02C5C2CDFF78A2995A70'",count,17.00,
1763051040,1440,cache_hit,bc5b89eed7a0d874dc0f467c5e7ce7db,"X'6CD56BF520EF02C5C2CDFF78A2995A70'",count,17.00,
1763042400,10080,cache_hit,bc5b89eed7a0d874dc0f467c5e7ce7db,"X'6CD56BF520EF02C5C2CDFF78A2995A70'",count,17.00,
1763051460,60,user_request,929,"X'0D0871F0806EAE32D30983B62252DA50'",count,1.00,
1763051400,360,user_request,929,"X'0D0871F0806EAE32D30983B62252DA50'",count,1.00,
1763051040,1440,user_request,929,"X'0D0871F0806EAE32D30983B62252DA50'",count,1.00,
1763042400,10080,user_request,929,"X'0D0871F0806EAE32D30983B62252DA50'",count,1.00,
1763051460,60,cache_miss,094bed8391524d03e080f008034b4440,"X'FE513A456528CD7324DA29069CB39C73'",count,1.00,
1763051400,360,cache_miss,094bed8391524d03e080f008034b4440,"X'FE513A456528CD7324DA29069CB39C73'",count,1.00,
1763051040,1440,cache_miss,094bed8391524d03e080f008034b4440,"X'FE513A456528CD7324DA29069CB39C73'",count,1.00,
1763042400,10080,cache_miss,094bed8391524d03e080f008034b4440,"X'FE513A456528CD7324DA29069CB39C73'",count,1.00,
1763051460,60,cache_hit,094bed8391524d03e080f008034b4440,"X'FE513A456528CD7324DA29069CB39C73'",count,1.00,
1763051400,360,cache_hit,094bed8391524d03e080f008034b4440,"X'FE513A456528CD7324DA29069CB39C73'",count,1.00,
1763051040,1440,cache_hit,094bed8391524d03e080f008034b4440,"X'FE513A456528CD7324DA29069CB39C73'",count,1.00,
1763042400,10080,cache_hit,094bed8391524d03e080f008034b4440,"X'FE513A456528CD7324DA29069CB39C73'",count,1.00,
1763051520,60,cache_hit,bc5b89eed7a0d874dc0f467c5e7ce7db,"X'6CD56BF520EF02C5C2CDFF78A2995A70'",count,4.00,
1763051940,60,slow_request,"[""GET"",""\/api\/v1\/categories"",""App\\Http\\Controllers\\Api\\V1\\CategoryController@index""]","X'60374D41A7A4EB9973ABC798FC028C3D'",count,1.00,
1763051760,360,slow_request,"[""GET"",""\/api\/v1\/categories"",""App\\Http\\Controllers\\Api\\V1\\CategoryController@index""]","X'60374D41A7A4EB9973ABC798FC028C3D'",count,1.00,
1763051040,1440,slow_request,"[""GET"",""\/api\/v1\/categories"",""App\\Http\\Controllers\\Api\\V1\\CategoryController@index""]","X'60374D41A7A4EB9973ABC798FC028C3D'",count,1.00,
1763051940,60,cache_miss,2ce628defa836b525fd8a0bd0081dbfb,"X'C309A6711C85375D93E61237BB728EDC'",count,2.00,
1763051760,360,cache_miss,2ce628defa836b525fd8a0bd0081dbfb,"X'C309A6711C85375D93E61237BB728EDC'",count,2.00,
1763051040,1440,cache_miss,2ce628defa836b525fd8a0bd0081dbfb,"X'C309A6711C85375D93E61237BB728EDC'",count,2.00,
1763051940,60,cache_hit,2ce628defa836b525fd8a0bd0081dbfb,"X'C309A6711C85375D93E61237BB728EDC'",count,10.00,
1763051760,360,cache_hit,2ce628defa836b525fd8a0bd0081dbfb,"X'C309A6711C85375D93E61237BB728EDC'",count,10.00,
1763051040,1440,cache_hit,2ce628defa836b525fd8a0bd0081dbfb,"X'C309A6711C85375D93E61237BB728EDC'",count,10.00,
1763051940,60,slow_request,"[""GET"",""\/api\/v1\/categories"",""App\\Http\\Controllers\\Api\\V1\\CategoryController@index""]","X'60374D41A7A4EB9973ABC798FC028C3D'",max,1691.00,
1763051760,360,slow_request,"[""GET"",""\/api\/v1\/categories"",""App\\Http\\Controllers\\Api\\V1\\CategoryController@index""]","X'60374D41A7A4EB9973ABC798FC028C3D'",max,1691.00,
1763051040,1440,slow_request,"[""GET"",""\/api\/v1\/categories"",""App\\Http\\Controllers\\Api\\V1\\CategoryController@index""]","X'60374D41A7A4EB9973ABC798FC028C3D'",max,1691.00,
1763051940,60,slow_request,"[""GET"",""\/api\/v1\/products\/{slug}"",""App\\Http\\Controllers\\Api\\V1\\ProductController@show""]","X'170410E1B2CD0D9849ED32037684C3C8'",count,1.00,
1763051760,360,slow_request,"[""GET"",""\/api\/v1\/products\/{slug}"",""App\\Http\\Controllers\\Api\\V1\\ProductController@show""]","X'170410E1B2CD0D9849ED32037684C3C8'",count,1.00,
1763051040,1440,slow_request,"[""GET"",""\/api\/v1\/products\/{slug}"",""App\\Http\\Controllers\\Api\\V1\\ProductController@show""]","X'170410E1B2CD0D9849ED32037684C3C8'",count,1.00,
1763051940,60,slow_request,"[""GET"",""\/api\/v1\/products\/{slug}"",""App\\Http\\Controllers\\Api\\V1\\ProductController@show""]","X'170410E1B2CD0D9849ED32037684C3C8'",max,1763.00,
1763051760,360,slow_request,"[""GET"",""\/api\/v1\/products\/{slug}"",""App\\Http\\Controllers\\Api\\V1\\ProductController@show""]","X'170410E1B2CD0D9849ED32037684C3C8'",max,1763.00,
1763051040,1440,slow_request,"[""GET"",""\/api\/v1\/products\/{slug}"",""App\\Http\\Controllers\\Api\\V1\\ProductController@show""]","X'170410E1B2CD0D9849ED32037684C3C8'",max,1763.00,
1763052300,60,cache_miss,0a4a5f3d7ff11eb5a2ed68849b173809,"X'AEEF20EC5E32AA2F5E62A67F3181CD12'",count,1.00,
1763052120,360,cache_miss,0a4a5f3d7ff11eb5a2ed68849b173809,"X'AEEF20EC5E32AA2F5E62A67F3181CD12'",count,1.00,
1763052300,60,cache_hit,0a4a5f3d7ff11eb5a2ed68849b173809,"X'AEEF20EC5E32AA2F5E62A67F3181CD12'",count,11.00,
1763052120,360,cache_hit,0a4a5f3d7ff11eb5a2ed68849b173809,"X'AEEF20EC5E32AA2F5E62A67F3181CD12'",count,11.00,
1763053620,60,cache_miss,0a4a5f3d7ff11eb5a2ed68849b173809,"X'AEEF20EC5E32AA2F5E62A67F3181CD12'",count,1.00,
1763053560,360,cache_miss,0a4a5f3d7ff11eb5a2ed68849b173809,"X'AEEF20EC5E32AA2F5E62A67F3181CD12'",count,1.00,
1763052480,1440,cache_miss,0a4a5f3d7ff11eb5a2ed68849b173809,"X'AEEF20EC5E32AA2F5E62A67F3181CD12'",count,1.00,
1763052480,10080,cache_miss,0a4a5f3d7ff11eb5a2ed68849b173809,"X'AEEF20EC5E32AA2F5E62A67F3181CD12'",count,5.00,
1763053620,60,cache_hit,0a4a5f3d7ff11eb5a2ed68849b173809,"X'AEEF20EC5E32AA2F5E62A67F3181CD12'",count,5.00,
1763053560,360,cache_hit,0a4a5f3d7ff11eb5a2ed68849b173809,"X'AEEF20EC5E32AA2F5E62A67F3181CD12'",count,5.00,
1763052480,1440,cache_hit,0a4a5f3d7ff11eb5a2ed68849b173809,"X'AEEF20EC5E32AA2F5E62A67F3181CD12'",count,5.00,
1763052480,10080,cache_hit,0a4a5f3d7ff11eb5a2ed68849b173809,"X'AEEF20EC5E32AA2F5E62A67F3181CD12'",count,31.00,
1763053620,60,cache_miss,ccac99047b13ed1ec6937db59ca83e79,"X'8F28B8554052EFA8F58B0F76DEE913FA'",count,1.00,
1763053560,360,cache_miss,ccac99047b13ed1ec6937db59ca83e79,"X'8F28B8554052EFA8F58B0F76DEE913FA'",count,3.00,
1763052480,1440,cache_miss,ccac99047b13ed1ec6937db59ca83e79,"X'8F28B8554052EFA8F58B0F76DEE913FA'",count,3.00,
1763052480,10080,cache_miss,ccac99047b13ed1ec6937db59ca83e79,"X'8F28B8554052EFA8F58B0F76DEE913FA'",count,3.00,
1763053620,60,cache_hit,ccac99047b13ed1ec6937db59ca83e79,"X'8F28B8554052EFA8F58B0F76DEE913FA'",count,19.00,
1763053560,360,cache_hit,ccac99047b13ed1ec6937db59ca83e79,"X'8F28B8554052EFA8F58B0F76DEE913FA'",count,47.00,
1763052480,1440,cache_hit,ccac99047b13ed1ec6937db59ca83e79,"X'8F28B8554052EFA8F58B0F76DEE913FA'",count,47.00,
1763052480,10080,cache_hit,ccac99047b13ed1ec6937db59ca83e79,"X'8F28B8554052EFA8F58B0F76DEE913FA'",count,47.00,
1763053680,60,cache_miss,ccac99047b13ed1ec6937db59ca83e79,"X'8F28B8554052EFA8F58B0F76DEE913FA'",count,1.00,
1763053680,60,cache_hit,ccac99047b13ed1ec6937db59ca83e79,"X'8F28B8554052EFA8F58B0F76DEE913FA'",count,19.00,
1763053740,60,cache_hit,ccac99047b13ed1ec6937db59ca83e79,"X'8F28B8554052EFA8F58B0F76DEE913FA'",count,9.00,
1763053740,60,cache_miss,ccac99047b13ed1ec6937db59ca83e79,"X'8F28B8554052EFA8F58B0F76DEE913FA'",count,1.00,
1763053800,60,cache_miss,9cc8d797e95295adee27f823ffe7bb35,"X'0FF80FF57E5A61AA9304D6CB8CE89847'",count,1.00,
1763053560,360,cache_miss,9cc8d797e95295adee27f823ffe7bb35,"X'0FF80FF57E5A61AA9304D6CB8CE89847'",count,1.00,
1763052480,1440,cache_miss,9cc8d797e95295adee27f823ffe7bb35,"X'0FF80FF57E5A61AA9304D6CB8CE89847'",count,1.00,
1763052480,10080,cache_miss,9cc8d797e95295adee27f823ffe7bb35,"X'0FF80FF57E5A61AA9304D6CB8CE89847'",count,1.00,
1763053800,60,cache_hit,9cc8d797e95295adee27f823ffe7bb35,"X'0FF80FF57E5A61AA9304D6CB8CE89847'",count,5.00,
1763053560,360,cache_hit,9cc8d797e95295adee27f823ffe7bb35,"X'0FF80FF57E5A61AA9304D6CB8CE89847'",count,5.00,
1763052480,1440,cache_hit,9cc8d797e95295adee27f823ffe7bb35,"X'0FF80FF57E5A61AA9304D6CB8CE89847'",count,5.00,
1763052480,10080,cache_hit,9cc8d797e95295adee27f823ffe7bb35,"X'0FF80FF57E5A61AA9304D6CB8CE89847'",count,5.00,
1763054100,60,cache_miss,ba554efa9517a20fff11ce3977b13a0b,"X'B884DCD605EAFFF0EB60184A51684E00'",count,1.00,
1763053920,360,cache_miss,ba554efa9517a20fff11ce3977b13a0b,"X'B884DCD605EAFFF0EB60184A51684E00'",count,1.00,
1763053920,1440,cache_miss,ba554efa9517a20fff11ce3977b13a0b,"X'B884DCD605EAFFF0EB60184A51684E00'",count,1.00,
1763052480,10080,cache_miss,ba554efa9517a20fff11ce3977b13a0b,"X'B884DCD605EAFFF0EB60184A51684E00'",count,2.00,
1763054100,60,cache_hit,ba554efa9517a20fff11ce3977b13a0b,"X'B884DCD605EAFFF0EB60184A51684E00'",count,3.00,
1763053920,360,cache_hit,ba554efa9517a20fff11ce3977b13a0b,"X'B884DCD605EAFFF0EB60184A51684E00'",count,3.00,
1763053920,1440,cache_hit,ba554efa9517a20fff11ce3977b13a0b,"X'B884DCD605EAFFF0EB60184A51684E00'",count,3.00,
1763052480,10080,cache_hit,ba554efa9517a20fff11ce3977b13a0b,"X'B884DCD605EAFFF0EB60184A51684E00'",count,4.00,
1763054100,60,cache_miss,fecd64437963ff099af72113103eacbf,"X'CAF685F3E623F783F97F6711990F30F3'",count,1.00,
1763053920,360,cache_miss,fecd64437963ff099af72113103eacbf,"X'CAF685F3E623F783F97F6711990F30F3'",count,1.00,
1763053920,1440,cache_miss,fecd64437963ff099af72113103eacbf,"X'CAF685F3E623F783F97F6711990F30F3'",count,1.00,
1763052480,10080,cache_miss,fecd64437963ff099af72113103eacbf,"X'CAF685F3E623F783F97F6711990F30F3'",count,2.00,
1763054100,60,cache_hit,fecd64437963ff099af72113103eacbf,"X'CAF685F3E623F783F97F6711990F30F3'",count,3.00,
1763053920,360,cache_hit,fecd64437963ff099af72113103eacbf,"X'CAF685F3E623F783F97F6711990F30F3'",count,3.00,
1763053920,1440,cache_hit,fecd64437963ff099af72113103eacbf,"X'CAF685F3E623F783F97F6711990F30F3'",count,3.00,
1763052480,10080,cache_hit,fecd64437963ff099af72113103eacbf,"X'CAF685F3E623F783F97F6711990F30F3'",count,4.00,
1763055120,60,cache_miss,0a4a5f3d7ff11eb5a2ed68849b173809,"X'AEEF20EC5E32AA2F5E62A67F3181CD12'",count,1.00,
1763055000,360,cache_miss,0a4a5f3d7ff11eb5a2ed68849b173809,"X'AEEF20EC5E32AA2F5E62A67F3181CD12'",count,1.00,
1763053920,1440,cache_miss,0a4a5f3d7ff11eb5a2ed68849b173809,"X'AEEF20EC5E32AA2F5E62A67F3181CD12'",count,1.00,
1763055120,60,cache_hit,0a4a5f3d7ff11eb5a2ed68849b173809,"X'AEEF20EC5E32AA2F5E62A67F3181CD12'",count,11.00,
1763055000,360,cache_hit,0a4a5f3d7ff11eb5a2ed68849b173809,"X'AEEF20EC5E32AA2F5E62A67F3181CD12'",count,11.00,
1763053920,1440,cache_hit,0a4a5f3d7ff11eb5a2ed68849b173809,"X'AEEF20EC5E32AA2F5E62A67F3181CD12'",count,11.00,
1763055120,60,cache_miss,e9f419379a8176ca3ff253d9c1a27c08,"X'0FCCB1728D4F5EEC97D56AD6B458C2A8'",count,1.00,
1763055000,360,cache_miss,e9f419379a8176ca3ff253d9c1a27c08,"X'0FCCB1728D4F5EEC97D56AD6B458C2A8'",count,3.00,
1763053920,1440,cache_miss,e9f419379a8176ca3ff253d9c1a27c08,"X'0FCCB1728D4F5EEC97D56AD6B458C2A8'",count,3.00,
1763052480,10080,cache_miss,e9f419379a8176ca3ff253d9c1a27c08,"X'0FCCB1728D4F5EEC97D56AD6B458C2A8'",count,3.00,
1763055120,60,cache_hit,e9f419379a8176ca3ff253d9c1a27c08,"X'0FCCB1728D4F5EEC97D56AD6B458C2A8'",count,11.00,
1763055000,360,cache_hit,e9f419379a8176ca3ff253d9c1a27c08,"X'0FCCB1728D4F5EEC97D56AD6B458C2A8'",count,39.00,
1763053920,1440,cache_hit,e9f419379a8176ca3ff253d9c1a27c08,"X'0FCCB1728D4F5EEC97D56AD6B458C2A8'",count,39.00,
1763052480,10080,cache_hit,e9f419379a8176ca3ff253d9c1a27c08,"X'0FCCB1728D4F5EEC97D56AD6B458C2A8'",count,39.00,
1763055180,60,cache_hit,e9f419379a8176ca3ff253d9c1a27c08,"X'0FCCB1728D4F5EEC97D56AD6B458C2A8'",count,28.00,
1763055180,60,cache_miss,e9f419379a8176ca3ff253d9c1a27c08,"X'0FCCB1728D4F5EEC97D56AD6B458C2A8'",count,2.00,
1763056920,60,cache_miss,0a4a5f3d7ff11eb5a2ed68849b173809,"X'AEEF20EC5E32AA2F5E62A67F3181CD12'",count,1.00,
1763056800,360,cache_miss,0a4a5f3d7ff11eb5a2ed68849b173809,"X'AEEF20EC5E32AA2F5E62A67F3181CD12'",count,1.00,
1763056800,1440,cache_miss,0a4a5f3d7ff11eb5a2ed68849b173809,"X'AEEF20EC5E32AA2F5E62A67F3181CD12'",count,1.00,
1763056920,60,cache_hit,0a4a5f3d7ff11eb5a2ed68849b173809,"X'AEEF20EC5E32AA2F5E62A67F3181CD12'",count,5.00,
1763056800,360,cache_hit,0a4a5f3d7ff11eb5a2ed68849b173809,"X'AEEF20EC5E32AA2F5E62A67F3181CD12'",count,5.00,
1763056800,1440,cache_hit,0a4a5f3d7ff11eb5a2ed68849b173809,"X'AEEF20EC5E32AA2F5E62A67F3181CD12'",count,5.00,
1763059200,60,cache_miss,0a4a5f3d7ff11eb5a2ed68849b173809,"X'AEEF20EC5E32AA2F5E62A67F3181CD12'",count,1.00,
1763058960,360,cache_miss,0a4a5f3d7ff11eb5a2ed68849b173809,"X'AEEF20EC5E32AA2F5E62A67F3181CD12'",count,2.00,
1763058240,1440,cache_miss,0a4a5f3d7ff11eb5a2ed68849b173809,"X'AEEF20EC5E32AA2F5E62A67F3181CD12'",count,2.00,
1763059200,60,cache_hit,0a4a5f3d7ff11eb5a2ed68849b173809,"X'AEEF20EC5E32AA2F5E62A67F3181CD12'",count,5.00,
1763058960,360,cache_hit,0a4a5f3d7ff11eb5a2ed68849b173809,"X'AEEF20EC5E32AA2F5E62A67F3181CD12'",count,10.00,
1763058240,1440,cache_hit,0a4a5f3d7ff11eb5a2ed68849b173809,"X'AEEF20EC5E32AA2F5E62A67F3181CD12'",count,10.00,
1763059200,60,cache_miss,9d751bc87640e83d254e75cc369b24f8,"X'E4005DE530D6F4C9103072358EE14D3F'",count,1.00,
1763058960,360,cache_miss,9d751bc87640e83d254e75cc369b24f8,"X'E4005DE530D6F4C9103072358EE14D3F'",count,1.00,
1763058240,1440,cache_miss,9d751bc87640e83d254e75cc369b24f8,"X'E4005DE530D6F4C9103072358EE14D3F'",count,1.00,
1763052480,10080,cache_miss,9d751bc87640e83d254e75cc369b24f8,"X'E4005DE530D6F4C9103072358EE14D3F'",count,1.00,
1763059200,60,cache_hit,9d751bc87640e83d254e75cc369b24f8,"X'E4005DE530D6F4C9103072358EE14D3F'",count,9.00,
1763058960,360,cache_hit,9d751bc87640e83d254e75cc369b24f8,"X'E4005DE530D6F4C9103072358EE14D3F'",count,9.00,
1763058240,1440,cache_hit,9d751bc87640e83d254e75cc369b24f8,"X'E4005DE530D6F4C9103072358EE14D3F'",count,9.00,
1763052480,10080,cache_hit,9d751bc87640e83d254e75cc369b24f8,"X'E4005DE530D6F4C9103072358EE14D3F'",count,9.00,
1763059260,60,cache_miss,0a4a5f3d7ff11eb5a2ed68849b173809,"X'AEEF20EC5E32AA2F5E62A67F3181CD12'",count,1.00,
1763059260,60,cache_hit,0a4a5f3d7ff11eb5a2ed68849b173809,"X'AEEF20EC5E32AA2F5E62A67F3181CD12'",count,5.00,
1763059920,60,cache_miss,9644dec37946bcc878b24c35c5eb2a8e,"X'9290FEFDDE6121387DDF6410A3427EFE'",count,1.00,
1763059680,360,cache_miss,9644dec37946bcc878b24c35c5eb2a8e,"X'9290FEFDDE6121387DDF6410A3427EFE'",count,1.00,
1763059680,1440,cache_miss,9644dec37946bcc878b24c35c5eb2a8e,"X'9290FEFDDE6121387DDF6410A3427EFE'",count,2.00,
1763052480,10080,cache_miss,9644dec37946bcc878b24c35c5eb2a8e,"X'9290FEFDDE6121387DDF6410A3427EFE'",count,2.00,
1763059920,60,cache_hit,9644dec37946bcc878b24c35c5eb2a8e,"X'9290FEFDDE6121387DDF6410A3427EFE'",count,11.00,
1763059680,360,cache_hit,9644dec37946bcc878b24c35c5eb2a8e,"X'9290FEFDDE6121387DDF6410A3427EFE'",count,11.00,
1763059680,1440,cache_hit,9644dec37946bcc878b24c35c5eb2a8e,"X'9290FEFDDE6121387DDF6410A3427EFE'",count,42.00,
1763052480,10080,cache_hit,9644dec37946bcc878b24c35c5eb2a8e,"X'9290FEFDDE6121387DDF6410A3427EFE'",count,42.00,
1763060100,60,cache_miss,9644dec37946bcc878b24c35c5eb2a8e,"X'9290FEFDDE6121387DDF6410A3427EFE'",count,1.00,
1763060040,360,cache_miss,9644dec37946bcc878b24c35c5eb2a8e,"X'9290FEFDDE6121387DDF6410A3427EFE'",count,1.00,
1763060100,60,cache_hit,9644dec37946bcc878b24c35c5eb2a8e,"X'9290FEFDDE6121387DDF6410A3427EFE'",count,31.00,
1763060040,360,cache_hit,9644dec37946bcc878b24c35c5eb2a8e,"X'9290FEFDDE6121387DDF6410A3427EFE'",count,31.00,
1763060580,60,cache_miss,ba554efa9517a20fff11ce3977b13a0b,"X'B884DCD605EAFFF0EB60184A51684E00'",count,1.00,
1763060400,360,cache_miss,ba554efa9517a20fff11ce3977b13a0b,"X'B884DCD605EAFFF0EB60184A51684E00'",count,1.00,
1763059680,1440,cache_miss,ba554efa9517a20fff11ce3977b13a0b,"X'B884DCD605EAFFF0EB60184A51684E00'",count,1.00,
1763060580,60,cache_hit,ba554efa9517a20fff11ce3977b13a0b,"X'B884DCD605EAFFF0EB60184A51684E00'",count,1.00,
1763060400,360,cache_hit,ba554efa9517a20fff11ce3977b13a0b,"X'B884DCD605EAFFF0EB60184A51684E00'",count,1.00,
1763059680,1440,cache_hit,ba554efa9517a20fff11ce3977b13a0b,"X'B884DCD605EAFFF0EB60184A51684E00'",count,1.00,
1763060580,60,cache_miss,fecd64437963ff099af72113103eacbf,"X'CAF685F3E623F783F97F6711990F30F3'",count,1.00,
1763060400,360,cache_miss,fecd64437963ff099af72113103eacbf,"X'CAF685F3E623F783F97F6711990F30F3'",count,1.00,
1763059680,1440,cache_miss,fecd64437963ff099af72113103eacbf,"X'CAF685F3E623F783F97F6711990F30F3'",count,1.00,
1763060580,60,cache_hit,fecd64437963ff099af72113103eacbf,"X'CAF685F3E623F783F97F6711990F30F3'",count,1.00,
1763060400,360,cache_hit,fecd64437963ff099af72113103eacbf,"X'CAF685F3E623F783F97F6711990F30F3'",count,1.00,
1763059680,1440,cache_hit,fecd64437963ff099af72113103eacbf,"X'CAF685F3E623F783F97F6711990F30F3'",count,1.00,
1763060580,60,cache_miss,788c7a22017d841a7e9b8290a08ed86e,"X'6221AEE368DA8E088BCCFF5DF36A2AD2'",count,1.00,
1763060400,360,cache_miss,788c7a22017d841a7e9b8290a08ed86e,"X'6221AEE368DA8E088BCCFF5DF36A2AD2'",count,1.00,
1763059680,1440,cache_miss,788c7a22017d841a7e9b8290a08ed86e,"X'6221AEE368DA8E088BCCFF5DF36A2AD2'",count,1.00,
1763052480,10080,cache_miss,788c7a22017d841a7e9b8290a08ed86e,"X'6221AEE368DA8E088BCCFF5DF36A2AD2'",count,1.00,
1763060580,60,cache_hit,788c7a22017d841a7e9b8290a08ed86e,"X'6221AEE368DA8E088BCCFF5DF36A2AD2'",count,5.00,
1763060400,360,cache_hit,788c7a22017d841a7e9b8290a08ed86e,"X'6221AEE368DA8E088BCCFF5DF36A2AD2'",count,5.00,
1763059680,1440,cache_hit,788c7a22017d841a7e9b8290a08ed86e,"X'6221AEE368DA8E088BCCFF5DF36A2AD2'",count,5.00,
1763052480,10080,cache_hit,788c7a22017d841a7e9b8290a08ed86e,"X'6221AEE368DA8E088BCCFF5DF36A2AD2'",count,5.00,
1763061060,60,cache_miss,9208372610aaf74a6b36e8845dc6b70c,"X'9E18C9F361BC5E7EB0358036636252E3'",count,1.00,
1763060760,360,cache_miss,9208372610aaf74a6b36e8845dc6b70c,"X'9E18C9F361BC5E7EB0358036636252E3'",count,1.00,
1763059680,1440,cache_miss,9208372610aaf74a6b36e8845dc6b70c,"X'9E18C9F361BC5E7EB0358036636252E3'",count,1.00,
1763052480,10080,cache_miss,9208372610aaf74a6b36e8845dc6b70c,"X'9E18C9F361BC5E7EB0358036636252E3'",count,1.00,
1763061060,60,cache_hit,9208372610aaf74a6b36e8845dc6b70c,"X'9E18C9F361BC5E7EB0358036636252E3'",count,11.00,
1763060760,360,cache_hit,9208372610aaf74a6b36e8845dc6b70c,"X'9E18C9F361BC5E7EB0358036636252E3'",count,11.00,
1763059680,1440,cache_hit,9208372610aaf74a6b36e8845dc6b70c,"X'9E18C9F361BC5E7EB0358036636252E3'",count,11.00,
1763052480,10080,cache_hit,9208372610aaf74a6b36e8845dc6b70c,"X'9E18C9F361BC5E7EB0358036636252E3'",count,11.00,
1763061060,60,user_request,1014,"X'766D856EF1A6B02F93D894415E6BFA0E'",count,2.00,
1763060760,360,user_request,1014,"X'766D856EF1A6B02F93D894415E6BFA0E'",count,2.00,
1763059680,1440,user_request,1014,"X'766D856EF1A6B02F93D894415E6BFA0E'",count,2.00,
1763052480,10080,user_request,1014,"X'766D856EF1A6B02F93D894415E6BFA0E'",count,2.00,
1763061060,60,cache_miss,5d3fd7a718edac84c9d89073f40f3d42,"X'71C3C39B2A71607C16BD6107B5C89D3F'",count,1.00,
1763060760,360,cache_miss,5d3fd7a718edac84c9d89073f40f3d42,"X'71C3C39B2A71607C16BD6107B5C89D3F'",count,1.00,
1763059680,1440,cache_miss,5d3fd7a718edac84c9d89073f40f3d42,"X'71C3C39B2A71607C16BD6107B5C89D3F'",count,1.00,
1763052480,10080,cache_miss,5d3fd7a718edac84c9d89073f40f3d42,"X'71C3C39B2A71607C16BD6107B5C89D3F'",count,1.00,
1763061060,60,cache_hit,5d3fd7a718edac84c9d89073f40f3d42,"X'71C3C39B2A71607C16BD6107B5C89D3F'",count,3.00,
1763060760,360,cache_hit,5d3fd7a718edac84c9d89073f40f3d42,"X'71C3C39B2A71607C16BD6107B5C89D3F'",count,3.00,
1763059680,1440,cache_hit,5d3fd7a718edac84c9d89073f40f3d42,"X'71C3C39B2A71607C16BD6107B5C89D3F'",count,3.00,
1763052480,10080,cache_hit,5d3fd7a718edac84c9d89073f40f3d42,"X'71C3C39B2A71607C16BD6107B5C89D3F'",count,3.00,
1763063100,60,user_request,2,"X'C81E728D9D4C2F636F067F89CC14862C'",count,2.00,
1763062920,360,user_request,2,"X'C81E728D9D4C2F636F067F89CC14862C'",count,2.00,
1763062560,1440,user_request,2,"X'C81E728D9D4C2F636F067F89CC14862C'",count,2.00,
1763062560,10080,user_request,2,"X'C81E728D9D4C2F636F067F89CC14862C'",count,15.00,
1763063100,60,cache_miss,filament-excel:exports:2,"X'6FD553FA91DAA6B8F81911C003B16325'",count,1.00,
1763062920,360,cache_miss,filament-excel:exports:2,"X'6FD553FA91DAA6B8F81911C003B16325'",count,3.00,
1763062560,1440,cache_miss,filament-excel:exports:2,"X'6FD553FA91DAA6B8F81911C003B16325'",count,3.00,
1763062560,10080,cache_miss,filament-excel:exports:2,"X'6FD553FA91DAA6B8F81911C003B16325'",count,18.00,
1763063160,60,cache_miss,filament-excel:exports:2,"X'6FD553FA91DAA6B8F81911C003B16325'",count,2.00,
1763064480,60,cache_miss,0a4a5f3d7ff11eb5a2ed68849b173809,"X'AEEF20EC5E32AA2F5E62A67F3181CD12'",count,1.00,
1763064360,360,cache_miss,0a4a5f3d7ff11eb5a2ed68849b173809,"X'AEEF20EC5E32AA2F5E62A67F3181CD12'",count,1.00,
1763064000,1440,cache_miss,0a4a5f3d7ff11eb5a2ed68849b173809,"X'AEEF20EC5E32AA2F5E62A67F3181CD12'",count,2.00,
1763062560,10080,cache_miss,0a4a5f3d7ff11eb5a2ed68849b173809,"X'AEEF20EC5E32AA2F5E62A67F3181CD12'",count,6.00,
1763064480,60,cache_hit,0a4a5f3d7ff11eb5a2ed68849b173809,"X'AEEF20EC5E32AA2F5E62A67F3181CD12'",count,5.00,
1763064360,360,cache_hit,0a4a5f3d7ff11eb5a2ed68849b173809,"X'AEEF20EC5E32AA2F5E62A67F3181CD12'",count,5.00,
1763064000,1440,cache_hit,0a4a5f3d7ff11eb5a2ed68849b173809,"X'AEEF20EC5E32AA2F5E62A67F3181CD12'",count,10.00,
1763062560,10080,cache_hit,0a4a5f3d7ff11eb5a2ed68849b173809,"X'AEEF20EC5E32AA2F5E62A67F3181CD12'",count,30.00,
1763065020,60,cache_miss,0a4a5f3d7ff11eb5a2ed68849b173809,"X'AEEF20EC5E32AA2F5E62A67F3181CD12'",count,1.00,
1763064720,360,cache_miss,0a4a5f3d7ff11eb5a2ed68849b173809,"X'AEEF20EC5E32AA2F5E62A67F3181CD12'",count,1.00,
1763065020,60,cache_hit,0a4a5f3d7ff11eb5a2ed68849b173809,"X'AEEF20EC5E32AA2F5E62A67F3181CD12'",count,5.00,
1763064720,360,cache_hit,0a4a5f3d7ff11eb5a2ed68849b173809,"X'AEEF20EC5E32AA2F5E62A67F3181CD12'",count,5.00,
1763066100,60,cache_miss,0a4a5f3d7ff11eb5a2ed68849b173809,"X'AEEF20EC5E32AA2F5E62A67F3181CD12'",count,1.00,
1763065800,360,cache_miss,0a4a5f3d7ff11eb5a2ed68849b173809,"X'AEEF20EC5E32AA2F5E62A67F3181CD12'",count,1.00,
1763065440,1440,cache_miss,0a4a5f3d7ff11eb5a2ed68849b173809,"X'AEEF20EC5E32AA2F5E62A67F3181CD12'",count,1.00,
1763066100,60,cache_hit,0a4a5f3d7ff11eb5a2ed68849b173809,"X'AEEF20EC5E32AA2F5E62A67F3181CD12'",count,5.00,
1763065800,360,cache_hit,0a4a5f3d7ff11eb5a2ed68849b173809,"X'AEEF20EC5E32AA2F5E62A67F3181CD12'",count,5.00,
1763065440,1440,cache_hit,0a4a5f3d7ff11eb5a2ed68849b173809,"X'AEEF20EC5E32AA2F5E62A67F3181CD12'",count,5.00,
1763066100,60,cache_miss,6d7eaf59f9f1120fc3284663ff489683,"X'41954F0B48A61637449DC56B7BE4BBFB'",count,1.00,
1763065800,360,cache_miss,6d7eaf59f9f1120fc3284663ff489683,"X'41954F0B48A61637449DC56B7BE4BBFB'",count,1.00,
1763065440,1440,cache_miss,6d7eaf59f9f1120fc3284663ff489683,"X'41954F0B48A61637449DC56B7BE4BBFB'",count,1.00,
1763062560,10080,cache_miss,6d7eaf59f9f1120fc3284663ff489683,"X'41954F0B48A61637449DC56B7BE4BBFB'",count,1.00,
1763066100,60,cache_hit,6d7eaf59f9f1120fc3284663ff489683,"X'41954F0B48A61637449DC56B7BE4BBFB'",count,9.00,
1763065800,360,cache_hit,6d7eaf59f9f1120fc3284663ff489683,"X'41954F0B48A61637449DC56B7BE4BBFB'",count,9.00,
1763065440,1440,cache_hit,6d7eaf59f9f1120fc3284663ff489683,"X'41954F0B48A61637449DC56B7BE4BBFB'",count,9.00,
1763062560,10080,cache_hit,6d7eaf59f9f1120fc3284663ff489683,"X'41954F0B48A61637449DC56B7BE4BBFB'",count,9.00,
1763066460,60,user_request,2,"X'C81E728D9D4C2F636F067F89CC14862C'",count,8.00,
1763066160,360,user_request,2,"X'C81E728D9D4C2F636F067F89CC14862C'",count,8.00,
1763065440,1440,user_request,2,"X'C81E728D9D4C2F636F067F89CC14862C'",count,13.00,
1763066460,60,cache_miss,filament-excel:exports:2,"X'6FD553FA91DAA6B8F81911C003B16325'",count,9.00,
1763066160,360,cache_miss,filament-excel:exports:2,"X'6FD553FA91DAA6B8F81911C003B16325'",count,9.00,
1763065440,1440,cache_miss,filament-excel:exports:2,"X'6FD553FA91DAA6B8F81911C003B16325'",count,15.00,
1763066520,60,user_request,2,"X'C81E728D9D4C2F636F067F89CC14862C'",count,2.00,
1763066520,360,user_request,2,"X'C81E728D9D4C2F636F067F89CC14862C'",count,5.00,
1763066520,60,cache_miss,filament-excel:exports:2,"X'6FD553FA91DAA6B8F81911C003B16325'",count,2.00,
1763066520,360,cache_miss,filament-excel:exports:2,"X'6FD553FA91DAA6B8F81911C003B16325'",count,6.00,
1763066700,60,user_request,2,"X'C81E728D9D4C2F636F067F89CC14862C'",count,3.00,
1763066700,60,cache_miss,filament-excel:exports:2,"X'6FD553FA91DAA6B8F81911C003B16325'",count,4.00,
1763066700,60,cache_miss,788c7a22017d841a7e9b8290a08ed86e,"X'6221AEE368DA8E088BCCFF5DF36A2AD2'",count,1.00,
1763066520,360,cache_miss,788c7a22017d841a7e9b8290a08ed86e,"X'6221AEE368DA8E088BCCFF5DF36A2AD2'",count,1.00,
1763065440,1440,cache_miss,788c7a22017d841a7e9b8290a08ed86e,"X'6221AEE368DA8E088BCCFF5DF36A2AD2'",count,1.00,
1763062560,10080,cache_miss,788c7a22017d841a7e9b8290a08ed86e,"X'6221AEE368DA8E088BCCFF5DF36A2AD2'",count,1.00,
1763066700,60,cache_hit,788c7a22017d841a7e9b8290a08ed86e,"X'6221AEE368DA8E088BCCFF5DF36A2AD2'",count,3.00,
1763066520,360,cache_hit,788c7a22017d841a7e9b8290a08ed86e,"X'6221AEE368DA8E088BCCFF5DF36A2AD2'",count,3.00,
1763065440,1440,cache_hit,788c7a22017d841a7e9b8290a08ed86e,"X'6221AEE368DA8E088BCCFF5DF36A2AD2'",count,3.00,
1763062560,10080,cache_hit,788c7a22017d841a7e9b8290a08ed86e,"X'6221AEE368DA8E088BCCFF5DF36A2AD2'",count,3.00,
1763066700,60,cache_miss,ba554efa9517a20fff11ce3977b13a0b,"X'B884DCD605EAFFF0EB60184A51684E00'",count,1.00,
1763066520,360,cache_miss,ba554efa9517a20fff11ce3977b13a0b,"X'B884DCD605EAFFF0EB60184A51684E00'",count,1.00,
1763065440,1440,cache_miss,ba554efa9517a20fff11ce3977b13a0b,"X'B884DCD605EAFFF0EB60184A51684E00'",count,1.00,
1763062560,10080,cache_miss,ba554efa9517a20fff11ce3977b13a0b,"X'B884DCD605EAFFF0EB60184A51684E00'",count,1.00,
1763066700,60,cache_hit,ba554efa9517a20fff11ce3977b13a0b,"X'B884DCD605EAFFF0EB60184A51684E00'",count,3.00,
1763066520,360,cache_hit,ba554efa9517a20fff11ce3977b13a0b,"X'B884DCD605EAFFF0EB60184A51684E00'",count,3.00,
1763065440,1440,cache_hit,ba554efa9517a20fff11ce3977b13a0b,"X'B884DCD605EAFFF0EB60184A51684E00'",count,3.00,
1763062560,10080,cache_hit,ba554efa9517a20fff11ce3977b13a0b,"X'B884DCD605EAFFF0EB60184A51684E00'",count,3.00,
1763066700,60,cache_miss,fecd64437963ff099af72113103eacbf,"X'CAF685F3E623F783F97F6711990F30F3'",count,1.00,
1763066520,360,cache_miss,fecd64437963ff099af72113103eacbf,"X'CAF685F3E623F783F97F6711990F30F3'",count,1.00,
1763065440,1440,cache_miss,fecd64437963ff099af72113103eacbf,"X'CAF685F3E623F783F97F6711990F30F3'",count,1.00,
1763062560,10080,cache_miss,fecd64437963ff099af72113103eacbf,"X'CAF685F3E623F783F97F6711990F30F3'",count,1.00,
1763066700,60,cache_hit,fecd64437963ff099af72113103eacbf,"X'CAF685F3E623F783F97F6711990F30F3'",count,1.00,
1763066520,360,cache_hit,fecd64437963ff099af72113103eacbf,"X'CAF685F3E623F783F97F6711990F30F3'",count,1.00,
1763065440,1440,cache_hit,fecd64437963ff099af72113103eacbf,"X'CAF685F3E623F783F97F6711990F30F3'",count,1.00,
1763062560,10080,cache_hit,fecd64437963ff099af72113103eacbf,"X'CAF685F3E623F783F97F6711990F30F3'",count,1.00,
1763069460,60,cache_miss,0a4a5f3d7ff11eb5a2ed68849b173809,"X'AEEF20EC5E32AA2F5E62A67F3181CD12'",count,1.00,
1763069400,360,cache_miss,0a4a5f3d7ff11eb5a2ed68849b173809,"X'AEEF20EC5E32AA2F5E62A67F3181CD12'",count,2.00,
1763068320,1440,cache_miss,0a4a5f3d7ff11eb5a2ed68849b173809,"X'AEEF20EC5E32AA2F5E62A67F3181CD12'",count,2.00,
1763069460,60,cache_hit,0a4a5f3d7ff11eb5a2ed68849b173809,"X'AEEF20EC5E32AA2F5E62A67F3181CD12'",count,5.00,
1763069400,360,cache_hit,0a4a5f3d7ff11eb5a2ed68849b173809,"X'AEEF20EC5E32AA2F5E62A67F3181CD12'",count,10.00,
1763068320,1440,cache_hit,0a4a5f3d7ff11eb5a2ed68849b173809,"X'AEEF20EC5E32AA2F5E62A67F3181CD12'",count,10.00,
1763069460,60,cache_miss,b6ff6b52c051964696e8093cc6caa90c,"X'4B6B3A15B55E9EEB99F91C6ED4FA31C5'",count,1.00,
1763069400,360,cache_miss,b6ff6b52c051964696e8093cc6caa90c,"X'4B6B3A15B55E9EEB99F91C6ED4FA31C5'",count,2.00,
1763068320,1440,cache_miss,b6ff6b52c051964696e8093cc6caa90c,"X'4B6B3A15B55E9EEB99F91C6ED4FA31C5'",count,2.00,
1763062560,10080,cache_miss,b6ff6b52c051964696e8093cc6caa90c,"X'4B6B3A15B55E9EEB99F91C6ED4FA31C5'",count,2.00,
1763069460,60,cache_hit,b6ff6b52c051964696e8093cc6caa90c,"X'4B6B3A15B55E9EEB99F91C6ED4FA31C5'",count,19.00,
1763069400,360,cache_hit,b6ff6b52c051964696e8093cc6caa90c,"X'4B6B3A15B55E9EEB99F91C6ED4FA31C5'",count,38.00,
1763068320,1440,cache_hit,b6ff6b52c051964696e8093cc6caa90c,"X'4B6B3A15B55E9EEB99F91C6ED4FA31C5'",count,38.00,
1763062560,10080,cache_hit,b6ff6b52c051964696e8093cc6caa90c,"X'4B6B3A15B55E9EEB99F91C6ED4FA31C5'",count,38.00,
1763069520,60,cache_hit,b6ff6b52c051964696e8093cc6caa90c,"X'4B6B3A15B55E9EEB99F91C6ED4FA31C5'",count,16.00,
1763069520,60,slow_request,"[""GET"",""\/api\/v1\/products\/{slug}"",""App\\Http\\Controllers\\Api\\V1\\ProductController@show""]","X'170410E1B2CD0D9849ED32037684C3C8'",count,1.00,
1763069400,360,slow_request,"[""GET"",""\/api\/v1\/products\/{slug}"",""App\\Http\\Controllers\\Api\\V1\\ProductController@show""]","X'170410E1B2CD0D9849ED32037684C3C8'",count,1.00,
1763068320,1440,slow_request,"[""GET"",""\/api\/v1\/products\/{slug}"",""App\\Http\\Controllers\\Api\\V1\\ProductController@show""]","X'170410E1B2CD0D9849ED32037684C3C8'",count,1.00,
1763062560,10080,slow_request,"[""GET"",""\/api\/v1\/products\/{slug}"",""App\\Http\\Controllers\\Api\\V1\\ProductController@show""]","X'170410E1B2CD0D9849ED32037684C3C8'",count,1.00,
1763069520,60,slow_request,"[""GET"",""\/api\/v1\/products\/{slug}"",""App\\Http\\Controllers\\Api\\V1\\ProductController@show""]","X'170410E1B2CD0D9849ED32037684C3C8'",max,1905.00,
1763069400,360,slow_request,"[""GET"",""\/api\/v1\/products\/{slug}"",""App\\Http\\Controllers\\Api\\V1\\ProductController@show""]","X'170410E1B2CD0D9849ED32037684C3C8'",max,1905.00,
1763068320,1440,slow_request,"[""GET"",""\/api\/v1\/products\/{slug}"",""App\\Http\\Controllers\\Api\\V1\\ProductController@show""]","X'170410E1B2CD0D9849ED32037684C3C8'",max,1905.00,
1763062560,10080,slow_request,"[""GET"",""\/api\/v1\/products\/{slug}"",""App\\Http\\Controllers\\Api\\V1\\ProductController@show""]","X'170410E1B2CD0D9849ED32037684C3C8'",max,1905.00,
1763069520,60,cache_miss,0a4a5f3d7ff11eb5a2ed68849b173809,"X'AEEF20EC5E32AA2F5E62A67F3181CD12'",count,1.00,
1763069520,60,cache_hit,0a4a5f3d7ff11eb5a2ed68849b173809,"X'AEEF20EC5E32AA2F5E62A67F3181CD12'",count,5.00,
1763069580,60,cache_miss,b6ff6b52c051964696e8093cc6caa90c,"X'4B6B3A15B55E9EEB99F91C6ED4FA31C5'",count,1.00,
1763069580,60,cache_hit,b6ff6b52c051964696e8093cc6caa90c,"X'4B6B3A15B55E9EEB99F91C6ED4FA31C5'",count,3.00,
1763069580,60,cache_miss,adaca2f788b9849833107e08a8e05d4a,"X'32EE81200DCA324DA8DEFF583A33D903'",count,1.00,
1763069400,360,cache_miss,adaca2f788b9849833107e08a8e05d4a,"X'32EE81200DCA324DA8DEFF583A33D903'",count,2.00,
1763068320,1440,cache_miss,adaca2f788b9849833107e08a8e05d4a,"X'32EE81200DCA324DA8DEFF583A33D903'",count,2.00,
1763062560,10080,cache_miss,adaca2f788b9849833107e08a8e05d4a,"X'32EE81200DCA324DA8DEFF583A33D903'",count,4.00,
1763069580,60,cache_hit,adaca2f788b9849833107e08a8e05d4a,"X'32EE81200DCA324DA8DEFF583A33D903'",count,7.00,
1763069400,360,cache_hit,adaca2f788b9849833107e08a8e05d4a,"X'32EE81200DCA324DA8DEFF583A33D903'",count,22.00,
1763068320,1440,cache_hit,adaca2f788b9849833107e08a8e05d4a,"X'32EE81200DCA324DA8DEFF583A33D903'",count,22.00,
1763062560,10080,cache_hit,adaca2f788b9849833107e08a8e05d4a,"X'32EE81200DCA324DA8DEFF583A33D903'",count,42.00,
1763069700,60,cache_miss,adaca2f788b9849833107e08a8e05d4a,"X'32EE81200DCA324DA8DEFF583A33D903'",count,1.00,
1763069700,60,cache_hit,adaca2f788b9849833107e08a8e05d4a,"X'32EE81200DCA324DA8DEFF583A33D903'",count,15.00,
1763069700,60,user_request,314,"X'758874998F5BD0C393DA094E1967A72B'",count,9.00,
1763069400,360,user_request,314,"X'758874998F5BD0C393DA094E1967A72B'",count,9.00,
1763068320,1440,user_request,314,"X'758874998F5BD0C393DA094E1967A72B'",count,9.00,
1763062560,10080,user_request,314,"X'758874998F5BD0C393DA094E1967A72B'",count,17.00,
1763069700,60,cache_miss,8147d7ed93d634e8ed8721c7a19a3813,"X'0064F18B0ADD3C4DDE47FF040DF920B8'",count,1.00,
1763069400,360,cache_miss,8147d7ed93d634e8ed8721c7a19a3813,"X'0064F18B0ADD3C4DDE47FF040DF920B8'",count,1.00,
1763068320,1440,cache_miss,8147d7ed93d634e8ed8721c7a19a3813,"X'0064F18B0ADD3C4DDE47FF040DF920B8'",count,1.00,
1763062560,10080,cache_miss,8147d7ed93d634e8ed8721c7a19a3813,"X'0064F18B0ADD3C4DDE47FF040DF920B8'",count,2.00,
1763069700,60,cache_hit,8147d7ed93d634e8ed8721c7a19a3813,"X'0064F18B0ADD3C4DDE47FF040DF920B8'",count,17.00,
1763069400,360,cache_hit,8147d7ed93d634e8ed8721c7a19a3813,"X'0064F18B0ADD3C4DDE47FF040DF920B8'",count,17.00,
1763068320,1440,cache_hit,8147d7ed93d634e8ed8721c7a19a3813,"X'0064F18B0ADD3C4DDE47FF040DF920B8'",count,17.00,
1763062560,10080,cache_hit,8147d7ed93d634e8ed8721c7a19a3813,"X'0064F18B0ADD3C4DDE47FF040DF920B8'",count,32.00,
1763069760,60,user_request,314,"X'758874998F5BD0C393DA094E1967A72B'",count,6.00,
1763069760,360,user_request,314,"X'758874998F5BD0C393DA094E1967A72B'",count,8.00,
1763069760,1440,user_request,314,"X'758874998F5BD0C393DA094E1967A72B'",count,8.00,
1763069760,60,cache_hit,8147d7ed93d634e8ed8721c7a19a3813,"X'0064F18B0ADD3C4DDE47FF040DF920B8'",count,12.00,
1763069760,360,cache_hit,8147d7ed93d634e8ed8721c7a19a3813,"X'0064F18B0ADD3C4DDE47FF040DF920B8'",count,15.00,
1763069760,1440,cache_hit,8147d7ed93d634e8ed8721c7a19a3813,"X'0064F18B0ADD3C4DDE47FF040DF920B8'",count,15.00,
1763069760,60,cache_miss,adaca2f788b9849833107e08a8e05d4a,"X'32EE81200DCA324DA8DEFF583A33D903'",count,1.00,
1763069760,360,cache_miss,adaca2f788b9849833107e08a8e05d4a,"X'32EE81200DCA324DA8DEFF583A33D903'",count,2.00,
1763069760,1440,cache_miss,adaca2f788b9849833107e08a8e05d4a,"X'32EE81200DCA324DA8DEFF583A33D903'",count,2.00,
1763069760,60,cache_hit,adaca2f788b9849833107e08a8e05d4a,"X'32EE81200DCA324DA8DEFF583A33D903'",count,5.00,
1763069760,360,cache_hit,adaca2f788b9849833107e08a8e05d4a,"X'32EE81200DCA324DA8DEFF583A33D903'",count,20.00,
1763069760,1440,cache_hit,adaca2f788b9849833107e08a8e05d4a,"X'32EE81200DCA324DA8DEFF583A33D903'",count,20.00,
1763069820,60,cache_hit,adaca2f788b9849833107e08a8e05d4a,"X'32EE81200DCA324DA8DEFF583A33D903'",count,15.00,
1763069820,60,user_request,314,"X'758874998F5BD0C393DA094E1967A72B'",count,2.00,
1763069820,60,cache_miss,8147d7ed93d634e8ed8721c7a19a3813,"X'0064F18B0ADD3C4DDE47FF040DF920B8'",count,1.00,
1763069760,360,cache_miss,8147d7ed93d634e8ed8721c7a19a3813,"X'0064F18B0ADD3C4DDE47FF040DF920B8'",count,1.00,
1763069760,1440,cache_miss,8147d7ed93d634e8ed8721c7a19a3813,"X'0064F18B0ADD3C4DDE47FF040DF920B8'",count,1.00,
1763069820,60,cache_hit,8147d7ed93d634e8ed8721c7a19a3813,"X'0064F18B0ADD3C4DDE47FF040DF920B8'",count,3.00,
1763069820,60,cache_miss,adaca2f788b9849833107e08a8e05d4a,"X'32EE81200DCA324DA8DEFF583A33D903'",count,1.00,
1763069820,60,cache_miss,0a4a5f3d7ff11eb5a2ed68849b173809,"X'AEEF20EC5E32AA2F5E62A67F3181CD12'",count,1.00,
1763069760,360,cache_miss,0a4a5f3d7ff11eb5a2ed68849b173809,"X'AEEF20EC5E32AA2F5E62A67F3181CD12'",count,1.00,
1763069760,1440,cache_miss,0a4a5f3d7ff11eb5a2ed68849b173809,"X'AEEF20EC5E32AA2F5E62A67F3181CD12'",count,1.00,
1763069820,60,cache_hit,0a4a5f3d7ff11eb5a2ed68849b173809,"X'AEEF20EC5E32AA2F5E62A67F3181CD12'",count,5.00,
1763069760,360,cache_hit,0a4a5f3d7ff11eb5a2ed68849b173809,"X'AEEF20EC5E32AA2F5E62A67F3181CD12'",count,5.00,
1763069760,1440,cache_hit,0a4a5f3d7ff11eb5a2ed68849b173809,"X'AEEF20EC5E32AA2F5E62A67F3181CD12'",count,5.00,
1763072940,60,cache_miss,0a4a5f3d7ff11eb5a2ed68849b173809,"X'AEEF20EC5E32AA2F5E62A67F3181CD12'",count,1.00,
1763072640,360,cache_miss,0a4a5f3d7ff11eb5a2ed68849b173809,"X'AEEF20EC5E32AA2F5E62A67F3181CD12'",count,1.00,
1763072640,1440,cache_miss,0a4a5f3d7ff11eb5a2ed68849b173809,"X'AEEF20EC5E32AA2F5E62A67F3181CD12'",count,3.00,
1763072640,10080,cache_miss,0a4a5f3d7ff11eb5a2ed68849b173809,"X'AEEF20EC5E32AA2F5E62A67F3181CD12'",count,8.00,
1763072940,60,cache_hit,0a4a5f3d7ff11eb5a2ed68849b173809,"X'AEEF20EC5E32AA2F5E62A67F3181CD12'",count,5.00,
1763072640,360,cache_hit,0a4a5f3d7ff11eb5a2ed68849b173809,"X'AEEF20EC5E32AA2F5E62A67F3181CD12'",count,5.00,
1763072640,1440,cache_hit,0a4a5f3d7ff11eb5a2ed68849b173809,"X'AEEF20EC5E32AA2F5E62A67F3181CD12'",count,21.00,
1763072640,10080,cache_hit,0a4a5f3d7ff11eb5a2ed68849b173809,"X'AEEF20EC5E32AA2F5E62A67F3181CD12'",count,58.00,
1763073060,60,cache_miss,ba554efa9517a20fff11ce3977b13a0b,"X'B884DCD605EAFFF0EB60184A51684E00'",count,1.00,
1763073000,360,cache_miss,ba554efa9517a20fff11ce3977b13a0b,"X'B884DCD605EAFFF0EB60184A51684E00'",count,1.00,
1763072640,1440,cache_miss,ba554efa9517a20fff11ce3977b13a0b,"X'B884DCD605EAFFF0EB60184A51684E00'",count,1.00,
1763072640,10080,cache_miss,ba554efa9517a20fff11ce3977b13a0b,"X'B884DCD605EAFFF0EB60184A51684E00'",count,1.00,
1763073060,60,cache_hit,ba554efa9517a20fff11ce3977b13a0b,"X'B884DCD605EAFFF0EB60184A51684E00'",count,3.00,
1763073000,360,cache_hit,ba554efa9517a20fff11ce3977b13a0b,"X'B884DCD605EAFFF0EB60184A51684E00'",count,3.00,
1763072640,1440,cache_hit,ba554efa9517a20fff11ce3977b13a0b,"X'B884DCD605EAFFF0EB60184A51684E00'",count,3.00,
1763072640,10080,cache_hit,ba554efa9517a20fff11ce3977b13a0b,"X'B884DCD605EAFFF0EB60184A51684E00'",count,3.00,
1763073120,60,cache_miss,0a4a5f3d7ff11eb5a2ed68849b173809,"X'AEEF20EC5E32AA2F5E62A67F3181CD12'",count,1.00,
1763073000,360,cache_miss,0a4a5f3d7ff11eb5a2ed68849b173809,"X'AEEF20EC5E32AA2F5E62A67F3181CD12'",count,1.00,
1763073120,60,cache_hit,0a4a5f3d7ff11eb5a2ed68849b173809,"X'AEEF20EC5E32AA2F5E62A67F3181CD12'",count,11.00,
1763073000,360,cache_hit,0a4a5f3d7ff11eb5a2ed68849b173809,"X'AEEF20EC5E32AA2F5E62A67F3181CD12'",count,11.00,
1763073600,60,cache_miss,0a4a5f3d7ff11eb5a2ed68849b173809,"X'AEEF20EC5E32AA2F5E62A67F3181CD12'",count,1.00,
1763073360,360,cache_miss,0a4a5f3d7ff11eb5a2ed68849b173809,"X'AEEF20EC5E32AA2F5E62A67F3181CD12'",count,1.00,
1763073600,60,cache_hit,0a4a5f3d7ff11eb5a2ed68849b173809,"X'AEEF20EC5E32AA2F5E62A67F3181CD12'",count,5.00,
1763073360,360,cache_hit,0a4a5f3d7ff11eb5a2ed68849b173809,"X'AEEF20EC5E32AA2F5E62A67F3181CD12'",count,5.00,
1763073600,60,cache_miss,19e7bbdf5f5fe1b7aa3e17ff25a0a608,"X'B7F0699953965D3E04F0496BE1B4F3BC'",count,1.00,
1763073360,360,cache_miss,19e7bbdf5f5fe1b7aa3e17ff25a0a608,"X'B7F0699953965D3E04F0496BE1B4F3BC'",count,1.00,
1763072640,1440,cache_miss,19e7bbdf5f5fe1b7aa3e17ff25a0a608,"X'B7F0699953965D3E04F0496BE1B4F3BC'",count,1.00,
1763072640,10080,cache_miss,19e7bbdf5f5fe1b7aa3e17ff25a0a608,"X'B7F0699953965D3E04F0496BE1B4F3BC'",count,1.00,
1763073600,60,cache_hit,19e7bbdf5f5fe1b7aa3e17ff25a0a608,"X'B7F0699953965D3E04F0496BE1B4F3BC'",count,9.00,
1763073360,360,cache_hit,19e7bbdf5f5fe1b7aa3e17ff25a0a608,"X'B7F0699953965D3E04F0496BE1B4F3BC'",count,9.00,
1763072640,1440,cache_hit,19e7bbdf5f5fe1b7aa3e17ff25a0a608,"X'B7F0699953965D3E04F0496BE1B4F3BC'",count,9.00,
1763072640,10080,cache_hit,19e7bbdf5f5fe1b7aa3e17ff25a0a608,"X'B7F0699953965D3E04F0496BE1B4F3BC'",count,9.00,
1763073600,60,user_request,494,"X'1BE3BC32E6564055D5CA3E5A354ACBEF'",count,1.00,
1763073360,360,user_request,494,"X'1BE3BC32E6564055D5CA3E5A354ACBEF'",count,1.00,
1763072640,1440,user_request,494,"X'1BE3BC32E6564055D5CA3E5A354ACBEF'",count,1.00,
1763072640,10080,user_request,494,"X'1BE3BC32E6564055D5CA3E5A354ACBEF'",count,1.00,
1763073600,60,cache_miss,ba4ea8646f79483d225961e61ff3ac2c,"X'557921DEDEA61153612E15606E349A18'",count,1.00,
1763073360,360,cache_miss,ba4ea8646f79483d225961e61ff3ac2c,"X'557921DEDEA61153612E15606E349A18'",count,1.00,
1763072640,1440,cache_miss,ba4ea8646f79483d225961e61ff3ac2c,"X'557921DEDEA61153612E15606E349A18'",count,1.00,
1763072640,10080,cache_miss,ba4ea8646f79483d225961e61ff3ac2c,"X'557921DEDEA61153612E15606E349A18'",count,1.00,
1763073600,60,cache_hit,ba4ea8646f79483d225961e61ff3ac2c,"X'557921DEDEA61153612E15606E349A18'",count,1.00,
1763073360,360,cache_hit,ba4ea8646f79483d225961e61ff3ac2c,"X'557921DEDEA61153612E15606E349A18'",count,1.00,
1763072640,1440,cache_hit,ba4ea8646f79483d225961e61ff3ac2c,"X'557921DEDEA61153612E15606E349A18'",count,1.00,
1763072640,10080,cache_hit,ba4ea8646f79483d225961e61ff3ac2c,"X'557921DEDEA61153612E15606E349A18'",count,1.00,
1763077260,60,slow_request,"[""GET"",""\/api\/v1\/collections"",""App\\Http\\Controllers\\Api\\V1\\CollectionController@all""]","X'F0CAFB9DE9C914BAC0B8613012B749DF'",count,1.00,
1763076960,360,slow_request,"[""GET"",""\/api\/v1\/collections"",""App\\Http\\Controllers\\Api\\V1\\CollectionController@all""]","X'F0CAFB9DE9C914BAC0B8613012B749DF'",count,1.00,
1763076960,1440,slow_request,"[""GET"",""\/api\/v1\/collections"",""App\\Http\\Controllers\\Api\\V1\\CollectionController@all""]","X'F0CAFB9DE9C914BAC0B8613012B749DF'",count,1.00,
1763072640,10080,slow_request,"[""GET"",""\/api\/v1\/collections"",""App\\Http\\Controllers\\Api\\V1\\CollectionController@all""]","X'F0CAFB9DE9C914BAC0B8613012B749DF'",count,1.00,
1763077260,60,cache_miss,0a4a5f3d7ff11eb5a2ed68849b173809,"X'AEEF20EC5E32AA2F5E62A67F3181CD12'",count,1.00,
1763076960,360,cache_miss,0a4a5f3d7ff11eb5a2ed68849b173809,"X'AEEF20EC5E32AA2F5E62A67F3181CD12'",count,1.00,
1763076960,1440,cache_miss,0a4a5f3d7ff11eb5a2ed68849b173809,"X'AEEF20EC5E32AA2F5E62A67F3181CD12'",count,4.00,
1763077260,60,cache_hit,0a4a5f3d7ff11eb5a2ed68849b173809,"X'AEEF20EC5E32AA2F5E62A67F3181CD12'",count,1.00,
1763076960,360,cache_hit,0a4a5f3d7ff11eb5a2ed68849b173809,"X'AEEF20EC5E32AA2F5E62A67F3181CD12'",count,1.00,
1763076960,1440,cache_hit,0a4a5f3d7ff11eb5a2ed68849b173809,"X'AEEF20EC5E32AA2F5E62A67F3181CD12'",count,32.00,
1763077260,60,slow_request,"[""GET"",""\/api\/v1\/collections"",""App\\Http\\Controllers\\Api\\V1\\CollectionController@all""]","X'F0CAFB9DE9C914BAC0B8613012B749DF'",max,1401.00,
1763076960,360,slow_request,"[""GET"",""\/api\/v1\/collections"",""App\\Http\\Controllers\\Api\\V1\\CollectionController@all""]","X'F0CAFB9DE9C914BAC0B8613012B749DF'",max,1401.00,
1763076960,1440,slow_request,"[""GET"",""\/api\/v1\/collections"",""App\\Http\\Controllers\\Api\\V1\\CollectionController@all""]","X'F0CAFB9DE9C914BAC0B8613012B749DF'",max,1401.00,
1763072640,10080,slow_request,"[""GET"",""\/api\/v1\/collections"",""App\\Http\\Controllers\\Api\\V1\\CollectionController@all""]","X'F0CAFB9DE9C914BAC0B8613012B749DF'",max,1401.00,
1763077320,60,cache_hit,0a4a5f3d7ff11eb5a2ed68849b173809,"X'AEEF20EC5E32AA2F5E62A67F3181CD12'",count,4.00,
1763077320,360,cache_hit,0a4a5f3d7ff11eb5a2ed68849b173809,"X'AEEF20EC5E32AA2F5E62A67F3181CD12'",count,26.00,
1763077320,60,cache_miss,188290694146e34e59379303b3564fad,"X'B6967BB9D0959A63954B3A2344BF1150'",count,1.00,
1763077320,360,cache_miss,188290694146e34e59379303b3564fad,"X'B6967BB9D0959A63954B3A2344BF1150'",count,5.00,
1763076960,1440,cache_miss,188290694146e34e59379303b3564fad,"X'B6967BB9D0959A63954B3A2344BF1150'",count,7.00,
1763072640,10080,cache_miss,188290694146e34e59379303b3564fad,"X'B6967BB9D0959A63954B3A2344BF1150'",count,7.00,
1763077320,60,cache_hit,188290694146e34e59379303b3564fad,"X'B6967BB9D0959A63954B3A2344BF1150'",count,9.00,
1763077320,360,cache_hit,188290694146e34e59379303b3564fad,"X'B6967BB9D0959A63954B3A2344BF1150'",count,67.00,
1763076960,1440,cache_hit,188290694146e34e59379303b3564fad,"X'B6967BB9D0959A63954B3A2344BF1150'",count,87.00,
1763072640,10080,cache_hit,188290694146e34e59379303b3564fad,"X'B6967BB9D0959A63954B3A2344BF1150'",count,87.00,
1763077380,60,cache_miss,188290694146e34e59379303b3564fad,"X'B6967BB9D0959A63954B3A2344BF1150'",count,1.00,
1763077380,60,cache_hit,188290694146e34e59379303b3564fad,"X'B6967BB9D0959A63954B3A2344BF1150'",count,5.00,
1763077440,60,cache_hit,188290694146e34e59379303b3564fad,"X'B6967BB9D0959A63954B3A2344BF1150'",count,19.00,
1763077440,60,cache_miss,188290694146e34e59379303b3564fad,"X'B6967BB9D0959A63954B3A2344BF1150'",count,1.00,
1763077440,60,user_request,870,"X'22FB0CEE7E1F3BDE58293DE743871417'",count,3.00,
1763077320,360,user_request,870,"X'22FB0CEE7E1F3BDE58293DE743871417'",count,7.00,
1763076960,1440,user_request,870,"X'22FB0CEE7E1F3BDE58293DE743871417'",count,13.00,
1763072640,10080,user_request,870,"X'22FB0CEE7E1F3BDE58293DE743871417'",count,13.00,
1763077440,60,cache_miss,4cb73d8fa5efcd3d50d903bae62acbb1,"X'1BD7A073EAD2BFCD021E2F21DC739B59'",count,1.00,
1763077320,360,cache_miss,4cb73d8fa5efcd3d50d903bae62acbb1,"X'1BD7A073EAD2BFCD021E2F21DC739B59'",count,3.00,
1763076960,1440,cache_miss,4cb73d8fa5efcd3d50d903bae62acbb1,"X'1BD7A073EAD2BFCD021E2F21DC739B59'",count,5.00,
1763072640,10080,cache_miss,4cb73d8fa5efcd3d50d903bae62acbb1,"X'1BD7A073EAD2BFCD021E2F21DC739B59'",count,5.00,
1763077440,60,cache_hit,4cb73d8fa5efcd3d50d903bae62acbb1,"X'1BD7A073EAD2BFCD021E2F21DC739B59'",count,5.00,
1763077320,360,cache_hit,4cb73d8fa5efcd3d50d903bae62acbb1,"X'1BD7A073EAD2BFCD021E2F21DC739B59'",count,11.00,
1763076960,1440,cache_hit,4cb73d8fa5efcd3d50d903bae62acbb1,"X'1BD7A073EAD2BFCD021E2F21DC739B59'",count,21.00,
1763072640,10080,cache_hit,4cb73d8fa5efcd3d50d903bae62acbb1,"X'1BD7A073EAD2BFCD021E2F21DC739B59'",count,21.00,
1763077440,60,cache_miss,0a4a5f3d7ff11eb5a2ed68849b173809,"X'AEEF20EC5E32AA2F5E62A67F3181CD12'",count,1.00,
1763077320,360,cache_miss,0a4a5f3d7ff11eb5a2ed68849b173809,"X'AEEF20EC5E32AA2F5E62A67F3181CD12'",count,2.00,
1763077440,60,cache_hit,0a4a5f3d7ff11eb5a2ed68849b173809,"X'AEEF20EC5E32AA2F5E62A67F3181CD12'",count,5.00,
1763077500,60,cache_hit,188290694146e34e59379303b3564fad,"X'B6967BB9D0959A63954B3A2344BF1150'",count,9.00,
1763077500,60,user_request,870,"X'22FB0CEE7E1F3BDE58293DE743871417'",count,1.00,
1763077500,60,cache_hit,4cb73d8fa5efcd3d50d903bae62acbb1,"X'1BD7A073EAD2BFCD021E2F21DC739B59'",count,2.00,
1763077500,60,cache_miss,188290694146e34e59379303b3564fad,"X'B6967BB9D0959A63954B3A2344BF1150'",count,1.00,
1763077560,60,cache_hit,188290694146e34e59379303b3564fad,"X'B6967BB9D0959A63954B3A2344BF1150'",count,6.00,
1763077560,60,user_request,870,"X'22FB0CEE7E1F3BDE58293DE743871417'",count,1.00,
1763077560,60,cache_miss,4cb73d8fa5efcd3d50d903bae62acbb1,"X'1BD7A073EAD2BFCD021E2F21DC739B59'",count,1.00,
1763077560,60,cache_hit,4cb73d8fa5efcd3d50d903bae62acbb1,"X'1BD7A073EAD2BFCD021E2F21DC739B59'",count,1.00,
1763077620,60,cache_miss,0a4a5f3d7ff11eb5a2ed68849b173809,"X'AEEF20EC5E32AA2F5E62A67F3181CD12'",count,1.00,
1763077620,60,cache_hit,0a4a5f3d7ff11eb5a2ed68849b173809,"X'AEEF20EC5E32AA2F5E62A67F3181CD12'",count,17.00,
1763077620,60,cache_miss,188290694146e34e59379303b3564fad,"X'B6967BB9D0959A63954B3A2344BF1150'",count,1.00,
1763077620,60,cache_hit,188290694146e34e59379303b3564fad,"X'B6967BB9D0959A63954B3A2344BF1150'",count,19.00,
1763077620,60,user_request,870,"X'22FB0CEE7E1F3BDE58293DE743871417'",count,2.00,
1763077620,60,cache_miss,4cb73d8fa5efcd3d50d903bae62acbb1,"X'1BD7A073EAD2BFCD021E2F21DC739B59'",count,1.00,
1763077620,60,cache_hit,4cb73d8fa5efcd3d50d903bae62acbb1,"X'1BD7A073EAD2BFCD021E2F21DC739B59'",count,3.00,
1763077680,60,cache_hit,188290694146e34e59379303b3564fad,"X'B6967BB9D0959A63954B3A2344BF1150'",count,11.00,
1763077680,360,cache_hit,188290694146e34e59379303b3564fad,"X'B6967BB9D0959A63954B3A2344BF1150'",count,20.00,
1763077680,60,user_request,870,"X'22FB0CEE7E1F3BDE58293DE743871417'",count,2.00,
1763077680,360,user_request,870,"X'22FB0CEE7E1F3BDE58293DE743871417'",count,6.00,
1763077680,60,cache_hit,4cb73d8fa5efcd3d50d903bae62acbb1,"X'1BD7A073EAD2BFCD021E2F21DC739B59'",count,3.00,
1763077680,360,cache_hit,4cb73d8fa5efcd3d50d903bae62acbb1,"X'1BD7A073EAD2BFCD021E2F21DC739B59'",count,10.00,
1763077680,60,cache_miss,188290694146e34e59379303b3564fad,"X'B6967BB9D0959A63954B3A2344BF1150'",count,1.00,
1763077680,360,cache_miss,188290694146e34e59379303b3564fad,"X'B6967BB9D0959A63954B3A2344BF1150'",count,2.00,
1763077680,60,cache_miss,4cb73d8fa5efcd3d50d903bae62acbb1,"X'1BD7A073EAD2BFCD021E2F21DC739B59'",count,1.00,
1763077680,360,cache_miss,4cb73d8fa5efcd3d50d903bae62acbb1,"X'1BD7A073EAD2BFCD021E2F21DC739B59'",count,2.00,
1763077740,60,cache_miss,0a4a5f3d7ff11eb5a2ed68849b173809,"X'AEEF20EC5E32AA2F5E62A67F3181CD12'",count,1.00,
1763077680,360,cache_miss,0a4a5f3d7ff11eb5a2ed68849b173809,"X'AEEF20EC5E32AA2F5E62A67F3181CD12'",count,1.00,
1763077740,60,cache_hit,0a4a5f3d7ff11eb5a2ed68849b173809,"X'AEEF20EC5E32AA2F5E62A67F3181CD12'",count,5.00,
1763077680,360,cache_hit,0a4a5f3d7ff11eb5a2ed68849b173809,"X'AEEF20EC5E32AA2F5E62A67F3181CD12'",count,5.00,
1763077740,60,cache_hit,188290694146e34e59379303b3564fad,"X'B6967BB9D0959A63954B3A2344BF1150'",count,4.00,
1763077800,60,cache_miss,188290694146e34e59379303b3564fad,"X'B6967BB9D0959A63954B3A2344BF1150'",count,1.00,
1763077800,60,cache_hit,188290694146e34e59379303b3564fad,"X'B6967BB9D0959A63954B3A2344BF1150'",count,5.00,
1763077800,60,user_request,870,"X'22FB0CEE7E1F3BDE58293DE743871417'",count,4.00,
1763077800,60,cache_miss,4cb73d8fa5efcd3d50d903bae62acbb1,"X'1BD7A073EAD2BFCD021E2F21DC739B59'",count,1.00,
1763077800,60,cache_hit,4cb73d8fa5efcd3d50d903bae62acbb1,"X'1BD7A073EAD2BFCD021E2F21DC739B59'",count,7.00,
1763081580,60,cache_miss,0a4a5f3d7ff11eb5a2ed68849b173809,"X'AEEF20EC5E32AA2F5E62A67F3181CD12'",count,1.00,
1763081280,360,cache_miss,0a4a5f3d7ff11eb5a2ed68849b173809,"X'AEEF20EC5E32AA2F5E62A67F3181CD12'",count,1.00,
1763081280,1440,cache_miss,0a4a5f3d7ff11eb5a2ed68849b173809,"X'AEEF20EC5E32AA2F5E62A67F3181CD12'",count,1.00,
1763081580,60,cache_hit,0a4a5f3d7ff11eb5a2ed68849b173809,"X'AEEF20EC5E32AA2F5E62A67F3181CD12'",count,5.00,
1763081280,360,cache_hit,0a4a5f3d7ff11eb5a2ed68849b173809,"X'AEEF20EC5E32AA2F5E62A67F3181CD12'",count,5.00,
1763081280,1440,cache_hit,0a4a5f3d7ff11eb5a2ed68849b173809,"X'AEEF20EC5E32AA2F5E62A67F3181CD12'",count,5.00,
1763082420,60,cache_miss,c8684a8a862c1eebbf42114ff686549a,"X'531C43A12B8518F0A7C1701BD82A1DAB'",count,1.00,
1763082360,360,cache_miss,c8684a8a862c1eebbf42114ff686549a,"X'531C43A12B8518F0A7C1701BD82A1DAB'",count,1.00,
1763081280,1440,cache_miss,c8684a8a862c1eebbf42114ff686549a,"X'531C43A12B8518F0A7C1701BD82A1DAB'",count,1.00,
1763072640,10080,cache_miss,c8684a8a862c1eebbf42114ff686549a,"X'531C43A12B8518F0A7C1701BD82A1DAB'",count,1.00,
1763082420,60,cache_hit,c8684a8a862c1eebbf42114ff686549a,"X'531C43A12B8518F0A7C1701BD82A1DAB'",count,1.00,
1763082360,360,cache_hit,c8684a8a862c1eebbf42114ff686549a,"X'531C43A12B8518F0A7C1701BD82A1DAB'",count,1.00,
1763081280,1440,cache_hit,c8684a8a862c1eebbf42114ff686549a,"X'531C43A12B8518F0A7C1701BD82A1DAB'",count,1.00,
1763072640,10080,cache_hit,c8684a8a862c1eebbf42114ff686549a,"X'531C43A12B8518F0A7C1701BD82A1DAB'",count,1.00,
1763083380,60,cache_miss,6df8084008e46d254d7d223e8ff55a57,"X'3C0EBEE9E68136F468B3D419E6D3E4D9'",count,1.00,
1763083080,360,cache_miss,6df8084008e46d254d7d223e8ff55a57,"X'3C0EBEE9E68136F468B3D419E6D3E4D9'",count,1.00,
1763082720,1440,cache_miss,6df8084008e46d254d7d223e8ff55a57,"X'3C0EBEE9E68136F468B3D419E6D3E4D9'",count,1.00,
1763082720,10080,cache_miss,6df8084008e46d254d7d223e8ff55a57,"X'3C0EBEE9E68136F468B3D419E6D3E4D9'",count,1.00,
1763083380,60,cache_hit,6df8084008e46d254d7d223e8ff55a57,"X'3C0EBEE9E68136F468B3D419E6D3E4D9'",count,1.00,
1763083080,360,cache_hit,6df8084008e46d254d7d223e8ff55a57,"X'3C0EBEE9E68136F468B3D419E6D3E4D9'",count,1.00,
1763082720,1440,cache_hit,6df8084008e46d254d7d223e8ff55a57,"X'3C0EBEE9E68136F468B3D419E6D3E4D9'",count,1.00,
1763082720,10080,cache_hit,6df8084008e46d254d7d223e8ff55a57,"X'3C0EBEE9E68136F468B3D419E6D3E4D9'",count,1.00,
1763090340,60,slow_request,"[""GET"",""\/api\/v1\/products\/{slug}"",""App\\Http\\Controllers\\Api\\V1\\ProductController@show""]","X'170410E1B2CD0D9849ED32037684C3C8'",count,1.00,
1763090280,360,slow_request,"[""GET"",""\/api\/v1\/products\/{slug}"",""App\\Http\\Controllers\\Api\\V1\\ProductController@show""]","X'170410E1B2CD0D9849ED32037684C3C8'",count,1.00,
1763089920,1440,slow_request,"[""GET"",""\/api\/v1\/products\/{slug}"",""App\\Http\\Controllers\\Api\\V1\\ProductController@show""]","X'170410E1B2CD0D9849ED32037684C3C8'",count,1.00,
1763082720,10080,slow_request,"[""GET"",""\/api\/v1\/products\/{slug}"",""App\\Http\\Controllers\\Api\\V1\\ProductController@show""]","X'170410E1B2CD0D9849ED32037684C3C8'",count,1.00,
1763090340,60,cache_miss,fecd64437963ff099af72113103eacbf,"X'CAF685F3E623F783F97F6711990F30F3'",count,1.00,
1763090280,360,cache_miss,fecd64437963ff099af72113103eacbf,"X'CAF685F3E623F783F97F6711990F30F3'",count,1.00,
1763089920,1440,cache_miss,fecd64437963ff099af72113103eacbf,"X'CAF685F3E623F783F97F6711990F30F3'",count,1.00,
1763082720,10080,cache_miss,fecd64437963ff099af72113103eacbf,"X'CAF685F3E623F783F97F6711990F30F3'",count,1.00,
1763090340,60,cache_hit,fecd64437963ff099af72113103eacbf,"X'CAF685F3E623F783F97F6711990F30F3'",count,1.00,
1763090280,360,cache_hit,fecd64437963ff099af72113103eacbf,"X'CAF685F3E623F783F97F6711990F30F3'",count,1.00,
1763089920,1440,cache_hit,fecd64437963ff099af72113103eacbf,"X'CAF685F3E623F783F97F6711990F30F3'",count,1.00,
1763082720,10080,cache_hit,fecd64437963ff099af72113103eacbf,"X'CAF685F3E623F783F97F6711990F30F3'",count,1.00,
1763090340,60,slow_request,"[""GET"",""\/api\/v1\/products\/{slug}"",""App\\Http\\Controllers\\Api\\V1\\ProductController@show""]","X'170410E1B2CD0D9849ED32037684C3C8'",max,1223.00,
1763090280,360,slow_request,"[""GET"",""\/api\/v1\/products\/{slug}"",""App\\Http\\Controllers\\Api\\V1\\ProductController@show""]","X'170410E1B2CD0D9849ED32037684C3C8'",max,1223.00,
1763089920,1440,slow_request,"[""GET"",""\/api\/v1\/products\/{slug}"",""App\\Http\\Controllers\\Api\\V1\\ProductController@show""]","X'170410E1B2CD0D9849ED32037684C3C8'",max,1223.00,
1763082720,10080,slow_request,"[""GET"",""\/api\/v1\/products\/{slug}"",""App\\Http\\Controllers\\Api\\V1\\ProductController@show""]","X'170410E1B2CD0D9849ED32037684C3C8'",max,1223.00,
1763090340,60,cache_miss,788c7a22017d841a7e9b8290a08ed86e,"X'6221AEE368DA8E088BCCFF5DF36A2AD2'",count,1.00,
1763090280,360,cache_miss,788c7a22017d841a7e9b8290a08ed86e,"X'6221AEE368DA8E088BCCFF5DF36A2AD2'",count,1.00,
1763089920,1440,cache_miss,788c7a22017d841a7e9b8290a08ed86e,"X'6221AEE368DA8E088BCCFF5DF36A2AD2'",count,1.00,
1763082720,10080,cache_miss,788c7a22017d841a7e9b8290a08ed86e,"X'6221AEE368DA8E088BCCFF5DF36A2AD2'",count,1.00,
1763090340,60,cache_hit,788c7a22017d841a7e9b8290a08ed86e,"X'6221AEE368DA8E088BCCFF5DF36A2AD2'",count,1.00,
1763090280,360,cache_hit,788c7a22017d841a7e9b8290a08ed86e,"X'6221AEE368DA8E088BCCFF5DF36A2AD2'",count,1.00,
1763089920,1440,cache_hit,788c7a22017d841a7e9b8290a08ed86e,"X'6221AEE368DA8E088BCCFF5DF36A2AD2'",count,1.00,
1763082720,10080,cache_hit,788c7a22017d841a7e9b8290a08ed86e,"X'6221AEE368DA8E088BCCFF5DF36A2AD2'",count,1.00,
1763091720,60,cache_miss,81eec1c0c8bc566b50afe972e3fd5e14,"X'49DEC2E3D959286CF57422BF1CC5CFE3'",count,1.00,
1763091720,360,cache_miss,81eec1c0c8bc566b50afe972e3fd5e14,"X'49DEC2E3D959286CF57422BF1CC5CFE3'",count,1.00,
1763091360,1440,cache_miss,81eec1c0c8bc566b50afe972e3fd5e14,"X'49DEC2E3D959286CF57422BF1CC5CFE3'",count,1.00,
1763082720,10080,cache_miss,81eec1c0c8bc566b50afe972e3fd5e14,"X'49DEC2E3D959286CF57422BF1CC5CFE3'",count,1.00,
1763091720,60,cache_hit,81eec1c0c8bc566b50afe972e3fd5e14,"X'49DEC2E3D959286CF57422BF1CC5CFE3'",count,7.00,
1763091720,360,cache_hit,81eec1c0c8bc566b50afe972e3fd5e14,"X'49DEC2E3D959286CF57422BF1CC5CFE3'",count,7.00,
1763091360,1440,cache_hit,81eec1c0c8bc566b50afe972e3fd5e14,"X'49DEC2E3D959286CF57422BF1CC5CFE3'",count,7.00,
1763082720,10080,cache_hit,81eec1c0c8bc566b50afe972e3fd5e14,"X'49DEC2E3D959286CF57422BF1CC5CFE3'",count,7.00,
1763091720,60,cache_miss,6ed1e41629f8d01cafbbbf2a8c519305,"X'96570AAE37E08A49DEAD43BA0E8DD8AB'",count,1.00,
1763091720,360,cache_miss,6ed1e41629f8d01cafbbbf2a8c519305,"X'96570AAE37E08A49DEAD43BA0E8DD8AB'",count,1.00,
1763091360,1440,cache_miss,6ed1e41629f8d01cafbbbf2a8c519305,"X'96570AAE37E08A49DEAD43BA0E8DD8AB'",count,1.00,
1763082720,10080,cache_miss,6ed1e41629f8d01cafbbbf2a8c519305,"X'96570AAE37E08A49DEAD43BA0E8DD8AB'",count,1.00,
1763091720,60,cache_hit,6ed1e41629f8d01cafbbbf2a8c519305,"X'96570AAE37E08A49DEAD43BA0E8DD8AB'",count,3.00,
1763091720,360,cache_hit,6ed1e41629f8d01cafbbbf2a8c519305,"X'96570AAE37E08A49DEAD43BA0E8DD8AB'",count,3.00,
1763091360,1440,cache_hit,6ed1e41629f8d01cafbbbf2a8c519305,"X'96570AAE37E08A49DEAD43BA0E8DD8AB'",count,3.00,
1763082720,10080,cache_hit,6ed1e41629f8d01cafbbbf2a8c519305,"X'96570AAE37E08A49DEAD43BA0E8DD8AB'",count,3.00,
1763092800,60,cache_miss,74ed1791d96edecee8030d945e0b111e,"X'67BC68DB34517B304FF0ABA2BEB5FF89'",count,1.00,
1763092800,360,cache_miss,74ed1791d96edecee8030d945e0b111e,"X'67BC68DB34517B304FF0ABA2BEB5FF89'",count,2.00,
1763092800,1440,cache_miss,74ed1791d96edecee8030d945e0b111e,"X'67BC68DB34517B304FF0ABA2BEB5FF89'",count,2.00,
1763092800,10080,cache_miss,74ed1791d96edecee8030d945e0b111e,"X'67BC68DB34517B304FF0ABA2BEB5FF89'",count,2.00,
1763092800,60,cache_hit,74ed1791d96edecee8030d945e0b111e,"X'67BC68DB34517B304FF0ABA2BEB5FF89'",count,13.00,
1763092800,360,cache_hit,74ed1791d96edecee8030d945e0b111e,"X'67BC68DB34517B304FF0ABA2BEB5FF89'",count,18.00,
1763092800,1440,cache_hit,74ed1791d96edecee8030d945e0b111e,"X'67BC68DB34517B304FF0ABA2BEB5FF89'",count,18.00,
1763092800,10080,cache_hit,74ed1791d96edecee8030d945e0b111e,"X'67BC68DB34517B304FF0ABA2BEB5FF89'",count,18.00,
1763092860,60,cache_miss,74ed1791d96edecee8030d945e0b111e,"X'67BC68DB34517B304FF0ABA2BEB5FF89'",count,1.00,
1763092860,60,cache_hit,74ed1791d96edecee8030d945e0b111e,"X'67BC68DB34517B304FF0ABA2BEB5FF89'",count,3.00,
1763092920,60,cache_hit,74ed1791d96edecee8030d945e0b111e,"X'67BC68DB34517B304FF0ABA2BEB5FF89'",count,2.00,
1763096340,60,cache_miss,0a4a5f3d7ff11eb5a2ed68849b173809,"X'AEEF20EC5E32AA2F5E62A67F3181CD12'",count,1.00,
1763096040,360,cache_miss,0a4a5f3d7ff11eb5a2ed68849b173809,"X'AEEF20EC5E32AA2F5E62A67F3181CD12'",count,1.00,
1763095680,1440,cache_miss,0a4a5f3d7ff11eb5a2ed68849b173809,"X'AEEF20EC5E32AA2F5E62A67F3181CD12'",count,1.00,
1763092800,10080,cache_miss,0a4a5f3d7ff11eb5a2ed68849b173809,"X'AEEF20EC5E32AA2F5E62A67F3181CD12'",count,6.00,
1763096340,60,cache_hit,0a4a5f3d7ff11eb5a2ed68849b173809,"X'AEEF20EC5E32AA2F5E62A67F3181CD12'",count,5.00,
1763096040,360,cache_hit,0a4a5f3d7ff11eb5a2ed68849b173809,"X'AEEF20EC5E32AA2F5E62A67F3181CD12'",count,5.00,
1763095680,1440,cache_hit,0a4a5f3d7ff11eb5a2ed68849b173809,"X'AEEF20EC5E32AA2F5E62A67F3181CD12'",count,5.00,
1763092800,10080,cache_hit,0a4a5f3d7ff11eb5a2ed68849b173809,"X'AEEF20EC5E32AA2F5E62A67F3181CD12'",count,30.00,
1763098680,60,cache_miss,0a4a5f3d7ff11eb5a2ed68849b173809,"X'AEEF20EC5E32AA2F5E62A67F3181CD12'",count,1.00,
1763098560,360,cache_miss,0a4a5f3d7ff11eb5a2ed68849b173809,"X'AEEF20EC5E32AA2F5E62A67F3181CD12'",count,1.00,
1763098560,1440,cache_miss,0a4a5f3d7ff11eb5a2ed68849b173809,"X'AEEF20EC5E32AA2F5E62A67F3181CD12'",count,2.00,
1763098680,60,cache_hit,0a4a5f3d7ff11eb5a2ed68849b173809,"X'AEEF20EC5E32AA2F5E62A67F3181CD12'",count,5.00,
1763098560,360,cache_hit,0a4a5f3d7ff11eb5a2ed68849b173809,"X'AEEF20EC5E32AA2F5E62A67F3181CD12'",count,5.00,
1763098560,1440,cache_hit,0a4a5f3d7ff11eb5a2ed68849b173809,"X'AEEF20EC5E32AA2F5E62A67F3181CD12'",count,10.00,
1763099520,60,cache_miss,2ce628defa836b525fd8a0bd0081dbfb,"X'C309A6711C85375D93E61237BB728EDC'",count,2.00,
1763099280,360,cache_miss,2ce628defa836b525fd8a0bd0081dbfb,"X'C309A6711C85375D93E61237BB728EDC'",count,2.00,
1763098560,1440,cache_miss,2ce628defa836b525fd8a0bd0081dbfb,"X'C309A6711C85375D93E61237BB728EDC'",count,2.00,
1763092800,10080,cache_miss,2ce628defa836b525fd8a0bd0081dbfb,"X'C309A6711C85375D93E61237BB728EDC'",count,5.00,
1763099520,60,cache_hit,2ce628defa836b525fd8a0bd0081dbfb,"X'C309A6711C85375D93E61237BB728EDC'",count,20.00,
1763099280,360,cache_hit,2ce628defa836b525fd8a0bd0081dbfb,"X'C309A6711C85375D93E61237BB728EDC'",count,20.00,
1763098560,1440,cache_hit,2ce628defa836b525fd8a0bd0081dbfb,"X'C309A6711C85375D93E61237BB728EDC'",count,20.00,
1763092800,10080,cache_hit,2ce628defa836b525fd8a0bd0081dbfb,"X'C309A6711C85375D93E61237BB728EDC'",count,33.00,
1763099520,60,cache_miss,0a4a5f3d7ff11eb5a2ed68849b173809,"X'AEEF20EC5E32AA2F5E62A67F3181CD12'",count,1.00,
1763099280,360,cache_miss,0a4a5f3d7ff11eb5a2ed68849b173809,"X'AEEF20EC5E32AA2F5E62A67F3181CD12'",count,1.00,
1763099520,60,cache_hit,0a4a5f3d7ff11eb5a2ed68849b173809,"X'AEEF20EC5E32AA2F5E62A67F3181CD12'",count,5.00,
1763099280,360,cache_hit,0a4a5f3d7ff11eb5a2ed68849b173809,"X'AEEF20EC5E32AA2F5E62A67F3181CD12'",count,5.00,
1763099520,60,cache_miss,fecd64437963ff099af72113103eacbf,"X'CAF685F3E623F783F97F6711990F30F3'",count,1.00,
1763099280,360,cache_miss,fecd64437963ff099af72113103eacbf,"X'CAF685F3E623F783F97F6711990F30F3'",count,1.00,
1763098560,1440,cache_miss,fecd64437963ff099af72113103eacbf,"X'CAF685F3E623F783F97F6711990F30F3'",count,1.00,
1763092800,10080,cache_miss,fecd64437963ff099af72113103eacbf,"X'CAF685F3E623F783F97F6711990F30F3'",count,1.00,
1763099520,60,cache_hit,fecd64437963ff099af72113103eacbf,"X'CAF685F3E623F783F97F6711990F30F3'",count,1.00,
1763099280,360,cache_hit,fecd64437963ff099af72113103eacbf,"X'CAF685F3E623F783F97F6711990F30F3'",count,1.00,
1763098560,1440,cache_hit,fecd64437963ff099af72113103eacbf,"X'CAF685F3E623F783F97F6711990F30F3'",count,1.00,
1763092800,10080,cache_hit,fecd64437963ff099af72113103eacbf,"X'CAF685F3E623F783F97F6711990F30F3'",count,1.00,
1763099520,60,cache_miss,ba554efa9517a20fff11ce3977b13a0b,"X'B884DCD605EAFFF0EB60184A51684E00'",count,1.00,
1763099280,360,cache_miss,ba554efa9517a20fff11ce3977b13a0b,"X'B884DCD605EAFFF0EB60184A51684E00'",count,1.00,
1763098560,1440,cache_miss,ba554efa9517a20fff11ce3977b13a0b,"X'B884DCD605EAFFF0EB60184A51684E00'",count,1.00,
1763092800,10080,cache_miss,ba554efa9517a20fff11ce3977b13a0b,"X'B884DCD605EAFFF0EB60184A51684E00'",count,1.00,
1763099520,60,cache_hit,ba554efa9517a20fff11ce3977b13a0b,"X'B884DCD605EAFFF0EB60184A51684E00'",count,7.00,
1763099280,360,cache_hit,ba554efa9517a20fff11ce3977b13a0b,"X'B884DCD605EAFFF0EB60184A51684E00'",count,7.00,
1763098560,1440,cache_hit,ba554efa9517a20fff11ce3977b13a0b,"X'B884DCD605EAFFF0EB60184A51684E00'",count,7.00,
1763092800,10080,cache_hit,ba554efa9517a20fff11ce3977b13a0b,"X'B884DCD605EAFFF0EB60184A51684E00'",count,7.00,
1763099520,60,cache_miss,788c7a22017d841a7e9b8290a08ed86e,"X'6221AEE368DA8E088BCCFF5DF36A2AD2'",count,1.00,
1763099280,360,cache_miss,788c7a22017d841a7e9b8290a08ed86e,"X'6221AEE368DA8E088BCCFF5DF36A2AD2'",count,1.00,
1763098560,1440,cache_miss,788c7a22017d841a7e9b8290a08ed86e,"X'6221AEE368DA8E088BCCFF5DF36A2AD2'",count,1.00,
1763092800,10080,cache_miss,788c7a22017d841a7e9b8290a08ed86e,"X'6221AEE368DA8E088BCCFF5DF36A2AD2'",count,1.00,
1763099520,60,cache_hit,788c7a22017d841a7e9b8290a08ed86e,"X'6221AEE368DA8E088BCCFF5DF36A2AD2'",count,9.00,
1763099280,360,cache_hit,788c7a22017d841a7e9b8290a08ed86e,"X'6221AEE368DA8E088BCCFF5DF36A2AD2'",count,9.00,
1763098560,1440,cache_hit,788c7a22017d841a7e9b8290a08ed86e,"X'6221AEE368DA8E088BCCFF5DF36A2AD2'",count,9.00,
1763092800,10080,cache_hit,788c7a22017d841a7e9b8290a08ed86e,"X'6221AEE368DA8E088BCCFF5DF36A2AD2'",count,9.00,
1763100060,60,cache_miss,2ce628defa836b525fd8a0bd0081dbfb,"X'C309A6711C85375D93E61237BB728EDC'",count,3.00,
1763100000,360,cache_miss,2ce628defa836b525fd8a0bd0081dbfb,"X'C309A6711C85375D93E61237BB728EDC'",count,3.00,
1763100000,1440,cache_miss,2ce628defa836b525fd8a0bd0081dbfb,"X'C309A6711C85375D93E61237BB728EDC'",count,3.00,
1763100060,60,cache_hit,2ce628defa836b525fd8a0bd0081dbfb,"X'C309A6711C85375D93E61237BB728EDC'",count,13.00,
1763100000,360,cache_hit,2ce628defa836b525fd8a0bd0081dbfb,"X'C309A6711C85375D93E61237BB728EDC'",count,13.00,
1763100000,1440,cache_hit,2ce628defa836b525fd8a0bd0081dbfb,"X'C309A6711C85375D93E61237BB728EDC'",count,13.00,
1763100120,60,slow_request,"[""GET"",""\/admin"",""Filament\\Pages\\Dashboard""]","X'9D8BAF8A2E7DD28B63E0B975A699316E'",count,1.00,
1763100000,360,slow_request,"[""GET"",""\/admin"",""Filament\\Pages\\Dashboard""]","X'9D8BAF8A2E7DD28B63E0B975A699316E'",count,1.00,
1763100000,1440,slow_request,"[""GET"",""\/admin"",""Filament\\Pages\\Dashboard""]","X'9D8BAF8A2E7DD28B63E0B975A699316E'",count,1.00,
1763092800,10080,slow_request,"[""GET"",""\/admin"",""Filament\\Pages\\Dashboard""]","X'9D8BAF8A2E7DD28B63E0B975A699316E'",count,1.00,
1763100120,60,slow_user_request,2,"X'C81E728D9D4C2F636F067F89CC14862C'",count,1.00,
1763100000,360,slow_user_request,2,"X'C81E728D9D4C2F636F067F89CC14862C'",count,1.00,
1763100000,1440,slow_user_request,2,"X'C81E728D9D4C2F636F067F89CC14862C'",count,1.00,
1763092800,10080,slow_user_request,2,"X'C81E728D9D4C2F636F067F89CC14862C'",count,1.00,
1763100120,60,user_request,2,"X'C81E728D9D4C2F636F067F89CC14862C'",count,2.00,
1763100000,360,user_request,2,"X'C81E728D9D4C2F636F067F89CC14862C'",count,2.00,
1763100000,1440,user_request,2,"X'C81E728D9D4C2F636F067F89CC14862C'",count,2.00,
1763092800,10080,user_request,2,"X'C81E728D9D4C2F636F067F89CC14862C'",count,2.00,
1763100120,60,cache_miss,filament-excel:exports:2,"X'6FD553FA91DAA6B8F81911C003B16325'",count,3.00,
1763100000,360,cache_miss,filament-excel:exports:2,"X'6FD553FA91DAA6B8F81911C003B16325'",count,3.00,
1763100000,1440,cache_miss,filament-excel:exports:2,"X'6FD553FA91DAA6B8F81911C003B16325'",count,3.00,
1763092800,10080,cache_miss,filament-excel:exports:2,"X'6FD553FA91DAA6B8F81911C003B16325'",count,3.00,
1763100120,60,slow_request,"[""GET"",""\/admin"",""Filament\\Pages\\Dashboard""]","X'9D8BAF8A2E7DD28B63E0B975A699316E'",max,1031.00,
1763100000,360,slow_request,"[""GET"",""\/admin"",""Filament\\Pages\\Dashboard""]","X'9D8BAF8A2E7DD28B63E0B975A699316E'",max,1031.00,
1763100000,1440,slow_request,"[""GET"",""\/admin"",""Filament\\Pages\\Dashboard""]","X'9D8BAF8A2E7DD28B63E0B975A699316E'",max,1031.00,
1763092800,10080,slow_request,"[""GET"",""\/admin"",""Filament\\Pages\\Dashboard""]","X'9D8BAF8A2E7DD28B63E0B975A699316E'",max,1031.00,
1763100540,60,cache_miss,0a4a5f3d7ff11eb5a2ed68849b173809,"X'AEEF20EC5E32AA2F5E62A67F3181CD12'",count,1.00,
1763100360,360,cache_miss,0a4a5f3d7ff11eb5a2ed68849b173809,"X'AEEF20EC5E32AA2F5E62A67F3181CD12'",count,1.00,
1763100000,1440,cache_miss,0a4a5f3d7ff11eb5a2ed68849b173809,"X'AEEF20EC5E32AA2F5E62A67F3181CD12'",count,1.00,
1763100540,60,cache_hit,0a4a5f3d7ff11eb5a2ed68849b173809,"X'AEEF20EC5E32AA2F5E62A67F3181CD12'",count,5.00,
1763100360,360,cache_hit,0a4a5f3d7ff11eb5a2ed68849b173809,"X'AEEF20EC5E32AA2F5E62A67F3181CD12'",count,5.00,
1763100000,1440,cache_hit,0a4a5f3d7ff11eb5a2ed68849b173809,"X'AEEF20EC5E32AA2F5E62A67F3181CD12'",count,5.00,
1763100540,60,cache_miss,ed6ecca3f34bc4afe0f1505b7c8349b1,"X'9E926B0A8EB0D3F65B834877FF6D4B89'",count,1.00,
1763100360,360,cache_miss,ed6ecca3f34bc4afe0f1505b7c8349b1,"X'9E926B0A8EB0D3F65B834877FF6D4B89'",count,1.00,
1763100000,1440,cache_miss,ed6ecca3f34bc4afe0f1505b7c8349b1,"X'9E926B0A8EB0D3F65B834877FF6D4B89'",count,1.00,
1763092800,10080,cache_miss,ed6ecca3f34bc4afe0f1505b7c8349b1,"X'9E926B0A8EB0D3F65B834877FF6D4B89'",count,1.00,
1763100540,60,cache_hit,ed6ecca3f34bc4afe0f1505b7c8349b1,"X'9E926B0A8EB0D3F65B834877FF6D4B89'",count,15.00,
1763100360,360,cache_hit,ed6ecca3f34bc4afe0f1505b7c8349b1,"X'9E926B0A8EB0D3F65B834877FF6D4B89'",count,15.00,
1763100000,1440,cache_hit,ed6ecca3f34bc4afe0f1505b7c8349b1,"X'9E926B0A8EB0D3F65B834877FF6D4B89'",count,15.00,
1763092800,10080,cache_hit,ed6ecca3f34bc4afe0f1505b7c8349b1,"X'9E926B0A8EB0D3F65B834877FF6D4B89'",count,15.00,
1763102160,60,cache_miss,0a4a5f3d7ff11eb5a2ed68849b173809,"X'AEEF20EC5E32AA2F5E62A67F3181CD12'",count,1.00,
1763102160,360,cache_miss,0a4a5f3d7ff11eb5a2ed68849b173809,"X'AEEF20EC5E32AA2F5E62A67F3181CD12'",count,1.00,
1763101440,1440,cache_miss,0a4a5f3d7ff11eb5a2ed68849b173809,"X'AEEF20EC5E32AA2F5E62A67F3181CD12'",count,2.00,
1763102160,60,cache_hit,0a4a5f3d7ff11eb5a2ed68849b173809,"X'AEEF20EC5E32AA2F5E62A67F3181CD12'",count,5.00,
1763102160,360,cache_hit,0a4a5f3d7ff11eb5a2ed68849b173809,"X'AEEF20EC5E32AA2F5E62A67F3181CD12'",count,5.00,
1763101440,1440,cache_hit,0a4a5f3d7ff11eb5a2ed68849b173809,"X'AEEF20EC5E32AA2F5E62A67F3181CD12'",count,10.00,
1763102160,60,cache_miss,be2561e7ab494cc1c3aa9313db5654c6,"X'5575C87BBD939139D8FBBEA4C4EA8362'",count,1.00,
1763102160,360,cache_miss,be2561e7ab494cc1c3aa9313db5654c6,"X'5575C87BBD939139D8FBBEA4C4EA8362'",count,1.00,
1763101440,1440,cache_miss,be2561e7ab494cc1c3aa9313db5654c6,"X'5575C87BBD939139D8FBBEA4C4EA8362'",count,1.00,
1763092800,10080,cache_miss,be2561e7ab494cc1c3aa9313db5654c6,"X'5575C87BBD939139D8FBBEA4C4EA8362'",count,1.00,
1763102220,60,cache_hit,be2561e7ab494cc1c3aa9313db5654c6,"X'5575C87BBD939139D8FBBEA4C4EA8362'",count,33.00,
1763102160,360,cache_hit,be2561e7ab494cc1c3aa9313db5654c6,"X'5575C87BBD939139D8FBBEA4C4EA8362'",count,33.00,
1763101440,1440,cache_hit,be2561e7ab494cc1c3aa9313db5654c6,"X'5575C87BBD939139D8FBBEA4C4EA8362'",count,33.00,
1763092800,10080,cache_hit,be2561e7ab494cc1c3aa9313db5654c6,"X'5575C87BBD939139D8FBBEA4C4EA8362'",count,33.00,
1763102220,60,user_request,67,"X'735B90B4568125ED6C3F678819B6E058'",count,5.00,
1763102160,360,user_request,67,"X'735B90B4568125ED6C3F678819B6E058'",count,5.00,
1763101440,1440,user_request,67,"X'735B90B4568125ED6C3F678819B6E058'",count,5.00,
1763092800,10080,user_request,67,"X'735B90B4568125ED6C3F678819B6E058'",count,5.00,
1763102220,60,cache_miss,0e79123a6ed1ed614801fdbdd9974f7e,"X'5D8CD31DC2739BF8A451E9530C9C99B7'",count,1.00,
1763102160,360,cache_miss,0e79123a6ed1ed614801fdbdd9974f7e,"X'5D8CD31DC2739BF8A451E9530C9C99B7'",count,1.00,
1763101440,1440,cache_miss,0e79123a6ed1ed614801fdbdd9974f7e,"X'5D8CD31DC2739BF8A451E9530C9C99B7'",count,1.00,
1763092800,10080,cache_miss,0e79123a6ed1ed614801fdbdd9974f7e,"X'5D8CD31DC2739BF8A451E9530C9C99B7'",count,1.00,
1763102220,60,cache_hit,0e79123a6ed1ed614801fdbdd9974f7e,"X'5D8CD31DC2739BF8A451E9530C9C99B7'",count,9.00,
1763102160,360,cache_hit,0e79123a6ed1ed614801fdbdd9974f7e,"X'5D8CD31DC2739BF8A451E9530C9C99B7'",count,9.00,
1763101440,1440,cache_hit,0e79123a6ed1ed614801fdbdd9974f7e,"X'5D8CD31DC2739BF8A451E9530C9C99B7'",count,9.00,
1763092800,10080,cache_hit,0e79123a6ed1ed614801fdbdd9974f7e,"X'5D8CD31DC2739BF8A451E9530C9C99B7'",count,9.00,
1763102520,60,cache_miss,0a4a5f3d7ff11eb5a2ed68849b173809,"X'AEEF20EC5E32AA2F5E62A67F3181CD12'",count,1.00,
1763102520,360,cache_miss,0a4a5f3d7ff11eb5a2ed68849b173809,"X'AEEF20EC5E32AA2F5E62A67F3181CD12'",count,1.00,
1763102520,60,cache_hit,0a4a5f3d7ff11eb5a2ed68849b173809,"X'AEEF20EC5E32AA2F5E62A67F3181CD12'",count,5.00,
1763102520,360,cache_hit,0a4a5f3d7ff11eb5a2ed68849b173809,"X'AEEF20EC5E32AA2F5E62A67F3181CD12'",count,5.00,
1763104980,60,cache_hit,19e7bbdf5f5fe1b7aa3e17ff25a0a608,"X'B7F0699953965D3E04F0496BE1B4F3BC'",count,4.00,
1763104680,360,cache_hit,19e7bbdf5f5fe1b7aa3e17ff25a0a608,"X'B7F0699953965D3E04F0496BE1B4F3BC'",count,4.00,
1763104320,1440,cache_hit,19e7bbdf5f5fe1b7aa3e17ff25a0a608,"X'B7F0699953965D3E04F0496BE1B4F3BC'",count,4.00,
1763102880,10080,cache_hit,19e7bbdf5f5fe1b7aa3e17ff25a0a608,"X'B7F0699953965D3E04F0496BE1B4F3BC'",count,4.00,
1763104980,60,cache_miss,19e7bbdf5f5fe1b7aa3e17ff25a0a608,"X'B7F0699953965D3E04F0496BE1B4F3BC'",count,2.00,
1763104680,360,cache_miss,19e7bbdf5f5fe1b7aa3e17ff25a0a608,"X'B7F0699953965D3E04F0496BE1B4F3BC'",count,2.00,
1763104320,1440,cache_miss,19e7bbdf5f5fe1b7aa3e17ff25a0a608,"X'B7F0699953965D3E04F0496BE1B4F3BC'",count,2.00,
1763102880,10080,cache_miss,19e7bbdf5f5fe1b7aa3e17ff25a0a608,"X'B7F0699953965D3E04F0496BE1B4F3BC'",count,2.00,
1763105640,60,cache_miss,0a4a5f3d7ff11eb5a2ed68849b173809,"X'AEEF20EC5E32AA2F5E62A67F3181CD12'",count,1.00,
1763105400,360,cache_miss,0a4a5f3d7ff11eb5a2ed68849b173809,"X'AEEF20EC5E32AA2F5E62A67F3181CD12'",count,1.00,
1763104320,1440,cache_miss,0a4a5f3d7ff11eb5a2ed68849b173809,"X'AEEF20EC5E32AA2F5E62A67F3181CD12'",count,1.00,
1763102880,10080,cache_miss,0a4a5f3d7ff11eb5a2ed68849b173809,"X'AEEF20EC5E32AA2F5E62A67F3181CD12'",count,5.00,
1763105640,60,cache_hit,0a4a5f3d7ff11eb5a2ed68849b173809,"X'AEEF20EC5E32AA2F5E62A67F3181CD12'",count,5.00,
1763105400,360,cache_hit,0a4a5f3d7ff11eb5a2ed68849b173809,"X'AEEF20EC5E32AA2F5E62A67F3181CD12'",count,5.00,
1763104320,1440,cache_hit,0a4a5f3d7ff11eb5a2ed68849b173809,"X'AEEF20EC5E32AA2F5E62A67F3181CD12'",count,5.00,
1763102880,10080,cache_hit,0a4a5f3d7ff11eb5a2ed68849b173809,"X'AEEF20EC5E32AA2F5E62A67F3181CD12'",count,25.00,
1763105940,60,cache_miss,9644dec37946bcc878b24c35c5eb2a8e,"X'9290FEFDDE6121387DDF6410A3427EFE'",count,1.00,
1763105760,360,cache_miss,9644dec37946bcc878b24c35c5eb2a8e,"X'9290FEFDDE6121387DDF6410A3427EFE'",count,4.00,
1763105760,1440,cache_miss,9644dec37946bcc878b24c35c5eb2a8e,"X'9290FEFDDE6121387DDF6410A3427EFE'",count,4.00,
1763102880,10080,cache_miss,9644dec37946bcc878b24c35c5eb2a8e,"X'9290FEFDDE6121387DDF6410A3427EFE'",count,4.00,
1763105940,60,cache_hit,9644dec37946bcc878b24c35c5eb2a8e,"X'9290FEFDDE6121387DDF6410A3427EFE'",count,25.00,
1763105760,360,cache_hit,9644dec37946bcc878b24c35c5eb2a8e,"X'9290FEFDDE6121387DDF6410A3427EFE'",count,44.00,
1763105760,1440,cache_hit,9644dec37946bcc878b24c35c5eb2a8e,"X'9290FEFDDE6121387DDF6410A3427EFE'",count,44.00,
1763102880,10080,cache_hit,9644dec37946bcc878b24c35c5eb2a8e,"X'9290FEFDDE6121387DDF6410A3427EFE'",count,44.00,
1763106000,60,cache_hit,9644dec37946bcc878b24c35c5eb2a8e,"X'9290FEFDDE6121387DDF6410A3427EFE'",count,13.00,
1763106000,60,slow_request,"[""GET"",""\/api\/v1\/categories"",""App\\Http\\Controllers\\Api\\V1\\CategoryController@index""]","X'60374D41A7A4EB9973ABC798FC028C3D'",count,1.00,
1763106000,60,slow_request,"[""GET"",""\/api\/v1\/products"",""App\\Http\\Controllers\\Api\\V1\\ProductController@index""]","X'9F16684F33EF3611750C326752979C04'",count,1.00,
1763105760,360,slow_request,"[""GET"",""\/api\/v1\/products"",""App\\Http\\Controllers\\Api\\V1\\ProductController@index""]","X'9F16684F33EF3611750C326752979C04'",count,3.00,
1763106000,60,slow_request,"[""GET"",""\/api\/v1\/products\/{slug}"",""App\\Http\\Controllers\\Api\\V1\\ProductController@show""]","X'170410E1B2CD0D9849ED32037684C3C8'",count,1.00,
1763105760,360,slow_request,"[""GET"",""\/api\/v1\/categories"",""App\\Http\\Controllers\\Api\\V1\\CategoryController@index""]","X'60374D41A7A4EB9973ABC798FC028C3D'",count,1.00,
1763105760,1440,slow_request,"[""GET"",""\/api\/v1\/products"",""App\\Http\\Controllers\\Api\\V1\\ProductController@index""]","X'9F16684F33EF3611750C326752979C04'",count,3.00,
1763105760,360,slow_request,"[""GET"",""\/api\/v1\/products\/{slug}"",""App\\Http\\Controllers\\Api\\V1\\ProductController@show""]","X'170410E1B2CD0D9849ED32037684C3C8'",count,2.00,
1763105760,1440,slow_request,"[""GET"",""\/api\/v1\/categories"",""App\\Http\\Controllers\\Api\\V1\\CategoryController@index""]","X'60374D41A7A4EB9973ABC798FC028C3D'",count,1.00,
1763102880,10080,slow_request,"[""GET"",""\/api\/v1\/products"",""App\\Http\\Controllers\\Api\\V1\\ProductController@index""]","X'9F16684F33EF3611750C326752979C04'",count,3.00,
1763105760,1440,slow_request,"[""GET"",""\/api\/v1\/products\/{slug}"",""App\\Http\\Controllers\\Api\\V1\\ProductController@show""]","X'170410E1B2CD0D9849ED32037684C3C8'",count,2.00,
1763102880,10080,slow_request,"[""GET"",""\/api\/v1\/categories"",""App\\Http\\Controllers\\Api\\V1\\CategoryController@index""]","X'60374D41A7A4EB9973ABC798FC028C3D'",count,1.00,
1763102880,10080,slow_request,"[""GET"",""\/api\/v1\/products\/{slug}"",""App\\Http\\Controllers\\Api\\V1\\ProductController@show""]","X'170410E1B2CD0D9849ED32037684C3C8'",count,2.00,
1763106000,60,cache_miss,9644dec37946bcc878b24c35c5eb2a8e,"X'9290FEFDDE6121387DDF6410A3427EFE'",count,3.00,
1763106000,60,slow_request,"[""GET"",""\/api\/v1\/products"",""App\\Http\\Controllers\\Api\\V1\\ProductController@index""]","X'9F16684F33EF3611750C326752979C04'",max,1420.00,
1763105760,360,slow_request,"[""GET"",""\/api\/v1\/products"",""App\\Http\\Controllers\\Api\\V1\\ProductController@index""]","X'9F16684F33EF3611750C326752979C04'",max,23897.00,
1763105760,1440,slow_request,"[""GET"",""\/api\/v1\/products"",""App\\Http\\Controllers\\Api\\V1\\ProductController@index""]","X'9F16684F33EF3611750C326752979C04'",max,23897.00,
1763102880,10080,slow_request,"[""GET"",""\/api\/v1\/products"",""App\\Http\\Controllers\\Api\\V1\\ProductController@index""]","X'9F16684F33EF3611750C326752979C04'",max,23897.00,
1763106000,60,slow_request,"[""GET"",""\/api\/v1\/products\/{slug}"",""App\\Http\\Controllers\\Api\\V1\\ProductController@show""]","X'170410E1B2CD0D9849ED32037684C3C8'",max,8148.00,
1763105760,360,slow_request,"[""GET"",""\/api\/v1\/products\/{slug}"",""App\\Http\\Controllers\\Api\\V1\\ProductController@show""]","X'170410E1B2CD0D9849ED32037684C3C8'",max,8371.00,
1763105760,1440,slow_request,"[""GET"",""\/api\/v1\/products\/{slug}"",""App\\Http\\Controllers\\Api\\V1\\ProductController@show""]","X'170410E1B2CD0D9849ED32037684C3C8'",max,8371.00,
1763102880,10080,slow_request,"[""GET"",""\/api\/v1\/products\/{slug}"",""App\\Http\\Controllers\\Api\\V1\\ProductController@show""]","X'170410E1B2CD0D9849ED32037684C3C8'",max,8371.00,
1763106000,60,slow_request,"[""GET"",""\/api\/v1\/categories"",""App\\Http\\Controllers\\Api\\V1\\CategoryController@index""]","X'60374D41A7A4EB9973ABC798FC028C3D'",max,1899.00,
1763105760,360,slow_request,"[""GET"",""\/api\/v1\/categories"",""App\\Http\\Controllers\\Api\\V1\\CategoryController@index""]","X'60374D41A7A4EB9973ABC798FC028C3D'",max,1899.00,
1763105760,1440,slow_request,"[""GET"",""\/api\/v1\/categories"",""App\\Http\\Controllers\\Api\\V1\\CategoryController@index""]","X'60374D41A7A4EB9973ABC798FC028C3D'",max,1899.00,
1763102880,10080,slow_request,"[""GET"",""\/api\/v1\/categories"",""App\\Http\\Controllers\\Api\\V1\\CategoryController@index""]","X'60374D41A7A4EB9973ABC798FC028C3D'",max,1899.00,
1763106060,60,slow_request,"[""GET"",""\/api\/v1\/products"",""App\\Http\\Controllers\\Api\\V1\\ProductController@index""]","X'9F16684F33EF3611750C326752979C04'",count,2.00,
1763106060,60,cache_hit,9644dec37946bcc878b24c35c5eb2a8e,"X'9290FEFDDE6121387DDF6410A3427EFE'",count,6.00,
1763106060,60,slow_request,"[""GET"",""\/api\/v1\/products"",""App\\Http\\Controllers\\Api\\V1\\ProductController@index""]","X'9F16684F33EF3611750C326752979C04'",max,23897.00,
1763106060,60,slow_request,"[""GET"",""\/api\/v1\/products\/{slug}"",""App\\Http\\Controllers\\Api\\V1\\ProductController@show""]","X'170410E1B2CD0D9849ED32037684C3C8'",count,1.00,
1763106060,60,slow_request,"[""GET"",""\/api\/v1\/products\/{slug}"",""App\\Http\\Controllers\\Api\\V1\\ProductController@show""]","X'170410E1B2CD0D9849ED32037684C3C8'",max,8371.00,
1763106720,60,slow_request,"[""GET"",""\/api\/v1\/collections"",""App\\Http\\Controllers\\Api\\V1\\CollectionController@all""]","X'F0CAFB9DE9C914BAC0B8613012B749DF'",count,1.00,
1763106480,360,slow_request,"[""GET"",""\/api\/v1\/collections"",""App\\Http\\Controllers\\Api\\V1\\CollectionController@all""]","X'F0CAFB9DE9C914BAC0B8613012B749DF'",count,1.00,
1763105760,1440,slow_request,"[""GET"",""\/api\/v1\/collections"",""App\\Http\\Controllers\\Api\\V1\\CollectionController@all""]","X'F0CAFB9DE9C914BAC0B8613012B749DF'",count,1.00,
1763102880,10080,slow_request,"[""GET"",""\/api\/v1\/collections"",""App\\Http\\Controllers\\Api\\V1\\CollectionController@all""]","X'F0CAFB9DE9C914BAC0B8613012B749DF'",count,1.00,
1763106720,60,cache_miss,0a4a5f3d7ff11eb5a2ed68849b173809,"X'AEEF20EC5E32AA2F5E62A67F3181CD12'",count,1.00,
1763106480,360,cache_miss,0a4a5f3d7ff11eb5a2ed68849b173809,"X'AEEF20EC5E32AA2F5E62A67F3181CD12'",count,1.00,
1763105760,1440,cache_miss,0a4a5f3d7ff11eb5a2ed68849b173809,"X'AEEF20EC5E32AA2F5E62A67F3181CD12'",count,2.00,
1763106720,60,cache_hit,0a4a5f3d7ff11eb5a2ed68849b173809,"X'AEEF20EC5E32AA2F5E62A67F3181CD12'",count,5.00,
1763106480,360,cache_hit,0a4a5f3d7ff11eb5a2ed68849b173809,"X'AEEF20EC5E32AA2F5E62A67F3181CD12'",count,5.00,
1763105760,1440,cache_hit,0a4a5f3d7ff11eb5a2ed68849b173809,"X'AEEF20EC5E32AA2F5E62A67F3181CD12'",count,10.00,
1763106720,60,slow_request,"[""GET"",""\/api\/v1\/collections"",""App\\Http\\Controllers\\Api\\V1\\CollectionController@all""]","X'F0CAFB9DE9C914BAC0B8613012B749DF'",max,1439.00,
1763106480,360,slow_request,"[""GET"",""\/api\/v1\/collections"",""App\\Http\\Controllers\\Api\\V1\\CollectionController@all""]","X'F0CAFB9DE9C914BAC0B8613012B749DF'",max,1439.00,
1763105760,1440,slow_request,"[""GET"",""\/api\/v1\/collections"",""App\\Http\\Controllers\\Api\\V1\\CollectionController@all""]","X'F0CAFB9DE9C914BAC0B8613012B749DF'",max,1439.00,
1763102880,10080,slow_request,"[""GET"",""\/api\/v1\/collections"",""App\\Http\\Controllers\\Api\\V1\\CollectionController@all""]","X'F0CAFB9DE9C914BAC0B8613012B749DF'",max,1439.00,
1763106720,60,cache_miss,d6ad1309d9fe380376d87401cc296ab1,"X'D056B20B6086068C63B81629F63E0128'",count,1.00,
1763106480,360,cache_miss,d6ad1309d9fe380376d87401cc296ab1,"X'D056B20B6086068C63B81629F63E0128'",count,1.00,
1763105760,1440,cache_miss,d6ad1309d9fe380376d87401cc296ab1,"X'D056B20B6086068C63B81629F63E0128'",count,2.00,
1763102880,10080,cache_miss,d6ad1309d9fe380376d87401cc296ab1,"X'D056B20B6086068C63B81629F63E0128'",count,2.00,
1763106720,60,cache_hit,d6ad1309d9fe380376d87401cc296ab1,"X'D056B20B6086068C63B81629F63E0128'",count,13.00,
1763106480,360,cache_hit,d6ad1309d9fe380376d87401cc296ab1,"X'D056B20B6086068C63B81629F63E0128'",count,23.00,
1763105760,1440,cache_hit,d6ad1309d9fe380376d87401cc296ab1,"X'D056B20B6086068C63B81629F63E0128'",count,28.00,
1763102880,10080,cache_hit,d6ad1309d9fe380376d87401cc296ab1,"X'D056B20B6086068C63B81629F63E0128'",count,28.00,
1763106780,60,cache_hit,d6ad1309d9fe380376d87401cc296ab1,"X'D056B20B6086068C63B81629F63E0128'",count,10.00,
1763106840,60,cache_miss,d6ad1309d9fe380376d87401cc296ab1,"X'D056B20B6086068C63B81629F63E0128'",count,1.00,
1763106840,360,cache_miss,d6ad1309d9fe380376d87401cc296ab1,"X'D056B20B6086068C63B81629F63E0128'",count,1.00,
1763106840,60,cache_hit,d6ad1309d9fe380376d87401cc296ab1,"X'D056B20B6086068C63B81629F63E0128'",count,5.00,
1763106840,360,cache_hit,d6ad1309d9fe380376d87401cc296ab1,"X'D056B20B6086068C63B81629F63E0128'",count,5.00,
1763107080,60,cache_miss,0a4a5f3d7ff11eb5a2ed68849b173809,"X'AEEF20EC5E32AA2F5E62A67F3181CD12'",count,1.00,
1763106840,360,cache_miss,0a4a5f3d7ff11eb5a2ed68849b173809,"X'AEEF20EC5E32AA2F5E62A67F3181CD12'",count,1.00,
1763107080,60,cache_hit,0a4a5f3d7ff11eb5a2ed68849b173809,"X'AEEF20EC5E32AA2F5E62A67F3181CD12'",count,5.00,
1763106840,360,cache_hit,0a4a5f3d7ff11eb5a2ed68849b173809,"X'AEEF20EC5E32AA2F5E62A67F3181CD12'",count,5.00,
1763107080,60,cache_miss,694a5a7917fd4922a1aa14946a23c078,"X'226CCBF43121887F858D5294AFED37ED'",count,1.00,
1763106840,360,cache_miss,694a5a7917fd4922a1aa14946a23c078,"X'226CCBF43121887F858D5294AFED37ED'",count,1.00,
1763105760,1440,cache_miss,694a5a7917fd4922a1aa14946a23c078,"X'226CCBF43121887F858D5294AFED37ED'",count,1.00,
1763102880,10080,cache_miss,694a5a7917fd4922a1aa14946a23c078,"X'226CCBF43121887F858D5294AFED37ED'",count,1.00,
1763107080,60,cache_hit,694a5a7917fd4922a1aa14946a23c078,"X'226CCBF43121887F858D5294AFED37ED'",count,9.00,
1763106840,360,cache_hit,694a5a7917fd4922a1aa14946a23c078,"X'226CCBF43121887F858D5294AFED37ED'",count,9.00,
1763105760,1440,cache_hit,694a5a7917fd4922a1aa14946a23c078,"X'226CCBF43121887F858D5294AFED37ED'",count,9.00,
1763102880,10080,cache_hit,694a5a7917fd4922a1aa14946a23c078,"X'226CCBF43121887F858D5294AFED37ED'",count,9.00,
1763109120,60,cache_miss,2ce628defa836b525fd8a0bd0081dbfb,"X'C309A6711C85375D93E61237BB728EDC'",count,2.00,
1763109000,360,cache_miss,2ce628defa836b525fd8a0bd0081dbfb,"X'C309A6711C85375D93E61237BB728EDC'",count,3.00,
1763108640,1440,cache_miss,2ce628defa836b525fd8a0bd0081dbfb,"X'C309A6711C85375D93E61237BB728EDC'",count,4.00,
1763102880,10080,cache_miss,2ce628defa836b525fd8a0bd0081dbfb,"X'C309A6711C85375D93E61237BB728EDC'",count,4.00,
1763109120,60,cache_hit,2ce628defa836b525fd8a0bd0081dbfb,"X'C309A6711C85375D93E61237BB728EDC'",count,10.00,
1763109000,360,cache_hit,2ce628defa836b525fd8a0bd0081dbfb,"X'C309A6711C85375D93E61237BB728EDC'",count,33.00,
1763108640,1440,cache_hit,2ce628defa836b525fd8a0bd0081dbfb,"X'C309A6711C85375D93E61237BB728EDC'",count,44.00,
1763102880,10080,cache_hit,2ce628defa836b525fd8a0bd0081dbfb,"X'C309A6711C85375D93E61237BB728EDC'",count,44.00,
1763109240,60,cache_miss,2ce628defa836b525fd8a0bd0081dbfb,"X'C309A6711C85375D93E61237BB728EDC'",count,1.00,
1763109240,60,cache_hit,2ce628defa836b525fd8a0bd0081dbfb,"X'C309A6711C85375D93E61237BB728EDC'",count,23.00,
1763109660,60,cache_miss,2ce628defa836b525fd8a0bd0081dbfb,"X'C309A6711C85375D93E61237BB728EDC'",count,1.00,
1763109360,360,cache_miss,2ce628defa836b525fd8a0bd0081dbfb,"X'C309A6711C85375D93E61237BB728EDC'",count,1.00,
1763109660,60,cache_hit,2ce628defa836b525fd8a0bd0081dbfb,"X'C309A6711C85375D93E61237BB728EDC'",count,11.00,
1763109360,360,cache_hit,2ce628defa836b525fd8a0bd0081dbfb,"X'C309A6711C85375D93E61237BB728EDC'",count,11.00,
1763109960,60,cache_miss,0a4a5f3d7ff11eb5a2ed68849b173809,"X'AEEF20EC5E32AA2F5E62A67F3181CD12'",count,1.00,
1763109720,360,cache_miss,0a4a5f3d7ff11eb5a2ed68849b173809,"X'AEEF20EC5E32AA2F5E62A67F3181CD12'",count,1.00,
1763108640,1440,cache_miss,0a4a5f3d7ff11eb5a2ed68849b173809,"X'AEEF20EC5E32AA2F5E62A67F3181CD12'",count,1.00,
1763109960,60,cache_hit,0a4a5f3d7ff11eb5a2ed68849b173809,"X'AEEF20EC5E32AA2F5E62A67F3181CD12'",count,5.00,
1763109720,360,cache_hit,0a4a5f3d7ff11eb5a2ed68849b173809,"X'AEEF20EC5E32AA2F5E62A67F3181CD12'",count,5.00,
1763108640,1440,cache_hit,0a4a5f3d7ff11eb5a2ed68849b173809,"X'AEEF20EC5E32AA2F5E62A67F3181CD12'",count,5.00,
1763110020,60,cache_miss,ed5fc02329d318f51502d78419e9dd77,"X'6AD4B3BE8AAD5A8672C090ED5209E56E'",count,1.00,
1763109720,360,cache_miss,ed5fc02329d318f51502d78419e9dd77,"X'6AD4B3BE8AAD5A8672C090ED5209E56E'",count,1.00,
1763108640,1440,cache_miss,ed5fc02329d318f51502d78419e9dd77,"X'6AD4B3BE8AAD5A8672C090ED5209E56E'",count,1.00,
1763102880,10080,cache_miss,ed5fc02329d318f51502d78419e9dd77,"X'6AD4B3BE8AAD5A8672C090ED5209E56E'",count,1.00,
1763110020,60,cache_hit,ed5fc02329d318f51502d78419e9dd77,"X'6AD4B3BE8AAD5A8672C090ED5209E56E'",count,15.00,
1763109720,360,cache_hit,ed5fc02329d318f51502d78419e9dd77,"X'6AD4B3BE8AAD5A8672C090ED5209E56E'",count,15.00,
1763108640,1440,cache_hit,ed5fc02329d318f51502d78419e9dd77,"X'6AD4B3BE8AAD5A8672C090ED5209E56E'",count,15.00,
1763102880,10080,cache_hit,ed5fc02329d318f51502d78419e9dd77,"X'6AD4B3BE8AAD5A8672C090ED5209E56E'",count,15.00,
1763110020,60,cache_miss,f4de7e1529e50430867f70192bfcdb3e,"X'6DB0EF9C44416A898EB82C18B1D7C055'",count,1.00,
1763109720,360,cache_miss,f4de7e1529e50430867f70192bfcdb3e,"X'6DB0EF9C44416A898EB82C18B1D7C055'",count,1.00,
1763108640,1440,cache_miss,f4de7e1529e50430867f70192bfcdb3e,"X'6DB0EF9C44416A898EB82C18B1D7C055'",count,1.00,
1763102880,10080,cache_miss,f4de7e1529e50430867f70192bfcdb3e,"X'6DB0EF9C44416A898EB82C18B1D7C055'",count,1.00,
1763110020,60,cache_hit,f4de7e1529e50430867f70192bfcdb3e,"X'6DB0EF9C44416A898EB82C18B1D7C055'",count,5.00,
1763109720,360,cache_hit,f4de7e1529e50430867f70192bfcdb3e,"X'6DB0EF9C44416A898EB82C18B1D7C055'",count,5.00,
1763108640,1440,cache_hit,f4de7e1529e50430867f70192bfcdb3e,"X'6DB0EF9C44416A898EB82C18B1D7C055'",count,5.00,
1763102880,10080,cache_hit,f4de7e1529e50430867f70192bfcdb3e,"X'6DB0EF9C44416A898EB82C18B1D7C055'",count,5.00,
1763110020,60,user_request,1017,"X'5D616DD38211EBB5D6EC52986674B6E4'",count,3.00,
1763109720,360,user_request,1017,"X'5D616DD38211EBB5D6EC52986674B6E4'",count,3.00,
1763108640,1440,user_request,1017,"X'5D616DD38211EBB5D6EC52986674B6E4'",count,3.00,
1763102880,10080,user_request,1017,"X'5D616DD38211EBB5D6EC52986674B6E4'",count,3.00,
1763110020,60,cache_miss,957d82800ec18a268543f5f3c7aa99ba,"X'681020302A01320A2FD4F992EBEDCFC6'",count,1.00,
1763109720,360,cache_miss,957d82800ec18a268543f5f3c7aa99ba,"X'681020302A01320A2FD4F992EBEDCFC6'",count,1.00,
1763108640,1440,cache_miss,957d82800ec18a268543f5f3c7aa99ba,"X'681020302A01320A2FD4F992EBEDCFC6'",count,1.00,
1763102880,10080,cache_miss,957d82800ec18a268543f5f3c7aa99ba,"X'681020302A01320A2FD4F992EBEDCFC6'",count,1.00,
1763110020,60,cache_hit,957d82800ec18a268543f5f3c7aa99ba,"X'681020302A01320A2FD4F992EBEDCFC6'",count,5.00,
1763109720,360,cache_hit,957d82800ec18a268543f5f3c7aa99ba,"X'681020302A01320A2FD4F992EBEDCFC6'",count,5.00,
1763108640,1440,cache_hit,957d82800ec18a268543f5f3c7aa99ba,"X'681020302A01320A2FD4F992EBEDCFC6'",count,5.00,
1763102880,10080,cache_hit,957d82800ec18a268543f5f3c7aa99ba,"X'681020302A01320A2FD4F992EBEDCFC6'",count,5.00,
1763110260,60,cache_miss,0a4a5f3d7ff11eb5a2ed68849b173809,"X'AEEF20EC5E32AA2F5E62A67F3181CD12'",count,1.00,
1763110080,360,cache_miss,0a4a5f3d7ff11eb5a2ed68849b173809,"X'AEEF20EC5E32AA2F5E62A67F3181CD12'",count,1.00,
1763110080,1440,cache_miss,0a4a5f3d7ff11eb5a2ed68849b173809,"X'AEEF20EC5E32AA2F5E62A67F3181CD12'",count,1.00,
1763110260,60,cache_hit,0a4a5f3d7ff11eb5a2ed68849b173809,"X'AEEF20EC5E32AA2F5E62A67F3181CD12'",count,5.00,
1763110080,360,cache_hit,0a4a5f3d7ff11eb5a2ed68849b173809,"X'AEEF20EC5E32AA2F5E62A67F3181CD12'",count,5.00,
1763110080,1440,cache_hit,0a4a5f3d7ff11eb5a2ed68849b173809,"X'AEEF20EC5E32AA2F5E62A67F3181CD12'",count,5.00,
1763110260,60,cache_miss,860f84cb97ec848352affc85e98e63ad,"X'EB13CDE15E71C0AF7B7D89C3BCDE9B8A'",count,1.00,
1763110080,360,cache_miss,860f84cb97ec848352affc85e98e63ad,"X'EB13CDE15E71C0AF7B7D89C3BCDE9B8A'",count,1.00,
1763110080,1440,cache_miss,860f84cb97ec848352affc85e98e63ad,"X'EB13CDE15E71C0AF7B7D89C3BCDE9B8A'",count,1.00,
1763102880,10080,cache_miss,860f84cb97ec848352affc85e98e63ad,"X'EB13CDE15E71C0AF7B7D89C3BCDE9B8A'",count,1.00,
1763110260,60,cache_hit,860f84cb97ec848352affc85e98e63ad,"X'EB13CDE15E71C0AF7B7D89C3BCDE9B8A'",count,1.00,
1763110080,360,cache_hit,860f84cb97ec848352affc85e98e63ad,"X'EB13CDE15E71C0AF7B7D89C3BCDE9B8A'",count,9.00,
1763110080,1440,cache_hit,860f84cb97ec848352affc85e98e63ad,"X'EB13CDE15E71C0AF7B7D89C3BCDE9B8A'",count,9.00,
1763102880,10080,cache_hit,860f84cb97ec848352affc85e98e63ad,"X'EB13CDE15E71C0AF7B7D89C3BCDE9B8A'",count,9.00,
1763110320,60,cache_hit,860f84cb97ec848352affc85e98e63ad,"X'EB13CDE15E71C0AF7B7D89C3BCDE9B8A'",count,8.00,