entry_uuid,tag
9c1c6576-a40a-40bb-8bb0-10e6e8e9d1bb,Auth:1
9c1c6576-b97b-4207-9ca3-f2c8526981ef,Auth:1
9c1c65b1-1b7b-42eb-9ecd-d479b8c0bc93,Auth:1
9c1c65b1-1cf2-434b-87ed-14264fc7c310,Auth:1
9c456126-f855-4257-8e54-1d77debe89df,Auth:13
9c456126-f8d1-48f7-9241-ebeb7f67a78e,Auth:13
9cf78964-1a1d-4b16-81af-61656c662961,Auth:1
9cf78965-b993-45fe-91f3-3ce147175fe3,Auth:1
9d3a3b85-a8b7-4512-90e3-f836c2cfced4,App\Models\Category
9d3a3b85-a9e1-4b23-80b4-8003db17b4d0,App\Models\Product
9d3a3b85-aab8-4b85-a3b1-5608abaad789,App\Models\ProductImage
9d3a3b85-ec04-40d5-864d-6a7a85e12f91,App\Models\Cms
9d3a3b86-0e4b-4c02-b595-7b86427f7b2e,App\Models\Category
9d3a3b86-0f7f-4f86-b89a-21f9df736384,App\Models\Product
9d3a3b86-1068-4842-9aba-537221401849,App\Models\ProductImage
9d3a3b86-54bf-4eb3-9d30-addfb11053ca,App\Models\Category
9d3a3b86-5601-4664-8327-950d2e5df3b7,App\Models\Product
9d3a3b86-5719-4964-a092-8c9302398f30,App\Models\ProductImage
9d3a3b86-72ee-45da-9e00-c95b75fc9299,App\Models\Cms
9d3a3b86-7c8a-4938-a37f-5d0b8fc4af76,App\Models\Category
9d3a3b86-7de8-4d31-aee4-a365f5efe178,App\Models\Product
9d3a3b86-7ed3-4c18-a1d7-b6c27830f066,App\Models\ProductImage
9d3a3b97-a664-4ebe-9a57-46b43ce23ab1,App\Models\User
9d3a3b97-a863-4cc2-889b-6eb5cd642ce2,App\Models\User:1
9d3a3b9c-4986-4ea7-a4dc-25749f2b387f,App\Models\User
9d3a3b9c-4e5b-4f96-8e74-fb51b642a915,Laravel\Sanctum\PersonalAccessToken:264
9d3a3b9c-de3d-411a-90ff-8af7c493b095,App\Models\Category
9d3a3b9c-dead-42d6-9d23-05fa9fd420bd,App\Models\Product
9d3a3b9c-df45-4e41-b211-286681e8b25e,App\Models\Variant
9d3a3b9c-df72-4d54-a752-e6b357463b1f,App\Models\Product
9d3a3b9c-dfdc-416c-9e6f-e65d025971c6,App\Models\ProductImage
9d3a3b9c-e04c-4a83-885f-632ad1647b4b,App\Models\ProductImage
9d3a3b9c-e083-4ce5-9b90-a338407f9204,App\Models\Category
9d3a3b9c-e159-4e42-a607-b342d218cb2d,App\Models\Guide
9d3a3b9d-11e5-4ad0-8499-d35b8394c8e3,App\Models\Category
9d3a3b9d-1320-4d07-8b0a-f3eb04b55f0a,App\Models\Product
9d3a3b9d-1419-48e8-a157-7a3e2cc10c8c,App\Models\ProductImage
9d3a3b9d-1c87-473d-9424-619ff5bdb9db,App\Models\Cms
9d3a3b9d-24c2-4932-8188-472386445de5,Laravel\Sanctum\PersonalAccessToken
9d3a3b9d-2563-4503-b83e-5bc5a1aed8e2,App\Models\Product
9d3a3b9d-2573-42ce-99f5-a08ad4d30d7c,App\Models\User
9d3a3b9d-2599-48f8-b662-39d4f326035b,Laravel\Sanctum\PersonalAccessToken:264
9d3a3b9d-260c-449e-934c-db6aa0c23f3e,App\Models\Category
9d3a3b9d-2778-41b0-8040-68e36ede73a1,App\Models\Variant
9d3a3b9d-27e0-4f12-b6d7-5af8ffc7548c,Laravel\Sanctum\PersonalAccessToken:264
9d3a3b9d-2836-4c44-9f29-48c84bc8856e,Auth:1
9d3a3b9d-2878-41cf-9843-e59e237228ca,App\Models\ProductImage
9d3a3b9d-2952-4f05-8db8-119cb59cfe2a,Auth:1
9d3a3b9d-296a-49ea-ade8-04fb679c2750,App\Models\Cart
9d3a3b9d-296a-49ea-ade8-04fb679c2750,Auth:1
9d3a3b9d-29e5-4dad-8dd9-31e33f4f4b24,Auth:1
9d3a3b9d-2a02-46fa-a9c6-2ef15d310e1c,App\Models\CartItem
9d3a3b9d-2a02-46fa-a9c6-2ef15d310e1c,Auth:1
9d3a3b9d-2a70-41b2-b6f1-3104312662e0,Auth:1
9d3a3b9d-2a89-4360-8369-2b53b918f28b,App\Models\Variant
9d3a3b9d-2a89-4360-8369-2b53b918f28b,Auth:1
9d3a3b9d-2aee-4acf-a70f-0fc4c7b60007,Auth:1
9d3a3b9d-2b0c-4151-ba5a-9f76c3a2290a,App\Models\Product
9d3a3b9d-2b0c-4151-ba5a-9f76c3a2290a,Auth:1
9d3a3b9d-2bac-431f-a262-a3e3f56c453d,Auth:1
9d3a3b9d-2bca-4fb1-bdac-328202d93d93,App\Models\ProductImage
9d3a3b9d-2bca-4fb1-bdac-328202d93d93,Auth:1
9d3a3b9d-2c44-4f72-b328-35375e4d7ebb,Auth:1
9d3a3b9d-2cb1-41b9-a5df-d1be03df13f5,Auth:1
9d3a3b9d-2d1f-4e8b-8852-1b340e89d98b,Auth:1
9d3a3b9d-2d85-4610-8ca4-838af0f0d8af,Auth:1
9d3a3b9d-2e4d-4b9f-bc27-642aa171d317,Auth:1
9d3a3b9d-2f09-4130-b3f7-c8e79e13ead1,Auth:1
9d3a3b9d-2faa-480d-9e55-7cff705fc743,Auth:1
9d3a3b9d-3024-4aeb-8281-093605381438,Auth:1
9d3a3b9d-30ca-4007-b18c-b1f2e24af06e,Auth:1
9d3a3b9d-3186-4fba-9d52-58d1938996dc,Auth:1
9d3a3b9d-3205-4cf0-bc67-fb1d49b1fe96,Auth:1
9d3a3b9d-32cf-4243-9771-758a4c6a71cf,Auth:1
9d3a3b9d-3374-43fd-b305-cbabbd652a6d,Auth:1
9d3a3b9d-345e-4a5d-9d9b-eeba99fbb60f,Auth:1
9d3a3b9d-348c-423b-aa32-87e8228f5c3d,Auth:1
9d3a3b9d-55a3-4bc6-997d-e3ccb936e3b8,Laravel\Sanctum\PersonalAccessToken
9d3a3b9d-566e-4175-a4f9-a084a2f90e17,App\Models\User
9d3a3b9d-5697-480e-82de-c571833c237a,Laravel\Sanctum\PersonalAccessToken:264
9d3a3b9d-56da-43c6-9731-30991e418880,Auth:1
9d3a3b9d-57cc-4cb7-b87d-3333b19d2a4d,Auth:1
9d3a3b9d-57ec-40d6-a42f-756c733e8e9f,App\Models\Cart
9d3a3b9d-57ec-40d6-a42f-756c733e8e9f,Auth:1
9d3a3b9d-5897-4a87-b20c-040180e27a4f,Auth:1
9d3a3b9d-58b5-4281-8db9-e4fb7318c3d4,App\Models\CartItem
9d3a3b9d-58b5-4281-8db9-e4fb7318c3d4,Auth:1
9d3a3b9d-5985-4600-add2-082476cddf4c,Auth:1
9d3a3b9d-59ab-402b-a798-496691770529,App\Models\Variant
9d3a3b9d-59ab-402b-a798-496691770529,Auth:1
9d3a3b9d-5a67-4133-aa5f-e23da826a229,Auth:1
9d3a3b9d-5a8c-460c-8ad9-7dcc8fb967de,App\Models\Product
9d3a3b9d-5a8c-460c-8ad9-7dcc8fb967de,Auth:1
9d3a3b9d-5b45-457e-bd05-42bcc04c1aad,Auth:1
9d3a3b9d-5b62-4c97-b64d-19d898734e0e,App\Models\ProductImage
9d3a3b9d-5b62-4c97-b64d-19d898734e0e,Auth:1
9d3a3b9d-5bf5-452a-82cf-60a6994fce48,Auth:1
9d3a3b9d-5c86-426e-ae2b-00d2750c52c8,Auth:1
9d3a3b9d-5d0b-4bf3-8ac9-655b62a339d4,Auth:1
9d3a3b9d-5d96-47a9-9de9-a8f335061dde,Auth:1
9d3a3b9d-5e23-4ec1-b374-ef6d629c16b7,Auth:1
9d3a3b9d-5eb5-42a4-88b9-b2f6f0cd1814,Auth:1
9d3a3b9d-5f42-4cc4-a765-331e60485127,Auth:1
9d3a3b9d-5fdb-4e3e-b74c-54ffd2819f8f,Auth:1
9d3a3b9d-6058-474a-8744-a55c78ee4041,Auth:1
9d3a3b9d-60d0-4e53-aa38-5537bc45cce0,Auth:1
9d3a3b9d-613e-45a7-a15f-419ce9c6d37e,Auth:1
9d3a3b9d-61c7-480a-9707-18ec8b5d5104,Auth:1
9d3a3b9d-627d-4ede-a86e-2982fb134858,Auth:1
9d3a3b9d-6356-46a2-b4d3-7b6e4d066354,Auth:1
9d3a3b9d-6384-4244-98f3-49a5a1de9bb1,Auth:1
9d3a3b9f-5707-4223-88eb-0739b9e2182c,Laravel\Sanctum\PersonalAccessToken
9d3a3b9f-57d6-4b40-a1db-99d20f777db2,App\Models\User
9d3a3b9f-57fb-48bf-a79d-41364e8ecbe6,Laravel\Sanctum\PersonalAccessToken:264
9d3a3b9f-5a01-4a01-b5ea-414cf9fccb23,Laravel\Sanctum\PersonalAccessToken:264
9d3a3b9f-5a3f-45f4-91f3-ff1576459d72,Auth:1
9d3a3b9f-5b1e-4dad-ba8a-320732ae45c3,Auth:1
9d3a3b9f-5b3c-4600-86db-a4e8141162d9,App\Models\Cart
9d3a3b9f-5b3c-4600-86db-a4e8141162d9,Auth:1
9d3a3b9f-5bd3-4dcb-a444-19a4a1b533ef,Auth:1
9d3a3b9f-5bf0-4fd5-ae04-92b06f2dacc2,App\Models\CartItem
9d3a3b9f-5bf0-4fd5-ae04-92b06f2dacc2,Auth:1
9d3a3b9f-5c79-4647-93b5-c0ab6259599a,Auth:1
9d3a3b9f-5c99-4598-8890-b76907d57b5e,App\Models\Variant
9d3a3b9f-5c99-4598-8890-b76907d57b5e,Auth:1
9d3a3b9f-5d30-4c03-aa7b-270e6fb933f3,Auth:1
9d3a3b9f-5d54-4ea6-b68f-45afc5c70ddf,App\Models\Product
9d3a3b9f-5d54-4ea6-b68f-45afc5c70ddf,Auth:1
9d3a3b9f-5e38-45b4-bd28-d0673e9547e5,Auth:1
9d3a3b9f-5e64-4341-805d-7823104fcb83,App\Models\ProductImage
9d3a3b9f-5e64-4341-805d-7823104fcb83,Auth:1
9d3a3b9f-5ef4-4112-b54a-cd44506e745d,Auth:1
9d3a3b9f-5f72-46dd-b93d-c4ab952c1b13,Auth:1
9d3a3b9f-5fed-4bf3-8875-ed2ba1ad254f,Auth:1
9d3a3b9f-605d-4802-be21-bc1f7c0b741d,Auth:1
9d3a3b9f-60de-4a65-9f4b-743bdb4aace1,Auth:1
9d3a3b9f-6165-4437-9323-b6605dcf8539,Auth:1
9d3a3b9f-61f8-4dc3-ae6d-b9605b93a13c,Auth:1
9d3a3b9f-6272-4797-b0f8-28b57c1c0974,Auth:1
9d3a3b9f-62ea-4440-b282-e269e9f7b6dc,Auth:1
9d3a3b9f-6368-4185-830e-4d23ed8ca184,Auth:1
9d3a3b9f-63e5-4cbe-8fc5-cd32acfeaa91,Auth:1
9d3a3b9f-64be-4d08-bceb-7fe152807d22,Auth:1
9d3a3b9f-6549-4f24-a5ce-dde0258800f3,Auth:1
9d3a3b9f-6601-40af-bec3-d66a9c2409c7,Auth:1
9d3a3b9f-6630-4fe0-bc31-f61de77947c9,Auth:1
9d3a3ba0-ef58-4152-b215-69d7f5795021,Laravel\Sanctum\PersonalAccessToken
9d3a3ba0-f004-48e8-9d4a-21d25deea739,App\Models\User
9d3a3ba0-f02c-4b79-b921-e2dc6b5e38cd,Laravel\Sanctum\PersonalAccessToken:264
9d3a3ba0-f24e-4677-91e8-71ae4271c9b4,Laravel\Sanctum\PersonalAccessToken:264
9d3a3ba0-f28f-4242-b4ef-144b3577dc76,Auth:1
9d3a3ba0-f36a-476c-b7cd-42483242d2c5,Auth:1
9d3a3ba0-f389-4076-9a9b-8c1b2938e335,App\Models\ShippingMethod
9d3a3ba0-f389-4076-9a9b-8c1b2938e335,Auth:1
9d3a3ba0-f404-4cbf-ab6f-6b283aa04028,Auth:1
9d3a3ba0-f436-43af-934d-db3164b744ca,Auth:1
9d3a3ba1-115a-4427-878a-543e10012f10,Laravel\Sanctum\PersonalAccessToken
9d3a3ba1-1207-4509-8fa7-eb334e103d6a,App\Models\User
9d3a3ba1-1226-4d8d-a614-808557fe8034,Laravel\Sanctum\PersonalAccessToken:264
9d3a3ba1-1269-43e6-9afc-947d863c8251,Auth:1
9d3a3ba1-1335-4df3-b9e2-80a755986d33,Auth:1
9d3a3ba1-1353-4521-a1db-c6b5d662444c,App\Models\Address
9d3a3ba1-1353-4521-a1db-c6b5d662444c,Auth:1
9d3a3ba1-13b0-46c4-af3b-9f08f383d947,Auth:1
9d3a3ba1-13da-4444-a548-959cfc5b1f2a,Auth:1
9d3a3ba1-176d-4ec5-9cd8-2dd72c67856e,Laravel\Sanctum\PersonalAccessToken
9d3a3ba1-1808-4ef2-84a7-bc4284550116,App\Models\User
9d3a3ba1-1825-4a0e-9a7d-d2288eb80ff5,Laravel\Sanctum\PersonalAccessToken:264
9d3a3ba1-185f-425e-8bb5-662e66c70288,Auth:1
9d3a3ba1-195f-4dde-af24-f273398e99b0,Auth:1
9d3a3ba1-1979-48a4-af41-28eb1842327d,App\Models\PaymentMethod
9d3a3ba1-1979-48a4-af41-28eb1842327d,Auth:1
9d3a3ba1-19f3-47d8-959d-2005e3d2ac2a,Auth:1
9d3a3ba1-1a22-47db-8a41-61417c420edf,Auth:1
9d3a44d5-985e-460a-ab44-d6e8bf3cdb0a,Auth:1
9d3a44d5-98e2-4374-b1cd-6928ca16f76c,Auth:1
9d3a44d5-fd61-4541-bb07-2645ca2e02c9,Auth:1
9d3a44d5-fdfa-4abb-80a1-03ff14b00433,Auth:1
9d3a4518-59d6-4fa9-9a99-96e85b9ec4a3,Auth:1
9d3a4518-5a6b-486b-9591-df03afc97361,Auth:1
9d3a4519-49ca-4724-b24c-9bdcd312cc47,Auth:1
9d3a4519-4a5d-4b5b-92a3-4c8ea9460e36,Auth:1
9d3a451b-4d89-49a4-98fc-0f73cca0fde1,Auth:1
9d3a451b-4e0e-4370-bafb-3ca6063b33a9,Auth:1
9d3a451c-9f1d-4b2d-add3-13c930eecea3,Auth:1
9d3a451c-a009-44e2-9d63-c141bf150106,Auth:1
9d3a451e-b213-42fc-906a-d285d57f1887,Auth:1
9d3a451e-b29b-43fc-8a9f-bea1c43e0217,Auth:1
9d3a451f-fd12-4281-8109-f9c819a1d5dc,Auth:1
9d3a451f-fda3-443e-b56f-8a0a7aa45dc1,Auth:1
9d3a4714-9e90-45b0-b94d-d33342bf5ade,Auth:1
9d3a4714-9f6b-45b3-9978-5b6edcf35914,Auth:1
9d3a4715-19d1-4815-ad8f-412633859755,Auth:1
9d3a4715-1a4e-46d8-9755-450784141157,Auth:1
9d3a473f-7b38-4f91-b7ff-189dfa176577,Auth:1
9d3a473f-7bb4-4360-998c-f553f1f3bd29,Auth:1
9d3a473f-e42f-4242-ab65-4c0d000d7655,Auth:1
9d3a473f-e4bc-420b-8673-5b3254bca916,Auth:1
9d3a4745-bb1b-4746-a8df-77e2e52a1a96,Auth:1
9d3a4745-bbb4-4f7c-9e8b-5654d08c1395,Auth:1
9d3a4746-412e-417a-b6d8-8a436a1b42b2,Auth:1
9d3a4746-41b0-4dae-b853-d31a56fe2e93,Auth:1
9d3a477c-caa4-4a7e-a2ad-302effa3f0ff,Auth:1
9d3a477c-cb6e-42d2-8421-6ee408bbf548,Auth:1
9d3a477d-2fea-4dce-b24f-e14f7467304e,Auth:1
9d3a477d-306e-487f-80f7-5d3093e26981,Auth:1
9d3a477f-c23b-4382-acea-f709fdd89bef,Auth:1
9d3a477f-c2bb-465b-909f-34ac4220829f,Auth:1
9d3a4780-2756-4990-b217-8c29e11841a5,Auth:1
9d3a4780-27e2-42ec-a660-089c48a4a0c8,Auth:1
9d3a47ba-6ae4-4dae-8dd7-3a2e96e25072,Auth:1
9d3a47ba-6b94-458d-941c-7fff997e0dad,Auth:1
9d3a47ba-cd6c-4cff-959e-5f9b566f3637,Auth:1
9d3a47ba-cdfa-4908-a52b-efd2c01798b2,Auth:1
9d429794-9ec8-4da6-a0ad-b5e66004ee0f,Auth:1
9d429794-e224-4261-bc59-bf8d2f8bba63,Auth:1
9d44333d-1732-4348-a179-b017517e00f1,Auth:171
9d44333d-17ca-4dea-a74c-c2fa882bdd6e,Auth:171
9d590de8-3eaf-4ffa-8421-967ebf90025d,Auth:1
9d590de9-9205-48af-a569-0184972f4cb2,Auth:1
9d590deb-d28b-4c8c-a67e-c9f932fc11e6,Auth:1
9d590dec-2fca-4947-86a4-dbcad36134c8,Auth:1
9d6cd576-44c2-4855-bb58-24df07d8022a,Auth:1
9d6cd577-cece-46fa-b929-a011aa8159d1,Auth:1
9d6cd5b0-3a10-4c1a-9537-891e1a675f97,Auth:1
9d6cd5b0-4e4b-430c-836b-ac24d6a91fb9,Auth:1
9d7b44e3-c1a8-49f0-8d9f-bdcff28ccdb8,Auth:235
9d7b44e3-c2a1-458f-9fdb-65c20040c072,Auth:235
9d98693a-e110-4178-a66a-6fdffc912813,Auth:390
9d98693a-ec72-4d1f-8e95-9516bf93d226,Auth:390
9dbd6418-95ab-4193-88cf-881fc8de32ce,Auth:532
9dbd6418-986f-4272-8d4a-90b345bbd7f3,Auth:532
9dc0f211-b191-4832-b7d1-3f8f8d5572a1,Auth:215
9dc0f211-beaa-499f-a0da-991d0cd42d88,Auth:215
9dc1bbce-7dcb-4eaa-a569-b0d251dcfa35,Auth:1
9dc1bbce-e115-40d0-8de9-1b33f08967de,Auth:1
9dc1c005-ba37-476a-b293-f71d5380df9e,Auth:2
9dc1c006-2e8e-41e4-b4d0-df12b81ec7fa,Auth:2
9dc2b509-704f-48ab-abf4-be11dbb7ac81,Auth:1
9dc2b509-eff2-46fa-bd9e-adbc797b4770,Auth:1
9dc2b50e-e763-4717-a31b-77f10f953502,Auth:1
9dc2b50e-fa4c-42e6-b4b6-3ceccd65ff4f,Auth:1
9dd3b513-9a63-4b4d-9063-56b65dc2dfec,Auth:591
9dd3b513-9cfd-4fa1-a283-98f719f6f275,Auth:591
9df95e1c-413d-4b0f-ba39-11f6475f4194,Auth:2
9df95e1c-f5d4-4bc3-a40a-126cbc22238d,Auth:2
9df95e3a-10cd-4a20-8771-d2457a6612d3,Auth:2
9df95e3a-2039-423b-aa55-bf729787fd26,Auth:2
9df95e59-952d-4f33-a63b-868b8d09ac80,Auth:2
9df95e59-a5d9-44fa-b435-6acaf521b2f1,Auth:2
9df95ea9-b209-4173-a50c-43639dc28341,Auth:2
9df95ea9-c277-4fa9-9073-b424d226b4e4,Auth:2
9df95ec4-5152-4171-9287-1b7a85ff2c95,Auth:2
9df95ec4-648e-40d9-ba5a-bcf0ca953101,Auth:2
9df962f5-26c3-4178-8844-63125b8631fe,Auth:2
9df962f5-3b32-4ac9-9a95-40bcf237006e,Auth:2
9df963be-4192-4a48-8b09-02bfb4a999be,Auth:2
9df963be-5116-4764-a4c3-c13ff5c6d251,Auth:2
9dff4c95-aa66-4b4b-9638-77c71aab8d43,Auth:659
9dff4c95-ac0f-4ef2-9bd0-54799876c298,Auth:659
9e2249ea-75cb-4f0b-b28a-61d2ffa59605,Auth:1
9e2249eb-1d0e-4fba-8cc4-7940a3b854f8,Auth:1
9e2249f9-465f-4fde-b650-5fd5d0320787,Auth:1
9e2249f9-5c6f-4e34-ab31-31d91ed45160,Auth:1
9e2c063d-c810-4c2f-9ebb-a63d1d2a3d49,Auth:12
9e2c063d-c95f-4e22-905c-b6c17d276a67,Auth:12
9e2c38d3-fdfb-4091-bb25-7ddf82ff3b7b,Auth:12
9e2c38d3-fea5-46ae-87d0-569dfc4aeccf,Auth:12
9e2c3911-9957-408f-bf71-96d02597a049,Auth:12
9e2c3911-9a1e-4822-999b-8510afdf85b7,Auth:12
9e2c3bb9-2b10-4e4f-a84b-1225a80d06cf,Auth:12
9e2c3bb9-2b9e-419d-9f00-9b0658cac9e6,Auth:12
9e2f6cbf-94ab-4df5-8e0a-5f26f935cd99,Auth:12
9e2f6cbf-9600-4a22-887d-25402382d63d,Auth:12
9e3199c1-408a-4b1b-a087-70c10be0b447,Auth:1
9e3199c1-df6e-4b60-9a86-bf7896a4bbda,Auth:1
9e3935e0-2598-40be-9bd3-eb2b513d4f0d,Auth:1
9e3935e0-b164-4d22-b46d-b6430d1167f7,Auth:1
9e4a5b46-a66c-4e0c-be25-b6fbd7e35e3f,Auth:1
9e4a5b47-5669-4cb5-8661-1ef989911a95,Auth:1
9e4dbd0d-ebd7-4bdf-860f-dcbf8bec1312,Auth:2
9e4dbd0e-9949-4289-ab56-8d621d7d1a1d,Auth:2
9e4f46df-b369-4d55-9f2e-6b62fafbafe2,Auth:2
9e4f46e0-38f6-4175-be58-595461e0d3d2,Auth:2
9e501470-ee21-45ac-aa6f-5e4e31882ec7,Auth:2
9e501471-7fd9-402c-bd27-98c6cb55ccb6,Auth:2
9e538835-2206-47a4-8729-4a506b21c102,Auth:2
9e538835-b2a1-42a6-95cb-aaa9d6b55bb2,Auth:2
9e548a0d-28c1-4b4d-ad9e-f36dd19a2f69,Auth:2
9e548a0d-40ab-49b7-b138-a5181bbc59f6,Auth:2
9e549b8f-a3e2-43c0-90d7-c61e036946a8,Auth:2
9e549b90-30eb-472a-b6e4-ca8eaaff0e9b,Auth:2
9e55697d-829e-4bbb-9fb5-957b622a9a4b,Auth:2
9e55697d-9d95-4787-b58b-ba5508692ed4,Auth:2
9e559dfc-bdc8-45dc-bb9e-c814c0cc2485,Auth:1
9e559dfd-3a28-4e3c-8931-7e211b4877dd,Auth:1
9e56692f-aecc-4d7a-ac95-e17ccfd6703e,Auth:2
9e56692f-d54d-4925-9ded-08fc0e50fd48,Auth:2
9e566c94-4ec0-429a-9bf1-30ac9644fc8d,Auth:12
9e566c94-4f53-4065-b5c8-e4d0118dbbd9,Auth:12
9e567150-d7ce-4275-8b76-77b0073093e7,Auth:12
9e567150-d9e1-4076-b85b-83d9b82a39db,Auth:12
9e5671a3-b150-4ced-a3ad-40b17c1a9fd5,Auth:12
9e5671a3-b1dc-49e4-a539-56ebc5b646df,Auth:12
9e5678f0-351f-420f-b9fb-7a94596027e8,Auth:12
9e5678f0-361e-4b57-afb7-6e73e1fc14e5,Auth:12
9e568132-af19-424c-9c4c-66200e15ea34,Auth:12
9e568132-aff4-4b91-b2ac-52ab54b4f2ff,Auth:12
9e568736-a0a9-4173-9778-039c6c830113,Auth:12
9e568736-a14f-4c68-9d85-7762d6e0a383,Auth:12
9e568c20-f138-4f4b-b580-c69a0eaa0377,Auth:12
9e568c20-f1ce-44f9-b7c1-72216ff4233b,Auth:12
9e56b3bf-c39f-4df4-9903-9dba916f471b,Auth:2
9e56b3c2-807a-402f-9e16-31ad26422dd0,Auth:2
9e5770f8-2129-4b14-aa73-1e0603e10ed0,Auth:544
9e5770f8-2341-42cc-9f8a-b8c6fc0fa142,Auth:544
9e579c89-4600-428b-8534-830a306ceba8,Auth:12
9e579c89-468f-49bd-886d-2a91633836de,Auth:12
9e579d88-83e1-4254-9261-257dd87fa551,Auth:12
9e579d88-84bd-43bc-970a-a644b1159fca,Auth:12
9e579dd2-086f-454e-952e-35a8fc2b06e3,Auth:12
9e579dd2-094e-4c7e-a9bd-c56cc94afb3b,Auth:12
9e57b531-165b-4ef5-bbe3-b8cb8176beb9,Auth:12
9e57b531-1705-43dd-86c6-75c492aa6f35,Auth:12
9e57b55a-3b4e-4663-bd48-a36efe360772,Auth:12
9e57b55a-3bdc-4849-bb51-7dc9fd3ed9cf,Auth:12
9e57b59e-99f2-480c-91b5-d6680926956b,Auth:12
9e57b59e-9ad0-488c-98ff-e67843a2b40a,Auth:12
9e57b5ec-1d83-40bd-8044-6ebde6ba5297,Auth:12
9e57b5ec-1e2f-4970-8c98-3a4b4ca69565,Auth:12
9e57b677-3488-4755-8405-8c4f19eeba9d,Auth:12
9e57b677-351a-4d80-8ffb-2d2b972d0432,Auth:12
9e57b746-0199-4fad-adc4-0b26cf9dab05,Auth:12
9e57b746-025a-4df1-bdad-1803094236b8,Auth:12
9e57b7d9-bc69-4cce-8f00-bfd1f629c56d,Auth:12
9e57b7d9-bcfe-448f-9226-3cdaa1651c01,Auth:12
9e57b85e-cea6-4b3c-ac88-b9f4d25d83e7,Auth:12
9e57b85e-cf40-429d-be46-369f62625bad,Auth:12
9e57c79c-9393-4b0e-815d-f29966901ef0,Auth:756
9e57c79c-9449-4241-9b39-da05e080429a,Auth:756
9e57c7c7-2741-4ab6-b7f5-8dd246614a36,Auth:756
9e57c7c7-27d7-42f8-b017-db2343753168,Auth:756
9e57c801-b754-4cb9-9f0d-fc9e8c122dfa,Auth:756
9e57c801-b7e9-4368-9dbf-eec110c71d5d,Auth:756
9e57c84f-e2df-4ba7-b682-2b3fe601b36b,Auth:756
9e57c84f-e378-4ab2-835b-ce40d8d68584,Auth:756
9e57c91d-4eec-4d77-83f0-b7502bdacfd3,Auth:756
9e57c91d-4f84-4f37-a76b-dfe651a85166,Auth:756
9e57ca07-c23c-4f98-b562-2dbb7890c619,Auth:756
9e57ca07-c31d-4cd5-8a5e-50fe08c16e61,Auth:756
9e57cc2d-c8e4-4bf2-81d6-c9cae5f0ca47,Auth:756
9e57cc2d-c967-49a7-8244-c1d4fa1f52c7,Auth:756
9e57cc64-5252-49e2-8422-3bcc20bb5bde,Auth:756
9e57cc64-52e6-40b0-8d35-c053f87ab73e,Auth:756
9e57cc67-eef6-4f9d-b1e0-d60cb290e238,Auth:756
9e57cc67-efaa-4896-bd4e-a9d40a8a089f,Auth:756
9e57ccb7-382d-4178-950f-3a88e089f61b,Auth:756
9e57ccb7-38c5-43bd-bede-cc9dc2f6b929,Auth:756
9e57ccbb-5eab-4989-9903-d006fccc07bb,Auth:756
9e57ccbb-5f3f-4237-b533-95735cfe94a8,Auth:756
9e57ccbd-aa5d-4a9c-ac6e-b37d5946fb00,Auth:756
9e57ccbd-ab05-43ae-b71c-dd1a9eb8b252,Auth:756
9e57ccc0-7c34-42a9-8e09-e89f7f33094a,Auth:756
9e57ccc0-7cc2-44e9-9f43-9ffb7d162d06,Auth:756
9e5db696-c8fe-43c2-99c9-60d89f71e985,Auth:12
9e5db696-c99e-4213-b9b2-b261f131c2a1,Auth:12
9e5db6d9-200b-4183-aa63-a66680bfdc48,Auth:12
9e5db6d9-209b-4a8f-be05-e4e4a278093d,Auth:12
9e622669-2bae-4cd6-8969-f7678a6a7f86,Auth:324
9e622669-2c67-4d1d-954b-b1166fb75dcd,Auth:324
9e660852-6197-4bd6-9ff1-86ae402562e8,Auth:761
9e660852-63a6-4915-a7d8-4058dd1b6dcb,Auth:761
9e66090f-9d07-4f7c-bbed-330074718620,Auth:761
9e66090f-9d9b-4443-a26e-411ca6cfcedf,Auth:761
9e6609f7-c77f-4110-b3eb-197743321ab6,Auth:761
9e6609f7-c823-4ea7-9f40-e8a3f5100654,Auth:761
9e660a19-489c-4000-a985-0c726980b9b5,Auth:761
9e660a19-4922-425a-8f43-a9ade913f6ff,Auth:761
9e661282-697c-427a-8ce6-be8c1b32067b,Auth:544
9e661282-6a14-4d26-8606-42a6b51af535,Auth:544
9e6612b7-0627-40a9-8f30-b8236e08dbc0,Auth:544
9e6612b7-06d9-42ea-be95-0fd19b8ca2db,Auth:544
9e6612dd-2097-412a-bc27-8db67a00808d,Auth:544
9e6612dd-2164-407e-9911-94ef58a8274d,Auth:544
9e661322-06f7-40fc-8d61-952583f76e1c,Auth:2
9e661322-0788-4e60-b90e-866e689d37c1,Auth:2
9e661341-88f8-40f8-a474-660ec2b479ea,Auth:2
9e661341-899b-4bfa-bd78-d0a876ed6930,Auth:2
9e66134e-be25-4e23-abb6-cd27d32767b4,Auth:2
9e66134e-beb3-496d-98e6-5ec9fbaf7f97,Auth:2
9e661d99-0664-4d14-9aeb-9f867d93d4f9,Auth:544
9e661d99-0701-4ff6-9fdd-67e37c3229a0,Auth:544
9eaa6496-7189-4451-9e80-c4954af3e491,Auth:2
9eaa6496-c1e7-450d-b1f3-35f9a852e91a,Auth:2
9eaa649f-23e1-4b24-89ab-b50107c89433,Auth:2
9eaa649f-4007-4098-b7f7-088174a1cdde,Auth:2
9eaa64c8-7763-4efc-8649-f4be081f72cb,Auth:2
9eaa64c8-9368-4ea5-804c-e6a004b18902,Auth:2
9eaa6574-adb8-4bc2-a9a6-9d321531b598,Auth:2
9eaa6574-c8f5-488d-b6c9-e4c1d73f68c9,Auth:2
9eaa6588-2a5e-48bd-931e-4897e820fa06,Auth:2
9eaa6588-463a-4fcf-998c-2cb0aec60bd5,Auth:2
9eaa65bd-253f-466f-a954-1b1b10a60ddf,Auth:2
9eaa65bd-3ebe-4942-8a77-07e14a01aae8,Auth:2
9eaa660c-c737-494d-8d66-a2c348787391,Auth:2
9eaa660d-22eb-4ba5-ada8-b1001f87d090,Auth:2
9eaa6a9d-f6e1-4c54-b6f9-a090b27eadd1,Auth:2
9eaa6a9e-3178-4ac7-afa9-c17a4c4fafce,Auth:2
9eaa6aa6-e80f-4f00-b17a-a212dba9d158,Auth:2
9eaa6aa7-05af-4f8e-b61b-c0ecb8fe5601,Auth:2
9eaa6b58-a48d-40ff-8f44-78bfd4aa852f,Auth:1
9eaa6b59-05bb-425c-9b26-e1c5ab42e70d,Auth:1
9eaa6c20-f4dc-4479-9fbb-108b4129e574,Auth:1
9eaa6c21-524f-4c2e-8f19-195cd1feb111,Auth:1
9eaa6c25-fb72-49de-9daa-b8e7dbc0a766,Auth:1
9eaa6c26-583b-48d9-915c-133a262d2238,Auth:1
9eaa6ea2-3ce7-4b42-975d-982ba7b12fc7,Auth:1
9eaa6ea2-a4f0-4ee5-a0db-fd4eee0e4a77,Auth:1
9eaa73ad-1127-4988-993b-050cb8d479c1,Auth:2
9eaa73ad-423b-4d00-849e-38ef373edff6,Auth:2
9eaa73bc-43ba-403d-b801-5a57ae3407be,Auth:2
9eaa73bc-5e21-4e3a-bfaf-46c18cd703b4,Auth:2
9eaa73c9-00cd-4b98-bc73-5517ecff2265,Auth:2
9eaa73c9-1e37-4125-911b-3414619149cd,Auth:2
9eaa7d42-5d16-47b1-af9b-20595565a998,Auth:2
9eaa7d42-9e10-48f6-a839-02fdf2be0705,Auth:2
9eaa7d48-5cda-4721-980d-9346c612bcc2,Auth:2
9eaa7d48-776b-4602-905b-e12091320930,Auth:2
9eaa9106-6136-4a89-9a38-bd54c619469b,Auth:2
9eaa9106-99c2-4f50-867c-35e6f379d9f9,Auth:2
9eaa999e-25a4-472d-adc1-73efb5d2bf19,Auth:2
9eaa999e-4294-4752-aab5-9c2131f7d6ac,Auth:2
9eaaac42-b320-4fc5-82e8-0201b0ed0884,Auth:2
9eaaac43-02fa-4815-94a1-ffa57ccdd9f4,Auth:2
9eaac2ac-ca73-469b-a79e-2269d6177d81,Auth:2
9eaac2ac-e583-4350-92c7-0d977d5f00bc,Auth:2
9eaac2b2-cf75-4abf-813a-81eb03b0e458,Auth:2
9eaac2b2-ee21-4edf-bcbc-21b2770326a5,Auth:2
9eaac2cc-3f5c-4596-9859-f9cf8e327cb1,Auth:2
9eaac2cc-5dd0-4440-9d99-e9470e07e737,Auth:2
9ec134ba-c1fa-4da9-8f41-c953d9ae8f5d,Auth:696
9ec134ba-c374-4bc7-b379-844406dc4c5a,Auth:696
9ec13502-3617-4398-b382-4fff9052290d,Auth:696
9ec13502-36ba-4951-bb8e-d5c4f0a13460,Auth:696
9ec1355b-614a-4bd2-9e75-758c45c1d0f2,Auth:696
9ec1355b-61d5-4cc3-a62a-b068970af680,Auth:696
9ec135f3-85db-4da9-997b-a7f8b0be730c,Auth:696
9ec135f3-8661-4e14-b6ed-ca8dddfd9f20,Auth:696
9ec29a4a-b14e-4226-8142-ea134f456a95,Auth:523
9ec29a4a-b2a9-4655-9970-6a543de71a33,Auth:523
9ec29a95-7759-4f67-a202-ab86172990ba,Auth:523
9ec29a95-77fd-48c1-aa0d-1ec9d920c3a8,Auth:523
9ec29ac3-c9b5-4354-9d1b-468f7def48db,Auth:523
9ec29ac3-ca5d-4338-9865-6a76f2bb0aba,Auth:523
9ec29b5e-3eee-4b75-b1eb-ea8c66ecfd86,Auth:523
9ec29b5e-3f8d-4a65-bf35-cf1caa048ea0,Auth:523
9ec29bcc-d197-4277-b3ed-151a719033ba,Auth:523
9ec29bcc-d237-420b-8c41-a7b911ccafaa,Auth:523
9ec29c18-6dbb-4ba0-a9b0-4438c92b2a0f,Auth:523
9ec29c18-6e4c-47d3-881f-574cfa16457f,Auth:523
9ec29e00-56fc-4168-9773-5373df5d3fd2,Auth:523
9ec29e00-578a-4d60-a1f9-ecc63b286cb7,Auth:523
9ec51365-74ce-4965-ba55-42082bbaffa0,Auth:362
9ec51365-75b8-42ff-8d4e-3b0d348cde5c,Auth:362
9ec513fd-41ac-4b41-8feb-05d23b701e4e,Auth:362
9ec513fd-4237-4f43-99bf-424e6ee83e5a,Auth:362
9ec637e9-b769-4a0c-bcb9-6217008790a3,Auth:812
9ec637e9-b88c-4060-9ee8-091e3feb6307,Auth:812
9ec6382d-7877-4119-b4a6-042af6624f91,Auth:812
9ec6382d-7903-4eec-a06c-295a252fb55f,Auth:812
9ec6ca97-a764-4cbf-a144-bf335b73d761,Auth:766
9ec6ca97-a873-4922-a45e-b365aabe5f43,Auth:766
9ec7e531-16dc-447b-807a-c5eac5ad3365,Auth:362
9ec7e531-1860-4f11-acce-5a0874f1f07d,Auth:362
9ec9a5dd-6486-47fc-b20b-013bede85a36,Auth:198
9ec9a5dd-66c7-4d60-baa6-eab585ff1229,Auth:198
9ec9a676-7e28-4267-996a-530ae0fd3b00,Auth:198
9ec9a676-7ebc-4cfc-9e74-dfa633a2accd,Auth:198
9ec9a6b7-485e-477b-87e7-7174015fb6cb,Auth:198
9ec9a6b7-48ed-40a4-be6b-7b9ab9f66b68,Auth:198
9ec9a712-5343-44a0-8fad-3f4a55592e6d,Auth:198
9ec9a712-53ed-4231-94de-20a8aee2c022,Auth:198
9ec9aea3-e169-4260-bf7d-f2a1c51d07dc,Auth:198
9ec9aea3-e1f0-41ea-9ee4-111bb17de1d1,Auth:198
9ec9af5f-07ef-49a2-a38f-c0b53cf76a61,Auth:198
9ec9af5f-087b-403b-bfb7-6ed692b05452,Auth:198
9ec9b009-7799-4d4c-a5a4-975be0e0f313,Auth:198
9ec9b009-7853-47b9-9a33-7555057d5282,Auth:198
9ec9b253-8090-426d-a698-5ec0dd7a7c10,Auth:198
9ec9b253-811a-42d7-ac97-dfb016442d29,Auth:198
9ec9b30a-21d9-467e-81d3-02c9bfd91782,Auth:198
9ec9b30a-2260-4d89-99c9-acd556b9037e,Auth:198
9ec9b35a-97f1-4321-b4b2-7eef5e0bf4ef,Auth:198
9ec9b35a-9877-45c0-8759-c8a9d2f4259e,Auth:198
9ec9b49d-3bf4-4ca6-a1e9-cacbcc44b0c6,Auth:198
9ec9b49d-3c76-4730-a0f1-37368f61bbfc,Auth:198
9ec9b591-fd51-483c-8acd-946e086e39a0,Auth:198
9ec9b591-fdd8-4860-913d-ab3ff1c5e6f6,Auth:198
9ec9b93f-68ff-4597-a66a-724ee1f9ee0e,Auth:198
9ec9b93f-6986-4352-bcfd-c2d37dc0be2d,Auth:198
9ec9ca38-fab4-4b7c-8feb-3b57a925b4f7,Auth:198
9ec9ca38-fb4c-4157-a0d1-06db43e66a52,Auth:198
9eca0ec0-d4d9-4c55-99fe-a5e4d3cfd890,Auth:198
9eca0ec0-d584-48b8-8f37-cef5b52b9bb3,Auth:198
9eca1fce-ee48-4c2a-8d6a-df7a0ec73927,Auth:198
9eca1fce-eefd-4f50-944e-30d1817fd751,Auth:198
9eca239e-a67b-4d92-929e-d22780a54a23,Auth:12
9eca239e-a709-4a6e-a584-5f8bc165308b,Auth:12
9eca23b8-81ec-4ae3-afd1-13551bcc83e7,Auth:198
9eca23b8-8283-45e3-bb68-56cb1db48133,Auth:198
9eca23e7-7083-4176-891a-0075bc0af39e,Auth:12
9eca23e7-7109-4cc9-bbbc-5151380e8537,Auth:12
9eca24e9-1d72-4e72-aeb1-8cefaec50f78,Auth:198
9eca24e9-1df5-49c3-b7f3-f1f891e1c2fd,Auth:198
9eca2b5a-016d-4be6-8130-0f74d7938f1a,Auth:12
9eca2b5a-01f2-4a52-9a67-3453ae6ff063,Auth:12
9eca2bf0-97ab-467a-a02d-871fc5919701,App\Models\Category
9eca2bf0-d4cc-496b-bb27-2b09f0590978,Laravel\Sanctum\PersonalAccessToken
9eca2bf0-d58f-4423-a6e6-c32e002d14fc,App\Models\User
9eca2bf0-d5b3-46e5-b2c9-30a44fd877b1,Laravel\Sanctum\PersonalAccessToken:1373
9eca2bf0-d990-4454-96d3-a45114a172b4,Laravel\Sanctum\PersonalAccessToken
9eca2bf0-d9c0-4bf4-bcfe-7c4232cf1224,Laravel\Sanctum\PersonalAccessToken:1373
9eca2bf0-da0e-472c-9ead-921c5d8c266e,Auth:12
9eca2bf0-da64-483d-8cf2-7f8edd442879,App\Models\User
9eca2bf0-da8c-44ce-bfd9-626325087ad1,Laravel\Sanctum\PersonalAccessToken:1373
9eca2bf0-dadc-47f2-995d-42f81b21f5fc,Auth:12
9eca2bf0-db22-4550-a8e9-2eb70361c482,Auth:12
9eca2bf0-db3a-4842-bfb0-796fcaa9dc46,App\Models\Cart
9eca2bf0-db3a-4842-bfb0-796fcaa9dc46,Auth:12
9eca2bf0-dbc0-454d-9672-0a7d53325484,Auth:12
9eca2bf0-dbc9-418d-b91f-02c06eae92f8,Auth:12
9eca2bf0-dbe2-4aef-af11-a9f70faa2b88,App\Models\ShippingMethod
9eca2bf0-dbe2-4aef-af11-a9f70faa2b88,Auth:12
9eca2bf0-dbe6-4d99-a570-4d2824759cdc,App\Models\CartItem
9eca2bf0-dbe6-4d99-a570-4d2824759cdc,Auth:12
9eca2bf0-dbe9-4c35-b03d-4e3544778c38,Laravel\Sanctum\PersonalAccessToken
9eca2bf0-dc57-431d-8006-8fd45e99f4d1,Auth:12
9eca2bf0-dc7f-4ee5-8d80-cb45afc9e23c,App\Models\User
9eca2bf0-dc82-4feb-a3aa-4fc23921f52a,Auth:12
9eca2bf0-dc8b-4066-a946-cc2070f7260a,Auth:12
9eca2bf0-dc98-4638-813c-1d52fe837233,Laravel\Sanctum\PersonalAccessToken:1373
9eca2bf0-dc9c-4075-8ef9-f13df3c41b29,App\Models\Variant
9eca2bf0-dc9c-4075-8ef9-f13df3c41b29,Auth:12
9eca2bf0-dcd2-47f4-ab72-c0c3156cec5e,Auth:12
9eca2bf0-dd1c-4d7a-8d99-da4ed84be045,Auth:12
9eca2bf0-dd82-4c2f-a5b5-cbbde74ca42f,Auth:12
9eca2bf0-dd9c-4121-a334-acf3cdba34e9,App\Models\PaymentMethod
9eca2bf0-dd9c-4121-a334-acf3cdba34e9,Auth:12
9eca2bf0-dda4-4a6d-b131-329170e6e50b,Auth:12
9eca2bf0-ddbd-4230-96fe-be94e2944cde,App\Models\ShippingMethod
9eca2bf0-ddbd-4230-96fe-be94e2944cde,Auth:12
9eca2bf0-de14-4922-a418-5490f72e7602,Auth:12
9eca2bf0-de2c-468e-a55c-c9d73f782808,Auth:12
9eca2bf0-de3c-418b-8efa-5c70118f68b2,Auth:12
9eca2bf0-de48-4ca0-89bf-1dc3d33e0391,App\Models\PaymentMethod
9eca2bf0-de48-4ca0-89bf-1dc3d33e0391,Auth:12
9eca2bf0-dedb-4fcf-9c2b-fc6cbeaade90,Auth:12
9eca2bf0-def7-4fbd-ba0d-a0202b9522ee,App\Models\Address
9eca2bf0-def7-4fbd-ba0d-a0202b9522ee,Auth:12
9eca2bf1-1c90-47ea-8e3a-dcaa42614e65,Laravel\Sanctum\PersonalAccessToken
9eca2bf1-1d2a-4558-ab94-4f66b7e6d337,App\Models\User
9eca2bf1-1d44-47b8-9d59-17472f368034,Laravel\Sanctum\PersonalAccessToken:1373
9eca2bf1-1f8a-4ac9-a1c2-f1ccbae9c764,Laravel\Sanctum\PersonalAccessToken:1373
9eca2bf1-1fbc-478a-86cf-2e8cf39b4543,Auth:12
9eca2bf1-1ffb-47c0-b25a-ccc0522b30b2,App\Models\Category
9eca2bf1-2089-4cd3-8ea8-c782b53a25ef,Auth:12
9eca2bf1-20a3-455a-992d-7ae65ae70e49,App\Models\Address
9eca2bf1-20a3-455a-992d-7ae65ae70e49,Auth:12
9eca2bf1-20f8-4adb-990c-aeaaeae6f74a,Auth:12
9eca2bf1-2120-4f1f-ad85-caff7851a2d9,Auth:12
9eca2bf1-385a-4a30-a938-72833235d5f1,Laravel\Sanctum\PersonalAccessToken
9eca2bf1-391a-4ed0-9267-969a06a8846f,App\Models\User
9eca2bf1-393d-43bb-9751-19723858e08a,Laravel\Sanctum\PersonalAccessToken:1373
9eca2bf1-3989-48c2-bfdf-114bad6e46b5,Auth:12
9eca2bf1-3a5d-4723-a2b4-6ced5e83b8d2,Auth:12
9eca2bf1-3a7d-463f-93b6-f73b710827cf,App\Models\Cart
9eca2bf1-3a7d-463f-93b6-f73b710827cf,Auth:12
9eca2bf1-3b25-4091-abe4-c2e55b6f3e0d,Auth:12
9eca2bf1-3b43-4695-a01f-7e2d3e057e34,App\Models\CartItem
9eca2bf1-3b43-4695-a01f-7e2d3e057e34,Auth:12
9eca2bf1-3bd6-4acc-b29d-27918bc267d2,Auth:12
9eca2bf1-3bef-43ca-96a9-33d0693e5c3c,App\Models\Variant
9eca2bf1-3bef-43ca-96a9-33d0693e5c3c,Auth:12
9eca2bf1-3c65-414c-84f5-bd87938470aa,Auth:12
9eca2bf1-3c80-4625-9b2b-d681771523d4,App\Models\Product
9eca2bf1-3c80-4625-9b2b-d681771523d4,Auth:12
9eca2bf1-3ce2-44bc-91a7-d46b63bc44dd,Auth:12
9eca2bf1-3e42-432f-bad7-f0981ef10027,Auth:12
9eca2bf1-3e5f-408f-b856-5a46554b0535,App\Models\VariantValue
9eca2bf1-3e5f-408f-b856-5a46554b0535,Auth:12
9eca2bf1-3ed2-4277-bb53-6f984628c600,Auth:12
9eca2bf1-3f40-4723-b653-8929ad7d8fc5,Auth:12
9eca2bf1-3fa3-455d-a381-64070afba1ce,Auth:12
9eca2bf1-4060-4ac5-ad31-3f7c152218d6,Auth:12
9eca2bf1-408d-466b-b808-ed3316e27382,App\Models\ProductImage
9eca2bf1-408d-466b-b808-ed3316e27382,Auth:12
9eca2bf1-411f-498f-982d-c13d20afc37f,Auth:12
9eca2bf1-41d9-43ad-8233-68033b4b691c,Auth:12
9eca2bf1-4261-4422-bcc2-c3d658c921a3,Auth:12
9eca2bf1-42eb-40fc-942f-41dc717ee942,Auth:12
9eca2bf1-437d-4293-980b-b4f81c10ac1b,Auth:12
9eca2bf1-4402-4ae1-9c18-0d8a9e9779cf,Auth:12
9eca2bf1-44a5-460a-a695-5060c8967be8,Auth:12
9eca2bf1-4528-440c-9a9f-f1bb79a440d4,Auth:12
9eca2bf1-45ac-4bf7-a96b-46442bd315fb,Auth:12
9eca2bf1-4632-4d9d-8266-830c57ce022f,Auth:12
9eca2bf1-46a5-4a36-b574-d8d30e11f82c,Auth:12
9eca2bf1-4712-4866-bf2c-ec71c0e14b55,Auth:12
9eca2bf1-477a-4646-a607-8983363932f7,Auth:12
9eca2bf1-47e3-4cb6-b825-2b85f62d25ed,Auth:12
9eca2bf1-484e-4c7f-b746-64531435988a,Auth:12
9eca2bf1-48b4-4f7e-976f-f5b8f31811ec,Auth:12
9eca2bf1-4925-4db6-bad7-e9f1dcf6aa81,Auth:12
9eca2bf1-498f-4c5d-aedb-19677c3ce41c,Auth:12
9eca2bf1-49fa-4f05-9de4-b6616c068940,Auth:12
9eca2bf1-4a79-4c78-93e3-b6f9389513d2,Auth:12
9eca2bf1-4b83-4a46-8ced-82ede86dcd80,Auth:12
9eca2bf1-4bb4-41c9-9c61-2458768b7902,Auth:12
9eca2bf1-5582-4348-ab4b-d395e495293e,App\Models\Cms
9eca2bf1-8a4b-4de8-ae55-0a890fc215a3,Auth:12
9eca2bf1-8a87-48e0-95d3-dd16fc6de903,Auth:12
9eca2bf2-0f6c-4e91-9ae9-cea160904e4f,Laravel\Sanctum\PersonalAccessToken
9eca2bf2-100f-42e5-acae-deac7e65aefb,App\Models\User
9eca2bf2-102e-42ed-9435-1f85737ee8c6,Laravel\Sanctum\PersonalAccessToken:1373
9eca2bf2-1070-41b9-8ada-38b1efe7579b,Auth:12
9eca2bf2-1159-48da-9438-7fa167054523,Auth:12
9eca2bf2-1172-4b0b-bdb4-c69aee55f731,App\Models\Cart
9eca2bf2-1172-4b0b-bdb4-c69aee55f731,Auth:12
9eca2bf2-11b7-407c-ba42-0d601ae13e43,Auth:12
9eca2bf2-11e1-45b5-a641-84ae3e9750d1,Auth:12
9eca2bf2-4ff7-4323-bee1-2100cf6611e3,Laravel\Sanctum\PersonalAccessToken
9eca2bf2-509e-431f-94e2-90b121211c14,App\Models\User
9eca2bf2-50b8-4014-a6f0-23160eee3e5b,Laravel\Sanctum\PersonalAccessToken:1373
9eca2bf2-50f8-4d95-95f8-8c2d858b87a0,Auth:12
9eca2bf2-51c9-4859-8f9a-53077e0f19c6,Auth:12
9eca2bf2-51e1-4cf4-9dda-0c30f69122ff,App\Models\Cart
9eca2bf2-51e1-4cf4-9dda-0c30f69122ff,Auth:12
9eca2bf2-52a0-49b9-a9c4-5d537f355f7c,Auth:12
9eca2bf2-52bb-4b28-8ee3-8d3031ed3f76,App\Models\CartItem
9eca2bf2-52bb-4b28-8ee3-8d3031ed3f76,Auth:12
9eca2bf2-532b-4bf9-8f3d-9c3f53faa4b8,Auth:12
9eca2bf2-5346-4903-8be6-004558a47e4a,App\Models\Variant
9eca2bf2-5346-4903-8be6-004558a47e4a,Auth:12
9eca2bf2-53b4-4633-9bab-25590342d957,Auth:12
9eca2bf2-5431-4a72-9da7-f8fc35380cbe,Auth:12
9eca2bf2-544a-4182-996f-cbf1c542d97c,App\Models\ShippingMethod
9eca2bf2-544a-4182-996f-cbf1c542d97c,Auth:12
9eca2bf2-54bd-44ca-a24f-db1871df1a0b,Auth:12
9eca2bf2-54d7-4294-af16-a88c0e544cb6,App\Models\PaymentMethod
9eca2bf2-54d7-4294-af16-a88c0e544cb6,Auth:12
9eca2bf2-554a-4059-a2d8-05c9e798f5c2,Auth:12
9eca2bf2-5563-47ac-805a-ac122219e068,App\Models\Address
9eca2bf2-5563-47ac-805a-ac122219e068,Auth:12
9eca2bf2-c4b7-4df1-b45b-bd27f02b6558,Auth:12
9eca2bf2-c4f6-4e7f-9b65-49e6b33fc0d8,Auth:12
9eca2bf3-099f-4f40-83a8-82899df5befd,Laravel\Sanctum\PersonalAccessToken
9eca2bf3-0a3d-45e7-9559-b7f149118b4f,App\Models\User
9eca2bf3-0a57-4f81-bd33-030bad32bb42,Laravel\Sanctum\PersonalAccessToken:1373
9eca2bf3-0da8-414b-a044-5e869c3231e2,Laravel\Sanctum\PersonalAccessToken:1373
9eca2bf3-0ddb-429b-a307-be8395b9cb73,Auth:12
9eca2bf3-0f1c-4a65-8b03-ba77e9d0c052,Auth:12
9eca2bf3-0f34-49ac-9404-0cfd5597f07c,App\Models\Cart
9eca2bf3-0f34-49ac-9404-0cfd5597f07c,Auth:12
9eca2bf3-0f74-400f-ba9c-bf5fdb54d817,Auth:12
9eca2bf3-0f98-4bd7-8581-492f5e7127b5,Auth:12
9eca2bf3-5151-4819-bc48-d003df3497f6,Laravel\Sanctum\PersonalAccessToken
9eca2bf3-51ee-4708-b3a2-03073577bd9b,App\Models\User
9eca2bf3-520f-4f2a-84f0-384c37677ec4,Laravel\Sanctum\PersonalAccessToken:1373
9eca2bf3-524b-4b53-996b-29ce17036b88,Auth:12
9eca2bf3-531a-4bdb-98eb-2a9f51dacfe3,Auth:12
9eca2bf3-5335-48f8-8188-2f6d70a08bb6,App\Models\Cart
9eca2bf3-5335-48f8-8188-2f6d70a08bb6,Auth:12
9eca2bf3-53c1-4a99-a58b-d683f1492797,Auth:12
9eca2bf3-53df-4972-be30-8ef1ac21b3a9,App\Models\CartItem
9eca2bf3-53df-4972-be30-8ef1ac21b3a9,Auth:12
9eca2bf3-5455-46b5-ab2d-db765ec3b039,Auth:12
9eca2bf3-5470-4015-9b62-f7130a8b9957,App\Models\Variant
9eca2bf3-5470-4015-9b62-f7130a8b9957,Auth:12
9eca2bf3-54e3-4c7a-afbb-b419d2765968,Auth:12
9eca2bf3-5563-4fa0-b786-42abf63bf83f,Auth:12
9eca2bf3-5580-4b20-b168-566a1ac5e512,App\Models\ShippingMethod
9eca2bf3-5580-4b20-b168-566a1ac5e512,Auth:12
9eca2bf3-55f2-4964-bc1f-813dc78c3f84,Auth:12
9eca2bf3-560d-4270-a054-872ec42144c0,App\Models\PaymentMethod
9eca2bf3-560d-4270-a054-872ec42144c0,Auth:12
9eca2bf3-5680-49b3-8610-805b8ab04e40,Auth:12
9eca2bf3-569a-4647-aee1-3b35525454af,App\Models\Address
9eca2bf3-569a-4647-aee1-3b35525454af,Auth:12
9eca2bf3-df23-455b-a78a-8c5f7dc15d6c,Auth:12
9eca2bf3-df59-4f93-ab83-f89ad8a453b0,Auth:12
9eca2bf5-2510-4bc4-9d4b-2959db82d1db,Laravel\Sanctum\PersonalAccessToken
9eca2bf5-25b1-4f2e-8896-f563eb111dd8,App\Models\User
9eca2bf5-25cf-4045-bc63-49f8f62f2772,Laravel\Sanctum\PersonalAccessToken:1373
9eca2bf5-2829-4a43-bbef-2739bdcd2647,Laravel\Sanctum\PersonalAccessToken:1373
9eca2bf5-285f-45b1-9ac0-b872153663f9,Auth:12
9eca2bf5-2943-4700-aead-32dafc368ef4,Auth:12
9eca2bf5-2961-4092-927d-b2fa2e2bc5f8,App\Models\Cart
9eca2bf5-2961-4092-927d-b2fa2e2bc5f8,Auth:12
9eca2bf5-29ac-4dcc-b0f4-e6fe3d6ee4a6,Auth:12
9eca2bf5-29d6-44f3-ace3-ac61fb4271dd,Auth:12
9eca2bf5-646a-462c-8cfa-26243e5a0e7d,Laravel\Sanctum\PersonalAccessToken
9eca2bf5-64fe-4750-85d8-c4b190d0d800,App\Models\User
9eca2bf5-6517-4431-a7d3-768735fd3d83,Laravel\Sanctum\PersonalAccessToken:1373
9eca2bf5-6550-4dbb-9f0d-32d6bd0ff228,Auth:12
9eca2bf5-663d-4ad0-9dd3-5b8e29c0b1ed,Auth:12
9eca2bf5-6659-41ee-b745-e52a726cacbf,App\Models\Cart
9eca2bf5-6659-41ee-b745-e52a726cacbf,Auth:12
9eca2bf5-66d2-40b7-88db-12220140c543,Auth:12
9eca2bf5-66ec-4b51-9264-e06c8f0026d6,App\Models\CartItem
9eca2bf5-66ec-4b51-9264-e06c8f0026d6,Auth:12
9eca2bf5-674e-46f4-a3c8-e17039cfdbc1,Auth:12
9eca2bf5-6767-436f-971d-3547a8778c67,App\Models\Variant
9eca2bf5-6767-436f-971d-3547a8778c67,Auth:12
9eca2bf5-67ce-4459-99d5-b065958b53c6,Auth:12
9eca2bf5-6846-4464-a10a-64055955da00,Auth:12
9eca2bf5-6861-42f5-9a56-17e895b9e3bf,App\Models\ShippingMethod
9eca2bf5-6861-42f5-9a56-17e895b9e3bf,Auth:12
9eca2bf5-68cb-4cc3-90ae-ae3434b920a4,Auth:12
9eca2bf5-68e4-4192-bc44-fbce18bc5a9c,App\Models\PaymentMethod
9eca2bf5-68e4-4192-bc44-fbce18bc5a9c,Auth:12
9eca2bf5-697d-45b3-8530-2fcc9625e332,Auth:12
9eca2bf5-6997-414f-86ff-03a4a4ca2217,App\Models\Address
9eca2bf5-6997-414f-86ff-03a4a4ca2217,Auth:12
9eca2bf6-0427-456a-9548-d82edef2129b,Auth:12
9eca2bf6-045e-47bd-998c-09e6b2c7cccb,Auth:12
9eca2bf8-07f3-42ec-a464-73caf6e9be39,Laravel\Sanctum\PersonalAccessToken
9eca2bf8-08b5-47d9-91e0-9c05ecf854ae,App\Models\User
9eca2bf8-08d1-4b48-9e8e-445d9496385d,Laravel\Sanctum\PersonalAccessToken:1373
9eca2bf8-0b82-4aef-8d4d-76ffdf590b50,Laravel\Sanctum\PersonalAccessToken:1373
9eca2bf8-0bb1-43b8-9c80-7ace9272232a,Auth:12
9eca2bf8-0c7a-4d02-87df-9cff8cc1a1d2,Auth:12
9eca2bf8-0c93-4d5d-9a8e-aeccb26bdca0,App\Models\Cart
9eca2bf8-0c93-4d5d-9a8e-aeccb26bdca0,Auth:12
9eca2bf8-0d0b-4df3-b355-70727b613498,Auth:12
9eca2bf8-0d26-43ea-8e38-bde932c9f9d1,App\Models\CartItem
9eca2bf8-0d26-43ea-8e38-bde932c9f9d1,Auth:12
9eca2bf8-0d8c-4c0f-855b-3145bdc23489,Auth:12
9eca2bf8-0da6-40f3-9ba5-e5d008c922ef,App\Models\Variant
9eca2bf8-0da6-40f3-9ba5-e5d008c922ef,Auth:12
9eca2bf8-0e28-4627-9980-380b6a724084,Auth:12
9eca2bf8-0eb0-4c80-ac55-ee56871b10b7,Auth:12
9eca2bf8-0ecc-4e87-93de-3cc9940516df,App\Models\ShippingMethod
9eca2bf8-0ecc-4e87-93de-3cc9940516df,Auth:12
9eca2bf8-0f39-4c6f-af46-808ff15f36e3,Auth:12
9eca2bf8-0f54-46cb-9ba2-25cd2393967b,App\Models\PaymentMethod
9eca2bf8-0f54-46cb-9ba2-25cd2393967b,Auth:12
9eca2bf8-0fcf-4e6a-890a-32ef16c1ea22,Auth:12
9eca2bf8-0fed-4e87-8c9d-672654620f6c,App\Models\Address
9eca2bf8-0fed-4e87-8c9d-672654620f6c,Auth:12
9eca2bf8-a307-44ae-be60-57e320ab21ef,Auth:12
9eca2bf8-a337-438a-9c8d-7b24bd5f1975,App\Models\Order:1124
9eca2bf8-a337-438a-9c8d-7b24bd5f1975,Auth:12
9eca2bf8-a5d1-48b6-9774-9a20ee19855c,Auth:12
9eca2bf8-a5f3-4a6c-ae10-d35932e3a580,App\Models\OrderItem:1554
9eca2bf8-a5f3-4a6c-ae10-d35932e3a580,Auth:12
9eca2bf8-a68a-4896-be6c-f7aff964f558,Auth:12
9eca2bf8-a700-48d4-a4f2-e828118cd0df,Auth:12
9eca2bf8-a71e-41ac-8c4f-8816ae5a92a9,App\Models\Product
9eca2bf8-a71e-41ac-8c4f-8816ae5a92a9,Auth:12
9eca2bf8-a7bf-4a21-b934-2e19314638cd,Auth:12
9eca2bf8-a8b8-42a6-8496-8ee0e6834d68,Auth:12
9eca2bf8-a8e2-40b7-906f-71cab8e94ca1,Auth:12
9eca2bf8-a93a-414b-9a11-447e35b3bf87,Auth:12
9eca2bf8-a98c-40be-a092-b4c5825f385f,Auth:12
9eca2bf8-a9cb-4157-97ce-349cb7c871ac,Auth:12
9f1ea5d4-6212-4143-b1ca-4a784507c46d,Auth:2
9f1ea5d5-394d-4e92-8c73-0e9ef59cd0a0,Auth:2
9f4f8b3d-d5ff-45b0-8b9f-f663ead9b594,Spatie\Multitenancy\Models\Tenant
9f4f8b3d-d624-439d-b386-bc8a316c56bb,Spatie\Multitenancy\Models\Tenant:4
9f4f8b3d-d64a-47f5-979e-423ad2265f6a,Spatie\Multitenancy\Models\Tenant:4
9f4f8b3d-dc8f-440b-a472-51323aeee92f,App\Models\User
9f4f8b3e-7c06-42ec-898b-aba7a41efd3c,Auth:1
9f4f8b3e-c31a-48d2-8bef-433933753838,Spatie\Multitenancy\Models\Tenant
9f4f8b3e-c342-4dc4-abca-e475306363a4,Spatie\Multitenancy\Models\Tenant:4
9f4f8b3e-c36d-4145-b9d8-83c626fd7df7,Spatie\Multitenancy\Models\Tenant:4
9f4f8b3e-c5d1-4f41-a7c2-484e94a9ac37,App\Models\User
9f4f8b3e-c622-4094-a2e6-a673ae01c079,Auth:1
9f4f8b3e-c63e-441b-8d76-2109b064c3f3,Auth:1
9f4f8b3e-c6e9-4df5-9661-3db3a9559c10,Auth:1
9f4f8b3e-c8c8-42fd-bb2b-d2368739b0fd,Auth:1
9f4f8b3e-ca92-4fea-97a5-8ffef06cae30,Auth:1
9f4f8b3e-cb05-4334-9571-c82dc338dbc8,Auth:1
9f4f8b3e-cbe0-4cd9-9317-83f5ab5de410,Auth:1
9f4f8b3e-cbfb-4e80-bc47-45b1b36244cb,App\Models\Order
9f4f8b3e-cbfb-4e80-bc47-45b1b36244cb,Auth:1
9f4f8b3e-ff9b-42ce-bcdd-6988957713b3,api.kavenegar.com
9f4f8b3e-ff9b-42ce-bcdd-6988957713b3,Auth:1
9f4f8b3f-06b5-4cb8-8cf9-00d27ce3b338,Auth:1
9f4f8b3f-0755-4962-839e-020b79970fdb,Auth:1
9f4f8b3f-08c4-4ae8-9cc8-dc7907c68872,Auth:1
9f4f8b3f-0c57-44f7-b83f-140008aaedd1,Auth:1
9f4f8b3f-0cff-4756-9c39-05fec292fa27,Auth:1
9f4f8b3f-0d40-455f-9e4a-980af7ab6fe6,Auth:1
9f4f8b3f-117d-4001-b50d-e2dc11e7120a,Auth:1
9f4f8b3f-12d6-4bce-ad4f-8562a61a9990,Auth:1
9f4f8b3f-141c-441b-807c-4679e2f51a7b,Auth:1
9f4f8b3f-14d2-4364-9896-8a62b9a9d8cc,Auth:1
9f4f8b3f-1501-463e-8fc6-3bd4e086f6a1,Auth:1
9f4f8b3f-152f-4108-9b64-d93b400cc957,Auth:1
9f4f8b3f-1671-49aa-9872-aa2d8e749ce6,Auth:1
9f4f8b3f-16a8-40ab-a051-f03165bbb35a,Auth:1
9f4f8b3f-1abc-4d8b-8492-16538fd156ca,Auth:1
9f4f8b3f-20de-4506-8694-71f0dc772070,Auth:1
9f4f8b3f-218c-4dc6-a869-eaf5c1068110,Auth:1
9f4f8b3f-2248-4e4e-b329-fc5354b3c721,Auth:1
9f4f8b3f-2280-400d-848b-67ce02c203a4,Auth:1
9f4f8b3f-26e5-490d-8343-750dffcbd8cd,Auth:1
9f4f8b3f-2e3c-440b-8b65-235b9f9701b4,Auth:1
9f4f8b3f-3cc8-475a-b6ed-c232eedd69fb,Auth:1
9f4f8b3f-3d8e-4b5b-84e3-975c5e0f1eb8,Auth:1
9f4f8b3f-401b-448e-b789-a5f2cffd38df,Auth:1
9f4f8b3f-40d3-48de-bb5c-67275ca9b829,Auth:1
9f4f8b3f-44c1-4e9e-9edd-c6a003ef6a6c,Auth:1
9f4f8b3f-46b6-4f68-b261-c1c6a6c51286,Auth:1
9f4f8b3f-4800-46ef-9ca2-381c1199bc23,Auth:1
9f4f8b3f-4848-4775-8247-b1187b986ba0,Auth:1
9f4f8b3f-4963-4cdc-aaf2-701e56e87ea9,Auth:1
9f4f8b3f-49a4-4865-b6c9-9a34710ea326,Auth:1
9f4f8b3f-4a21-401e-9cd5-da894e9b2c8a,Auth:1
9f4f8b3f-4a92-444f-80db-862d8340a188,Auth:1
9f4f8b3f-4ddb-4ddf-a328-d2af25033854,Auth:1
9f4f8b3f-4e2b-4619-be0c-aca97060bacc,Auth:1
9f4f8b3f-4e54-4c6b-8c50-9f73a7e1febb,Auth:1
9f4f8b3f-4f5e-4c56-8981-8624e7ab1503,Auth:1
9f4f8b3f-5357-4056-9dea-3fd941275ee1,Auth:1
9f4f8b3f-53ae-4801-b60f-d5d88aa121fa,Auth:1
9f4f8b3f-5702-4a32-94ca-941826b11cae,Auth:1
9f4f8b3f-58fa-4670-8f6f-a60dc291b637,Auth:1
9f4f8b3f-5979-49b5-9a44-bfe39501b61a,Auth:1
9f4f8b3f-59d6-4a5c-8ba7-f5f121abfcb4,Auth:1
9f4f8b3f-5a41-4dfc-aa43-dc85bd712056,Auth:1
9f4f8b3f-5aa9-490e-970f-02b7082c70c1,Auth:1
9f4f8b3f-5ae0-4184-b1bd-e8c9562b4d7f,Auth:1
9f4f8b3f-5b47-4d99-9c2a-5ffb49f9c08f,Auth:1
9f4f8b3f-5b9b-4edc-b5f6-10a8e675ffba,Auth:1
9f4f8b3f-5bee-4b5d-a7f2-7f711df6d017,Auth:1
9f4f8b3f-5c3b-46fd-8b7c-441aaa1f3772,Auth:1
9f4f8b3f-5c7a-40e7-b0e5-2ca9141373ad,Auth:1
9f4f8b3f-5cdf-4b48-af86-e2d8ee21fbd8,Auth:1
9f4f8b3f-5d10-4913-810b-45c87d9a826e,Auth:1
9f4f8b3f-5d35-4d54-b5ab-0e7880ce920a,Auth:1
9f4f8b3f-5d90-4f71-8590-fb49c8a1e9f0,Auth:1
9f4f8b3f-5de3-4a7b-a519-533ecb70ed4c,Auth:1
9f4f8b3f-5e2c-44c0-9a11-e33364f2379d,Auth:1
9f4f8b3f-5e7e-4433-a8fb-fc3dab31d3b4,Auth:1
9f4f8b3f-5ece-4eba-87d7-36c746e1f0e6,Auth:1
9f4f8b3f-5f49-439a-83a0-41bcad931e8d,Auth:1
9f4f8b3f-5fae-4de3-a43c-a6f63b1991bc,Auth:1
9f4f8b3f-5fde-42cd-9ec6-a33489f26d17,Auth:1
9f4f8b3f-6002-4bf8-980a-8cc6753053e6,Auth:1
9f4f8b3f-604d-4a4b-82d6-c6b513f37539,Auth:1
9f4f8b3f-60bc-465a-a552-e940f43f6f29,Auth:1
9f4f8b3f-6105-4e4a-bd0c-d2318fdc11ba,Auth:1
9f4f8b3f-615b-4347-8c85-0fe33a6071a0,Auth:1
9f4f8b3f-61a8-4c96-b091-3d4b86f75158,Auth:1
9f4f8b3f-61fc-436c-9f2c-02b7dcdc2d66,Auth:1
9f4f8b3f-6245-48fe-bdcf-e5a06ad0bdbd,Auth:1
9f4f8b3f-6296-4b95-b05d-634d0218a34b,Auth:1
9f4f8b3f-62e0-4390-b9a4-9ab0ac5ca008,Auth:1
9f4f8b3f-6318-4bb0-b827-b136b580bffe,Auth:1
9f4f8b3f-6385-4745-b03c-e91705fb3b3d,Auth:1
9f4f8b3f-63b9-4ec5-ae14-eb445f26aa2a,Auth:1
9f4f8b3f-63e2-47ec-ba22-165262d20e9c,Auth:1
9f4f8b3f-642c-4c70-ac16-0722c947009f,Auth:1
9f4f8b3f-6498-4bf2-bfe6-0ce56be60a66,Auth:1
9f4f8b3f-6503-4538-98d0-11070567b14b,Auth:1
9f4f8b3f-6536-4c21-856b-91a3477a82bb,Auth:1
9f4f8b3f-655a-4697-aba8-7a03d28afe53,Auth:1
9f4f8b3f-65a6-4c6b-b4a1-67d670754fdc,Auth:1
9f4f8b3f-65fb-488f-a2f2-91228bf761fc,Auth:1
9f4f8b3f-6647-435a-a2d6-c54b2c364e16,Auth:1
9f4f8b3f-66a2-481f-a832-7df42b5d66eb,Auth:1
9f4f8b3f-66f2-4829-a772-870185d87d68,Auth:1
9f4f8b3f-6779-4a6e-9e0c-d0c541bc0647,Auth:1
9f4f8b3f-67e2-44d6-a832-8af1af355b65,Auth:1
9f4f8b3f-688f-428e-bffa-1f0176ea6a0c,Auth:1
9f4f8b3f-68da-42dc-af78-ee1f921b75c3,Auth:1
9f4f8b3f-69ae-413a-8009-ce52a77b6711,Auth:1
9f4f8b3f-6a52-4f56-9c9b-3e491880e823,Auth:1
9f4f8b3f-e0be-4aa2-be0e-04f8c01ad4ba,Spatie\Multitenancy\Models\Tenant
9f4f8b3f-e0ea-491f-b2e1-c9f12e170c1d,Spatie\Multitenancy\Models\Tenant:4
9f4f8b3f-e111-4bda-9700-3dc7f1fe5a2c,Spatie\Multitenancy\Models\Tenant:4
9f4f8b3f-e3d6-4e0b-86f7-8632d8e52767,App\Models\User
9f4f8b3f-e410-4688-9bf5-8802734d5c0c,Auth:1
9f4f8b3f-e432-4f0a-ac69-ed4f615cd302,Auth:1
9f4f8b3f-e4ac-4413-82cd-473e42e7db69,Auth:1
9f4f8b3f-e50f-48f2-8d89-585dde1c67a1,Auth:1
9f4f8b3f-e5f6-4321-b9cf-bb866b8d0afa,Auth:1
9f4f8b3f-e61d-4fc6-aa5c-48d59cec59d6,App\Models\Order
9f4f8b3f-e61d-4fc6-aa5c-48d59cec59d6,Auth:1
9f4f8b3f-f9ec-455f-899c-218fd2d98cde,api.kavenegar.com
9f4f8b3f-f9ec-455f-899c-218fd2d98cde,Auth:1
9f4f8b3f-fba8-4ac6-8da2-6de2fc1cb2a2,Auth:1
9f4f8b3f-fc86-48d0-9209-03cfc1ed1b99,Auth:1
9f4f8b3f-fca6-42e3-b6e9-55473f309216,Auth:1
9f4f8b3f-fd3f-479b-92fe-4643cd735b6c,Auth:1
9f4f8b3f-fff1-4cc5-abcc-9f0b415c9288,Auth:1
9f4f8b40-022b-4539-914e-ed7395927925,Auth:1
9f4f8b40-0277-4a23-8036-1092fbe8abfd,Auth:1
9f4f8b40-02ca-4092-9d40-2e0eff42701a,Auth:1
9f4f8b40-0318-4af0-b0ff-f16d31e04271,Auth:1
9f4f8b40-0363-4ae7-a66a-32dd5578df31,Auth:1
9f4f8b40-0467-45ef-9712-ec817b76be0b,Auth:1
9f4f8b40-052f-4c91-a495-d791ee8d2f8c,Auth:1
9f4f8b48-1e15-47c9-bcf9-806bbb8a70c0,Spatie\Multitenancy\Models\Tenant
9f4f8b48-1e3c-4556-a836-8a4f0ba90728,Spatie\Multitenancy\Models\Tenant:4
9f4f8b48-1e5e-4235-a9af-a39c5c7c6de5,Spatie\Multitenancy\Models\Tenant:4
9f4f8b48-20ee-4671-add1-4bd2ef309016,App\Models\User
9f4f8b48-2125-4baf-8115-bb8ee80bd623,Auth:1
9f4f8b48-2142-40e8-b213-b0e37b633110,Auth:1
9f4f8b48-21c6-4791-83f9-99dcff7ef317,Auth:1
9f4f8b48-223c-43d8-8560-d6aa62c1c9a6,Auth:1
9f4f8b48-2333-4d69-86de-338963bf3fdb,Auth:1
9f4f8b48-2354-41be-b738-c2b76ba98025,App\Models\Order
9f4f8b48-2354-41be-b738-c2b76ba98025,Auth:1
9f4f8b48-3677-4f09-afe0-ad8c83d1bdff,api.kavenegar.com
9f4f8b48-3677-4f09-afe0-ad8c83d1bdff,Auth:1
9f4f8b48-386c-4348-a296-ec51682fdbeb,Auth:1
9f4f8b48-3a20-471f-ad0f-58e9cba66219,Auth:1
9f4f8b48-3aa0-4b2b-a42a-4e3df7d2553a,Auth:1
9f4f8b48-3b32-4ad9-9299-75dab0ac4f18,Auth:1
9f4f8b48-3b8c-42c4-b040-1142dd3505d3,Auth:1
9f4f8b48-3bfb-4f23-b48e-7a036a0a0f09,Auth:1
9f4f8b48-3c26-44f8-882f-ec908f3b6378,Auth:1
9f4f8b48-3c91-43e5-8885-1e1c7bef9496,Auth:1
9f4f8b48-3d09-478b-9a65-1ecef03d4c02,Auth:1
9f4f8b48-3e36-4a68-9c94-d559a8cb4b41,Auth:1
9f4f8b4f-b9ff-474e-8422-8cfbbd889557,Spatie\Multitenancy\Models\Tenant
9f4f8b4f-ba2d-4318-9faf-c46e4df077ad,Spatie\Multitenancy\Models\Tenant:4
9f4f8b4f-ba57-4f84-8a9d-2dc3dde06359,Spatie\Multitenancy\Models\Tenant:4
9f4f8b4f-bcfc-4a46-b10e-a6a5d2b43efe,App\Models\User
9f4f8b4f-bd39-4fe6-93ec-4478486b24f2,Auth:1
9f4f8b4f-bd56-40dd-a1de-71a4afb659f2,Auth:1
9f4f8b4f-bdc8-43cf-a6f2-ce65c1774c6f,Auth:1
9f4f8b4f-be2b-4581-93fe-27ea22eb526c,Auth:1
9f4f8b4f-bf30-41be-97ad-665874f6f863,Auth:1
9f4f8b4f-bf60-4597-b260-337b03445d53,App\Models\Order
9f4f8b4f-bf60-4597-b260-337b03445d53,Auth:1
9f4f8b4f-d1c4-47c3-a1f3-49c9a17906d6,api.kavenegar.com
9f4f8b4f-d1c4-47c3-a1f3-49c9a17906d6,Auth:1
9f4f8b4f-d39e-446d-b4e7-348659d347f6,Auth:1
9f4f8b4f-d45a-410b-9846-d48848a6b5ee,Auth:1
9f4f8b4f-d4a6-469d-8290-e5283dd64cd1,Auth:1
9f4f8b4f-d4d9-47eb-a575-76346fdba4af,Auth:1
9f4f8b4f-d500-4278-b4ef-919742ca1842,Auth:1
9f4f8b4f-d52d-4bc3-91f8-6d641793efcc,Auth:1
9f4f8b4f-d554-4469-8ba6-75c7aa0805cd,Auth:1
9f4f8b4f-d57d-45c9-92cf-d0c130875fc7,Auth:1
9f4f8b4f-d5af-432a-929b-1fbfbd58020e,Auth:1
9f4f8b4f-d683-4f16-b5d3-affb78b41b0a,Auth:1
9f4f8b55-6caf-4fee-9795-8dfda612c03b,Spatie\Multitenancy\Models\Tenant
9f4f8b55-6cdc-42d9-b0b6-ce7eebb7c1dc,Spatie\Multitenancy\Models\Tenant:4
9f4f8b55-6d02-4214-a4fc-2ffebbdc7d06,Spatie\Multitenancy\Models\Tenant:4
9f4f8b55-6fc9-4de3-9a8d-1f5388209955,App\Models\User
9f4f8b55-7021-4823-9f2d-ac13a76dbd32,Auth:1
9f4f8b55-7041-400a-b722-6daa74c8c77d,Auth:1
9f4f8b55-90d2-4c39-a861-a5c47582bfa5,Auth:1
9f4f8b55-9255-42b0-8d9a-d043c75abcba,Auth:1
9f4f8b55-943b-4b34-98ee-c172cfea6e00,Auth:1
9f4f8b55-96c2-458d-9383-5624918c169d,Auth:1
9f4f8b55-9711-4a2c-a079-ada1abc359fa,Auth:1
9f4f8b55-9761-4a3c-a963-4749a7ae90f5,Auth:1
9f4f8b55-97ba-452d-a7f3-b646eb99b14e,Auth:1
9f4f8b55-989b-46d7-be5a-ebdf983c1d9e,Auth:1
9f4f8b55-c3ae-44dd-8d9b-a85a302ffbf6,Auth:1
9f4f8b55-c54c-4efa-8c1a-2c9514f99d47,Auth:1
9f4f8b55-c56d-4edb-9fd0-9f3d431e0fc0,App\Models\Order
9f4f8b55-c56d-4edb-9fd0-9f3d431e0fc0,Auth:1
9f4f8b55-c636-45a3-b012-a4bc5bdcc43d,Auth:1
9f4f8b55-c6d4-4cc5-b1bd-453e0d24628c,Auth:1
9f4f8b55-c6f1-4734-b3d6-c4fe16790700,App\Models\ShippingMethod
9f4f8b55-c6f1-4734-b3d6-c4fe16790700,Auth:1
9f4f8b55-c8a5-4fde-9525-fac88ba21a15,Auth:1
9f4f8b55-c9db-448e-82f0-75442434c2b9,Auth:1
9f4f8b55-cacb-4625-9423-7ee7596ec92e,Auth:1
9f4f8b55-cd56-41b4-bb9b-5c36c52be85e,Auth:1
9f4f8b55-ce47-40ee-8eac-f65a5b9f22bf,Auth:1
9f4f8b55-cf0a-4c81-a921-10542f6816c2,Auth:1
9f4f8b55-cf44-4a04-8baa-b65ebfa4b427,Auth:1
9f4f8b55-cfc0-4002-ae4f-5ff9889818ae,Auth:1
9f4f8b55-d013-4117-820c-0fe24fd2be24,Auth:1
9f4f8b55-d0fb-4149-814c-32b37f745880,Auth:1
9f4f8b55-d1a3-41de-a50e-2f1f1d7c0c9b,Auth:1
9f4f8b55-d2b8-41c9-b4d9-bab4420ddc9f,Auth:1
9f4f8b55-d36d-46ad-a8a9-8c75581ff5a8,Auth:1
9f4f8b55-d3ef-4f64-962e-9e558578f848,Auth:1
9f4f8b55-d422-48c4-83ca-ff02f82d131c,Auth:1
9f4f8b55-d44c-4fd1-9e06-b5168ba19980,Auth:1
9f4f8b55-d4b8-42fb-ac78-eb7c287cf71a,Auth:1
9f4f8b55-d635-43f3-96b6-6327779b506b,Auth:1
9f4f8b55-d66b-44a4-ad1c-83fbc6796439,Auth:1
9f4f8b55-d704-4519-99fc-3fd1973fb7e4,Auth:1
9f4f8b55-d770-4772-8aa9-2521ea738e75,Auth:1
9f4f8b55-d7a6-4cbb-a7a2-40ef5bba833a,Auth:1
9f4f8b55-dab2-454e-b3d8-f0fab6ca4fe0,Auth:1
9f4f8b55-daf6-49f8-b5aa-fa06990239a1,Auth:1
9f4f8b55-db33-4b62-a4f9-c3ca77fbf687,Auth:1
9f4f8b55-dc43-4a7a-951d-370e2a8a93b4,Auth:1
9f4f8b55-dc76-46ad-9420-9690b26f7840,Auth:1
9f4f8b55-dccd-46d2-b399-e5bc5860cfb3,Auth:1
9f4f8b55-e0cb-4769-94fb-62e75b3d539d,Auth:1
9f4f8b55-e246-40dc-9074-5c67f31d1816,Auth:1
9f4f8b55-e8cc-4a0e-83c6-846239586c7c,Auth:1
9f4f8b55-e900-41da-a4a6-40433257e078,Auth:1
9f4f8b55-e92d-41a5-8fbc-535f2fa15c18,Auth:1
9f4f8b55-e9d3-4472-98c8-f4d0271dc7bf,Auth:1
9f4f8b55-ea5a-4920-8855-2bf4e9b4b40a,Auth:1
9f4f8b55-eaac-4f4f-82ec-c0702e538517,Auth:1
9f4f8b55-f050-4372-906e-b3d3ff6d65fb,Auth:1
9f4f8b55-f09f-48dd-9d23-4ea0200b03ed,Auth:1
9f4f8b55-f143-48a8-9016-158040b8d23a,Auth:1
9f4f8b55-f1c9-4306-82df-dfc26a289a26,Auth:1
9f4f8b55-f207-4bc9-b9e8-f6f3466a825c,Auth:1
9f4f8b55-f22f-4dff-8a11-3e104d20d5ca,Auth:1
9f4f8b55-f25a-4f87-8f8a-986f6273c3d3,Auth:1
9f4f8b55-f27d-49cb-aba3-77a264d6e0b3,Auth:1
9f4f8b55-f2a3-4931-893b-994e6ec9d05a,Auth:1
9f4f8b55-f2d1-4e96-a162-a9ec2ad69c28,Auth:1
9f4f8b55-f459-4245-9a4d-74463109a6d3,Auth:1
9f4f8b55-f5fc-4829-82ac-6c017da53fd5,Auth:1
9f4f8b55-f6a8-4f74-85a2-bb89a449b0ff,Auth:1
9f4f8b55-f74e-4874-bdb3-b2ff9e6714a1,Auth:1
9f4f8b55-f845-4317-a890-da4bb09f3dd7,Auth:1
9f4f8b55-f882-43c3-9b34-1ec00b2501c2,Auth:1
9f4f8b55-f92e-4802-87d1-3b49ed3922d4,Auth:1
9f4f8b55-f9c2-4b4b-91fb-a1caafc61d4b,Auth:1
9f4f8b55-fb38-4844-ac75-8b4a7017f340,Auth:1
9f4f8b55-fb9d-437c-862f-784b0a9dbd05,Auth:1
9f4f8b55-fbff-4d32-bc9d-2f896e9fc384,Auth:1
9f4f8b55-fc4e-420f-afe9-f0fe45a782d7,Auth:1
9f4f8b55-fc9d-4023-a45a-207f808fd2d3,Auth:1
9f4f8b55-fcf7-4fe0-b58f-5095a475dd8d,Auth:1
9f4f8b55-fd50-4331-ac4c-19480dc88b2f,Auth:1
9f4f8b56-00c6-4874-8321-7c255cf38249,Auth:1
9f4f8b56-0102-4e41-bd2a-b353886f2b29,Auth:1
9f4f8b56-0127-41c7-bc19-fd0dd9ba28a7,Auth:1
9f4f8b56-015b-44ef-8c3c-64a88082c821,Auth:1
9f4f8b56-0197-4899-9d19-dd5eded9508b,Auth:1
9f4f8b56-02f9-4233-8023-ea697d791222,Auth:1
9f4f8b56-0966-4fe9-a903-99813b502ea1,Auth:1
9f4f8b56-09aa-4531-a8fe-0f62a3b90830,Auth:1
9f4f8b56-09f1-4259-be7f-168a012ef857,Auth:1
9f4f8b56-0a71-4f71-bbb1-65899fe6863c,Auth:1
9f4f8b56-0aa9-4714-8598-31a541bb79ff,Auth:1
9f4f8b56-0ae7-44ed-ac6b-9365aec4864b,Auth:1
9f4f8b56-0b5d-4ec5-93a6-615e132569f7,Auth:1
9f4f8b56-0b9d-4b36-9b9f-5f79af1c2f40,Auth:1
9f4f8b56-0bdc-409e-83e9-6a7724b33f6e,Auth:1
9f4f8b56-0c59-4358-bd65-ebfb05eaee5a,Auth:1
9f4f8b56-0c96-42ea-a8ff-56d6236f15ef,Auth:1
9f4f8b56-0cda-42ac-a6d8-4a96b3a13b23,Auth:1
9f4f8b56-0d54-434f-8312-da403a998b50,Auth:1
9f4f8b56-0d95-40a6-b142-d7834e920fcc,Auth:1
9f4f8b56-0dd8-43f4-9f5b-e90c28bafc09,Auth:1
9f4f8b56-0e66-4fac-9ca1-a385a13646a9,Auth:1
9f4f8b56-0e9f-427d-9148-b2e7983ac53c,Auth:1
9f4f8b56-0edf-4239-b589-7fe4217cc28d,Auth:1
9f4f8b56-0f5c-4d7a-a71c-25f66208723e,Auth:1
9f4f8b56-0fd3-49b4-96ec-5a7892e0862f,Auth:1
9f4f8b56-101b-4716-a34c-4c11fab9d3dc,Auth:1
9f4f8b56-105d-4abf-bd81-a1d3f1acc35f,Auth:1
9f4f8b56-1193-48be-8da8-16de38c79040,Auth:1
9f4f8b56-11c8-41f5-8c8a-81c0624bb30e,Auth:1
9f4f8b56-1290-469a-b88b-60b6c334a8b3,Auth:1
9f4f8b56-141b-4936-8213-1d16be2bb56b,Auth:1
9f4f8b56-15b6-4346-8870-387c5909e39b,Auth:1
9f4f8b56-16e0-4ddf-9dd9-9e07579a5269,Auth:1
9f4f8b56-172d-498c-a5a6-742c49c5af26,Auth:1
9f4f8b56-1796-4fd8-ad1c-57bf6d790e57,Auth:1
9f4f8b56-17d9-4ed5-b8be-48e8799149a0,Auth:1
9f4f8b56-1996-4868-b5e5-f3c32d902b5f,Auth:1
9f4f8b56-1b0f-4493-aa9a-1c7ab45b53c8,Auth:1
9f4f8b56-1b4e-4c0c-9b21-6bc91bf296eb,Auth:1
9f4f8b56-1bba-4726-bf53-828a8d9f6840,Auth:1
9f4f8b56-1bfc-4db9-9775-0e5e4e3b47d0,Auth:1
9f4f8b56-1db8-4bc8-8742-7748cd71c48f,Auth:1
9f4f8b56-1e1c-44b8-ae6d-465870edbdfc,Auth:1
9f4f8b56-1e5b-46c2-b64f-90ce1f3503cc,Auth:1
9f4f8b56-1eda-4650-822f-06f35e160859,Auth:1
9f4f8b56-1f0c-464a-bed6-510de2e309c2,Auth:1
9f4f8b56-1f3b-4796-90bc-a9bd1c727a56,Auth:1
9f4f8b56-1f7e-40e6-a2a6-c2c68226b2bf,Auth:1
9f4f8b56-1fb7-40bf-8772-c6444d06f0e1,Auth:1
9f4f8b56-2014-4399-b01c-6f34cd3b1423,Auth:1
9f4f8b56-203b-427c-8e2b-06a62b576df2,Auth:1
9f4f8b56-2057-4e37-9344-b9e6c106fdab,Auth:1
9f4f8b56-208c-42ef-8291-e7e3a5c35a88,Auth:1
9f4f8b56-214e-474b-8d2a-671fb08ac3d8,Auth:1
9f4f8b56-217b-4f78-8a65-b71e9c0069e9,Auth:1
9f4f8b56-2476-4d15-aa77-1fe780af2299,Auth:1
9f4f8b56-24b8-42c7-b25a-62fb08a9e15b,Auth:1
9f4f8b56-24db-4609-b831-31440645693c,Auth:1
9f4f8b56-2504-497c-8899-baec3a0d13f4,Auth:1
9f4f8b56-253f-4989-818a-f49e6a2bb98b,Auth:1
9f4f8b56-258b-40a9-8e81-f880ae5a2dd7,Auth:1
9f4f8b56-2614-4f3e-9a97-80c04a79467c,Auth:1
9f4f8b56-2654-4293-aee7-e9be6bc280cc,Auth:1
9f4f8b56-26a8-4ef1-864a-af1cbfb62c1a,Auth:1
9f4f8b56-2723-49b4-9607-ef634e3e1f2d,Auth:1
9f4f8b56-275e-4067-b27c-a183b7d97d1c,Auth:1
9f4f8b56-27b8-4c60-8c27-568c89a36226,Auth:1
9f4f8b56-283b-45ad-b27d-0e9ace6d48b8,Auth:1
9f4f8b56-287b-4a54-b174-dfe65a55cd01,Auth:1
9f4f8b56-28ce-432e-93a6-3cd2a45287a0,Auth:1
9f4f8b56-2951-423b-8f6b-a7a21e7832e2,Auth:1
9f4f8b56-2989-406b-972e-bf4c10495110,Auth:1
9f4f8b56-29cd-42c9-9b54-4d72c0f39692,Auth:1
9f4f8b56-2a44-4937-928b-741f58824c99,Auth:1
9f4f8b56-2a7a-4767-8cde-3a34ea8e05c4,Auth:1
9f4f8b56-2abc-4046-94eb-7ab33cb475ea,Auth:1
9f4f8b56-2b34-4520-960f-c64bfed811ac,Auth:1
9f4f8b56-2b6c-41c1-9915-6493f70fbaea,Auth:1
9f4f8b56-2baf-4687-b207-343cb9eb3936,Auth:1
9f4f8b56-2c28-4246-9daa-6cd59095116c,Auth:1
9f4f8b56-2c9c-44c3-9c4c-84ba002ce554,Auth:1
9f4f8b56-2cdc-47a9-9b59-91a6523931ab,Auth:1
9f4f8b56-2d1f-4e34-92b4-b678f2eb889d,Auth:1
9f4f8b56-2db8-4478-8a33-6810c3f811ec,Auth:1
9f4f8b56-2dea-4aad-ab26-ae577aa307de,Auth:1
9f4f8b56-2e65-4ce6-99e8-e4be749e5fae,Auth:1
9f4f8b56-2e92-44ce-85f3-96f12d9c1e52,Auth:1
9f4f8b56-2f68-49bf-85f9-4a5ee746165a,Auth:1
9f4f8b56-2f9a-4106-ac4a-9ab9d9f8969b,Auth:1
9f4f8b56-2fcf-4695-bdd7-907a6c71e4d5,Auth:1
9f4f8b56-3005-416f-b4ce-1d68b9269af7,Auth:1
9f4f8b56-3035-438e-89ab-79e4f6d444ce,Auth:1
9f4f8b56-3120-4e42-8085-08d6f1a90e5a,Auth:1
9f4f8b56-315d-4a2e-b6fe-eed14cb64c1a,Auth:1
9f4f8b56-3184-4218-be97-7fa5bc33532d,Auth:1
9f4f8b56-31b8-472e-8cf1-b352a689e254,Auth:1
9f4f8b56-31e5-4213-8533-0ada4d13d50e,Auth:1
9f4f8b56-32c5-475a-8c91-42f3410f251b,Auth:1
9f4f8b56-3303-4c9e-8b33-10a1359bd045,Auth:1
9f4f8b56-332d-4496-8c05-e80eabd5351a,Auth:1
9f4f8b56-335e-4bba-8933-47e14019d593,Auth:1
9f4f8b56-3389-4274-a941-e36c5e75d2b7,Auth:1
9f4f8b56-33bf-47bb-b740-9ba699df09ba,Auth:1
9f4f8b56-33fb-4c91-92ae-a1d3b8af44e9,Auth:1
9f4f8b56-342e-4b97-902a-6ac5e226b242,Auth:1
9f4f8b56-345b-4836-9037-10a5c85c9fc2,Auth:1
9f4f8b56-3482-4a72-bc4a-363abc993b1d,Auth:1
9f4f8b56-349e-43ba-a692-ed460d7db343,Auth:1
9f4f8b56-34c5-4d30-bbe1-6742d75cfe01,Auth:1
9f4f8b56-34f1-401b-bd81-15fb72a2d0fa,Auth:1
9f4f8b56-351c-4882-a3c7-ac77239b2f90,Auth:1
9f4f8b56-3743-4de5-bf2d-ab254de480d1,Auth:1
9f4f8b56-377b-4018-b4ea-4f7c276e5d6b,Auth:1
9f4f8b56-37a0-4610-9d45-2c757f28b991,Auth:1
9f4f8b56-37cd-4e4b-8c6b-2e8487ed5a26,Auth:1
9f4f8b56-380f-4b9e-86d9-09125f977ddf,Auth:1
9f4f8b56-3854-4576-b0d6-4f8222096c69,Auth:1
9f4f8b56-38d5-409f-b667-b99696f1ff40,Auth:1
9f4f8b56-390c-4954-83e0-53ca1084c496,Auth:1
9f4f8b56-394c-465c-8b60-d44b0ba9e05a,Auth:1
9f4f8b56-39c2-4d12-8ff2-5137d7d2c3bc,Auth:1
9f4f8b56-3a62-47b4-91e6-189634999705,Auth:1
9f4f8b56-3aa9-4686-bf43-e08266764e36,Auth:1
9f4f8b56-3b42-468e-93e4-9816fd9f1505,Auth:1
9f4f8b56-3b79-4462-a473-1d9444d7b742,Auth:1
9f4f8b56-3bbd-4b9b-8185-5fdda936aaca,Auth:1
9f4f8b56-3c32-4d3b-8567-1d9c69106329,Auth:1
9f4f8b56-3c79-42c9-8c0d-7a80654348fa,Auth:1
9f4f8b56-3cc7-40f8-a8ff-01e7b9a9ad45,Auth:1
9f4f8b56-3d6a-4844-85ad-779bf8c421ce,Auth:1
9f4f8b56-3da6-401e-a66f-97622995c716,Auth:1
9f4f8b56-3ded-4bfe-9742-808c4eca9fc7,Auth:1
9f4f8b56-3e63-4cc8-98b8-fa32ec076625,Auth:1
9f4f8b56-3e9c-41ed-a4fb-4f6c7c0cee68,Auth:1
9f4f8b56-3edd-420f-abcb-52a1fd796920,Auth:1
9f4f8b56-3f52-4f81-94f8-24a0f55111bf,Auth:1
9f4f8b56-3fc0-4d54-a033-dda7864ca86b,Auth:1
9f4f8b56-4001-40dd-96a8-435c53658383,Auth:1
9f4f8b56-4048-48d8-8444-8bb2e15d0bd1,Auth:1
9f4f8b56-40ca-4d0b-9f8c-add12453116d,Auth:1
9f4f8b56-40fa-4a05-aa57-23e2473812b2,Auth:1
9f4f8b56-4185-420d-9601-96030c039efa,Auth:1
9f4f8b56-41b3-4e81-b4d6-3b0c4cb32da9,Auth:1
9f4f8b56-4282-4306-be9b-c72041065b84,Auth:1
9f4f8b56-42b4-40b3-8403-31d17f16dd0f,Auth:1
9f4f8b56-42f2-479c-a974-62b1629fdfc7,Auth:1
9f4f8b56-433e-4ba7-984e-43fd91619ed5,Auth:1
9f4f8b56-4377-4b69-9565-105a24d35eab,Auth:1
9f4f8b56-4486-4034-92b4-3453a6168bb4,Auth:1
9f4f8b56-44cc-43cd-8511-0f4de2456f52,Auth:1
9f4f8b56-44f9-4478-8df3-73191f1c8136,Auth:1
9f4f8b56-4538-4eda-8cb6-7c82e39b064d,Auth:1
9f4f8b56-4564-4c43-9424-fe0d32e00b9c,Auth:1
9f4f8b56-466c-496a-9f40-4ff8a67e2e25,Auth:1
9f4f8b56-46ad-490b-8864-bf97c236bd89,Auth:1
9f4f8b56-46db-41d0-8ee2-bd2c3bfb34f5,Auth:1
9f4f8b56-4718-4d96-950f-e627b2710eb7,Auth:1
9f4f8b56-4747-4612-a871-b9c8554fd572,Auth:1
9f4f8b56-477d-40c7-b766-42539c54d764,Auth:1
9f4f8b56-47c1-4b6c-a507-81a72ea07b28,Auth:1
9f4f8b56-47fe-414a-ae41-aad8dd01e52f,Auth:1
9f4f8b56-483b-46a2-b0cb-abc844c698af,Auth:1
9f4f8b56-4861-4ffc-a994-f439ee580d15,Auth:1
9f4f8b56-487f-4cb4-b867-27ccddf3d453,Auth:1
9f4f8b56-48af-4f0e-bab6-10a1fb75c09b,Auth:1
9f4f8b56-48e5-45eb-9f3c-ba0a8603d12e,Auth:1
9f4f8b56-4914-4d6c-92df-a251f6069164,Auth:1
9f4f8b56-4b99-4e72-9b00-b9f506547a80,Auth:1
9f4f8b56-4bd4-4a6d-a4d8-c37ea6340dfb,Auth:1
9f4f8b56-4bfd-4d0a-b05a-9ec81857b4bb,Auth:1
9f4f8b56-4c33-4b65-a430-40a021d15cad,Auth:1
9f4f8b56-4c6c-4b7a-8f05-e9bca204964f,Auth:1
9f4f8b56-4cb2-44b8-afb6-1d039eec298c,Auth:1
9f4f8b56-4d30-46e8-905f-a68d9dee10bd,Auth:1
9f4f8b56-4d67-4671-96b1-a18efebc04d5,Auth:1
9f4f8b56-4da9-4256-a50d-60713e0b6ed7,Auth:1
9f4f8b56-4e18-42aa-be0d-77bb464e69c5,Auth:1
9f4f8b56-4e98-4724-aa0e-d7d76ec100c7,Auth:1
9f4f8b56-4ed9-47be-b748-28734a367f39,Auth:1
9f4f8b56-4f6f-470a-9579-c2bf459d5e08,Auth:1
9f4f8b56-4fa6-485b-b02a-3620f04188d8,Auth:1
9f4f8b56-4fe9-4574-a905-92abace650ef,Auth:1
9f4f8b56-5064-480f-b7fe-b85d88fbc988,Auth:1
9f4f8b56-509f-4622-bf3d-4173bac22628,Auth:1
9f4f8b56-50dc-47b1-8f44-939a9d341279,Auth:1
9f4f8b56-5152-43ae-841c-41bb19799b16,Auth:1
9f4f8b56-5188-4308-8857-9cf69758c133,Auth:1
9f4f8b56-51cd-4f66-afd4-cd1c1ae19626,Auth:1
9f4f8b56-5241-454c-86a5-1c27bf3b7636,Auth:1
9f4f8b56-5276-407f-8fe5-ee786191b5cc,Auth:1
9f4f8b56-52b8-4210-b39b-73a46bf5b12a,Auth:1
9f4f8b56-532f-454b-9ca2-03606fac9715,Auth:1
9f4f8b56-539d-4723-8db2-9f0a2724c4a2,Auth:1
9f4f8b56-53dd-4166-a03f-404810e5aafe,Auth:1
9f4f8b56-5424-4034-903f-169cee467976,Auth:1
9f4f8b56-54a9-49ef-b7d4-98b72e59924d,Auth:1
9f4f8b56-54dc-4473-8ff5-e815bcf348ed,Auth:1
9f4f8b56-5560-4bee-a051-b88794d35c94,Auth:1
9f4f8b56-558f-4f74-b1b6-186432d0399e,Auth:1
9f4f8b56-5659-43e9-a841-75cd83e5536d,Auth:1
9f4f8b56-568d-4643-9c08-ab604e179d70,Auth:1
9f4f8b56-56be-4662-bb6b-1100144ec2fa,Auth:1
9f4f8b56-56f5-4b24-b092-3b82404eaf6d,Auth:1
9f4f8b56-5724-400d-822e-25e1172a46d7,Auth:1
9f4f8b56-580e-4dde-b778-f82252b9189d,Auth:1
9f4f8b56-584b-4d1d-95d5-33135220e744,Auth:1
9f4f8b56-5875-479b-8122-cc225af6bdfa,Auth:1
9f4f8b56-58a9-416f-b65c-2d161978fb9b,Auth:1
9f4f8b56-58d5-4398-80c2-8b30fecfe758,Auth:1
9f4f8b56-59be-480b-a730-0a1eaec67818,Auth:1
9f4f8b56-59f7-4b30-aa30-c67a956747da,Auth:1
9f4f8b56-5a1f-4bed-a947-b8b54373159d,Auth:1
9f4f8b56-5a52-4746-87a6-423366655d31,Auth:1
9f4f8b56-5a7f-4c2e-8edc-31e773f970aa,Auth:1
9f4f8b56-5aa9-4733-b1c5-e500dfee12aa,Auth:1
9f4f8b56-5ae4-4926-a8b5-ef21f87b0131,Auth:1
9f4f8b56-5b1a-421c-99d7-0295424dec1e,Auth:1
9f4f8b56-5b47-41b4-b196-76b74fe68dfe,Auth:1
9f4f8b56-5b69-4252-b15a-189e2276ffb6,Auth:1
9f4f8b56-5b85-49a0-99c9-482ca5a92a46,Auth:1
9f4f8b56-5bad-4095-80ea-8c1439a31086,Auth:1
9f4f8b56-5bdd-4dbe-9443-19d9b1a6078d,Auth:1
9f4f8b56-5c06-434c-bff1-0fc2182cf718,Auth:1
9f4f8b56-5e37-4636-8a5d-40532f843a84,Auth:1
9f4f8b56-5e6e-4d8b-8350-352599fb194c,Auth:1
9f4f8b56-5e8f-4e96-a3ac-604477c56f1b,Auth:1
9f4f8b56-5ebe-4dcb-9071-582fe215d806,Auth:1
9f4f8b56-5ef5-4624-87f3-49f34a75133b,Auth:1
9f4f8b56-5f3f-41a4-ae7e-8d383c3eb212,Auth:1
9f4f8b56-5fbb-40a4-a683-5e2213e1ad46,Auth:1
9f4f8b56-5ff9-4432-bf57-d61945c003a5,Auth:1
9f4f8b56-603a-4b3c-8bd0-6391cb9c8e7c,Auth:1
9f4f8b56-60a9-4cee-8bca-fba6d653c5ec,Auth:1
9f4f8b56-60df-4952-93ae-c160c5b88215,Auth:1
9f4f8b56-6120-4212-995b-e7b86c8b6ea0,Auth:1
9f4f8b56-6196-47a0-8708-90035c83eb67,Auth:1
9f4f8b56-61d0-45d9-a1f2-c7fc52032709,Auth:1
9f4f8b56-620f-40da-8e09-f9fec687cac1,Auth:1
9f4f8b56-6299-4fa4-8add-0309140b3986,Auth:1
9f4f8b56-62e0-49cb-8892-b9cda467f4c6,Auth:1
9f4f8b56-6320-4d10-88e2-1bbd60a17ffd,Auth:1
9f4f8b56-6397-425c-8115-4c6238b0a2d2,Auth:1
9f4f8b56-63d5-4c2e-8536-ba1e476fe1b4,Auth:1
9f4f8b56-6418-40d8-b5a5-b72613dd2fc2,Auth:1
9f4f8b56-64a8-4ed2-aead-4b352f02f747,Auth:1
9f4f8b56-64f5-4cba-8712-c0ae29fc924f,Auth:1
9f4f8b56-6536-42db-b410-eee9d790cc02,Auth:1
9f4f8b56-65ab-4940-ba62-098904afa710,Auth:1
9f4f8b56-6618-440e-a20c-f69dda84cc53,Auth:1
9f4f8b56-6659-44f3-90f2-8029fe488e85,Auth:1
9f4f8b56-6698-4d94-a73f-e0025e07a0d8,Auth:1
9f4f8b56-6719-4f5e-a898-70619e55a716,Auth:1
9f4f8b56-6747-4da8-8ba9-250677e8a435,Auth:1
9f4f8b56-67bf-4f77-ad34-ca5871868424,Auth:1
9f4f8b56-67ed-41ec-ae8c-0de058e984b1,Auth:1
9f4f8b56-68c6-4c00-a87d-659cdaa2038e,Auth:1
9f4f8b56-6913-4951-b80f-42bc0ddc13e8,Auth:1
9f4f8b56-6942-47ba-95eb-e4f1c4bade8a,Auth:1
9f4f8b56-6977-4103-bb7a-3808dbf4c03b,Auth:1
9f4f8b56-69a3-4b92-8987-beeb6e02605a,Auth:1
9f4f8b56-6a8c-45f8-8570-091b2f8e2835,Auth:1
9f4f8b56-6ac8-4321-9574-f24b19244825,Auth:1
9f4f8b56-6af2-45c3-a911-df83be28285f,Auth:1
9f4f8b56-6b23-4a22-b896-d7522aaeca76,Auth:1
9f4f8b56-6b50-4974-a8f4-885ad691eaf4,Auth:1
9f4f8b56-6c40-44f3-a6eb-3a76de70ad2d,Auth:1
9f4f8b56-6c7b-4468-b9dd-90af9288f2a1,Auth:1
9f4f8b56-6ca1-4497-b175-85bd302ccd62,Auth:1
9f4f8b56-6cd3-4535-8d31-f1600aa202b3,Auth:1
9f4f8b56-6d00-49ad-9bce-5521192e72f9,Auth:1
9f4f8b56-6d2e-4da2-8aad-083b7458a2f7,Auth:1
9f4f8b56-6d66-49e6-8cef-a41bba745c6e,Auth:1
9f4f8b56-6d9b-4016-be2c-c69490b1dbc0,Auth:1
9f4f8b56-6dc8-4c7c-8997-485f375534fe,Auth:1
9f4f8b56-6dee-4092-9a16-f063f23759f2,Auth:1
9f4f8b56-6e09-4db5-addf-a04a4963c142,Auth:1
9f4f8b56-6e2d-4400-8bb7-1c2f02d2bcd7,Auth:1
9f4f8b56-6e5a-467b-8951-8502ff4bff2b,Auth:1
9f4f8b56-6e83-41a3-b279-7c767f4ced93,Auth:1
9f4f8b56-70d8-4197-ae75-83b06067ac86,Auth:1
9f4f8b56-7118-4119-8bf6-5d542860b716,Auth:1
9f4f8b56-714c-4e48-8270-20c4d27a92c0,Auth:1
9f4f8b56-718b-47f5-8241-4ce3d55e0e56,Auth:1
9f4f8b56-71c4-4ec0-9af3-edc93565dfef,Auth:1
9f4f8b56-7207-49ac-ab6d-ca0976484e7e,Auth:1
9f4f8b56-7285-47ea-8168-528573f2a9ef,Auth:1
9f4f8b56-72bd-4348-9e4d-ce675e9abc6f,Auth:1
9f4f8b56-7302-4fcd-b0f4-c6e0ed483e08,Auth:1
9f4f8b56-7371-4630-8aff-79b7f7f1ba49,Auth:1
9f4f8b56-73f4-44a2-8e7c-449c6dff8438,Auth:1
9f4f8b56-7436-41ab-a563-03a19c08c92e,Auth:1
9f4f8b56-74c4-435d-bed2-35981630cfa6,Auth:1
9f4f8b56-74fe-497d-b8dd-1ace2078bb90,Auth:1
9f4f8b56-7553-478e-80b6-3a678ad7ead5,Auth:1
9f4f8b56-75dd-4ea7-abbd-b908cded2ce9,Auth:1
9f4f8b56-7617-41ab-8620-18396606bd07,Auth:1
9f4f8b56-7659-4b3a-a8cf-1ebc1dd43150,Auth:1
9f4f8b56-76d0-4c53-b9c4-b06ab461cd94,Auth:1
9f4f8b56-7704-4f0a-be52-e16570a4245e,Auth:1
9f4f8b56-7748-4470-842d-ced1b94ac2e1,Auth:1
9f4f8b56-77c9-4128-96c7-89702f44e820,Auth:1
9f4f8b56-7802-4b5e-b7db-69bc33972461,Auth:1
9f4f8b56-7844-4557-9080-22a3b50f2564,Auth:1
9f4f8b56-78ba-4b6b-a5b0-c36620cb79f1,Auth:1
9f4f8b56-7924-4367-9402-1023424b53c7,Auth:1
9f4f8b56-7965-47e4-b679-0f46496e2662,Auth:1
9f4f8b56-79a5-4cfa-94bb-f48ab8cedd5d,Auth:1
9f4f8b56-7a23-4687-b8c0-b2ad616b0621,Auth:1
9f4f8b56-7a55-4011-8427-e5f29a2a2ea6,Auth:1
9f4f8b56-7acd-4318-8d1d-80d2733e1455,Auth:1
9f4f8b56-7afa-4d2d-beed-f4bf5bb55bf2,Auth:1
9f4f8b56-7bc7-421f-9c85-fb638d57c14f,Auth:1
9f4f8b56-7bfa-431b-a643-064ded5f3f06,Auth:1
9f4f8b56-7c2b-4ee7-9a1c-e2aed451a4b1,Auth:1
9f4f8b56-7c61-4369-8291-2196ae40fde4,Auth:1
9f4f8b56-7c8e-4d94-9939-d05c9ec9d6c5,Auth:1
9f4f8b56-7d83-4295-a0d6-96ca227b5a26,Auth:1
9f4f8b56-7dd5-4672-a0ce-25092b210e41,Auth:1
9f4f8b56-7e12-4daa-b3a7-fc9ca9ac0b88,Auth:1
9f4f8b56-7e44-40da-80c1-42b70c26876f,Auth:1
9f4f8b56-7e72-45b6-a71a-6e16f4631987,Auth:1
9f4f8b56-7f6b-4108-9b9c-247e578b5944,Auth:1
9f4f8b56-7fa5-4f6c-9fc0-0f6bde54b813,Auth:1
9f4f8b56-7fcd-4441-960e-735796943210,Auth:1
9f4f8b56-7fff-4ada-92ff-eae00db4ba4d,Auth:1
9f4f8b56-802a-455b-add2-17b6a47ed912,Auth:1
9f4f8b56-8058-4d47-8524-1aea4a51adff,Auth:1
9f4f8b56-8091-419b-8799-fb41d4b2a43d,Auth:1
9f4f8b56-80c7-4f01-8380-d3f1f4ea052d,Auth:1
9f4f8b56-80f2-4fbe-b4c6-a552f97caf23,Auth:1
9f4f8b56-8118-4b7a-88bb-c697982eb17f,Auth:1
9f4f8b56-8133-4215-92fa-314e98a7cc00,Auth:1
9f4f8b56-8157-4666-ac8f-2f76985b9e7e,Auth:1
9f4f8b56-8193-45fb-8336-1f164d11505b,Auth:1
9f4f8b56-81c3-415e-a8a6-6b429ef9d1e6,Auth:1
9f4f8b56-820b-4982-9145-a7e676f25139,Auth:1
9f4f8b56-8392-4d41-b012-0942eec8deff,Auth:1
9f4f8b56-8534-45ac-8cc6-f6ad4327b411,Auth:1
9f4f8b56-8a8c-4272-87b6-0ebff5202e21,Auth:1
9f4f8b56-8b21-49e2-9ca6-21e17795fa8f,Auth:1
9f4f8b56-8b4e-484a-bb30-dab37e92cc82,Auth:1
9f4f8b56-8b78-4faf-9bf5-20a2b9c1065c,Auth:1
9f4f8b56-8ba3-40b9-9f33-7e68f68ba719,Auth:1
9f4f8b56-8c14-48ca-8e78-9200f960a460,Auth:1
9f4f8b56-8c36-4386-8b40-88a50b25d9d3,Auth:1
9f4f8b56-8c69-4f75-93c3-13b52f31b170,Auth:1
9f4f8b56-8c91-4238-816a-90db1a6a706b,Auth:1
9f4f8b56-8cbc-4436-901f-e4d91ca0807e,Auth:1
9f4f8b56-8ce4-4ac7-a034-33a5807fbf3e,Auth:1
9f4f8b56-8d2b-4a6d-8145-61c01c4a4723,Auth:1
9f4f8b56-8eb0-4bbf-a633-fecff30ef824,Auth:1
9f4f8b56-8ef7-4e85-9108-9f59807ff63b,Auth:1
9f4f8b56-903b-4eb5-9530-80438308c55d,Auth:1
9f4f8b56-908a-40b1-a9a4-157eb6090770,Auth:1
9f4f8b56-90e7-4010-872d-cdf4a443e52e,Auth:1
9f4f8b56-914a-4765-b5fb-c9478f836b3a,Auth:1
9f4f8b56-918d-410c-9c08-045910262442,Auth:1
9f4f8b56-91d5-46c3-b74a-3241bcf91ca1,Auth:1
9f4f8b56-921e-4f36-83ec-a5d9e96dcbbd,Auth:1
9f4f8b56-9257-43aa-b4d2-6ad89ef8da84,Auth:1
9f4f8b56-92de-4f15-a26f-a4718fec28ae,Auth:1
9f4f8b56-933c-4123-8ea8-6029c7eee187,Auth:1
9f4f8b56-93bf-41ab-b151-9035ef403e09,Auth:1
9f4f8b56-9461-485a-b9bc-759bfb8760a7,Auth:1
9f4f8b56-9484-456c-86c9-568196a0622d,Auth:1
9f4f8b56-94a4-44cd-bb9f-ec6d62e0692d,Auth:1
9f4f8b56-9525-4af1-a842-4c9615f9585e,Auth:1
9f4f8b56-9541-4440-951f-3db28fff2587,Auth:1
9f4f8b56-9561-4924-9ff4-b1fc8258eb4a,Auth:1
9f4f8b56-95e0-4171-980c-2bf5211f2329,Auth:1
9f4f8b56-95fc-4300-b2e5-3974fb923098,Auth:1
9f4f8b56-961d-4e44-844e-db8f906b3d54,Auth:1
9f4f8b56-9681-4f06-b70f-b801c8d7e747,Auth:1
9f4f8b56-96ad-4306-937a-6839d16fa1cd,Auth:1
9f4f8b56-9aa9-4f9f-b91b-a903db22570f,Auth:1
9f4f8b56-9ad6-4ef2-89de-3b4df616ecde,Auth:1
9f4f8b56-9c60-41f9-bf5a-16aa4a8d7ba5,Auth:1
9f4f8b56-9d0e-42bc-9763-d4268fa647a1,Auth:1
9f4f8b56-9d42-4a9c-a477-29af7f93ec9d,Auth:1
9f4f8b56-9d70-439f-a734-501195a613ef,Auth:1
9f4f8b56-9da2-42b2-b24a-94f778170b81,Auth:1
9f4f8b56-9dd1-445b-bbef-f80204fa7fe6,Auth:1
9f4f8b56-9e9d-4274-ab2c-c7aa9830f484,Auth:1
9f4f8b56-9f3a-4bde-a14c-61faee5472d1,Auth:1
9f4f8b56-9f74-47c7-be3a-2fc6332d5442,Auth:1
9f4f8b56-9fc1-44d2-927d-7cb5d3fce888,Auth:1
9f4f8b56-9fef-4a33-8be8-cf3c406fd24a,Auth:1
9f4f8b56-a035-4317-a5ab-fea41f6b39e3,Auth:1
9f4f8b56-a072-499f-9ef2-635e75545133,Auth:1
9f4f8b56-a0a2-4950-87fb-53e2f26848b5,Auth:1
9f4f8b56-a0ce-4033-96cc-406d4888570f,Auth:1
9f4f8b56-a0f8-497a-aed7-5fcd88378d44,Auth:1
9f4f8b56-a122-4e8e-85ef-fcab1cd40df9,Auth:1
9f4f8b56-a149-4863-aade-e826d1b0824d,Auth:1
9f4f8b56-a17b-4bb6-8117-9bc8d16d67f7,Auth:1
9f4f8b56-a1ad-4563-8b45-7467cb86ff90,Auth:1
9f4f8b56-a1d5-4e69-b18f-43b9f5a7115d,Auth:1
9f4f8b56-a1f4-454a-81b0-086bce9df484,Auth:1
9f4f8b56-a226-4484-9e81-3abc87105547,Auth:1
9f4f8b56-a384-40b3-938b-dfde3eda29ee,Auth:1
9f4f8b56-a3c2-48e2-ae6a-a478aa10e84d,Auth:1
9f4f8b56-a459-43c3-be23-27248a5eee4f,Auth:1
9f4f8b56-a4bf-49bf-a14d-488a88f9c762,Auth:1
9f4f8b56-a4e9-4923-8487-4b3b7d524346,Auth:1
9f4f8b56-a509-4a55-b75d-37ef28dcd3c6,Auth:1
9f4f8b56-a53f-492e-9588-f874fe5b9cf0,Auth:1
9f4f8b56-a561-4d4f-8ed4-9e237483e4be,Auth:1
9f4f8b56-a591-4d87-ae44-7bec459d75b2,Auth:1
9f4f8b56-a5ba-41ff-999a-f4db0ac0726b,Auth:1
9f4f8b56-a5db-4d6c-ba89-6a2ba87a4a55,Auth:1
9f4f8b56-a603-4480-bcbc-7435da28cd9a,Auth:1
9f4f8b56-a626-4a85-95bd-2b4369b22ad4,Auth:1
9f4f8b56-a660-401d-a2d2-8c8e654dbd2a,Auth:1
9f4f8b56-a683-4822-8dd6-4e16bb25eec6,Auth:1
9f4f8b56-a6b6-4d97-a890-46fca228382b,Auth:1
9f4f8b56-a6dc-46ff-b0e6-07eed9407261,Auth:1
9f4f8b56-a6fc-4ddb-92c1-72169eb9b07b,Auth:1
9f4f8b56-a723-47bd-9633-1499144ba9ef,Auth:1
9f4f8b56-a744-4585-ba82-6dd95c9abe60,Auth:1
9f4f8b56-a76b-4e63-8380-d793c8d25c06,Auth:1
9f4f8b56-a78e-49a9-bd7b-7eaeaf79b4b1,Auth:1
9f4f8b56-a7db-4f53-b5f1-e40b296e1db0,Auth:1
9f4f8b56-a7fb-4ca8-a7ea-947611ec6430,Auth:1
9f4f8b56-a830-46b1-9be5-9e8fc48fa8c1,Auth:1
9f4f8b56-a856-495b-856d-3ff742db79c7,Auth:1
9f4f8b56-a879-4451-8213-87935aee80ad,Auth:1
9f4f8b56-a8a0-4cd0-9c73-dc03d3e8dd3d,Auth:1
9f4f8b56-a8c3-4941-95eb-cb58d1e6de14,Auth:1
9f4f8b56-a8eb-4571-b49d-8287d5029340,Auth:1
9f4f8b56-a90d-4720-9495-225fbda7a164,Auth:1
9f4f8b56-a936-4124-9d97-5a34968defce,Auth:1
9f4f8b56-a95f-4613-9133-14692b248c9a,Auth:1
9f4f8b56-a986-4f17-9a9c-2e7764471017,Auth:1
9f4f8b56-a9a7-454a-86a2-a3a5e4d22490,Auth:1
9f4f8b56-a9d5-49e6-b8b6-a1b4e0f1dda5,Auth:1
9f4f8b56-a9f5-4fa6-8f3b-2c3536a66306,Auth:1
9f4f8b56-aa23-4f0a-8021-bb6e06ec6309,Auth:1
9f4f8b56-aa49-45fc-8ddf-0654eafcfa44,Auth:1
9f4f8b56-aa6d-4a15-a43c-6a21a647adfa,Auth:1
9f4f8b56-aaad-4e59-9671-5fb834a0d633,Auth:1
9f4f8b56-aace-470a-9cee-94bebb1c0f20,Auth:1
9f4f8b56-ab00-493d-8747-ed247593ccec,Auth:1
9f4f8b56-ab24-424d-8c05-64bc3cf5a170,Auth:1
9f4f8b56-ab45-4495-b559-b018d973a0ca,Auth:1
9f4f8b56-ab6a-4540-9aac-ddde880af829,Auth:1
9f4f8b56-ab8e-487c-92c2-2f0fa9a61d40,Auth:1
9f4f8b56-abbd-4ade-886f-70486c2c087d,Auth:1
9f4f8b56-abdd-46e1-aeed-a25f582b0eaa,Auth:1
9f4f8b56-ac2f-4e8f-a315-cd301e847eb5,Auth:1
9f4f8b56-ac5c-4580-a4f5-0464237c7e70,Auth:1
9f4f8b56-aceb-4a2f-9f1f-6e402d3af576,Auth:1
9f4f8b56-ad0f-4d56-9035-148bee069726,Auth:1
9f4f8b56-ad84-4cc7-8d12-f74a4593ca34,Auth:1
9f4f8b56-ae63-457f-86e6-f7e4a09140f9,Auth:1
9f4f8b57-3f40-409d-bf2e-85a9828d2f36,Spatie\Multitenancy\Models\Tenant
9f4f8b57-3f40-4c63-9bf5-4e59c72c80df,Spatie\Multitenancy\Models\Tenant
9f4f8b57-3f76-4099-b38f-63199177fadf,Spatie\Multitenancy\Models\Tenant:4
9f4f8b57-3f76-4c9a-a6bf-f549ebad23ed,Spatie\Multitenancy\Models\Tenant:4
9f4f8b57-3fa9-42cc-a41f-f6c391ea9ddc,Spatie\Multitenancy\Models\Tenant:4
9f4f8b57-3fa9-43c1-8a37-234fa4ff2683,Spatie\Multitenancy\Models\Tenant:4
9f4f8b57-4245-4d99-b6f3-342adf14f85e,Spatie\Multitenancy\Models\Tenant
9f4f8b57-4268-4dba-b688-ca5f27e6db5c,Spatie\Multitenancy\Models\Tenant:4
9f4f8b57-428a-4641-85da-8cdbc1c0b654,Spatie\Multitenancy\Models\Tenant:4
9f4f8b57-4938-42ab-926d-901b869a8f8f,App\Models\User
9f4f8b57-4956-4004-a662-30df2f5627cd,App\Models\User
9f4f8b57-497f-4bd8-bc16-c919b35caf8a,Auth:1
9f4f8b57-499c-49c3-98e8-fe5ee6b630ed,Auth:1
9f4f8b57-49a1-465a-9fee-40b573dc6b31,Auth:1
9f4f8b57-49bb-474b-8d7e-5d9ce10de3ce,Auth:1
9f4f8b57-4a40-4b2c-a3f7-05dbe998c84e,Auth:1
9f4f8b57-4a56-4258-873d-b4759d71f78f,Auth:1
9f4f8b57-4a5c-4d3e-b43d-e564dbd2e69a,Auth:1
9f4f8b57-4a70-4f55-815e-1abfb5751fa0,Auth:1
9f4f8b57-4c9b-4a29-8caa-e1b4d92ae022,Auth:1
9f4f8b57-4cca-4b86-b08e-2db4928f4fd2,App\Models\Order
9f4f8b57-4cca-4b86-b08e-2db4928f4fd2,Auth:1
9f4f8b57-4d05-4126-ac81-9b936bec4bc2,App\Models\User
9f4f8b57-4d45-4302-a9f0-3dabb512b073,Auth:1
9f4f8b57-4d53-47c7-8ec4-c160133c8dae,Auth:1
9f4f8b57-4d72-4067-8908-363af45e8c06,App\Models\Order
9f4f8b57-4d72-4067-8908-363af45e8c06,Auth:1
9f4f8b57-4d83-4aa3-a310-7570fffe29ce,Auth:1
9f4f8b57-4e1b-4d73-887d-1e12645b1fe0,Auth:1
9f4f8b57-4e35-4b6f-82e1-e3b09c3fd4a8,Auth:1
9f4f8b57-4f3a-48a4-b372-a3490f544d23,Auth:1
9f4f8b57-505b-4539-a737-4c9f3c56c74f,Auth:1
9f4f8b57-5088-4f54-8787-45cb8af70ec0,App\Models\Order
9f4f8b57-5088-4f54-8787-45cb8af70ec0,Auth:1
9f4f8b57-5156-40c2-9235-3118c07564ce,Auth:1
9f4f8b57-51c1-42cc-9335-5300ea2a0338,Auth:1
9f4f8b57-51c1-45ce-a7c4-6598682c60eb,Auth:1
9f4f8b57-51f2-4d0b-b296-9202c362e7ed,Auth:1
9f4f8b57-51f2-4db2-8f74-5646c2a0c60c,Auth:1
9f4f8b57-526e-4aa3-9cef-1a86e40126ed,Auth:1
9f4f8b57-528b-433f-b10e-aa977d7ff552,Auth:1
9f4f8b57-5298-44ae-8e46-3f5d838d085c,Auth:1
9f4f8b57-52b6-4264-b345-de40b784fa4b,Auth:1
9f4f8b57-535f-4913-a0d8-6ee9b38c0377,Auth:1
9f4f8b57-5387-4d8d-b598-6b44fabc92cc,Auth:1
9f4f8b57-543d-4e4c-921a-40b2458a1412,Auth:1
9f4f8b57-54e5-4da8-9d31-243817aa134b,Auth:1
9f4f8b57-5535-4b26-b6ac-4e074a0c0d4a,Auth:1
9f4f8b57-5577-4db2-a733-2806c91afc3e,Auth:1
9f4f8b57-55c2-44a4-b82d-be542eab513f,Auth:1
9f4f8b57-5785-42fa-8187-ee8c918b506a,Auth:1
9f4f8b57-7f9a-4542-8d29-1edfff39450d,Spatie\Multitenancy\Models\Tenant
9f4f8b57-7fc0-40c8-b902-c51dbc015a85,Spatie\Multitenancy\Models\Tenant:4
9f4f8b57-7fe6-4e13-9568-34779141ebd6,Spatie\Multitenancy\Models\Tenant:4
9f4f8b57-82b2-47da-988c-41d52908a47d,App\Models\User
9f4f8b57-82fb-4f7f-9319-389edb36f51c,Auth:1
9f4f8b57-8319-48b8-895c-6f0e15f4b743,Auth:1
9f4f8b57-8407-4546-a6ec-1909e3ada692,Auth:1
9f4f8b57-8420-49dc-a1d7-e78d95305cf0,Auth:1
9f4f8b57-8600-43db-b877-721e7e267392,Auth:1
9f4f8b57-861c-4397-b427-3de7883a5e2e,App\Models\Order
9f4f8b57-861c-4397-b427-3de7883a5e2e,Auth:1
9f4f8b57-871e-478b-8911-909758b0c21d,Auth:1
9f4f8b57-8791-4908-99e0-0a5dfebe9e45,Auth:1
9f4f8b57-87d5-49b0-b9cd-b44f4ca71584,Auth:1
9f4f8b57-8810-4a32-823b-c2d82057d04a,Auth:1
9f4f8b57-883e-4595-9d05-a220394c3c2e,Auth:1
9f4f8b57-8977-41e5-b7df-edc98d962209,Auth:1
9f4f8b61-7e4a-4aef-a59d-e189148e21a4,Spatie\Multitenancy\Models\Tenant
9f4f8b61-7e6f-465c-b1e6-24211e829951,Spatie\Multitenancy\Models\Tenant:4
9f4f8b61-7e94-4745-9b4c-7fdbfb79826d,Spatie\Multitenancy\Models\Tenant:4
9f4f8b61-8108-47e5-8fd8-bbb55ce11483,App\Models\User
9f4f8b61-8147-4fbe-a9ed-708b7bfa90ae,Auth:1
9f4f8b61-8168-418b-900d-98c00b71fb86,Auth:1
9f4f8b61-836f-4b54-9536-5289a8973782,Auth:1
9f4f8b61-838d-4bd0-b782-820c55ef97f1,App\Models\Order
9f4f8b61-838d-4bd0-b782-820c55ef97f1,Auth:1
9f4f8b61-856f-43bd-87f5-bb601ecfcfa9,Auth:1
9f4f8b61-8605-458b-b58f-7beef2a955a4,Auth:1
9f4f8b61-8635-46be-b6d6-d86f4f00d021,Auth:1
9f4f8b61-8661-46dd-8e2f-03705c69f5f3,Auth:1
9f4f8b61-868d-4bb2-8f36-8d897148cd2c,Auth:1
9f4f8b61-8721-426c-9981-6783071327f8,Auth:1
9f4f8b61-873a-4f00-87c3-be39d0c00300,Auth:1
9f4f8b61-890b-460e-907e-be973cfcb924,Auth:1
9f4f8b61-89eb-4708-933a-0d812e1f96f5,Auth:1
9f4f8b61-8a12-4f5f-b771-fe3cb9073c06,Auth:1
9f4f8b61-8a34-4f98-af22-60f5a2fa96a9,Auth:1
9f4f8b61-8a53-4ba9-931a-361b1370fe77,Auth:1
9f4f8b61-8a75-4e7e-b234-55662ae8df31,Auth:1
9f4f8b61-8b30-4ed1-a8ca-4340f68e0a76,Auth:1
9f4f8b69-39b2-403c-acef-4bcc3d5ea3f7,Spatie\Multitenancy\Models\Tenant
9f4f8b69-39d8-4b27-a82f-600c0d174b9f,Spatie\Multitenancy\Models\Tenant:4
9f4f8b69-39fb-486a-98d8-9386191d8421,Spatie\Multitenancy\Models\Tenant:4
9f4f8b69-3c7a-43d7-8b57-567fae5bcbf1,App\Models\User
9f4f8b69-3cbd-4fc7-9f5b-2411486a4616,Auth:1
9f4f8b69-3cdb-41f8-a2c4-c313b9dc44ee,Auth:1
9f4f8b69-3ee6-48c9-9b18-571d92ee0427,Auth:1
9f4f8b69-3f03-47d1-87d7-3ceee245a995,App\Models\Order
9f4f8b69-3f03-47d1-87d7-3ceee245a995,Auth:1
9f4f8b69-4116-49c6-bf24-ceab731aed2f,Auth:1
9f4f8b69-4156-43a1-ba29-6da93f6e4f75,Auth:1
9f4f8b69-4182-46d7-8318-85d4112609d2,Auth:1
9f4f8b69-41a2-4db9-b745-6e0a8790ee9d,Auth:1
9f4f8b69-41ca-407d-96df-93c7e7789ce6,Auth:1
9f4f8b69-4281-4e92-8d0f-95ad8533a8cb,Auth:1
9f4f8b80-0808-46d3-a86f-9d65dc7b061a,Spatie\Multitenancy\Models\Tenant
9f4f8b80-083b-4306-b87d-58b8897b0de1,Spatie\Multitenancy\Models\Tenant:4
9f4f8b80-086c-49ce-9bf7-d83ae5922b22,Spatie\Multitenancy\Models\Tenant:4
9f4f8b80-0b8c-4137-9a29-53849927feaa,App\Models\User
9f4f8b80-0bcd-4b98-989d-02a5d307adeb,Auth:1
9f4f8b80-0beb-48b1-b090-d69c7e15d3c8,Auth:1
9f4f8b80-0ebf-4afc-8e79-9ff4c04754db,Auth:1
9f4f8b80-0eda-4b17-b8a9-437a4f9b51c6,App\Models\Order
9f4f8b80-0eda-4b17-b8a9-437a4f9b51c6,Auth:1
9f4f8b80-10f8-4eec-922a-c58df58f8b63,Auth:1
9f4f8b80-1143-4b9b-ad0c-30b39a67e3dc,Auth:1
9f4f8b80-1171-442c-aad8-63cbbf1b1308,Auth:1
9f4f8b80-1191-40c9-a041-276cc7b6afbc,Auth:1
9f4f8b80-11b9-4558-90e2-5488238d1483,Auth:1
9f4f8b80-126f-4464-8c7c-d4db050f37d8,Auth:1
9f4f8b96-f308-486e-94f9-2b6fe7abd22d,Spatie\Multitenancy\Models\Tenant
9f4f8b96-f331-42eb-bf28-088b5b3f3589,Spatie\Multitenancy\Models\Tenant:4
9f4f8b96-f353-40d8-ab99-f379d7ae3850,Spatie\Multitenancy\Models\Tenant:4
9f4f8b96-f664-4947-8807-934a7de45b33,App\Models\User
9f4f8b96-f6a6-442f-82b0-a8aada32405d,Auth:1
9f4f8b96-f6c2-487c-817e-b475e4104b0a,Auth:1
9f4f8b96-f8ec-4760-819d-2dda7565e90c,Auth:1
9f4f8b96-f90b-474a-83ce-65b10fb688c9,App\Models\Order
9f4f8b96-f90b-474a-83ce-65b10fb688c9,Auth:1
9f4f8b96-fb6b-465c-a9f8-d332b5defd7e,Auth:1
9f4f8b96-fbb1-4fe0-8967-d170ab37de64,Auth:1
9f4f8b96-fbe4-48e3-8d64-d555df0e6eed,Auth:1
9f4f8b96-fc0f-4c47-b964-595ed4137376,Auth:1
9f4f8b96-fc3a-40be-9c55-5616c2fa1373,Auth:1
9f4f8b96-fd13-4ea6-a63e-8a4eba99b7a8,Auth:1
9f4f8bad-db58-4a29-b861-afb7b9845794,Spatie\Multitenancy\Models\Tenant
9f4f8bad-db82-4bc5-b85b-0ec2f594577c,Spatie\Multitenancy\Models\Tenant:4
9f4f8bad-dba9-482c-bd37-5317fa00130e,Spatie\Multitenancy\Models\Tenant:4
9f4f8bad-de67-4f2b-be75-3f0c323dcd34,App\Models\User
9f4f8bad-deae-4171-a807-1b9f302639c5,Auth:1
9f4f8bad-decb-4050-852c-6cbfc2a35794,Auth:1
9f4f8bad-e0e2-4d79-b884-0768a6f7f9ce,Auth:1
9f4f8bad-e0ff-4cdc-8e58-e4910b015721,App\Models\Order
9f4f8bad-e0ff-4cdc-8e58-e4910b015721,Auth:1
9f4f8bad-e325-4555-b1b5-c9da933aff66,Auth:1
9f4f8bad-e36b-41fb-a18f-0b6aa2b14296,Auth:1
9f4f8bad-e39b-42d2-a4db-a87a2c0a1b56,Auth:1
9f4f8bad-e3bd-4b93-9247-ed3a9b29b3a4,Auth:1
9f4f8bad-e3ea-4a35-9e03-744747cc8e46,Auth:1
9f4f8bad-e4b0-4a6c-bfd2-d13686c4207d,Auth:1
9f4f8bb5-7b86-4654-8404-d12511d5d862,Spatie\Multitenancy\Models\Tenant
9f4f8bb5-7baf-473f-9c7a-c821e154ec13,Spatie\Multitenancy\Models\Tenant:4
9f4f8bb5-7bd5-42d3-8d60-6b8cd096f16e,Spatie\Multitenancy\Models\Tenant:4
9f4f8bb5-7e69-4853-87ce-2557335ab9f0,App\Models\User
9f4f8bb5-7eb5-4f4f-8d3f-a099c2c8aafa,Auth:1
9f4f8bb5-7ed3-410c-83a0-6c1ee7bde6de,Auth:1
9f4f8bb5-80e2-4293-8a45-cf86b52307c6,Auth:1
9f4f8bb5-8101-4092-ad4b-8ddb44ba7244,App\Models\Order
9f4f8bb5-8101-4092-ad4b-8ddb44ba7244,Auth:1
9f4f8bb5-8378-4fa2-9bb0-57dc3d4e9a7e,Auth:1
9f4f8bb5-83ba-4076-9c34-a5c8043c0942,Auth:1
9f4f8bb5-83eb-4dc7-ab53-3956170075e1,Auth:1
9f4f8bb5-840b-460c-9a17-0ad4e83e9a75,Auth:1
9f4f8bb5-8433-4460-b2fe-8d10ecf80459,Auth:1
9f4f8bb5-84f0-4923-ab79-baa1b112f60b,Auth:1
9f4f8e64-1b1c-4018-9446-da9825d44007,Spatie\Multitenancy\Models\Tenant
9f4f8e64-1b47-4bb3-b435-46941f965a99,Spatie\Multitenancy\Models\Tenant:4
9f4f8e64-1b6b-49ee-8a04-ddff1452d669,Spatie\Multitenancy\Models\Tenant:4
9f4f8e64-1f7a-46b1-9908-c05ddc40e411,App\Models\User
9f4f8e64-1fc7-4acc-985b-c140751fcf12,Auth:1
9f4f8e64-1fe7-4faa-8bd6-81cb5852d9b4,Auth:1
9f4f8e64-222b-4d13-9d84-7a3846237d9c,Auth:1
9f4f8e64-2263-4b89-b03f-78f5ac0f656b,App\Models\Order
9f4f8e64-2263-4b89-b03f-78f5ac0f656b,Auth:1
9f4f8e64-24f9-46cc-b2d2-d3f1a2e204b5,Auth:1
9f4f8e64-2565-4d7a-9672-5bde5275f006,Auth:1
9f4f8e64-25ac-4dbc-b3d9-6c50fe81985b,Auth:1
9f4f8e64-25e0-4a1a-a62c-4f5b5ee7b725,Auth:1
9f4f8e64-2625-4f98-90f7-b0ef6fe79440,Auth:1
9f4f8e64-272f-45b5-ab68-a13d3488f0fc,Auth:1
9f4f8e64-2756-41dc-968f-f9a9a6a18c81,Auth:1
9f4f8e64-2993-4fb0-8219-cd7a48b93507,Auth:1
9f4f8e64-2d9f-464c-b1dc-10b24abc6cbf,Auth:1
9f4f8e64-2de7-43a7-bcd5-85e01e1b8603,Auth:1
9f4f8e64-2e1b-45d7-9bff-0fdb692380ba,Auth:1
9f4f8e64-2e49-4b5d-831e-49c038732b72,Auth:1
9f4f8e64-2e6c-4f1a-be17-e745966d278d,Auth:1
9f4f8e64-2f0f-4c12-9c9f-4a08965fa213,Auth:1
9f4f8e64-2f2b-42ce-85b9-71d8844280b9,Auth:1
9f4f8e64-3128-4d09-8566-0f972392ad5e,Auth:1
9f4f8e64-3326-4de6-aaa5-ee09a8fbe8d0,Auth:1
9f4f8e64-334d-417f-99cf-46323323f2e7,Auth:1
9f4f8e64-3373-4c4d-bf40-97447db22d19,Auth:1
9f4f8e64-3390-4d3d-81a1-3942fc76a2bc,Auth:1
9f4f8e64-33b3-4ad6-949e-9d03f11ca61e,Auth:1
9f4f8e64-3445-48dd-8d6a-63af8c7eb78a,Auth:1
9f4f8e64-345d-40aa-93b9-5028ce0f163e,Auth:1
9f4f8e64-360f-4338-8ad8-f12520bd3e06,Auth:1
9f4f8e64-36f1-44bb-aab9-597fa2a1dba2,Auth:1
9f4f8e64-3717-4ec1-96fc-a71e644db95e,Auth:1
9f4f8e64-373d-4caf-86b7-38d46a3a3a93,Auth:1
9f4f8e64-375c-4b1a-a38d-e85f656068ba,Auth:1
9f4f8e64-377e-4533-8eeb-bebcc2edd3f3,Auth:1
9f4f8e64-3865-4b9f-9679-d8332177a82c,Auth:1
9f4f8e69-6892-4e33-9aca-17c349b6bfd1,Spatie\Multitenancy\Models\Tenant
9f4f8e69-68ba-4480-ac72-8d798c47fe57,Spatie\Multitenancy\Models\Tenant:4
9f4f8e69-68f0-45cf-8ac3-96426eabf689,Spatie\Multitenancy\Models\Tenant:4
9f4f8e69-6c66-4205-a399-dbe239d03234,App\Models\User
9f4f8e69-6cd6-449a-9c7b-a6593a32cbac,Auth:1
9f4f8e69-6cfa-473c-bb58-35de7bd197db,Auth:1
9f4f8e69-6f5f-4d1f-b1b7-514399645c2f,Auth:1
9f4f8e69-6f8b-4485-9cdc-594ad2e92542,App\Models\Order
9f4f8e69-6f8b-4485-9cdc-594ad2e92542,Auth:1
9f4f8e69-7106-41ef-8bcd-7e6411f6f9ed,Auth:1
9f4f8e69-7158-453f-9441-d213da903695,Auth:1
9f4f8e69-718b-4c97-bfd2-44047bd334e3,Auth:1
9f4f8e69-71ad-4cb9-bf5b-04f75f3320eb,Auth:1
9f4f8e69-71d8-422a-996b-d957f00f9473,Auth:1
9f4f8e69-728f-4698-bbc4-391e35bbab44,Auth:1
9f4f8e69-72ab-4d3a-9aca-2fefd0ccfd66,Auth:1
9f4f8e69-74b8-4b53-a708-ab8ed6d5364f,Auth:1
9f4f8e69-76f8-472a-821f-d2b568668db6,Auth:1
9f4f8e69-7729-4229-89aa-2039d15f7c23,Auth:1
9f4f8e69-774f-47f5-9625-acf572c843ff,Auth:1
9f4f8e69-776e-410a-bcdb-88e54daf72ec,Auth:1
9f4f8e69-7790-43b4-9362-ddbeb75a53aa,Auth:1
9f4f8e69-783d-488b-b77c-b6b4b5d9a18d,Auth:1
9f4f8e69-7856-4c9c-94f3-e0ae8f6f41a9,Auth:1
9f4f8e69-7a69-452e-8678-d005f50d67d9,Auth:1
9f4f8e69-7ce9-46f6-886f-c2faea29653b,Auth:1
9f4f8e69-7d28-4b63-bafc-fff91ab13ea3,Auth:1
9f4f8e69-7d58-40e6-8b18-593cddf77935,Auth:1
9f4f8e69-7d79-4650-a859-23d16e34e5f8,Auth:1
9f4f8e69-7d9b-4bb3-bb86-ce7b0b14871c,Auth:1
9f4f8e69-7e46-482b-9b74-5c3451d43fd5,Auth:1
9f4f8e69-7e5e-46b7-b0a6-89515c5d8b90,Auth:1
9f4f8e69-8045-459a-aff9-c48e98f677dd,Auth:1
9f4f8e69-8176-4993-9559-5dc54a79d964,Auth:1
9f4f8e69-81a8-4388-81b6-417112ca9fa9,Auth:1
9f4f8e69-81d5-4219-a20f-33d7d281a9d6,Auth:1
9f4f8e69-81fc-4d27-98d4-78e155e90c4a,Auth:1
9f4f8e69-8233-4816-af8b-f51784c6b547,Auth:1
9f4f8e69-8383-48c3-8fc4-9bbc89262f61,Auth:1
9f4f8e71-4e47-463d-b33f-66641eced2e0,Spatie\Multitenancy\Models\Tenant
9f4f8e71-4e79-4638-ba32-31ded5af7e01,Spatie\Multitenancy\Models\Tenant:4
9f4f8e71-4ea4-406e-84c7-1c111e7f8900,Spatie\Multitenancy\Models\Tenant:4
9f4f8e71-51f7-4def-aad2-0ee9a55c1a82,App\Models\User
9f4f8e71-5243-4eb5-ba1a-09d7d60f9d92,Auth:1
9f4f8e71-5262-4cc7-aa1c-0555e6399dc9,Auth:1
9f4f8e71-5492-4784-82f6-f59c037543b2,Auth:1
9f4f8e71-54b4-4454-939c-8c96e92a2e6f,App\Models\Order
9f4f8e71-54b4-4454-939c-8c96e92a2e6f,Auth:1
9f4f8e71-5642-4aa4-9523-7f64e4cc312c,Auth:1
9f4f8e71-568f-450a-99d6-e3766f996b1f,Auth:1
9f4f8e71-56c3-4ce6-a154-09d0eb3e56ea,Auth:1
9f4f8e71-56eb-4a12-b820-bb31343bb934,Auth:1
9f4f8e71-5717-406d-bc33-1021a25d77dc,Auth:1
9f4f8e71-57c6-43d0-8218-c5d5affa751e,Auth:1
9f4f8e71-57df-42e3-abb0-f565b7eb3207,Auth:1
9f4f8e71-5a09-4bef-8c81-28a0a453222b,Auth:1
9f4f8e71-5cc9-4781-9689-f27837b0b2c2,Auth:1
9f4f8e71-5d0c-4786-925d-cd4af16355e3,Auth:1
9f4f8e71-5d37-4bb2-904f-caa334a6bd33,Auth:1
9f4f8e71-5d5f-4796-89f6-c093236afeb8,Auth:1
9f4f8e71-5d89-43a4-b2f9-4db45ac0d1c7,Auth:1
9f4f8e71-5e42-4296-8b6d-90b969b6bd88,Auth:1
9f4f8e71-5e5f-49ac-b5fa-451de12568bc,Auth:1
9f4f8e71-606a-4ae7-adc5-5495c905d4cc,Auth:1
9f4f8e71-6266-433c-83b9-bd6b367f8e45,Auth:1
9f4f8e71-6293-439f-87af-9eee37808f05,Auth:1
9f4f8e71-62b9-49b5-b0de-244b35413ed5,Auth:1
9f4f8e71-62d7-4309-9f25-b6e7c42e9271,Auth:1
9f4f8e71-62fc-4282-9423-be1f565baa07,Auth:1
9f4f8e71-63a7-4101-ba0f-4d46e48e9941,Auth:1
9f4f8e71-63c2-4a8b-8343-90ea28bf0bfb,Auth:1
9f4f8e71-65a7-4da6-9386-c6216fff77bf,Auth:1
9f4f8e71-6692-479f-832d-43500360d188,Auth:1
9f4f8e71-66be-4210-a98c-f4d40e0325f3,Auth:1
9f4f8e71-66e1-4726-a89c-ddf044f64c11,Auth:1
9f4f8e71-66ff-498b-8bf9-23db000d5ca1,Auth:1
9f4f8e71-6724-4e67-869e-3aac709f1071,Auth:1
9f4f8e71-680e-4613-9df3-175f7895c143,Auth:1
9f4f8e78-deab-4224-8b5d-d2a9df578790,Spatie\Multitenancy\Models\Tenant
9f4f8e78-deda-4dbb-b83e-c2dd2d4c3030,Spatie\Multitenancy\Models\Tenant:4
9f4f8e78-df01-4c66-a7ab-560b282d72ec,Spatie\Multitenancy\Models\Tenant:4
9f4f8e78-e1ed-49fc-a64d-49676475de48,App\Models\User
9f4f8e78-e23f-43fc-bad0-d2e5b4810bba,Auth:1
9f4f8e78-e25f-4aca-85bd-970d3a0b5e23,Auth:1
9f4f8e78-e48e-4fa9-913f-59ddbdcee4fe,Auth:1
9f4f8e78-e4ab-4806-af32-dcb372d9adde,App\Models\Order
9f4f8e78-e4ab-4806-af32-dcb372d9adde,Auth:1
9f4f8e78-e634-4f0e-910d-f95b928ec3ff,Auth:1
9f4f8e78-e683-49f7-bced-d44d50d546d2,Auth:1
9f4f8e78-e6b0-4fdc-9714-532255ceef9c,Auth:1
9f4f8e78-e6db-4ad0-951d-af3dc3c6ed22,Auth:1
9f4f8e78-e709-4e6e-bfb5-4dab4a00f03b,Auth:1
9f4f8e78-e7b2-4753-a612-90ae4dba67ef,Auth:1
9f4f8e78-e7cb-41ec-a58e-fd2a3fabe807,Auth:1
9f4f8e78-ea2d-4902-955b-e472d3eaa421,Auth:1
9f4f8e78-eca7-42ae-a442-b5d93f78af1b,Auth:1
9f4f8e78-ecd7-4aef-b468-12b79c442f1e,Auth:1
9f4f8e78-ecfd-4683-a997-afca4972966a,Auth:1
9f4f8e78-ed1d-416f-b40c-5ed99a7144e1,Auth:1
9f4f8e78-ed4b-40bf-b7d9-7846f16fe5ce,Auth:1
9f4f8e78-ede9-4266-b90f-8f7d84e6b14c,Auth:1
9f4f8e78-ee0b-4790-8e64-c035e23fcb66,Auth:1
9f4f8e78-f06d-46eb-b98f-e04c2bc9ecef,Auth:1
9f4f8e78-f258-478f-84b9-d92f5daa955a,Auth:1
9f4f8e78-f284-43e8-ae7f-d97fb75c6d71,Auth:1
9f4f8e78-f2aa-48d8-bc6c-fa7acbab30a4,Auth:1
9f4f8e78-f2c6-4b61-95ff-217cb7df2d4a,Auth:1
9f4f8e78-f2e9-44be-b291-a21b4ab6cbb8,Auth:1
9f4f8e78-f389-47d3-a7b0-282d58291259,Auth:1
9f4f8e78-f3a7-4ce3-8aba-d5fb633f13dd,Auth:1
9f4f8e78-f576-4d9c-b06f-7230629769be,Auth:1
9f4f8e78-f64f-4783-9542-b3ded667ab4f,Auth:1
9f4f8e78-f675-441d-b584-88e0963b93f8,Auth:1
9f4f8e78-f698-4ff4-bb13-1191f7b3b037,Auth:1
9f4f8e78-f6b4-425b-8e81-49bb0f0603ac,Auth:1
9f4f8e78-f6d8-4cf5-af2b-94b7a7f4be12,Auth:1
9f4f8e78-f7a8-43f3-b356-ce7ae696bfab,Auth:1
9f4f8e80-7403-4730-af05-6c8c31c760c2,Spatie\Multitenancy\Models\Tenant
9f4f8e80-743b-4c52-8ef7-c67b0aa6bd87,Spatie\Multitenancy\Models\Tenant:4
9f4f8e80-7470-46e8-b6dd-8d70fe2a38df,Spatie\Multitenancy\Models\Tenant:4
9f4f8e80-7829-457e-bfca-d74a0c08c797,App\Models\User
9f4f8e80-788b-4edf-9568-37dcef1f74eb,Auth:1
9f4f8e80-78b5-44d1-8058-1f6995324835,Auth:1
9f4f8e80-7ba1-4802-9c65-b0330f74bb2d,Auth:1
9f4f8e80-7bce-42dc-8cfc-0c39182505ef,App\Models\Order
9f4f8e80-7bce-42dc-8cfc-0c39182505ef,Auth:1
9f4f8e80-7e20-4675-a6f7-8c5cb0ce5465,Auth:1
9f4f8e80-7e88-4c0e-af04-d4c0336a9127,Auth:1
9f4f8e80-7ecd-4a19-826c-3cddf6087982,Auth:1
9f4f8e80-7f00-454f-b772-59b167bcf08e,Auth:1
9f4f8e80-7f3f-435f-96d8-9b1281441cb7,Auth:1
9f4f8e80-8040-4089-b550-26d6e0cae6b1,Auth:1
9f4f8e80-8064-4036-8466-732f077e0ff5,Auth:1
9f4f8e80-82da-46f1-b159-b047bb599237,Auth:1
9f4f8e80-8694-4ace-a4c6-94996a1bc224,Auth:1
9f4f8e80-86d4-4d49-9a08-436a6a33a2c4,Auth:1
9f4f8e80-8708-43aa-9857-816fa057536e,Auth:1
9f4f8e80-8734-474b-ad37-b281cf28b05d,Auth:1
9f4f8e80-876a-42b3-bb0c-5363ddedcaf3,Auth:1
9f4f8e80-8860-49bd-8ea1-06eda374f682,Auth:1
9f4f8e80-8887-478b-ae18-7038e0143677,Auth:1
9f4f8e80-8ada-4f04-96e9-70dfb895ca82,Auth:1
9f4f8e80-8d30-4a8a-99ad-325f0c01bcda,Auth:1
9f4f8e80-8d5b-46e3-b969-a4bb4b555584,Auth:1
9f4f8e80-8d7f-4b08-8c7a-fc40a017dfc9,Auth:1
9f4f8e80-8da0-4547-81c2-0df02b1982ed,Auth:1
9f4f8e80-8dc5-436d-b851-21fbd5039dd9,Auth:1
9f4f8e80-8e82-4297-a0e6-4c98ea5cef3c,Auth:1
9f4f8e80-8ea4-4662-add4-4d4f10b736c8,Auth:1
9f4f8e80-907a-475a-a7d4-8a54630b361d,Auth:1
9f4f8e80-9161-49ea-9216-aecd9549c06e,Auth:1
9f4f8e80-9188-43a2-8659-0ccebb9975c8,Auth:1
9f4f8e80-91ae-4d0d-859d-c4babcfe548a,Auth:1
9f4f8e80-91cd-47d8-a112-1d8cedee4feb,Auth:1
9f4f8e80-91f3-42ad-85c5-7d5f9fe1ca30,Auth:1
9f4f8e80-92e3-492c-9b36-0ff8f4166c4e,Auth:1
9f4f8e88-2835-483d-8358-6ab95d35c3fd,Spatie\Multitenancy\Models\Tenant
9f4f8e88-2867-47d8-8632-0ed4c2d8bd86,Spatie\Multitenancy\Models\Tenant:4
9f4f8e88-2890-4390-8dc6-bdf4ae37119c,Spatie\Multitenancy\Models\Tenant:4
9f4f8e88-2b87-4980-a39d-e34042d85163,App\Models\User
9f4f8e88-2bcc-46bf-ab53-006b635fc9ac,Auth:1
9f4f8e88-2bf0-4d96-b21a-e761172eaf46,Auth:1
9f4f8e88-2e54-41cd-a117-f9c1a99a0955,Auth:1
9f4f8e88-2e6f-4809-a1d7-53a8ecb97ad8,App\Models\Order
9f4f8e88-2e6f-4809-a1d7-53a8ecb97ad8,Auth:1
9f4f8e88-2feb-4fb9-a5f9-4fa649c363a1,Auth:1
9f4f8e88-303e-4909-990c-7dc3fedaf4a6,Auth:1
9f4f8e88-3070-4e0c-8535-c28cecb76880,Auth:1
9f4f8e88-309b-4803-80e8-ae384dd4082b,Auth:1
9f4f8e88-30c6-4527-ab29-a843b7347f8e,Auth:1
9f4f8e88-316b-474a-8f88-51897d3a2d5b,Auth:1
9f4f8e88-3184-463f-b88c-622d066c3a79,Auth:1
9f4f8e88-338a-4888-9094-d6b830dc8c1c,Auth:1
9f4f8e88-358a-4069-92d2-a0163276989b,Auth:1
9f4f8e88-35b0-4d67-a4cc-641a19ec3120,Auth:1
9f4f8e88-35cf-4cef-8200-a8b994c678d5,Auth:1
9f4f8e88-35ea-435a-85c3-9af43b089e1a,Auth:1
9f4f8e88-360e-4840-a893-05aa9becafc2,Auth:1
9f4f8e88-3693-4111-a03b-d2de50319f3a,Auth:1
9f4f8e88-36aa-4ed6-ab69-d29a93dd98c4,Auth:1
9f4f8e88-3889-4aae-acdd-323e13710e87,Auth:1
9f4f8e88-3a5e-4a55-8184-9b30096b6218,Auth:1
9f4f8e88-3a84-4185-aa08-ec68a188aa9c,Auth:1
9f4f8e88-3aa6-45a0-845f-f92b9364b898,Auth:1
9f4f8e88-3ac1-4857-8181-34bde39ed514,Auth:1
9f4f8e88-3ae2-4c3c-9406-6323a8f4aae5,Auth:1
9f4f8e88-3b6d-4c0a-88d6-c4e91be18b61,Auth:1
9f4f8e88-3b87-42a7-a1b3-913c0461870b,Auth:1
9f4f8e88-3d53-4a67-b74b-60246c0085bf,Auth:1
9f4f8e88-3e31-4c74-bcff-4326a8f19b31,Auth:1
9f4f8e88-3e58-4b35-8844-9f94ff2cd2b0,Auth:1
9f4f8e88-3e7b-4479-819a-a78921b5351d,Auth:1
9f4f8e88-3e9a-4f70-8c22-60518248f011,Auth:1
9f4f8e88-3ebe-4ede-ba12-81eada706a83,Auth:1
9f4f8e88-3fd7-474b-9e05-286cdf307a9d,Auth:1
9f4f8e8f-c438-444a-bd60-377293402395,Spatie\Multitenancy\Models\Tenant
9f4f8e8f-c45f-473f-90f1-cb6a67541ac5,Spatie\Multitenancy\Models\Tenant:4
9f4f8e8f-c486-4191-aafb-7704fbe16339,Spatie\Multitenancy\Models\Tenant:4
9f4f8e8f-c7e1-4156-ab16-be4de6d361d6,App\Models\User
9f4f8e8f-c831-4a34-b041-9aa132e534dd,Auth:1
9f4f8e8f-c855-49f7-b1d5-172616dd6b29,Auth:1
9f4f8e8f-ca99-44cf-ae43-62603dcd3ef4,Auth:1
9f4f8e8f-cab8-4229-bebc-1fec536ad286,App\Models\Order
9f4f8e8f-cab8-4229-bebc-1fec536ad286,Auth:1
9f4f8e8f-cc37-4394-a894-f6af0d065b8c,Auth:1
9f4f8e8f-cc82-474a-8a1c-eca932966eb0,Auth:1
9f4f8e8f-ccb1-45ac-bc7a-7efa1838c170,Auth:1
9f4f8e8f-ccd6-45a5-886b-2dea9aa0b9f9,Auth:1
9f4f8e8f-cd08-4f19-b86f-e359154398ef,Auth:1
9f4f8e8f-cdb0-44bc-9b79-37cb6d2c72e0,Auth:1
9f4f8e8f-cdc9-43cb-a875-84df16e39446,Auth:1
9f4f8e8f-cfa0-4307-b0e8-36ab77a78a7c,Auth:1
9f4f8e8f-d210-46ee-8956-3a7ce52931dc,Auth:1
9f4f8e8f-d239-4003-9a35-4b6eb67f1395,Auth:1
9f4f8e8f-d25d-4bbd-af80-076d06c4c564,Auth:1
9f4f8e8f-d27b-49a8-ba4d-e8d530de3858,Auth:1
9f4f8e8f-d29e-487e-b29f-baadb553e3fb,Auth:1
9f4f8e8f-d328-424b-92e2-40619acdacc1,Auth:1
9f4f8e8f-d33f-474c-a36e-69304b21e138,Auth:1
9f4f8e8f-d505-4c7c-93ea-02309be720e5,Auth:1
9f4f8e8f-d6e7-48b1-ad3c-510a1f07ae3f,Auth:1
9f4f8e8f-d70d-4b06-934d-5e9fb3af1669,Auth:1
9f4f8e8f-d72f-44f2-bb6d-4f6aae54a689,Auth:1
9f4f8e8f-d74d-4509-9788-7edf564c3484,Auth:1
9f4f8e8f-d772-478e-8932-24064e2c8d7b,Auth:1
9f4f8e8f-d7fd-4077-bade-e345e33b950f,Auth:1
9f4f8e8f-d816-49da-a3a1-be094845f1cc,Auth:1
9f4f8e8f-d9cd-4bce-9140-ab532fbfa587,Auth:1
9f4f8e8f-daa5-4673-a63d-ee12f55cc6b3,Auth:1
9f4f8e8f-dacc-4de2-8722-6c4f770d4d38,Auth:1
9f4f8e8f-daee-4d26-8d75-4e55fd3ccf19,Auth:1
9f4f8e8f-db0a-4e04-82c8-04a6098e0453,Auth:1
9f4f8e8f-db31-47dd-976b-36774e69e7bf,Auth:1
9f4f8e8f-dc01-48f5-9070-854b10e182fd,Auth:1
9f4f8e97-7c64-4120-bdad-17a047eada54,Spatie\Multitenancy\Models\Tenant
9f4f8e97-7c8a-403b-925a-36b29e03432f,Spatie\Multitenancy\Models\Tenant:4
9f4f8e97-7cac-4353-a1ee-f640405edee4,Spatie\Multitenancy\Models\Tenant:4
9f4f8e97-7f55-4dd4-9bee-e7ca11e60bd5,App\Models\User
9f4f8e97-7f9b-453d-a841-56dbd6c7b694,Auth:1
9f4f8e97-7fba-4c79-ad72-d2883dbef622,Auth:1
9f4f8e97-83d1-4127-827e-67ff9d8842d0,Auth:1
9f4f8e97-8403-4726-b187-5ebbe3d04f8d,App\Models\Order
9f4f8e97-8403-4726-b187-5ebbe3d04f8d,Auth:1
9f4f8e97-8560-4fb5-beb9-79106c28df7f,Auth:1
9f4f8e97-85ab-40db-8e4b-da839d178cf6,Auth:1
9f4f8e97-85db-4920-b8a3-7afb4e1f39a5,Auth:1
9f4f8e97-85fd-40cd-a3e7-d092dc48e310,Auth:1
9f4f8e97-8624-46cd-aa84-5590c972fb3f,Auth:1
9f4f8e97-86d2-4400-8104-9226de8c9e82,Auth:1
9f4f8e97-86ed-4a38-8cce-455c24f49083,Auth:1
9f4f8e97-88f9-43c5-9ed0-1f950ad110af,Auth:1
9f4f8e97-8b2a-4384-9301-d1c83ea073e4,Auth:1
9f4f8e97-8b57-4908-bb0f-19d5109fa2a6,Auth:1
9f4f8e97-8b79-41e3-9ffa-ab14502cac1c,Auth:1
9f4f8e97-8b97-4ef9-9b53-a0d2ebdc4212,Auth:1
9f4f8e97-8bba-427b-9428-73f9922332a4,Auth:1
9f4f8e97-8c57-425d-8c3b-4de01f005bd6,Auth:1
9f4f8e97-8c70-40dd-be9d-4c7da58ce0bb,Auth:1
9f4f8e97-8e5f-4ac3-b63f-9d40ab5c0120,Auth:1
9f4f8e97-9053-4d78-9345-729162c5b260,Auth:1
9f4f8e97-9085-4cf8-b6a9-7f38bc26a03d,Auth:1
9f4f8e97-90a8-4114-9089-4c656125506e,Auth:1
9f4f8e97-90c6-49df-8ce3-6fe1231793a3,Auth:1
9f4f8e97-90ea-4310-b745-c9f937cbc130,Auth:1
9f4f8e97-9186-48cd-ba9d-1ec0b984960e,Auth:1
9f4f8e97-91a2-47f1-8322-b647e7d77f44,Auth:1
9f4f8e97-93c2-4713-88ab-fc0bfb9e7adb,Auth:1
9f4f8e97-94a3-4ef6-83da-28384bf3b3e5,Auth:1
9f4f8e97-94d4-4190-9ca9-1bfa79fd67f8,Auth:1
9f4f8e97-94f8-4cc9-854f-54349da0137d,Auth:1
9f4f8e97-9516-4e02-9d88-45da6383b48c,Auth:1
9f4f8e97-953c-47ee-bea6-961ca53e1fb7,Auth:1
9f4f8e97-9619-45c1-a7a0-7fc73724445b,Auth:1
9f4f8e9f-0181-4dd7-b6a9-17b8594c4125,Spatie\Multitenancy\Models\Tenant
9f4f8e9f-01b9-4081-b8f6-8c9f7691091a,Spatie\Multitenancy\Models\Tenant:4
9f4f8e9f-01f1-466c-aba8-82451d49072b,Spatie\Multitenancy\Models\Tenant:4
9f4f8e9f-0583-4e13-9e67-998356d8fb24,App\Models\User
9f4f8e9f-05e5-4dc6-853b-073a87a7088e,Auth:1
9f4f8e9f-0606-4289-89ea-8cf9fc9c2e4f,Auth:1
9f4f8e9f-0833-4db7-af70-7fbcae3670d5,Auth:1
9f4f8e9f-085a-4a3b-965b-7757255f143c,App\Models\Order
9f4f8e9f-085a-4a3b-965b-7757255f143c,Auth:1
9f4f8e9f-09f9-4127-8d9c-6d0d97ca378a,Auth:1
9f4f8e9f-0a4a-40a0-b1a1-e02baaad5724,Auth:1
9f4f8e9f-0a8c-4a82-b586-ac4b7637f920,Auth:1
9f4f8e9f-0ab8-4405-9fcd-009509582e85,Auth:1
9f4f8e9f-0ae2-4962-8b8d-c7bb2e6381ea,Auth:1
9f4f8e9f-0b96-42aa-b4f5-61055ac8f025,Auth:1
9f4f8e9f-0bb6-413c-ac37-587dec636db3,Auth:1
9f4f8e9f-0da9-49f3-9a85-4a44510dadb1,Auth:1
9f4f8e9f-0fed-4bba-86a0-48e7ae3d9ef7,Auth:1
9f4f8e9f-1017-4cbc-a908-50799d65e0a2,Auth:1
9f4f8e9f-1038-4cba-ba0e-3f6e232755ca,Auth:1
9f4f8e9f-105a-4e6e-97eb-eb559f955eff,Auth:1
9f4f8e9f-1080-4bb6-a8c1-b13480666353,Auth:1
9f4f8e9f-1120-46fb-9527-92f8f94764e8,Auth:1
9f4f8e9f-113b-4f07-bda1-20ba9f4dfe68,Auth:1
9f4f8e9f-13bd-4dc0-bd9c-1707eeeb4cd7,Auth:1
9f4f8e9f-15a4-41b6-b576-ee1e19facd75,Auth:1
9f4f8e9f-15cb-40f9-b941-369c2377e93e,Auth:1
9f4f8e9f-15eb-479d-971b-7c09c420734a,Auth:1
9f4f8e9f-1607-45f7-8175-70043cf20c48,Auth:1
9f4f8e9f-1628-447a-88b3-57546bd7a276,Auth:1
9f4f8e9f-16b0-4c71-a7a5-d7a87bee71f5,Auth:1
9f4f8e9f-16c7-46a3-997d-0e746c9fe34b,Auth:1
9f4f8e9f-188f-4b49-9581-d98b77c12e45,Auth:1
9f4f8e9f-196a-4ebe-a9be-c6d9babda9f0,Auth:1
9f4f8e9f-1994-44e6-842f-cac177f9f3b0,Auth:1
9f4f8e9f-19b4-4362-8690-45b1f9518b70,Auth:1
9f4f8e9f-19d5-4672-832c-f54e3fbe5eef,Auth:1
9f4f8e9f-19ff-494a-a146-7cf4f83ed9be,Auth:1
9f4f8e9f-1ad9-4360-9320-0ecfc453a2af,Auth:1
9f4f8ea6-987e-49c3-b42e-1ea8f6cf0619,Spatie\Multitenancy\Models\Tenant
9f4f8ea6-98a9-43aa-b7fe-af6df514621a,Spatie\Multitenancy\Models\Tenant:4
9f4f8ea6-98cf-4e87-988d-51bdc9c1af04,Spatie\Multitenancy\Models\Tenant:4
9f4f8ea6-9ba0-458e-be23-d025752bb5c8,App\Models\User
9f4f8ea6-9bee-4ded-a5d2-df0146182216,Auth:1
9f4f8ea6-9c16-41cd-9b10-bbba925887ef,Auth:1
9f4f8ea6-9e45-402d-9fd5-dc0062037341,Auth:1
9f4f8ea6-9e69-4288-a250-21e4398233e6,App\Models\Order
9f4f8ea6-9e69-4288-a250-21e4398233e6,Auth:1
9f4f8ea6-9fef-4d11-9ed0-600d62010e8e,Auth:1
9f4f8ea6-a03a-48d4-b830-ef42813d1173,Auth:1
9f4f8ea6-a06c-4d72-a116-cb2777ca2dd5,Auth:1
9f4f8ea6-a08f-4a0f-9d14-f09d25da1ac5,Auth:1
9f4f8ea6-a0d2-4ca2-b088-6817773158d7,Auth:1
9f4f8ea6-a185-487f-86ca-4c533352cacd,Auth:1
9f4f8ea6-a1ae-41b5-b57f-77c8ef592209,Auth:1
9f4f8ea6-a39e-449a-9924-0d0c35f20c68,Auth:1
9f4f8ea6-a64d-4581-b7b0-e788e1c04cf0,Auth:1
9f4f8ea6-a67b-4e0a-9699-3d2fc33a0b8a,Auth:1
9f4f8ea6-a6a4-48c6-931e-c819afd55dfd,Auth:1
9f4f8ea6-a6c3-4ffb-9e90-29c40ba60d09,Auth:1
9f4f8ea6-a6e9-49e2-a878-09a16becec39,Auth:1
9f4f8ea6-a78f-409a-8b69-389818fa103e,Auth:1
9f4f8ea6-a7af-482e-99e0-04c057e68164,Auth:1
9f4f8ea6-aa1d-4ad5-a404-93fb54f33a8d,Auth:1
9f4f8ea6-ad15-41d4-9018-ec39fbd73ed5,Auth:1
9f4f8ea6-ad56-403b-be05-9eb181e14a3e,Auth:1
9f4f8ea6-ad8b-404c-ae4f-1f8a4a9d98b6,Auth:1
9f4f8ea6-adaa-4499-8819-80df81d6a771,Auth:1
9f4f8ea6-adcf-4c2e-9c8a-e21d9885d6d6,Auth:1
9f4f8ea6-aea0-4eca-86e1-052fe57515ca,Auth:1
9f4f8ea6-aeba-42bd-8a17-5c87c0fb8817,Auth:1
9f4f8ea6-b0f6-4919-8f22-9e19145337ba,Auth:1
9f4f8ea6-b1f5-475e-aee3-c31a59925b84,Auth:1
9f4f8ea6-b224-400f-91ab-ca2327857493,Auth:1
9f4f8ea6-b24a-4f88-bba4-a03f4b812df5,Auth:1
9f4f8ea6-b267-4f90-bbb5-b171ae8d40af,Auth:1
9f4f8ea6-b28c-4784-b158-78c6d207f9ba,Auth:1
9f4f8ea6-b36d-4a2e-bdda-01595a0c2c4b,Auth:1
9f4f8eac-a8c1-4247-83bc-69bc0f9c1e49,Spatie\Multitenancy\Models\Tenant
9f4f8eac-a8ed-47cc-a0c3-eac056bf832c,Spatie\Multitenancy\Models\Tenant:4
9f4f8eac-a914-4c3d-93b0-b2b61f034b9b,Spatie\Multitenancy\Models\Tenant:4
9f4f8eac-ab74-4aac-8d79-02465be7deaf,App\Models\User
9f4f8eac-abd0-40c0-ac2a-a1e10a400db6,Auth:1
9f4f8eac-abee-4d00-91e3-c6ae395c5414,Auth:1
9f4f8eac-b033-4d62-bd4e-8aaf85d3ba68,Auth:1
9f4f8eac-b16a-4f8a-b503-bacdacf49c1e,Auth:1
9f4f8eac-b1b9-4abd-9867-c67f19d5562c,Auth:1
9f4f8eac-b3cf-4659-ace3-c52a23b2344c,Auth:1
9f4f8eac-b41a-49d6-b99e-5991d27df8df,Auth:1
9f4f8eac-b4d0-4583-b3af-d8304df32ea8,Auth:1
9f4f8eac-b4fd-49a6-b871-d524e93941fb,Auth:1
9f4f8eac-b541-4681-b198-96c491a3ad06,Auth:1
9f4f8eac-b589-44c4-a5d7-dbea0163f899,Auth:1
9f4f8eac-b5ba-4045-857b-02ca298547a2,Auth:1
9f4f8eac-b5e6-46cf-b2fb-77bc3fe6f8e8,Auth:1
9f4f8eac-b622-410b-b7a5-e2dbfd7d281a,Auth:1
9f4f8eac-b65d-48de-ab81-38799eb20d67,Auth:1
9f4f8eac-b680-437d-8c82-226ff8422afa,Auth:1
9f4f8eac-b6ab-4535-b126-c1bcd0d38de0,Auth:1
9f4f8eac-b6cf-48dc-a83c-24f3065f42db,Auth:1
9f4f8eac-b6ff-4845-a74e-07ab37a98e62,Auth:1
9f4f8eac-b72e-4187-8f98-7947119fe73a,Auth:1
9f4f8eac-b772-4bcf-9c82-2dd9494c28ad,Auth:1
9f4f8eac-b7b1-4679-ad51-b7fe086d0580,Auth:1
9f4f8eac-b7d2-4e0c-8887-7eb652fd0936,Auth:1
9f4f8eac-b7f8-445b-8c55-78a3445018a1,Auth:1
9f4f8eac-b81a-4516-9e88-48ade685be1a,Auth:1
9f4f8eac-b842-4c9f-9050-c7fe6dadb84c,Auth:1
9f4f8eac-b868-4024-8cfa-bd6177bf5f27,Auth:1
9f4f8eac-b8a1-4ee7-9436-ebe1364a3485,Auth:1
9f4f8eac-b8de-4aae-88e6-ef2063d38e54,Auth:1
9f4f8eac-b8ff-40e7-871f-f4aed98a1e6e,Auth:1
9f4f8eac-b924-4f4a-a677-f493b2b90221,Auth:1
9f4f8eac-b947-4a27-9ea7-6c227043719d,Auth:1
9f4f8eac-b970-428a-b8bc-f8f21df76004,Auth:1
9f4f8eac-b999-49b1-9f98-986fc773c2b3,Auth:1
9f4f8eac-b9d1-4efa-9f22-dffede7ccf8a,Auth:1
9f4f8eac-ba10-4c52-8f3e-77aaf48686ec,Auth:1
9f4f8eac-ba31-40a8-b241-b0c27dd510e6,Auth:1
9f4f8eac-ba59-4b5d-9bd4-c28b0ea85b5c,Auth:1
9f4f8eac-ba78-43c4-a195-e3f271393b06,Auth:1
9f4f8eac-ba9e-40d5-88cc-c4761abf4ade,Auth:1
9f4f8eac-bac3-4116-a13d-d92ed7ff64dc,Auth:1
9f4f8eac-bb02-4e54-9123-d2e822e192d6,Auth:1
9f4f8eac-bb57-40f3-b054-9f4ada929094,Auth:1
9f4f8eac-bb86-4f9e-9ff7-a3e0fe4f4379,Auth:1
9f4f8eac-bbbd-46ce-b6c6-65886939acc0,Auth:1
9f4f8eac-bbe8-4196-9f2d-b5f87026533a,Auth:1
9f4f8eac-bc1a-4d0f-b41e-e11f5b4bd432,Auth:1
9f4f8eac-bc4c-4149-816f-86c92f628668,Auth:1
9f4f8eac-bc9c-4cf3-b02b-4a0063bad578,Auth:1
9f4f8eac-bcee-4639-82cf-457188ef8138,Auth:1
9f4f8eac-bd1c-4449-b19a-8c8d69bd17a9,Auth:1
9f4f8eac-bd51-4acb-a34f-62abcc01cd4d,Auth:1
9f4f8eac-bd7c-450a-8eec-8f98e3f7d1ab,Auth:1
9f4f8eac-bdaf-4ef6-8e02-b8c0f80e7d88,Auth:1
9f4f8eac-bde1-4887-86a8-dcf4144dbe2d,Auth:1
9f4f8eac-be15-4244-86f4-fb2cebefabb2,Auth:1
9f4f8eac-be56-40be-81cb-713aa2d32b23,Auth:1
9f4f8eac-be97-4570-8302-a18c14df8493,Auth:1
9f4f8eac-beca-4f66-8faf-cc35614a411d,Auth:1
9f4f8eac-bfaf-4d1f-99c9-1637fb53c879,Auth:1
9f4f8eac-bfef-4f5d-9a7a-b243a19929ee,Auth:1
9f4f8eac-c058-4ba1-8635-5809171882d7,Auth:1
9f4f8eac-c0b3-4def-a26a-013f1578822d,Auth:1
9f4f8eac-c10a-42c0-b622-f6b752dd2d09,Auth:1
9f4f8eac-c130-4137-945a-8224a688a189,Auth:1
9f4f8eac-c15f-40dd-a507-7f8e60634617,Auth:1
9f4f8eac-c188-4cda-8546-6bfbcb17083b,Auth:1
9f4f8eac-c1ac-4886-bdcf-743cdbfa63eb,Auth:1
9f4f8eac-c1d0-44ac-b92d-eb632d2af595,Auth:1
9f4f8eac-c1f3-449b-85b4-3148321ca44e,Auth:1
9f4f8eac-c21b-4408-a07e-ce3cdc89be07,Auth:1
9f4f8eac-c240-4e7b-b327-b6d0ce68e2ac,Auth:1
9f4f8eac-c261-4e78-8d41-e3873df9131a,Auth:1
9f4f8eac-c28b-4e09-9139-9353a4eae457,Auth:1
9f4f8eac-c2af-497e-88d5-671b2cbe780b,Auth:1
9f4f8eac-c2d7-4b4f-8ebf-723d221f5be1,Auth:1
9f4f8eac-c319-4dfe-a115-8421101552c3,Auth:1
9f4f8eac-c35a-4fae-9392-dc9529e141e1,Auth:1
9f4f8eac-c390-4cec-a524-d50b854675d2,Auth:1
9f4f8eac-c3b9-4667-8ec3-8d189c8cd41e,Auth:1
9f4f8eac-c3f2-405f-ba57-69c06a3317de,Auth:1
9f4f8eac-c41e-4f14-8090-6da66f019577,Auth:1
9f4f8eac-c44e-481e-8cf8-35f031651b52,Auth:1
9f4f8eac-c599-4ea2-9b82-0e80820678c6,Auth:1
9f4f8eac-c5bf-4782-8f2b-3aba916bfb6f,Auth:1
9f4f8eac-c726-4aec-83f9-35a67656dcd5,Auth:1
9f4f8eac-c75e-45d2-a503-91658b338e48,Auth:1
9f4f8eac-c797-475a-9761-51510852a5d3,Auth:1
9f4f8eac-c7cc-4e9a-a65f-84e4728a87a9,Auth:1
9f4f8eac-c7fa-4ee6-bb2c-910f24d5dbe2,Auth:1
9f4f8eac-c831-4a96-981d-b4f4aa9e034b,Auth:1
9f4f8eac-c860-4cd5-ade1-e148e554e975,Auth:1
9f4f8eac-c8ab-4a6b-8487-a55b5c3a4aae,Auth:1
9f4f8eac-c8db-41ec-ad83-be850a4de0a4,Auth:1
9f4f8eac-c8ff-4aca-a933-9ed1a4a1c541,Auth:1
9f4f8eac-c92e-4e9e-8a41-f9da8acaab87,Auth:1
9f4f8eac-c958-43a5-b99b-cf17937a725d,Auth:1
9f4f8eac-c978-4947-842b-662e03f392ea,Auth:1
9f4f8eac-c9a2-4b86-ac28-fb5c66644f2a,Auth:1
9f4f8eac-c9c1-49a4-9be6-b7c62417954b,Auth:1
9f4f8eac-c9e3-4d80-a37d-1ed0a1303b81,Auth:1
9f4f8eac-ca0a-4a71-9b5c-4ff12c95ed35,Auth:1
9f4f8eac-ca3b-43ba-b546-775661a34054,Auth:1
9f4f8eac-ca75-4636-840c-b09847ddc99d,Auth:1
9f4f8eac-caa4-4e67-af8c-ba8fa53df86f,Auth:1
9f4f8eac-cac7-455d-be07-880389dfdb41,Auth:1
9f4f8eac-cae8-4b92-803a-70931e89b783,Auth:1
9f4f8eac-cb1f-4ea0-896d-0bc00fe08711,Auth:1
9f4f8eac-cc2f-40c0-8086-2990e7bd9b61,Auth:1
9f4f8eac-cc7e-4347-9b8d-a20843b94779,Auth:1
9f4f8eac-ccad-44f1-b1b2-c5c50fe63d4d,Auth:1
9f4f8eac-ccd3-491a-8de0-9915480b9324,Auth:1
9f4f8eac-ccf9-4bb8-b209-af31d521823b,Auth:1
9f4f8eac-cd1e-4990-afe4-15583d7d1127,Auth:1
9f4f8eac-cd53-4191-8fc0-a67a493d4569,Auth:1
9f4f8eac-cd76-4422-80dc-c4ffeee04336,Auth:1
9f4f8eac-cda6-4a5c-89b4-5cd340686fab,Auth:1
9f4f8eac-cdd2-49ee-a3b4-9cf6cce19f84,Auth:1
9f4f8eac-cdf8-410b-b598-409c31a1a00d,Auth:1
9f4f8eac-ce25-4fad-b418-e88877aaf6d6,Auth:1
9f4f8eac-ce49-47aa-9c2e-b3f318d8b610,Auth:1
9f4f8eac-ce73-4589-a3c4-381920f7dd9f,Auth:1
9f4f8eac-ce9d-4550-b34d-aca15d349d0f,Auth:1
9f4f8eac-ced0-4ac4-8c6e-0ee1f32e56a8,Auth:1
9f4f8eac-cef7-4c64-9248-e2d8e90df437,Auth:1
9f4f8eac-cf18-4d72-a265-0b9e417d5125,Auth:1
9f4f8eac-cf44-4e44-9957-72fbc00ffd04,Auth:1
9f4f8eac-cf66-47d9-a4f3-84e4ed357137,Auth:1
9f4f8eac-cf96-4411-a4bb-6828128bebea,Auth:1
9f4f8eac-cfbd-473d-ab0e-e87f0a1a44df,Auth:1
9f4f8eac-d00b-4f1d-ae8a-92964630ccc7,Auth:1
9f4f8eac-d030-423b-963e-143e5bc56fb0,Auth:1
9f4f8eac-d064-417b-86d2-fd81ecf0377c,Auth:1
9f4f8eac-d095-4cfc-bd42-3abb9aa159aa,Auth:1
9f4f8eac-d0c7-4781-a555-7fa8d1f8d6fc,Auth:1
9f4f8eac-d100-4c2e-8383-40e3b68e7298,Auth:1
9f4f8eac-d131-4430-8d1f-4d0967b5aa26,Auth:1
9f4f8eac-d15d-4d67-a82b-ba80f4d9c7d5,Auth:1
9f4f8eac-d17e-415e-b4a4-c713ce0d3919,Auth:1
9f4f8eac-d1ab-4c84-b070-e80f9a087ad4,Auth:1
9f4f8eac-d1db-4475-9600-81041deb0fe8,Auth:1
9f4f8eac-d211-48f0-a25b-0b559f90296f,Auth:1
9f4f8eac-d247-4b8a-824a-19dea2ba39b7,Auth:1
9f4f8eac-d28b-44c1-ad6e-0a3acfd9d941,Auth:1
9f4f8eac-d2ad-4e33-b067-d470e96ffb88,Auth:1
9f4f8eac-d2e1-420d-a97f-3b68d7449b04,Auth:1
9f4f8eac-d306-4c1f-a659-f2cf77a4fba4,Auth:1
9f4f8eac-d32a-4c29-9498-86a7efb8fd4d,Auth:1
9f4f8eac-d361-4410-9b5d-d7ee62dbbfcf,Auth:1
9f4f8eac-d389-484c-a5d3-5f2aaddb1326,Auth:1
9f4f8eac-d3b6-4ba1-a0a1-59b511c26b1f,Auth:1
9f4f8eac-d3da-41f0-aaf1-039ce1856735,Auth:1
9f4f8eac-d400-4e4d-bad5-64c28cbf636f,Auth:1
9f4f8eac-d426-4ce8-9a89-dd5ac73ed448,Auth:1
9f4f8eac-d44e-4189-b59b-7b3bb71ba3f0,Auth:1
9f4f8eac-d474-4824-85cf-6682a2840e72,Auth:1
9f4f8eac-d494-467f-afd2-8a0d081be1c6,Auth:1
9f4f8eac-d4c7-4e09-a15b-7a6d0b70d627,Auth:1
9f4f8eac-d4f5-4677-be14-1b8ce8e01945,Auth:1
9f4f8eac-d58e-4e83-a5c3-d4b49c87447d,Auth:1
9f4f8eac-d5b2-45e6-b7a0-66442a3ccdc0,Auth:1
9f4f8eac-d614-485c-9f25-a085e38a631a,Auth:1
9f4f8eac-d6c6-4a8d-854c-2d8169cd339e,Auth:1
9f4f8eb0-9521-423b-9a3b-00afd0bd2a82,Spatie\Multitenancy\Models\Tenant
9f4f8eb0-9550-4942-bd12-96b35e3fb4b4,Spatie\Multitenancy\Models\Tenant:4
9f4f8eb0-9576-42ed-a260-1c67c36d7317,Spatie\Multitenancy\Models\Tenant:4
9f4f8eb0-9819-41e2-9f2e-da76c4580f6c,App\Models\User
9f4f8eb0-9869-4697-95c6-0cd5b7b9e14b,Auth:1
9f4f8eb0-9885-4d53-a4b1-147e8da0fb6a,Auth:1
9f4f8eb0-992f-41e8-949f-047949582d64,Auth:1
9f4f8eb0-9991-40e6-9902-7e150c377803,Auth:1
9f4f8eb0-9a11-407d-b0bb-798afe283289,Auth:1
9f4f8eb0-9a73-41e3-ab83-7bacd2cb61c0,Auth:1
9f4f8eb0-9b49-4e8d-979c-c42ca15497b9,Auth:1
9f4f8eb0-9b69-4764-98fa-224d5973fd08,App\Models\Order
9f4f8eb0-9b69-4764-98fa-224d5973fd08,Auth:1
9f4f8eb0-b435-43c0-85b3-c82520cdd885,api.kavenegar.com
9f4f8eb0-b435-43c0-85b3-c82520cdd885,Auth:1
9f4f8eb0-b6cc-42c3-ab50-78b8e62ffd73,Auth:1
9f4f8eb0-b761-40d6-98b3-65d71d23815c,Auth:1
9f4f8eb0-b7a0-42de-b67a-de88cee0d7d3,Auth:1
9f4f8eb0-b7ce-41e7-af1c-6c5458203726,Auth:1
9f4f8eb0-b87b-4bc3-8c93-cdc414d4af37,Auth:1
9f4f8eb0-b8a4-4bb0-9312-301a03c2db4a,Auth:1
9f4f8eb0-b8e9-4dca-9544-50fe665e6b68,Auth:1
9f4f8eb0-b916-4a8a-8339-350f7b05c255,Auth:1
9f4f8eb0-b93f-49f7-b209-284f736d8961,Auth:1
9f4f8eb0-b975-44ad-8f76-c56a20ea7941,Auth:1
9f4f8eb0-b99f-4f32-9ddf-c3cb49b7411c,Auth:1
9f4f8eb0-b9cc-46fd-95eb-faf303c22740,Auth:1
9f4f8eb0-ba87-4b6a-8a7d-1f271da23583,Auth:1
9f4f8eb0-bab2-46b6-a905-663a3697c52b,Auth:1
9f4f8eb0-bbed-498c-9d89-05b889601fbb,Auth:1
9f4f8eb0-bc1a-4cb1-ade2-9e3784bc5971,Auth:1
9f4f8eb0-bc5e-4331-9014-1697c1eabd1a,Auth:1
9f4f8eb0-bc8f-4b4e-8ed2-14e725d98e64,Auth:1
9f4f8eb0-bcbe-4e27-930e-49e97bf88b58,Auth:1
9f4f8eb0-bcf1-4a2b-977d-2835db869f49,Auth:1
9f4f8eb0-bd1e-42cc-bd08-62942353433f,Auth:1
9f4f8eb0-bd65-49d4-a2e1-5f8f4fdef9eb,Auth:1
9f4f8eb0-bd8d-4a6b-a0e8-28387c8cf1ad,Auth:1
9f4f8eb0-bdb0-4f99-85f1-ced7e1400383,Auth:1
9f4f8eb0-bde1-4a9d-8a09-cfdc0ebdd504,Auth:1
9f4f8eb0-be01-4696-b7ab-d2761b98e1eb,Auth:1
9f4f8eb0-be23-47ab-b24d-a972c80e77b2,Auth:1
9f4f8eb0-be47-451e-8f15-c11264353181,Auth:1
9f4f8eb0-be65-434c-9951-0110f6ee4c98,Auth:1
9f4f8eb0-be8a-401f-82aa-3266ac795d3e,Auth:1
9f4f8eb0-bea9-4f4f-acbf-26a7f07685e1,Auth:1
9f4f8eb0-becb-45e3-8d93-5255ba75e6fd,Auth:1
9f4f8eb0-bef8-43b3-b7c8-4df3307e115b,Auth:1
9f4f8eb0-bf22-4dd3-8bcb-e31cc8ed97ae,Auth:1
9f4f8eb0-bf47-4de2-accf-5d16b18c3bf8,Auth:1
9f4f8eb0-bf6b-4259-bc1c-f65bbf7eb70b,Auth:1
9f4f8eb0-bf9b-47a7-a434-07717cd96ea4,Auth:1
9f4f8eb0-c090-4a6d-93b9-196b1fb83ece,Auth:1
9f4f8eb0-c0c0-40e0-ac8c-85f7e6ea3415,Auth:1
9f4f8eb0-c0ea-4742-b430-c1af6498d247,Auth:1
9f4f8eb0-c111-4646-a068-036fe55d12d3,Auth:1
9f4f8eb0-c141-4ae5-8db8-2a60d827b4ab,Auth:1
9f4f8eb0-c163-4fe7-a96e-b8e6f2cf857e,Auth:1
9f4f8eb0-c196-46fe-b3ea-001fec29c402,Auth:1
9f4f8eb0-c1b9-4b3b-9f04-65c49e3da145,Auth:1
9f4f8eb0-c1e6-4020-9368-53019ee3099c,Auth:1
9f4f8eb0-c210-49d5-bc3e-43c6a17934e3,Auth:1
9f4f8eb0-c233-4a6b-b019-847fbbe890a9,Auth:1
9f4f8eb0-c25a-4cae-8e0d-234b566875bc,Auth:1
9f4f8eb0-c27d-4f03-bd31-24a106adc91f,Auth:1
9f4f8eb0-c2b3-41b0-b636-3f53d3ed76cd,Auth:1
9f4f8eb0-c2d6-4f38-b316-5e8089040ef9,Auth:1
9f4f8eb0-c304-4bea-956d-2bc2e7014c5a,Auth:1
9f4f8eb0-c32f-4b95-8fbd-002c754340c9,Auth:1
9f4f8eb0-c351-418f-b8ba-225d49c2a18d,Auth:1
9f4f8eb0-c376-4b32-8c19-b9eb54483c32,Auth:1
9f4f8eb0-c399-4541-85be-c1d819c9ac29,Auth:1
9f4f8eb0-c3bf-4533-93d7-0cd9e5772736,Auth:1
9f4f8eb0-c3de-4edf-b979-d7b76ace0ec9,Auth:1
9f4f8eb0-c420-4be9-827a-1f452478e140,Auth:1
9f4f8eb0-c444-4892-83a2-af86c18dbd13,Auth:1
9f4f8eb0-c475-46ca-9a99-f5ab01ba74fb,Auth:1
9f4f8eb0-c498-4eb9-88ae-4d10fd8c0cf1,Auth:1
9f4f8eb0-c4b9-48a0-8dae-f4c8750cc02b,Auth:1
9f4f8eb0-c4e2-4e24-a997-950e313e14e9,Auth:1
9f4f8eb0-c506-4534-a5f8-ee4b7e3a6762,Auth:1
9f4f8eb0-c52e-4622-bf64-199ffbfadbfc,Auth:1
9f4f8eb0-c54f-4e8b-8b65-27830c5f9436,Auth:1
9f4f8eb0-c574-4a77-af47-30ce7eecb65e,Auth:1
9f4f8eb0-c596-4d3c-882c-afba15755f68,Auth:1
9f4f8eb0-c5c1-49ed-85fc-944d5273605f,Auth:1
9f4f8eb0-c5e1-4c2f-abd0-f7692048b4b5,Auth:1
9f4f8eb0-c611-4659-bd6f-d45d024d6457,Auth:1
9f4f8eb0-c632-44bc-ae51-bcbcc4215430,Auth:1
9f4f8eb0-c663-4232-8047-2a86ed47f2d5,Auth:1
9f4f8eb0-c688-402d-9935-722e478064eb,Auth:1
9f4f8eb0-c6a9-45eb-9b7e-ab8afa7712a7,Auth:1
9f4f8eb0-c6e2-4dec-af95-25aeaaa592cc,Auth:1
9f4f8eb0-c701-4588-aa7d-2b47e1e17ebb,Auth:1
9f4f8eb0-c734-4a0d-a3a3-e57d33ed7f0a,Auth:1
9f4f8eb0-c758-4afd-b401-aa04e45b0203,Auth:1
9f4f8eb0-c77a-4a79-b379-50c95b435879,Auth:1
9f4f8eb0-c7a1-40d4-bcac-0f5796a89cf9,Auth:1
9f4f8eb0-c7c1-4515-8d61-2341e7e44f3d,Auth:1
9f4f8eb0-c7ec-4a5f-84b8-a01399fb4f3f,Auth:1
9f4f8eb0-c80f-47b0-8c8b-13aa99a02f46,Auth:1
9f4f8eb0-c83f-4a5f-a557-47522ee28af2,Auth:1
9f4f8eb0-c86e-4300-b143-ede437f95752,Auth:1
9f4f8eb0-c8fd-402d-9d4f-9b5a8d08be1a,Auth:1
9f4f8eb0-c924-4add-9027-a95d3ed29425,Auth:1
9f4f8eb0-c988-42ab-ba6c-f21615391f73,Auth:1
9f4f8eb0-ca31-40ba-9676-3d7e02e28d55,Auth:1
9f4f8eb1-49d7-488c-a190-0f45a5af2946,Spatie\Multitenancy\Models\Tenant
9f4f8eb1-49fd-43d7-98cf-8de0174783b7,Spatie\Multitenancy\Models\Tenant:4
9f4f8eb1-4a1f-405d-8d95-f87f0bbab67b,Spatie\Multitenancy\Models\Tenant:4
9f4f8eb1-4c8b-4a69-b70f-4267da8785a2,App\Models\User
9f4f8eb1-4ccb-40aa-9e6f-e9b8de2feeb3,Auth:1
9f4f8eb1-4ce9-4c46-81ca-a15ddd7e0a6a,Auth:1
9f4f8eb1-4d64-4d5c-9171-09d072801535,Auth:1
9f4f8eb1-4de3-4b09-b553-abeeff96b921,Auth:1
9f4f8eb1-4eb6-42da-bae4-04783eb5f473,Auth:1
9f4f8eb1-4ed1-4b78-9d96-87d70a65132c,App\Models\Order
9f4f8eb1-4ed1-4b78-9d96-87d70a65132c,Auth:1
9f4f8eb1-600d-416d-b2a3-67055710fed1,api.kavenegar.com
9f4f8eb1-600d-416d-b2a3-67055710fed1,Auth:1
9f4f8eb1-61d1-461c-89c2-0dd60f146794,Auth:1
9f4f8eb1-62c4-4756-b04a-7fd647e2eb38,Auth:1
9f4f8eb1-62df-40eb-a0e6-e13a2414facd,Auth:1
9f4f8eb1-6346-4ed6-94f1-f078f5c5cc67,Auth:1
9f4f8eb1-638c-48e8-9eee-f7ac8ae725f1,Auth:1
9f4f8eb1-63c0-446e-b1d5-0fcaa8f74c25,Auth:1
9f4f8eb1-63e6-43be-82e7-1863df3ebb7b,Auth:1
9f4f8eb1-640d-4f0d-a025-54acb55f4c01,Auth:1
9f4f8eb1-6436-4ed9-a15c-d55d7c68d259,Auth:1
9f4f8eb1-645a-4064-a136-3a48fa8d8e33,Auth:1
9f4f8eb1-6486-4bc6-a002-a45f49135000,Auth:1
9f4f8eb1-654d-4cb6-827d-819b797dfbea,Auth:1
9f4f8ec8-c7aa-4070-a171-8d8f956e11b9,Spatie\Multitenancy\Models\Tenant
9f4f8ec8-c7d1-4028-b3af-fd2759dfe1b6,Spatie\Multitenancy\Models\Tenant:4
9f4f8ec8-c7fa-4508-83b2-ac48b704537a,Spatie\Multitenancy\Models\Tenant:4
9f4f8ec8-ca7f-4fd2-9fb6-2867b6d9010b,App\Models\User
9f4f8ec8-cab3-4ec3-a835-9a3bdd88d970,Auth:1
9f4f8ec8-cad0-4f93-aa9d-7de385cc4ebc,Auth:1
9f4f8ec8-cb48-4ecf-b0c0-35c8ca31fb9a,Auth:1
9f4f8ec8-cbb0-427b-a944-3f23926695c5,Auth:1
9f4f8ec8-cc7b-4056-b439-a88157a9534a,Auth:1
9f4f8ec8-cc96-4515-b8de-63d4beb18bfe,App\Models\Order
9f4f8ec8-cc96-4515-b8de-63d4beb18bfe,Auth:1
9f4f8ec8-dfd6-42c0-8e7b-f59a183a243d,api.kavenegar.com
9f4f8ec8-dfd6-42c0-8e7b-f59a183a243d,Auth:1
9f4f8ec8-e1d3-48a1-98ca-0c76d95de8f4,Auth:1
9f4f8ec8-e28a-4a93-ad37-ab7cbe06af34,Auth:1
9f4f8ec8-e2d1-4338-9dff-07f1b7816f0e,Auth:1
9f4f8ec8-e306-4dd0-85db-f645f0210960,Auth:1
9f4f8ec8-e330-4e13-9cdf-aa21922d82ca,Auth:1
9f4f8ec8-e355-4738-9e7c-931035dbd1d1,Auth:1
9f4f8ec8-e383-4108-8cdd-dffc08cdf5cb,Auth:1
9f4f8ec8-e3a5-4109-910f-00bcffd5fcdc,Auth:1
9f4f8ec8-e3d7-4ad5-aacf-b739a1d5d96d,Auth:1
9f4f8ec8-e4aa-4694-9260-c336b42f86fe,Auth:1
9f4f8ed0-62f5-418d-a716-626be8532b26,Spatie\Multitenancy\Models\Tenant
9f4f8ed0-6320-477d-a77c-cc5ffa21c494,Spatie\Multitenancy\Models\Tenant:4
9f4f8ed0-6347-4e77-ba3e-4dfc6195d732,Spatie\Multitenancy\Models\Tenant:4
9f4f8ed0-6636-4d27-beea-8dd5f9adce95,App\Models\User
9f4f8ed0-666f-4b90-a3be-56045e6e3d6e,Auth:1
9f4f8ed0-668f-426f-8fcf-18a10538a572,Auth:1
9f4f8ed0-670c-4f47-bf39-10e639f26f35,Auth:1
9f4f8ed0-676b-4ecb-99db-a1f40e248754,Auth:1
9f4f8ed0-6880-4661-b601-168c1ed0a589,Auth:1
9f4f8ed0-68ac-4ddd-9f76-d5bca61ab5a2,App\Models\Order
9f4f8ed0-68ac-4ddd-9f76-d5bca61ab5a2,Auth:1
9f4f8ed0-7a68-431b-b382-e7f7f2c9668b,api.kavenegar.com
9f4f8ed0-7a68-431b-b382-e7f7f2c9668b,Auth:1
9f4f8ed0-7c38-494b-8954-35b9c7c8f46a,Auth:1
9f4f8ed0-7d58-471d-bd9b-e5b3a837b8b1,Auth:1
9f4f8ed0-7dbc-444e-942e-1c9ac088a715,Auth:1
9f4f8ed0-7e0a-4675-a4d4-d51ca62610f8,Auth:1
9f4f8ed0-7e45-4d0e-a733-39ed9583a214,Auth:1
9f4f8ed0-7e7e-41d3-bca7-e1ae55e81290,Auth:1
9f4f8ed0-7eb8-4e32-82c0-553828a4b2c8,Auth:1
9f4f8ed0-7eee-4d2c-9d8c-8bb21d6f637d,Auth:1
9f4f8ed0-7f2e-4c59-8f75-c9f70a17ed7d,Auth:1
9f4f8ed0-8046-474d-b12e-4ec3eb6ed7e6,Auth:1
9f4f8ed1-3840-4943-9fc1-0a4c5f413410,Spatie\Multitenancy\Models\Tenant
9f4f8ed1-3865-4059-a124-a54129492cd4,Spatie\Multitenancy\Models\Tenant:4
9f4f8ed1-388e-4339-9d57-f7e478ddd4aa,Spatie\Multitenancy\Models\Tenant:4
9f4f8ed1-3b03-4737-aaf3-bbb1f45e993b,App\Models\User
9f4f8ed1-3b5b-441f-9d8c-763c68576813,Auth:1
9f4f8ed1-3b79-49dc-9337-820aa16aa9f9,Auth:1
9f4f8ed1-3edc-4a22-83cf-743b91ea164b,Auth:1
9f4f8ed1-3f43-4e59-b0f0-d29a834caf30,Auth:1
9f4f8ed1-3fae-4834-a5c7-cf1366b821e2,Auth:1
9f4f8ed1-4054-4e8e-a62a-9cb6c5e27a3b,Auth:1
9f4f8ed1-4079-4679-a4ab-63be325f1ccd,Auth:1
9f4f8ed1-40a1-4365-a313-cef7ee0a226e,Auth:1
9f4f8ed1-40d6-4fdc-8f3a-9d1263be8307,Auth:1
9f4f8ed1-413b-427b-b6da-4501d2328f7e,Auth:1
9f4f8ed1-46e2-474f-b375-ff51c36d46a1,Auth:1
9f4f8ed1-484a-4c8b-a580-26fb0559233a,Auth:1
9f4f8ed1-486a-4422-8b7c-53deddf0dad7,App\Models\Order
9f4f8ed1-486a-4422-8b7c-53deddf0dad7,Auth:1
9f4f8ed1-4927-44d4-9a67-17749fd73b85,Auth:1
9f4f8ed1-49a8-4804-838b-cdf738050017,Auth:1
9f4f8ed1-49c5-4698-b63c-5b91d0d569df,App\Models\ShippingMethod
9f4f8ed1-49c5-4698-b63c-5b91d0d569df,Auth:1
9f4f8ed1-4a1b-4bdf-88cb-f881f3039fbf,Auth:1
9f4f8ed1-4aaa-4f6f-a763-c607d3c12737,Auth:1
9f4f8ed1-4af0-466f-bf0f-30ad561e4040,Auth:1
9f4f8ed1-4bc8-43c4-8f2c-46bfb6355551,Auth:1
9f4f8ed1-4c14-4dfb-a9b9-a30207203ada,Auth:1
9f4f8ed1-4c4c-4bbf-9ea9-795a28b490dc,Auth:1
9f4f8ed1-4c90-49e7-a055-94884b3bbf22,Auth:1
9f4f8ed1-4cd7-4338-a9fd-1053ae96fa4a,Auth:1
9f4f8ed1-4d1c-42e5-ad7f-ec8b84416c29,Auth:1
9f4f8ed1-4d61-4fd4-85bb-404855f7ac09,Auth:1
9f4f8ed1-4dce-45fd-9273-8f468da17921,Auth:1
9f4f8ed1-4e1e-4686-8c86-632cbe1989b6,Auth:1
9f4f8ed1-4e5c-4ba6-893d-883462315b89,Auth:1
9f4f8ed1-4e91-4c8b-8b29-532cd16ae327,Auth:1
9f4f8ed1-4ebc-4f91-b226-3b53ec85f535,Auth:1
9f4f8ed1-4edb-4d7a-a164-8c20db1ffe6f,Auth:1
9f4f8ed1-4f1b-4ee2-8c42-82b8250ea7ba,Auth:1
9f4f8ed1-4f85-4696-ac77-3d4acb2242d6,Auth:1
9f4f8ed1-4fa8-4b5e-8389-818dfc678601,Auth:1
9f4f8ed1-4fde-4e69-9a1b-8c0799f51a29,Auth:1
9f4f8ed1-500b-4cf3-a707-fa57b3e281b5,Auth:1
9f4f8ed1-503c-421a-8843-b254b50976f3,Auth:1
9f4f8ed1-50ba-4e3a-affa-c15fce647327,Auth:1
9f4f8ed1-50dd-4aae-aa9b-c5dc44354af5,Auth:1
9f4f8ed1-5119-4359-8562-6c32f8ded017,Auth:1
9f4f8ed1-5163-4dee-b251-ff9990437fa1,Auth:1
9f4f8ed1-5193-4b77-8dac-7c45ae4333b2,Auth:1
9f4f8ed1-51bd-4766-aba4-c50ace86e24e,Auth:1
9f4f8ed1-5258-4c36-a256-48bfda34fa98,Auth:1
9f4f8ed1-52b0-4346-b653-f7cee8b770f6,Auth:1
9f4f8ed1-5386-4d95-be71-5adaf038b8fb,Auth:1
9f4f8ed1-53b2-44d9-9735-11f09357c5fd,Auth:1
9f4f8ed1-53dc-4371-ba7b-c5a54d03f84d,Auth:1
9f4f8ed1-5422-4462-9be4-9995f876bc3e,Auth:1
9f4f8ed1-545c-4f20-87af-28bb5ccd8858,Auth:1
9f4f8ed1-54aa-4e66-83f8-9ce52590d93f,Auth:1
9f4f8ed1-5630-43f3-a440-84a65807f52f,Auth:1
9f4f8ed1-5670-4738-9849-7d6629d2b7de,Auth:1
9f4f8ed1-574c-43a2-ad0c-ced9f5616244,Auth:1
9f4f8ed1-577f-41ad-a3b3-ae45932f35d8,Auth:1
9f4f8ed1-57a7-4542-9413-a1cdb851a1f7,Auth:1
9f4f8ed1-57d1-48ae-b332-202ebf2c6cb7,Auth:1
9f4f8ed1-57fa-4612-99a1-f5670a4b239f,Auth:1
9f4f8ed1-581d-475b-9795-913ef1eec84b,Auth:1
9f4f8ed1-5845-46b3-ad01-2ef340e4ef65,Auth:1
9f4f8ed1-5870-484d-ac16-5bc8ef7f4f4b,Auth:1
9f4f8ed1-58d2-462b-8e0f-5094952a8d74,Auth:1
9f4f8ed1-5924-4923-ad10-c8a0643ff16d,Auth:1
9f4f8ed1-5952-4684-88ea-ef3595000f61,Auth:1
9f4f8ed1-5988-4c0c-a5ea-b29994846115,Auth:1
9f4f8ed1-59d1-41b3-932b-5f969717d23b,Auth:1
9f4f8ed1-59f4-42f5-bdcf-a004ed02d081,Auth:1
9f4f8ed1-5a35-47ee-8cee-ee8af3477337,Auth:1
9f4f8ed1-5a7d-4422-be08-7004ba9a4190,Auth:1
9f4f8ed1-5adb-4bb4-99cb-24bac8d5e429,Auth:1
9f4f8ed1-5b07-4796-81b2-3e04d25983e0,Auth:1
9f4f8ed1-5b30-411c-aa3e-7236923b7700,Auth:1
9f4f8ed1-5b5a-4cf9-bdcf-3a8e4558856b,Auth:1
9f4f8ed1-5b82-45cb-9c22-9776e83ac03d,Auth:1
9f4f8ed1-5bab-4910-975e-4c41b93fc706,Auth:1
9f4f8ed1-5bd7-46f7-a293-0633000e592c,Auth:1
9f4f8ed1-5e0b-4b7c-b260-98d6dba04a49,Auth:1
9f4f8ed1-5e33-4a04-bdae-2dc776e9d9cc,Auth:1
9f4f8ed1-5e52-4cfa-88ab-6a8e52b0354a,Auth:1
9f4f8ed1-5e73-4e0a-a3fe-fe47fc780115,Auth:1
9f4f8ed1-5ea7-4f86-8e46-008e7d9caa75,Auth:1
9f4f8ed1-5f0d-4565-a709-6f26d2f3d702,Auth:1
9f4f8ed1-600c-49c2-8cd1-e46f13755216,Auth:1
9f4f8ed1-603a-4ab8-9526-483fd16fbbe5,Auth:1
9f4f8ed1-6065-41f1-a872-49341aa94ee0,Auth:1
9f4f8ed1-6090-458d-9114-6640f267fcef,Auth:1
9f4f8ed1-60bd-4333-abf8-38893b3b47cf,Auth:1
9f4f8ed1-60e4-4bcc-9209-292062044744,Auth:1
9f4f8ed1-610c-4bf1-b5cf-68035431a863,Auth:1
9f4f8ed1-613d-49c4-a1a8-33a5dd5993b7,Auth:1
9f4f8ed1-6164-43da-8ae1-1074a32fe706,Auth:1
9f4f8ed1-618d-4422-82a0-5e87657d0ae8,Auth:1
9f4f8ed1-61bc-4c3d-8187-c33ddc37d957,Auth:1
9f4f8ed1-61e4-4d84-adf9-33d7a675a2a9,Auth:1
9f4f8ed1-620c-4ab2-9d95-2420a73ba2e5,Auth:1
9f4f8ed1-623f-4a4e-8313-a96393956486,Auth:1
9f4f8ed1-6277-4d4a-94bb-7b2790bc267b,Auth:1
9f4f8ed1-62a0-4c4c-8160-9f809722d6f1,Auth:1
9f4f8ed1-62d2-437f-8bae-e6ce297555db,Auth:1
9f4f8ed1-62fa-4d31-a54f-dca9c1b73997,Auth:1
9f4f8ed1-6324-4dd5-9bfa-021a41719f1a,Auth:1
9f4f8ed1-634f-4507-8fcb-d03ebdda76c1,Auth:1
9f4f8ed1-6387-4b91-8e0b-7084125c9d0f,Auth:1
9f4f8ed1-63b3-43fe-9ae8-7594f376cd3d,Auth:1
9f4f8ed1-63ed-4251-9ed8-fcee8c92624f,Auth:1
9f4f8ed1-6411-4745-b4f1-f396e50202c8,Auth:1
9f4f8ed1-6481-4a64-b57b-72f9183cd87f,Auth:1
9f4f8ed1-64c1-42ea-aa2b-741e32c1f9dc,Auth:1
9f4f8ed1-656d-4fd8-acb9-5563b4cfb595,Auth:1
9f4f8ed1-662f-4489-bd8b-dbd87c02396b,Auth:1
9f4f8ed1-6660-4f0f-8399-68a0c9de9071,Auth:1
9f4f8ed1-669c-4d60-8735-b51692825cf5,Auth:1
9f4f8ed1-66be-46de-b7bb-5d27e3e7acf9,Auth:1
9f4f8ed1-67be-46b6-8529-74fb7acaaa75,Auth:1
9f4f8ed1-68a3-432f-921c-2616f6edbd5a,Auth:1
9f4f8ed1-68d1-4ee2-91fc-51200978b218,Auth:1
9f4f8ed1-690d-4c14-a0b2-bbc25ca7a3c2,Auth:1
9f4f8ed1-692e-4dac-8a8c-945adaf3f0b7,Auth:1
9f4f8ed1-6a10-46be-a8c0-6751c9a60eb6,Auth:1
9f4f8ed1-6a49-4eec-a614-827ee4b6ff12,Auth:1
9f4f8ed1-6a72-4faf-9921-ba7b6300a4c6,Auth:1
9f4f8ed1-6aac-4623-aec9-989a342afa4e,Auth:1
9f4f8ed1-6acc-4b71-b737-92eafbbe8c15,Auth:1
9f4f8ed1-6af7-43b9-832c-718023b08e1d,Auth:1
9f4f8ed1-6b31-41e8-8181-a9f37f42696d,Auth:1
9f4f8ed1-6b67-4be5-9e65-28e32c052cbc,Auth:1
9f4f8ed1-6b97-410b-b9be-74213089f3ba,Auth:1
9f4f8ed1-6bba-42e1-a516-fc1867e33176,Auth:1
9f4f8ed1-6bd7-4621-9812-711f475edfd1,Auth:1
9f4f8ed1-6bfe-4957-a86d-e43ce9097be8,Auth:1
9f4f8ed1-6c39-40ef-93dc-0cd40d8c172f,Auth:1
9f4f8ed1-6c59-4c78-b094-f19af5c4fa1d,Auth:1
9f4f8ed1-6ec4-44b9-af22-d78d18168569,Auth:1
9f4f8ed1-6ee7-4a5d-8cdd-be9c548dcb18,Auth:1
9f4f8ed1-6f06-4c96-9aa3-de0e26930665,Auth:1
9f4f8ed1-6f26-41cc-b5d8-dd67b61b9054,Auth:1
9f4f8ed1-6f4f-499a-8484-bd2410e53e33,Auth:1
9f4f8ed1-6f78-48fd-b2bc-70c1c35cc491,Auth:1
9f4f8ed1-6fa4-4ef4-b979-7bd2914385b2,Auth:1
9f4f8ed1-6fce-4c92-9115-3709c0b46633,Auth:1
9f4f8ed1-6ff8-4c22-a387-6f3f42808d9d,Auth:1
9f4f8ed1-7023-400c-8c07-6e8cba6e7940,Auth:1
9f4f8ed1-7051-4ec2-8b6c-cf23995f5f2f,Auth:1
9f4f8ed1-707a-4725-87ed-675bade8658c,Auth:1
9f4f8ed1-70a3-4cc9-bb92-22a4fe76029f,Auth:1
9f4f8ed1-70d1-4c23-a0ec-74bb76b67c46,Auth:1
9f4f8ed1-70f9-4051-b00c-88ef85508545,Auth:1
9f4f8ed1-7124-4c11-a49d-ad72230a8f71,Auth:1
9f4f8ed1-7150-4996-a054-64d9674fac8e,Auth:1
9f4f8ed1-7178-4a19-8b0f-d582052e665f,Auth:1
9f4f8ed1-71a5-430b-bd7d-528b49d72ba1,Auth:1
9f4f8ed1-71d0-4907-8134-30ace5908a01,Auth:1
9f4f8ed1-71f9-4d10-8609-7b2cd6e825e9,Auth:1
9f4f8ed1-7221-46f8-846b-af603483b38b,Auth:1
9f4f8ed1-724b-4d03-9271-dd1bf7ff2bc7,Auth:1
9f4f8ed1-7272-4231-938e-aee753eafde4,Auth:1
9f4f8ed1-729d-4989-87e4-9d52aa0e9540,Auth:1
9f4f8ed1-72c5-44a2-9d9d-d37e4f6153e3,Auth:1
9f4f8ed1-72fb-44aa-9f13-19b90c7336a9,Auth:1
9f4f8ed1-7325-433a-a3b1-a27aed55d5ab,Auth:1
9f4f8ed1-7359-46da-b903-3ae745fc56c8,Auth:1
9f4f8ed1-737a-4159-9a41-a81cbc145503,Auth:1
9f4f8ed1-73d5-47d1-adb1-ea44014065d9,Auth:1
9f4f8ed1-73f4-4080-8ff1-cd7c76071658,Auth:1
9f4f8ed1-7487-4ba9-9a75-abc61f2bb40d,Auth:1
9f4f8ed1-74bb-4a85-a92e-5d3068363f4d,Auth:1
9f4f8ed1-74f2-4181-bc3d-ab4232b881bd,Auth:1
9f4f8ed1-7524-4590-b67a-c7a2440d4067,Auth:1
9f4f8ed1-7544-4acb-aaa4-55b91d8c0626,Auth:1
9f4f8ed1-7624-4546-9554-df267dab2bd1,Auth:1
9f4f8ed1-765e-4b19-91b7-891688c0875c,Auth:1
9f4f8ed1-768b-4f4c-9f3c-1fb7d5bbad26,Auth:1
9f4f8ed1-76bd-4ecf-b607-7e1f81663ba8,Auth:1
9f4f8ed1-76e3-42be-8fb0-c35652c819ca,Auth:1
9f4f8ed1-77c3-4dc7-b6fd-6a9acabb13d3,Auth:1
9f4f8ed1-77ff-4290-86fd-60633040cfd3,Auth:1
9f4f8ed1-782c-4d7f-a1d4-690eabb12766,Auth:1
9f4f8ed1-785b-4dbf-93e0-819c799240f6,Auth:1
9f4f8ed1-787a-40c0-8345-e73ddd56e96b,Auth:1
9f4f8ed1-78a4-4ea2-a944-57ac4ce117c6,Auth:1
9f4f8ed1-78da-49a0-a4ed-ca9aad842ed8,Auth:1
9f4f8ed1-790e-4b82-81fb-535c5f647901,Auth:1
9f4f8ed1-793b-4bf2-828b-144eed05666e,Auth:1
9f4f8ed1-795d-4ba1-a0a1-f4152fe15948,Auth:1
9f4f8ed1-797b-43f6-90c6-1f15c5ecc2fd,Auth:1
9f4f8ed1-79a6-4347-a679-805d2a788934,Auth:1
9f4f8ed1-79c6-4eb3-bba0-9c46b08d9b85,Auth:1
9f4f8ed1-79e6-4326-9091-2c19dbc87040,Auth:1
9f4f8ed1-7c1f-4fbd-858c-48ddbb5cc701,Auth:1
9f4f8ed1-7c41-434a-8bca-a8de977463d0,Auth:1
9f4f8ed1-7c60-4f99-b3ff-8a79034c4259,Auth:1
9f4f8ed1-7c7f-49d4-9cd0-dc854f12bd58,Auth:1
9f4f8ed1-7caa-4774-bd4d-6d28d451ee9e,Auth:1
9f4f8ed1-7cd4-4888-9f71-fac13dc9eebc,Auth:1
9f4f8ed1-7cfe-4344-bb09-ab032fc45917,Auth:1
9f4f8ed1-7d34-4398-844b-64650fca28a7,Auth:1
9f4f8ed1-7d5c-4c38-9fc4-523cdc0c39df,Auth:1
9f4f8ed1-7d88-444c-9178-dffde6ac2f47,Auth:1
9f4f8ed1-7e18-4c2c-8640-eed7eead5ae6,Auth:1
9f4f8ed1-7e43-4c9d-ae33-e0918ae30eaf,Auth:1
9f4f8ed1-7e8c-4614-b8e6-420fc1568a2a,Auth:1
9f4f8ed1-7ebc-4adb-8ce3-0b45f8ec4625,Auth:1
9f4f8ed1-7eea-4c04-9a1a-5be8fd4cf672,Auth:1
9f4f8ed1-7f15-41fe-ae3e-9015d48f5baf,Auth:1
9f4f8ed1-7f41-4096-bedf-30f8fcdaf569,Auth:1
9f4f8ed1-7f6a-4bb9-9c17-6abf8708be77,Auth:1
9f4f8ed1-7f95-48b4-b7c0-27cf8e9f29cf,Auth:1
9f4f8ed1-7fc2-4bbb-8d25-31d65e508304,Auth:1
9f4f8ed1-7fee-45d0-beca-1eab278134b7,Auth:1
9f4f8ed1-8018-4511-afc4-40ae1d4b7981,Auth:1
9f4f8ed1-8041-46ac-bad2-3289c8e21d11,Auth:1
9f4f8ed1-806d-48ff-8cf0-ce0c6535192b,Auth:1
9f4f8ed1-8097-4e56-8424-e1642969e825,Auth:1
9f4f8ed1-80c0-4870-aa98-5d87cf6f3a7d,Auth:1
9f4f8ed1-80f4-4000-93ee-f0034aeedc99,Auth:1
9f4f8ed1-811f-44eb-9b7f-6876ff229b28,Auth:1
9f4f8ed1-8155-47b8-8541-21ec1e922bd8,Auth:1
9f4f8ed1-8186-48aa-aa26-01250cba3019,Auth:1
9f4f8ed1-8208-41bb-b30b-9b1b03fffe8d,Auth:1
9f4f8ed1-822d-4d60-ba49-5aea1d0c34e4,Auth:1
9f4f8ed1-82dc-4c7e-a376-f32ee849f167,Auth:1
9f4f8ed1-8315-4d35-8572-b0becb863342,Auth:1
9f4f8ed1-8346-4f3a-8676-07f4aa09aacd,Auth:1
9f4f8ed1-837c-4c7e-bbe0-952de7bab00e,Auth:1
9f4f8ed1-839d-4269-9d62-947c6d8286f1,Auth:1
9f4f8ed1-8480-4d90-b443-88e84677ef64,Auth:1
9f4f8ed1-84ba-4b30-97ca-57edbca554f4,Auth:1
9f4f8ed1-84e5-4203-80ae-0bb9da043dd2,Auth:1
9f4f8ed1-8516-4f4f-bc2d-fb4520a2f309,Auth:1
9f4f8ed1-8538-441a-8312-32d94d4a24df,Auth:1
9f4f8ed1-8621-42e7-a0e1-f530ff8c5853,Auth:1
9f4f8ed1-865e-461d-b522-953d20902c01,Auth:1
9f4f8ed1-8687-44a6-bfd4-5e7df8aa5423,Auth:1
9f4f8ed1-86bb-4a54-85a9-7d2be8e52b53,Auth:1
9f4f8ed1-86dc-42c3-a981-ad19dc4cb993,Auth:1
9f4f8ed1-8706-4e03-8f82-041e072091e3,Auth:1
9f4f8ed1-8740-46af-bfff-9d7c6c1c53af,Auth:1
9f4f8ed1-8778-414f-90b5-e62c18c8d55c,Auth:1
9f4f8ed1-87a7-411d-b8f0-0292e461807c,Auth:1
9f4f8ed1-87ca-4c05-b664-bbb1083b94ac,Auth:1
9f4f8ed1-87e8-49c6-b658-55cf497c5219,Auth:1
9f4f8ed1-880c-4d28-b3e5-09c3d5ccb930,Auth:1
9f4f8ed1-882c-40e9-9087-2e69b4e303e7,Auth:1
9f4f8ed1-884c-4a75-9cff-b77fb5726bdf,Auth:1
9f4f8ed1-8a71-4bdf-94aa-bde76bc2cd53,Auth:1
9f4f8ed1-8a9a-412a-ab42-471c1f163a02,Auth:1
9f4f8ed1-8abc-493d-8912-683ef9be4ff2,Auth:1
9f4f8ed1-8ada-4edb-8573-738afd04a920,Auth:1
9f4f8ed1-8b09-4a21-9d02-c5c604dfc6a1,Auth:1
9f4f8ed1-8b32-4c28-a4b1-87ac4a16fcb5,Auth:1
9f4f8ed1-8b61-46e6-86be-cb47d8ad2943,Auth:1
9f4f8ed1-8b8a-4601-958d-0d860332742d,Auth:1
9f4f8ed1-8bb5-47d0-b9dc-23e4664b651c,Auth:1
9f4f8ed1-8bd9-4e9a-a2fe-7a2173a6efbd,Auth:1
9f4f8ed1-8c48-4245-a956-f828a864f188,Auth:1
9f4f8ed1-8c75-4cbb-90f3-78d8350cece9,Auth:1
9f4f8ed1-8cb9-4064-912c-bdd10a6ec3c8,Auth:1
9f4f8ed1-8cea-4adb-956a-1a04d7237beb,Auth:1
9f4f8ed1-8d12-4bc8-9dde-fa78e90af35f,Auth:1
9f4f8ed1-8d3e-49a4-a901-13ff489667a6,Auth:1
9f4f8ed1-8d6b-41c3-acaa-4c02b42f2b23,Auth:1
9f4f8ed1-8d94-42b1-827d-669b3ef285c7,Auth:1
9f4f8ed1-8dbf-4ba4-8aa9-ae999e0c0cfe,Auth:1
9f4f8ed1-8df1-403f-9b50-decaadc7ff1b,Auth:1
9f4f8ed1-8e1c-4795-b878-bd65d791b0f5,Auth:1
9f4f8ed1-8e47-47b6-8959-ef7f61d48ab7,Auth:1
9f4f8ed1-8e75-4129-91fc-72c3f33b1c59,Auth:1
9f4f8ed1-8e9d-4064-99bd-8e9424eda916,Auth:1
9f4f8ed1-8ecc-46b6-ba28-07560802a0fa,Auth:1
9f4f8ed1-8ef5-4559-8eea-78fb2a8828d5,Auth:1
9f4f8ed1-8f2e-4a83-abac-bda5e8855497,Auth:1
9f4f8ed1-8f57-4eea-881e-188a79a2a551,Auth:1
9f4f8ed1-8f95-44fd-aba9-0e0685606433,Auth:1
9f4f8ed1-8fb8-47b4-945f-a694507816e0,Auth:1
9f4f8ed1-9026-4093-b5fc-3336ca0fe267,Auth:1
9f4f8ed1-9049-4096-aee9-ba0b4b13937b,Auth:1
9f4f8ed1-90ed-49fd-8d0f-37e7217c2622,Auth:1
9f4f8ed1-9128-449b-9247-33664cb36f81,Auth:1
9f4f8ed1-9159-4f84-a19f-3dc552efce36,Auth:1
9f4f8ed1-9191-41ce-92a8-86aaf3f51298,Auth:1
9f4f8ed1-91b2-4274-b420-05e73e9ce463,Auth:1
9f4f8ed1-92b0-46b5-93eb-800003925c24,Auth:1
9f4f8ed1-92ec-449b-b5f2-45d5e62306eb,Auth:1
9f4f8ed1-9316-4402-a69a-751d9d33df46,Auth:1
9f4f8ed1-9349-4ff0-92a8-7ae188d7b240,Auth:1
9f4f8ed1-936b-4d5d-ae6b-a01ec0dbe32f,Auth:1
9f4f8ed1-945b-4fd3-bd22-282c3580b25b,Auth:1
9f4f8ed1-9498-48e2-928c-bb9be349484c,Auth:1
9f4f8ed1-94c0-412d-99bf-49f5f3d4982c,Auth:1
9f4f8ed1-94f6-4933-a5df-7dd334e50400,Auth:1
9f4f8ed1-9517-4a6a-b32d-b8511080a714,Auth:1
9f4f8ed1-9546-4391-ba07-4c3aa0900f35,Auth:1
9f4f8ed1-957e-4dc4-8e44-5afdbf901e88,Auth:1
9f4f8ed1-95b8-48c8-8ea1-4638f45d7fdd,Auth:1
9f4f8ed1-95e3-4912-b51b-bc4352811a8f,Auth:1
9f4f8ed1-960a-4b32-a8a4-42a6f1934d32,Auth:1
9f4f8ed1-9628-428e-af30-33986ee0fcaa,Auth:1
9f4f8ed1-964e-4b37-b50c-9bb32f7ab557,Auth:1
9f4f8ed1-9671-48c1-9366-94af85a0e186,Auth:1
9f4f8ed1-968f-490a-bc37-9db87b76c86c,Auth:1
9f4f8ed1-98b0-4805-a425-743b8a1432e6,Auth:1
9f4f8ed1-98d8-4e3f-bdf8-39bb5800659e,Auth:1
9f4f8ed1-98f9-47e4-b64f-91059e422ad8,Auth:1
9f4f8ed1-991c-4b62-b830-3cd9e12cf252,Auth:1
9f4f8ed1-9945-4400-a258-90bcf674f500,Auth:1
9f4f8ed1-9973-48c1-b33a-b0e253baf888,Auth:1
9f4f8ed1-999e-4a89-8f98-830c2a56a282,Auth:1
9f4f8ed1-99d1-40fe-86a9-7ce9614990a2,Auth:1
9f4f8ed1-99fb-4c7e-803d-393652ec7e0d,Auth:1
9f4f8ed1-9a23-4fcc-b266-61f51b854298,Auth:1
9f4f8ed1-9a59-4816-8270-ab15c5ef7b38,Auth:1
9f4f8ed1-9a85-4e87-a9d4-d4e160c2542e,Auth:1
9f4f8ed1-9ab0-48f0-986a-2ee356f5cc0b,Auth:1
9f4f8ed1-9adb-4c1d-86bd-11b25bfbbc28,Auth:1
9f4f8ed1-9b08-4a81-9cfd-7cad58a29702,Auth:1
9f4f8ed1-9b31-4590-afc0-93386cade529,Auth:1
9f4f8ed1-9b61-48a9-bff4-48e031c06c80,Auth:1
9f4f8ed1-9b8a-4b59-8868-4bc55dd00102,Auth:1
9f4f8ed1-9bb5-4e93-816e-d37b86fb1f7e,Auth:1
9f4f8ed1-9be8-4a45-8627-c525bccacea1,Auth:1
9f4f8ed1-9c1b-4df0-972b-f761776d60c2,Auth:1
9f4f8ed1-9c49-4d7f-bcda-9d372713cf83,Auth:1
9f4f8ed1-9c77-4781-a3ec-0362d0aa9b67,Auth:1
9f4f8ed1-9ca1-4542-8ddc-c92015433fe6,Auth:1
9f4f8ed1-9ccd-455f-93c3-8d7871ac48ac,Auth:1
9f4f8ed1-9cfa-485a-90ba-071c93223846,Auth:1
9f4f8ed1-9d30-4f50-97f0-c56c81250801,Auth:1
9f4f8ed1-9d5d-4ac1-99b8-d34e36413342,Auth:1
9f4f8ed1-9d94-4ccc-84d3-69c1e0246534,Auth:1
9f4f8ed1-9db9-4289-8f64-2d77c5561895,Auth:1
9f4f8ed1-9e26-4262-acb2-71e5e6537da7,Auth:1
9f4f8ed1-9e47-4b05-bfc9-8134e12c24d2,Auth:1
9f4f8ed1-9eea-45ff-953b-7ec30615824f,Auth:1
9f4f8ed1-9f23-410e-8dca-c0a948998dd1,Auth:1
9f4f8ed1-9f54-4497-85a8-931ca3d2c1ee,Auth:1
9f4f8ed1-9f8c-43c6-bb86-9f92bc7c9cfb,Auth:1
9f4f8ed1-9fae-4565-b6b0-9e64617bef2a,Auth:1
9f4f8ed1-a09b-43c4-846a-8407fb44fe3d,Auth:1
9f4f8ed1-a0dc-400c-98e4-fe29432f9a03,Auth:1
9f4f8ed1-a109-4667-8d84-b8d9f8f3d663,Auth:1
9f4f8ed1-a13b-422a-9493-c67c2e4c93e5,Auth:1
9f4f8ed1-a15a-4bc7-b1a4-ed9b0ceb5ae8,Auth:1
9f4f8ed1-a252-4be5-b52e-16a30b411036,Auth:1
9f4f8ed1-a28d-4a40-88cc-3b3f55660f39,Auth:1
9f4f8ed1-a2b8-4a7d-9da8-385b65faf922,Auth:1
9f4f8ed1-a2ed-4ead-8b4e-6e131dd6fcf0,Auth:1
9f4f8ed1-a310-4eb5-bcca-c160ac6388ca,Auth:1
9f4f8ed1-a33b-447f-b119-82262db491d3,Auth:1
9f4f8ed1-a376-415b-a970-7e1353ac0b14,Auth:1
9f4f8ed1-a3ac-4cf3-ab71-99d13f314b63,Auth:1
9f4f8ed1-a3dc-4ce6-b2cd-372ad3db267c,Auth:1
9f4f8ed1-a3fe-4c4c-9696-f6840c09a9d6,Auth:1
9f4f8ed1-a41e-4c8a-ba92-cc54da8a2822,Auth:1
9f4f8ed1-a444-4fd7-addb-d473115a3023,Auth:1
9f4f8ed1-a463-46cc-8170-5e7b039e2311,Auth:1
9f4f8ed1-a485-40ad-aa8f-a61102ea7d6f,Auth:1
9f4f8ed1-a700-417d-a64e-fa30d600c23b,Auth:1
9f4f8ed1-a729-4fe3-a9b8-97365a92d31c,Auth:1
9f4f8ed1-a74b-43d2-85ff-65d955a69b26,Auth:1
9f4f8ed1-a76b-4e97-8716-50f00dd5249e,Auth:1
9f4f8ed1-a79c-4302-9f99-5d5ca46714ed,Auth:1
9f4f8ed1-a7c7-4fa1-b285-0763b3b46d87,Auth:1
9f4f8ed1-a7f7-4f71-9776-eff9ea829d5d,Auth:1
9f4f8ed1-a821-4b5f-b8f5-d10a2401bdf7,Auth:1
9f4f8ed1-a851-4c25-836f-00f1ba2262d3,Auth:1
9f4f8ed1-a878-4234-9df6-05a46fa4b5f0,Auth:1
9f4f8ed1-a8ec-4ac3-9461-cd3b3207b2be,Auth:1
9f4f8ed1-a91b-40da-b142-794d9a0f9d51,Auth:1
9f4f8ed1-a960-40eb-84cc-23056fc26ddd,Auth:1
9f4f8ed1-a992-46b6-a28f-ae1ff43a8ec7,Auth:1
9f4f8ed1-a9c5-4fc0-badb-df35b5b26db8,Auth:1
9f4f8ed1-a9f8-4d13-a36b-6acce46ba346,Auth:1
9f4f8ed1-aa27-4a22-b27b-d0ecc173612e,Auth:1
9f4f8ed1-aa51-4060-aa13-9a21614471a1,Auth:1
9f4f8ed1-aa7a-41a8-8593-c3b966484f40,Auth:1
9f4f8ed1-aaa9-4a40-8c31-1ab497c3d4b5,Auth:1
9f4f8ed1-aad1-43c0-b222-e5818288423c,Auth:1
9f4f8ed1-aafc-4417-85eb-b5e78d93d2bc,Auth:1
9f4f8ed1-ab27-419f-87d4-20220f6d85b0,Auth:1
9f4f8ed1-ab53-4c58-87ec-88597a2ddd7f,Auth:1
9f4f8ed1-ab7e-4bef-a7f7-3bba34bf998c,Auth:1
9f4f8ed1-aba7-4744-b2f5-5cc0bca756c8,Auth:1
9f4f8ed1-abde-47bb-9047-a83c670f9849,Auth:1
9f4f8ed1-ac06-4a2c-b429-0a802dcbbd70,Auth:1
9f4f8ed1-ac3d-49d6-819e-5b9e8ca74682,Auth:1
9f4f8ed1-ac5f-4453-a13c-0d0b269ac4d2,Auth:1
9f4f8ed1-acc2-4b63-b807-3c01b1b8a5d6,Auth:1
9f4f8ed1-ace5-4d25-bde9-a9f87337083b,Auth:1
9f4f8ed1-ad85-470c-9f07-82cc873574d3,Auth:1
9f4f8ed1-adbc-4fed-95ba-87e77d9ee1f1,Auth:1
9f4f8ed1-ade9-45f1-907d-24732d7af98b,Auth:1
9f4f8ed1-ae20-4c55-81f1-e1a697f2093c,Auth:1
9f4f8ed1-ae3f-4317-bed9-7b203028d1b3,Auth:1
9f4f8ed1-af2f-4cee-a1fc-95e5081d93e0,Auth:1
9f4f8ed1-af6a-4d85-8565-9066b014104f,Auth:1
9f4f8ed1-af97-487f-82ef-3b932d611fb2,Auth:1
9f4f8ed1-afc8-4c59-a782-15b7fe972a1c,Auth:1
9f4f8ed1-afe9-49ad-85b7-e80331dcb073,Auth:1
9f4f8ed1-b0d0-47b5-87e5-dca822b39dec,Auth:1
9f4f8ed1-b10a-47df-9743-7096ee37be4a,Auth:1
9f4f8ed1-b138-4e6a-b350-0aeba62fe832,Auth:1
9f4f8ed1-b16d-4329-813a-b05d39ffcf29,Auth:1
9f4f8ed1-b191-472c-a949-8a541c3106fb,Auth:1
9f4f8ed1-b1ba-4198-a98c-6ebb04dcfdb0,Auth:1
9f4f8ed1-b1fb-4859-a649-c1cbae7ed616,Auth:1
9f4f8ed1-b22f-4484-aeff-773d396d749c,Auth:1
9f4f8ed1-b25e-4052-9e37-c7856252957c,Auth:1
9f4f8ed1-b27f-4bff-ae53-1e6347977084,Auth:1
9f4f8ed1-b2a0-49da-93d2-674afbd52332,Auth:1
9f4f8ed1-b2c8-4613-b25d-09bed52e1bf9,Auth:1
9f4f8ed1-b2e7-4d68-bb88-c9d127bf2c5c,Auth:1
9f4f8ed1-b30b-46ce-afc8-55233924f480,Auth:1
9f4f8ed1-b333-4c6f-80a4-6b5f5f37e8e4,Auth:1
9f4f8ed1-b388-402c-8cfb-21f20bfb623f,Auth:1
9f4f8ed1-b3df-47fb-a44d-4389d814f415,Auth:1
9f4f8ed1-b4bf-48c8-b68f-3b2d83d80e9e,Auth:1
9f4f8ed1-b4f7-4513-b355-1b4f28a66e71,Auth:1
9f4f8ed1-b521-4298-8574-dae69232df13,Auth:1
9f4f8ed1-b542-4b3d-8dee-b22f7241aa8e,Auth:1
9f4f8ed1-b56d-4e37-bc5f-bd1d53b73117,Auth:1
9f4f8ed1-b5ac-4a75-b42d-d8a811155c25,Auth:1
9f4f8ed1-b5d2-4c22-a8cc-e63d053476bd,Auth:1
9f4f8ed1-b605-45bb-bdef-6645eb4c9377,Auth:1
9f4f8ed1-b62f-4e63-829c-e21c75f030d1,Auth:1
9f4f8ed1-b659-4b7e-a2a9-75fa4bb9e644,Auth:1
9f4f8ed1-b68a-4a34-8967-a188efd49c91,Auth:1
9f4f8ed1-b6c9-4546-857c-45b93a07b638,Auth:1
9f4f8ed1-b70f-4a24-8e86-ac8cfc89c36e,Auth:1
9f4f8ed1-b73b-4da8-83d1-2cc53f3cef57,Auth:1
9f4f8ed1-b785-4ceb-9e8e-4f4ad9a7557b,Auth:1
9f4f8ed1-b7ab-4e47-8fd3-4460c944de9e,Auth:1
9f4f8ed1-b7d5-47c6-959f-d96f8dcbc789,Auth:1
9f4f8ed1-b818-4b15-8124-433637e9cfd3,Auth:1
9f4f8ed1-b83e-40a7-83b9-3fa798bb9ac0,Auth:1
9f4f8ed1-b882-4d52-9ca7-728324f01d1a,Auth:1
9f4f8ed1-b8a7-4b53-bc1e-9263db6d3f9d,Auth:1
9f4f8ed1-b8dd-4832-b168-5bb75f8221f3,Auth:1
9f4f8ed1-b936-4eec-881a-1255eaf152d3,Auth:1
9f4f8ed1-b957-4e17-8922-057cb7a10dea,Auth:1
9f4f8ed1-b97c-4849-870d-4e641c5ee1e8,Auth:1
9f4f8ed1-ba23-4649-9b7b-a7775c800ade,Auth:1
9f4f8ed1-ba40-4e2b-8921-cca024d8183e,Auth:1
9f4f8ed1-ba60-4dd1-aae5-fef2c21c319e,Auth:1
9f4f8ed1-badc-4cb8-bcb9-76c2bb21ec9d,Auth:1
9f4f8ed1-baf9-4d51-9a79-affab8846f28,Auth:1
9f4f8ed1-bb1a-4e3b-ad61-f494a1ed6053,Auth:1
9f4f8ed1-bb98-4d67-921d-2b09b544a9d1,Auth:1
9f4f8ed1-bbb5-4087-bb1f-cc6f37434ec9,Auth:1
9f4f8ed1-bbd4-4809-a364-2cab4dccf38d,Auth:1
9f4f8ed1-bc31-4e09-8e35-b314dfaf32db,Auth:1
9f4f8ed1-bc5d-4873-bc86-57fbe6b0a99c,Auth:1
9f4f8ed1-c04b-430e-856f-2d0fe6bf451c,Auth:1
9f4f8ed1-c085-47ce-b3ee-bfaa8839d12a,Auth:1
9f4f8ed1-c1ad-422f-a344-23bb36670495,Auth:1
9f4f8ed1-c1d3-4470-9852-2c55201c9705,Auth:1
9f4f8ed1-c204-45a3-8354-02573db31d85,Auth:1
9f4f8ed1-c22e-4674-88e6-6793cc07d386,Auth:1
9f4f8ed1-c260-4333-8e4e-4b64a9e074f5,Auth:1
9f4f8ed1-c290-49d8-a9b9-1ba675387e08,Auth:1
9f4f8ed1-c2bb-439a-ac45-be6982124c63,Auth:1
9f4f8ed1-c339-45a5-89ac-1def8b3aa552,Auth:1
9f4f8ed1-c363-4bfd-be62-ddcfc3d81ba4,Auth:1
9f4f8ed1-c387-490f-9bba-b08b38accb51,Auth:1
9f4f8ed1-c3b2-4255-98c8-23d97720875b,Auth:1
9f4f8ed1-c3d3-4861-952f-17a0adca8f7e,Auth:1
9f4f8ed1-c3f5-440e-b34e-ca9789a266a2,Auth:1
9f4f8ed1-c418-496e-89cf-a43b64f0df34,Auth:1
9f4f8ed1-c438-44ed-b80d-efa97fa3edf8,Auth:1
9f4f8ed1-c45c-4f8f-87de-c666ad160d69,Auth:1
9f4f8ed1-c47a-49fe-967c-4aec38af5d61,Auth:1
9f4f8ed1-c49d-4cd7-a8d9-390e930f3793,Auth:1
9f4f8ed1-c4c4-475a-9813-5f8cb8fc0fac,Auth:1
9f4f8ed1-c4eb-4138-9323-53d9980061d0,Auth:1
9f4f8ed1-c50c-407a-9450-a65a28ad0e18,Auth:1
9f4f8ed1-c529-4833-87cc-d6575024a846,Auth:1
9f4f8ed1-c558-4b9e-8132-3dd140571a88,Auth:1
9f4f8ed1-c63f-4084-af4e-94187c13ad28,Auth:1
9f4f8ed1-c679-4b69-9b9a-e09f4db3f631,Auth:1
9f4f8ed1-c6a2-43c5-a9dc-3c91b4b22a1b,Auth:1
9f4f8ed1-c6c5-42b6-8a40-1bdefab95670,Auth:1
9f4f8ed1-c6ea-4a13-90e4-41f8fa1ad36e,Auth:1
9f4f8ed1-c70c-40f6-bed4-0d2354383804,Auth:1
9f4f8ed1-c741-4bb7-96cd-9a4f7e4809fb,Auth:1
9f4f8ed1-c761-4ffc-b990-31a80b622406,Auth:1
9f4f8ed1-c794-4d64-9192-6acf60db04e7,Auth:1
9f4f8ed1-c7be-4a92-b7b0-fae29007edee,Auth:1
9f4f8ed1-c7e0-4e4c-9c7b-a09e2f2dc6d9,Auth:1
9f4f8ed1-c805-4c5b-aaad-6c19594b4d59,Auth:1
9f4f8ed1-c824-4c70-85c4-7850aefcd8ad,Auth:1
9f4f8ed1-c85e-4316-be02-f06bf6562c86,Auth:1
9f4f8ed1-c87e-4d98-8157-1d4e5f312884,Auth:1
9f4f8ed1-c8af-401c-a9bc-056e8f2d1b2c,Auth:1
9f4f8ed1-c8d3-451f-9292-518f4c029d09,Auth:1
9f4f8ed1-c8f2-47ca-bce1-669e57a5ad50,Auth:1
9f4f8ed1-c919-4fad-9e53-1622814563c6,Auth:1
9f4f8ed1-c93a-4a66-99a0-5519d91e19df,Auth:1
9f4f8ed1-c962-42d3-9793-d7bd903d85ec,Auth:1
9f4f8ed1-c981-4c1d-ae6a-d6b5f0b82f73,Auth:1
9f4f8ed1-c9cb-4ffd-9c9e-a1f82dc766e3,Auth:1
9f4f8ed1-c9ec-442e-a8ef-a22a9337ff35,Auth:1
9f4f8ed1-ca1a-4463-8745-88a3c5055d55,Auth:1
9f4f8ed1-ca42-4707-84ee-d5e3b78a995f,Auth:1
9f4f8ed1-ca61-4a0d-8161-f34dc162a1df,Auth:1
9f4f8ed1-ca86-4258-b59d-cd35a4b1a51b,Auth:1
9f4f8ed1-caa6-49cc-a534-3385623b9217,Auth:1
9f4f8ed1-cacd-4fd1-9830-eefb38bec060,Auth:1
9f4f8ed1-caec-4f22-8acd-e423f6f983fe,Auth:1
9f4f8ed1-cb12-4c35-ac61-ed37646b8454,Auth:1
9f4f8ed1-cb31-4eed-921d-1d68cf6b0dad,Auth:1
9f4f8ed1-cb57-4724-95aa-35cf701de577,Auth:1
9f4f8ed1-cb76-484c-8152-723a60c3f8e7,Auth:1
9f4f8ed1-cba4-4855-b3f7-6e54cd937e94,Auth:1
9f4f8ed1-cbc7-42b1-98ec-470fb3b4b8d4,Auth:1
9f4f8ed1-cbf4-4764-bd92-83fb38d4d05a,Auth:1
9f4f8ed1-cc1d-431d-88c9-d3f32935d119,Auth:1
9f4f8ed1-cc3d-44c3-b386-4753f209ce17,Auth:1
9f4f8ed1-cc77-4efa-9d58-2173e3a77163,Auth:1
9f4f8ed1-cc9e-4449-83a5-753a6cb6ec55,Auth:1
9f4f8ed1-cccb-43ea-a57e-a23fee97478b,Auth:1
9f4f8ed1-ccef-452c-8820-5a3d62c712af,Auth:1
9f4f8ed1-cd0f-4095-bf10-4ce08e056e88,Auth:1
9f4f8ed1-cd33-4489-9e9c-c1ffecb7083e,Auth:1
9f4f8ed1-cd55-44a6-96b4-7c908ccc14a8,Auth:1
9f4f8ed1-cd83-4124-aa37-7344369d66b3,Auth:1
9f4f8ed1-cda3-44a2-8639-4d10dfbe7f61,Auth:1
9f4f8ed1-cde5-45ca-a1cc-0c3dc15e9655,Auth:1
9f4f8ed1-ce0e-4af0-ae1e-5fb939ad014d,Auth:1
9f4f8ed1-ce8d-4f48-8ed8-2ad6ae3bbaed,Auth:1
9f4f8ed1-ceb0-42ae-be27-efae9102468d,Auth:1
9f4f8ed1-cf0c-4b97-9dae-b767d861b033,Auth:1
9f4f8ed1-cfec-461e-bfe9-cfdfe9985ece,Auth:1
9f4f8ed2-6cda-4102-be13-bd43e954f2d8,Spatie\Multitenancy\Models\Tenant
9f4f8ed2-6cfe-4438-93ed-c39912bf3f41,Spatie\Multitenancy\Models\Tenant:4
9f4f8ed2-6d22-4b3c-af71-29bd8f867623,Spatie\Multitenancy\Models\Tenant:4
9f4f8ed2-6d32-4e1f-9ba7-ae68ac564b2e,Spatie\Multitenancy\Models\Tenant
9f4f8ed2-6d60-4a52-a80c-9da6e7baf0de,Spatie\Multitenancy\Models\Tenant:4
9f4f8ed2-6d90-4574-84af-c57201160bd7,Spatie\Multitenancy\Models\Tenant:4
9f4f8ed2-6fa8-4d07-a93a-93efa1919bee,App\Models\User
9f4f8ed2-6fee-4658-b14b-2edee390cae3,Auth:1
9f4f8ed2-7009-4944-a258-ac0ba0eb1dfe,Auth:1
9f4f8ed2-709f-4401-bfd7-73208652d9cd,Auth:1
9f4f8ed2-70af-4484-bb66-01d29c64be52,App\Models\User
9f4f8ed2-70b7-45d3-b09e-21f022dbeb9b,Auth:1
9f4f8ed2-70c1-472d-b117-9b0f0525e70e,Spatie\Multitenancy\Models\Tenant
9f4f8ed2-70e5-403e-b38a-9fdfc8ea6568,Spatie\Multitenancy\Models\Tenant:4
9f4f8ed2-710e-43f5-8a76-ede595c8beeb,Auth:1
9f4f8ed2-710f-4f4a-9a9c-4b57b3e05f02,Spatie\Multitenancy\Models\Tenant:4
9f4f8ed2-7130-4a02-aa74-d26994f65567,Auth:1
9f4f8ed2-71e3-4fd3-bca3-551de0143475,Auth:1
9f4f8ed2-7206-4912-9482-40395860893a,Auth:1
9f4f8ed2-7383-4b51-b615-ab0ae06e591d,Auth:1
9f4f8ed2-73a2-42fc-89fb-b41b120a38a8,App\Models\Order
9f4f8ed2-73a2-42fc-89fb-b41b120a38a8,Auth:1
9f4f8ed2-73a6-4493-9316-87e08edafc49,App\Models\User
9f4f8ed2-73e9-414d-b3d5-307dce7f08a7,Auth:1
9f4f8ed2-7404-4db8-bf01-bd3400ad5bcc,Auth:1
9f4f8ed2-747f-4a82-889b-733ac9abe439,Auth:1
9f4f8ed2-74a1-453f-893c-969b35d455eb,App\Models\Order
9f4f8ed2-74a1-453f-893c-969b35d455eb,Auth:1
9f4f8ed2-74c9-4311-aa05-84b4bce685ca,Auth:1
9f4f8ed2-74ea-4bd1-9e11-8484e6890bde,Auth:1
9f4f8ed2-74f5-48dd-80fa-a9639358093f,Auth:1
9f4f8ed2-7539-41fd-ba45-8f2b691aa361,Auth:1
9f4f8ed2-7565-43ab-89a4-b682ea38da96,Auth:1
9f4f8ed2-7585-4106-a9d9-c6571869df37,Auth:1
9f4f8ed2-7591-465b-bf0f-1aab6f2187ad,Auth:1
9f4f8ed2-75b2-4e10-a106-8b70408a857d,Auth:1
9f4f8ed2-75e1-4bc4-be0d-559e621e8bb3,Auth:1
9f4f8ed2-7614-4114-8fac-b89121e39daa,Auth:1
9f4f8ed2-7636-42ed-9acf-ebc545f02ec9,Auth:1
9f4f8ed2-765e-4fa9-af90-2922ce1984ba,Auth:1
9f4f8ed2-767c-4f1c-8496-2e0237d8c5e0,Auth:1
9f4f8ed2-7739-46d4-b72b-88f69e38f8e5,Auth:1
9f4f8ed2-7755-4931-9c10-dfd10726d904,Auth:1
9f4f8ed2-7788-4db9-9d67-e7a4828ffaeb,App\Models\Order
9f4f8ed2-7788-4db9-9d67-e7a4828ffaeb,Auth:1
9f4f8ed2-7a3e-43b4-b6ec-aca0e10ad667,Auth:1
9f4f8ed2-7a8a-4574-a1f5-1b0d78b3c405,Auth:1
9f4f8ed2-7ab6-4281-92f0-351b2d492be4,Auth:1
9f4f8ed2-7adb-4031-9448-e390a7d91e11,Auth:1
9f4f8ed2-7b02-453f-a7eb-3dbf0ef28e51,Auth:1
9f4f8ed2-7c3d-4c6e-a523-644cda1f4f96,Auth:1
9f4f8ed2-8549-4c2d-897c-0cbeae551416,Spatie\Multitenancy\Models\Tenant
9f4f8ed2-8582-414a-bc49-0d2216933084,Spatie\Multitenancy\Models\Tenant:4
9f4f8ed2-85a7-4e85-8b3f-3fd1a66c7e86,Spatie\Multitenancy\Models\Tenant:4
9f4f8ed2-897f-4dac-8b21-bdc2f4ca6344,App\Models\User
9f4f8ed2-89e3-473a-95c7-17d287213a31,Auth:1
9f4f8ed2-8a05-4877-a6a5-ff3f3eb75b03,Auth:1
9f4f8ed2-8aba-4b5b-83e0-2cf0aaac9806,Auth:1
9f4f8ed2-8adb-4b08-8c27-ac3c603a0e40,Auth:1
9f4f8ed2-8cb7-4085-af8b-be243a5ffb32,Auth:1
9f4f8ed2-8cdc-4334-8bec-432145a39b64,App\Models\Order
9f4f8ed2-8cdc-4334-8bec-432145a39b64,Auth:1
9f4f8ed2-8f56-434d-96b2-09a2456a745c,Auth:1
9f4f8ed2-8fad-4adc-a9e4-1d369e6f64ce,Auth:1
9f4f8ed2-8fe2-498a-8370-3fbca383b36f,Auth:1
9f4f8ed2-9006-4871-8f91-98a724bef0c1,Auth:1
9f4f8ed2-9049-44fc-9205-9aa263ce023b,Auth:1
9f4f8ed2-9126-47ae-a857-9a6babda5a1c,Auth:1
9f4f8eda-8a5d-44c3-9f8e-28b0a4dfde0e,Spatie\Multitenancy\Models\Tenant
9f4f8eda-8a84-4399-b57c-83d3a3a615a2,Spatie\Multitenancy\Models\Tenant:4
9f4f8eda-8aa6-4df7-8ced-cd86883bd4ee,Spatie\Multitenancy\Models\Tenant:4
9f4f8eda-8d70-4c61-8679-5486b38f4eba,App\Models\User
9f4f8eda-8dba-4cfb-84e3-2227fb276a8d,Auth:1
9f4f8eda-8dd7-44bd-b5d3-040e97e59644,Auth:1
9f4f8eda-8fee-4ae4-b92b-c3f627eb2995,Auth:1
9f4f8eda-9017-4896-bddc-a4047d32486f,App\Models\Order
9f4f8eda-9017-4896-bddc-a4047d32486f,Auth:1
9f4f8eda-91b0-484f-bd4a-d85073719d3a,Auth:1
9f4f8eda-9201-4a68-910a-55dac830b975,Auth:1
9f4f8eda-923d-4460-af0f-7cb4557daae3,Auth:1
9f4f8eda-9260-4bcb-9eb5-0cf205c39231,Auth:1
9f4f8eda-9295-4fd3-916d-8075d3523849,Auth:1
9f4f8eda-9356-488b-a8fd-1be587db7853,Auth:1
9f4f8eda-9373-4cf2-9773-9bf6ddc0e562,Auth:1
9f4f8eda-954e-48ce-aafe-d0306c071b64,Auth:1
9f4f8eda-9640-43ea-a954-8cf7d84489c2,Auth:1
9f4f8eda-966f-45e0-8244-5278895581eb,Auth:1
9f4f8eda-9694-4483-a5e1-5d90bfcecb9c,Auth:1
9f4f8eda-96b9-4445-8205-d138cf275eb4,Auth:1
9f4f8eda-96df-4e5c-a9d8-1118e7c346e0,Auth:1
9f4f8eda-977b-4123-8c82-a3bfe0f4d42c,Auth:1
9f4f8eda-979d-4da8-941f-395788c84cff,Auth:1
9f4f8eda-99bb-4da9-86b9-2c41ebfea3a7,Auth:1
9f4f8eda-9c31-4468-baa9-4954b0fa37c0,Auth:1
9f4f8eda-9c5c-49fd-9276-f5afc9844699,Auth:1
9f4f8eda-9c81-4de3-a027-54d17ca1adc7,Auth:1
9f4f8eda-9ca1-4a7e-ae11-03c8996bea37,Auth:1
9f4f8eda-9cc5-464f-947e-6ff79197aaaf,Auth:1
9f4f8eda-9d61-46dd-b714-04c176eb30a8,Auth:1
9f4f8eda-9d7b-41f5-89ae-e9fd509061d0,Auth:1
9f4f8eda-9f4b-48d2-b7bb-aeb2ee22be00,Auth:1
9f4f8eda-a12e-4452-8168-ff652219d6d0,Auth:1
9f4f8eda-a157-4cde-a2fa-b5404b567629,Auth:1
9f4f8eda-a17a-4c50-9631-760ee701547a,Auth:1
9f4f8eda-a1aa-4e1a-9018-00e07937ffde,Auth:1
9f4f8eda-a1df-45a0-a266-bbc3c204ce78,Auth:1
9f4f8eda-a2c2-4dbf-b071-6995be0ace10,Auth:1
9f4f8edd-0f3c-415e-91d6-125162fb80a5,Spatie\Multitenancy\Models\Tenant
9f4f8edd-0f5f-4b75-842c-1fa597f793d4,Spatie\Multitenancy\Models\Tenant:4
9f4f8edd-0f84-4814-bfb3-70729338a533,Spatie\Multitenancy\Models\Tenant:4
9f4f8edd-11a8-45bb-9e3a-03136ec2dfa9,App\Models\User
9f4f8edd-11f5-421c-bca4-5da3b5f12364,Auth:1
9f4f8edd-1213-4417-9ffa-2e28e3711bc0,Auth:1
9f4f8edd-12ef-4984-abcc-7ec4936c296f,Auth:1
9f4f8edd-130d-4ceb-a223-703a9d800dab,App\Models\Order
9f4f8edd-130d-4ceb-a223-703a9d800dab,Auth:1
9f4f8edd-1f0d-43fe-ab5f-618cca5e63d0,Auth:1
9f4f8edd-20a5-477f-a0f0-36a900366df1,Auth:1
9f4f8edd-25fc-4137-b312-28bfcecd6e65,Auth:1
9f4f8edd-261d-42ac-ac09-aca5bd48fbd5,App\Models\PaymentMethod
9f4f8edd-261d-42ac-ac09-aca5bd48fbd5,Auth:1
9f4f8edd-2763-4524-9368-8bb712dac102,Auth:1
9f4f8edd-29f5-4e8b-aed5-65359c02e71a,Auth:1
9f4f8edd-2a70-4872-b767-96b42ed932d5,Auth:1
9f4f8edd-2ad4-4c1f-b9ff-7279fd94555b,Auth:1
9f4f8edd-2c96-47a3-9614-2ec2a76b977e,Auth:1
9f4f8edd-2d00-4241-a1ae-a1bde7736ab8,Auth:1
9f4f8edd-32d8-4c62-b401-ddd1403765b6,Auth:1
9f4f8edd-341a-463e-acb0-af34e62789c0,Auth:1
9f4f8edd-34bc-43e7-8a5d-b7c9e2f44eff,Auth:1
9f4f8edd-3763-4bca-92d1-85e2081f686b,Auth:1
9f4f8edd-3804-49b7-81a9-6e45ec31a3c4,Auth:1
9f4f8edd-383a-4f28-8024-721e4e566a8f,Auth:1
9f4f8edd-3940-45de-84b7-ee4317c620ea,Auth:1
9f4f8edd-3982-4fed-a91a-22d3b229a186,Auth:1
9f4f8edd-39b7-43af-8c3c-4d9900a2190e,Auth:1
9f4f8edd-39e7-4b59-ae66-199c09d45ba2,Auth:1
9f4f8edd-3a37-44aa-a026-c3f89d943421,Auth:1
9f4f8edd-3a65-49fe-84bf-ed81c214fedf,Auth:1
9f4f8edd-3a93-4a6e-aae7-694c98b3211d,Auth:1
9f4f8edd-3b1d-47e6-ace2-d2d82719c0e5,Auth:1
9f4f8edd-3b4e-4249-b024-9b1d46fd3718,Auth:1
9f4f8edd-3b7e-43e5-a259-2eba65c74c4c,Auth:1
9f4f8edd-3bcc-46f2-8340-4ba7810574f1,Auth:1
9f4f8edd-3bfa-4fc3-a13d-54646030c5eb,Auth:1
9f4f8edd-3c28-4537-af29-f5168f090aa9,Auth:1
9f4f8edd-3cb2-46cd-b9ef-9c30d0b709b1,Auth:1
9f4f8edd-3ce4-4046-8c4c-42ad4f4f653b,Auth:1
9f4f8edd-3d15-4d01-a139-6281590eff04,Auth:1
9f4f8edd-3d60-4058-8648-1871c9e0c8e3,Auth:1
9f4f8edd-3d90-4f19-a069-c532d244accd,Auth:1
9f4f8edd-3dc3-440a-8975-9d7748ffcba6,Auth:1
9f4f8edd-3e57-4b34-b4e9-743e31a1e239,Auth:1
9f4f8edd-3e88-457d-9268-2377f3f32a4d,Auth:1
9f4f8edd-3eb6-47c4-8d6e-999ba720a863,Auth:1
9f4f8edd-3f04-4b83-bfc6-744a16c69032,Auth:1
9f4f8edd-3f32-4ccd-8a6b-840b46b06442,Auth:1
9f4f8edd-3f56-4bd0-b609-9dd342fb05de,Auth:1
9f4f8edd-3f80-472b-b532-f3eb6b8e4647,Auth:1
9f4f8edd-3fac-46c6-a7f0-56cd00e683d3,Auth:1
9f4f8edd-3fd1-43b2-a6c0-24a144852c8d,Auth:1
9f4f8edd-3ffc-4a61-b259-e68592741d47,Auth:1
9f4f8edd-4040-44f2-981c-15003a19ae3e,Auth:1
9f4f8edd-408f-49fc-ae29-49eaadce2974,Auth:1
9f4f8edd-4114-4b75-8519-3fca7894f648,Auth:1
9f4f8edd-414d-4425-a74e-5de24ccfbd1b,Auth:1
9f4f8edd-417d-47e1-bb2a-5772266e71f2,Auth:1
9f4f8edd-41d0-4ba3-bd28-17296eea58db,Auth:1
9f4f8edd-41fd-4ca1-973a-6e0424817e60,Auth:1
9f4f8edd-422c-47d7-89f1-50ceeb7c85f4,Auth:1
9f4f8edd-42a9-409a-a079-a7015d4cd970,Auth:1
9f4f8edd-42de-4c61-a7ab-7f33fa3b66bb,Auth:1
9f4f8edd-4314-4aa0-a5ee-bd9121c49ff1,Auth:1
9f4f8edd-4362-42c5-92c8-d20cb80a163d,Auth:1
9f4f8edd-4392-4d22-9445-cc9f8c590e59,Auth:1
9f4f8edd-43c1-4cbc-8986-55ea6b77355b,Auth:1
9f4f8edd-444a-4a02-ab4c-9ef0f7787bd1,Auth:1
9f4f8edd-448d-459a-8f8c-7d0e855a3222,Auth:1
9f4f8edd-44bc-4712-987a-5f6daad0cf0e,Auth:1
9f4f8edd-450a-4c8f-9db3-8c292617fc6c,Auth:1
9f4f8edd-4538-4ed5-a7d2-3befad3f0e88,Auth:1
9f4f8edd-4566-4b72-a4a4-2e6a332ff3ce,Auth:1
9f4f8edd-45eb-45e9-9d10-825770c68909,Auth:1
9f4f8edd-461d-48d4-a8d4-70ba803ae33d,Auth:1
9f4f8edd-464a-48ff-a49f-8a265b7a6809,Auth:1
9f4f8edd-4699-4a67-995e-5e5ef9883f30,Auth:1
9f4f8edd-46c5-47ad-82b5-0068822217fa,Auth:1
9f4f8edd-46fb-46bc-8371-4a93c777c47c,Auth:1
9f4f8edd-47a8-4a8e-a55b-decebe8abeb9,Auth:1
9f4f8edd-47f1-4e81-bcfb-1c9c05c24ced,Auth:1
9f4f8edd-482b-44eb-9a52-14106829b747,Auth:1
9f4f8edd-487d-4c92-b547-1a668059dfd6,Auth:1
9f4f8edd-48aa-44cb-a45d-5c758599ff0d,Auth:1
9f4f8edd-48cd-4990-b385-3dbe899919da,Auth:1
9f4f8edd-48f7-4a12-baf6-7638496fa022,Auth:1
9f4f8edd-4919-43ab-b76a-b0816c56841b,Auth:1
9f4f8edd-493c-4a40-bb01-8415f9e285fa,Auth:1
9f4f8edd-4967-40d1-b199-951bbc037f44,Auth:1
9f4f8edd-49af-4796-b2c0-17aecaf70165,Auth:1
9f4f8edd-4a02-4f89-9544-2c04130d9b97,Auth:1
9f4f8edd-4b6b-441f-9c80-8537cbac5f23,Auth:1
9f4f8edd-4b8f-4f87-8547-b84c0b7ee9a2,App\Models\Address
9f4f8edd-4b8f-4f87-8547-b84c0b7ee9a2,Auth:1
9f4f8edd-4bbd-4ac0-a372-36c9467e8565,Auth:1
9f4f8edd-4bf7-464c-ad52-d2814f4168c7,Auth:1
9f4f8edd-4c2e-4b61-b778-2a663ddd817a,Auth:1
9f4f8edd-4c8d-4715-b6b4-7dbcf72d9bfa,Auth:1
9f4f8edd-4cbf-4dd8-8284-a15d30b5b295,Auth:1
9f4f8edd-4cef-4410-9f6b-a77d632f80e0,Auth:1
9f4f8edd-4d86-4081-a1da-260baf7c8b58,Auth:1
9f4f8edd-4dbc-4ce5-b543-2be46f12b537,Auth:1
9f4f8edd-4deb-48bd-8de0-6c41b08bc3e4,Auth:1
9f4f8edd-4e45-4de0-8068-8ae0721c217a,Auth:1
9f4f8edd-4e73-4709-a469-d36c7f4e53cc,Auth:1
9f4f8edd-4ea5-4e63-8551-867308b94316,Auth:1
9f4f8edd-4f34-445f-8ffb-90ea26a58647,Auth:1
9f4f8edd-4f67-4e26-9aca-15e9ad8f3a34,Auth:1
9f4f8edd-4f99-44a4-bccc-7118b0b00566,Auth:1
9f4f8edd-4fe8-4d60-a115-0feb9e6a3cc9,Auth:1
9f4f8edd-5015-49e2-9c2d-088dabad8446,Auth:1
9f4f8edd-5047-4a36-a34b-78ac9e91fae3,Auth:1
9f4f8edd-50cc-4a5d-8214-0c56d4818750,Auth:1
9f4f8edd-5107-451c-b94d-5206aaa6f11c,Auth:1
9f4f8edd-5134-49c1-aac2-b19523936388,Auth:1
9f4f8edd-5187-4bc1-8d96-f08ad7974345,Auth:1
9f4f8edd-51b9-4e7e-a884-1ef216189963,Auth:1
9f4f8edd-51db-4360-ba28-d9fa81688753,Auth:1
9f4f8edd-5203-4c9a-945f-807f1005f2f2,Auth:1
9f4f8edd-5226-4a8d-9c6d-d91408216f62,Auth:1
9f4f8edd-5253-4a95-a19e-1a898106205c,Auth:1
9f4f8edd-5286-496e-8f7c-0992117befa8,Auth:1
9f4f8edd-52cd-408a-a4bc-c6da3a32f85b,Auth:1
9f4f8edd-531e-43d9-a166-ec212cf6c490,Auth:1
9f4f8edd-5438-4bcd-b42b-837e583ccc26,Auth:1
9f4f8edd-545d-4651-91d5-0a0c096128cb,App\Models\ShippingMethod
9f4f8edd-545d-4651-91d5-0a0c096128cb,Auth:1
9f4f8edd-548f-474c-8c9c-817ce5c51bc0,Auth:1
9f4f8edd-54c2-4e6a-95da-294a388488e8,Auth:1
9f4f8edd-54f2-4a04-9cc4-c4163e5a74ba,Auth:1
9f4f8edd-5544-421e-b44c-f10e1c0e67ab,Auth:1
9f4f8edd-5574-4eca-ae73-cc61fb1c3773,Auth:1
9f4f8edd-55a4-4eeb-be53-0c914ff7a383,Auth:1
9f4f8edd-5621-4cf6-9686-1d3f397d15a2,Auth:1
9f4f8edd-5652-4688-a0a4-06f26f280d30,Auth:1
9f4f8edd-5683-4a0c-8520-0fa728666813,Auth:1
9f4f8edd-56d2-429a-b1c5-eed979bbbe3d,Auth:1
9f4f8edd-56fe-43e3-972f-d02a077448f9,Auth:1
9f4f8edd-5721-405a-9ec3-f8831421936b,Auth:1
9f4f8edd-5744-4194-8af2-47885d3e9dff,Auth:1
9f4f8edd-5765-4146-8557-0900ff8390f7,Auth:1
9f4f8edd-5784-43dc-8094-070b3123fbb3,Auth:1
9f4f8edd-57b1-4513-9d80-cc8525381490,Auth:1
9f4f8edd-57f9-4971-bb5c-4412fbb85ab9,Auth:1
9f4f8edd-5845-4946-b8f5-6c8bdc9d8602,Auth:1
9f4f8edd-595d-4260-9fcf-4ed48fbb21f2,Auth:1
9f4f8edd-5997-4d1c-a2f9-66ac12833a7e,Auth:1
9f4f8edd-59e9-465b-9d3a-b728fbcc92d8,Auth:1
9f4f8edd-5a19-4568-ab65-89073cf66a5d,Auth:1
9f4f8edd-5a40-47c7-880b-5903057270fc,Auth:1
9f4f8edd-5a65-4ec1-a0d4-cf9fadd0520a,Auth:1
9f4f8edd-5a86-4402-9b4f-bae6a1ed1087,Auth:1
9f4f8edd-5aa7-4d2c-b499-0fa4b2e18701,Auth:1
9f4f8edd-5aca-4d2f-9be0-45235875398c,Auth:1
9f4f8edd-5afa-46d2-ba00-89fc33eae41f,Auth:1
9f4f8edd-5b37-41cf-b435-940a32ca5a3e,Auth:1
9f4f8edd-5d54-4d84-a0de-93365618cbf0,Auth:1
9f4f8edd-5d76-45fe-b3be-086ba964f03c,App\Models\OrderItem
9f4f8edd-5d76-45fe-b3be-086ba964f03c,Auth:1
9f4f8edd-5da6-45f8-9940-6a1cc8431b61,Auth:1
9f4f8edd-5e01-40ad-959b-7e395a7f582d,Auth:1
9f4f8edd-5f08-437b-b57b-6d610129aff0,Auth:1
9f4f8edd-5f27-4d91-97b8-df6e95f36b0e,App\Models\Variant
9f4f8edd-5f27-4d91-97b8-df6e95f36b0e,Auth:1
9f4f8edd-5f95-4273-b1ba-ede17ae8967e,Auth:1
9f4f8edd-5fb2-499c-a020-9f5a061c6176,App\Models\Product
9f4f8edd-5fb2-499c-a020-9f5a061c6176,Auth:1
9f4f8edd-5fdb-4c64-8bdd-5871b9375c60,Auth:1
9f4f8edd-6011-4eea-aafb-397253812003,Auth:1
9f4f8edd-6042-406c-a471-740c5fe60196,Auth:1
9f4f8edd-6098-4cab-9d05-5fb4d1f05f45,Auth:1
9f4f8edd-60c9-4471-bb7a-55bc7cd1d26f,Auth:1
9f4f8edd-60fe-4a01-8122-112e61010964,Auth:1
9f4f8edd-61e3-4eb8-a7d5-6b0cf95863c2,Auth:1
9f4f8edd-6201-4e61-9010-d2df54813554,App\Models\VariantValue
9f4f8edd-6201-4e61-9010-d2df54813554,Auth:1
9f4f8edd-6225-426c-9285-e9dd7076e185,Auth:1
9f4f8edd-625d-41b8-a5c0-46ea49f182a8,Auth:1
9f4f8edd-628c-402f-95de-7428dcc4714f,Auth:1
9f4f8edd-62de-4fee-ab67-ae9b587576de,Auth:1
9f4f8edd-630f-4bf6-a51c-c039826554ec,Auth:1
9f4f8edd-6343-4d6d-88a3-56384677996b,Auth:1
9f4f8edd-6412-4115-8225-977b3366f123,Auth:1
9f4f8edd-6443-4c9c-895b-119f3b58fb89,Auth:1
9f4f8edd-647b-4e01-89f6-47bf0a2a9126,Auth:1
9f4f8edd-64b1-4fa5-abe4-7806ba5ca18c,Auth:1
9f4f8edd-6504-44d9-a9dd-1e18d0e04377,Auth:1
9f4f8edd-6536-4b7b-a08b-b5e67c0bd5e3,Auth:1
9f4f8edd-6568-4b96-94be-3f320814c5db,Auth:1
9f4f8edd-65f7-48ee-9c5a-929e9d56a946,Auth:1
9f4f8edd-6633-46f7-bc3f-76ce32691f07,Auth:1
9f4f8edd-6664-41e6-b895-847a27fe9421,Auth:1
9f4f8edd-66ba-4784-bcc7-59dece051d77,Auth:1
9f4f8edd-66e8-4867-a5b4-f49fea139f58,Auth:1
9f4f8edd-671c-48fe-a3c7-c303464ccf84,Auth:1
9f4f8edd-67a1-4d80-9545-f90525e77e9f,Auth:1
9f4f8edd-67d6-46c2-8612-b60e2856bdf5,Auth:1
9f4f8edd-6809-4bcf-99b0-f277ef763998,Auth:1
9f4f8edd-6867-42c5-8d7a-8f9c2ff735c3,Auth:1
9f4f8edd-689c-4ca8-9948-701e72d1f4f7,Auth:1
9f4f8edd-68bd-4ea1-836f-4cecaa792b18,Auth:1
9f4f8edd-68ea-4b46-bdd1-e881517a9803,Auth:1
9f4f8edd-693b-401a-86c4-443136c7cb89,Auth:1
9f4f8edd-6a64-4c48-a49f-23dff1e8e13b,Auth:1
9f4f8edd-6adb-4637-bf66-6de6b075a2f1,Auth:1
9f4f8edd-6b14-4a42-8c97-fc2536546315,Auth:1
9f4f8edd-6b5d-484e-89e7-e2dbd96dff40,Auth:1
9f4f8edd-6b8f-4163-9cf3-882de2afef29,Auth:1
9f4f8edd-6bec-4067-af3e-adf917c76caa,Auth:1
9f4f8edd-6c22-4fab-aa09-7946803e8d5d,Auth:1
9f4f8edd-6c53-4d5f-8c68-da2af68a4ae5,Auth:1
9f4f8edd-6d33-4d0c-9368-4d7ba4d4c324,Auth:1
9f4f8edd-6d62-4fa1-a80f-917294719606,Auth:1
9f4f8edd-6d96-4d2f-8067-e7058843765d,Auth:1
9f4f8edd-6dc6-4aec-896d-d59d84b04d1f,Auth:1
9f4f8edd-6e1a-4687-99f7-b65903c33ecd,Auth:1
9f4f8edd-6e49-4dc3-a0b3-223ee50a4c6b,Auth:1
9f4f8edd-6e7d-407e-aa4e-7273032abba2,Auth:1
9f4f8edd-6f50-4e1a-aadb-2dfb31c91e35,Auth:1
9f4f8edd-6f7c-4074-811b-be1df09c56ba,Auth:1
9f4f8edd-6fb4-427c-9e0e-306e05dc063e,Auth:1
9f4f8edd-6fe8-4f68-a1df-6cb9f255326f,Auth:1
9f4f8edd-703e-4db7-b483-3e70c55df80a,Auth:1
9f4f8edd-707a-4e2e-a102-c6e50b63b68c,Auth:1
9f4f8edd-70c8-4cde-b86e-6f787b9489ed,Auth:1
9f4f8edd-7152-45ac-a80d-d24ec53cf2c6,Auth:1
9f4f8edd-7186-4298-9d49-fe3006fe2302,Auth:1
9f4f8edd-71b6-44b9-a8b3-3259cbd3e60e,Auth:1
9f4f8edd-7208-480f-9c98-07dc42aa6fae,Auth:1
9f4f8edd-723c-4431-a293-e91230e0a26e,Auth:1
9f4f8edd-726f-4133-8d31-d83067827d5c,Auth:1
9f4f8edd-72f4-41d0-beb9-8af942752a99,Auth:1
9f4f8edd-7339-4970-af5a-7c8f75bbc472,Auth:1
9f4f8edd-737e-46f4-b060-fd874de28122,Auth:1
9f4f8edd-73ea-47b1-95d1-047094e79cec,Auth:1
9f4f8edd-7423-43cb-9a52-baa65b146cd4,Auth:1
9f4f8edd-7450-4932-a687-3e50968be3e9,Auth:1
9f4f8edd-747a-42b7-8846-498578bad48c,Auth:1
9f4f8edd-74a9-48de-bfc1-69f9d69dbb2d,Auth:1
9f4f8edd-74e8-49c3-a433-8cf2280fa9ab,Auth:1
9f4f8edd-753f-45f9-b0e6-7a8e831d2161,Auth:1
9f4f8edd-7576-45cd-b68e-8fdb0d1fccb3,Auth:1
9f4f8edd-759e-4328-a3e5-49c20927ce08,Auth:1
9f4f8edd-7657-45c2-a414-57c33be98eeb,Auth:1
9f4f8edd-7abf-48ef-9161-4d21dc0745d4,Auth:1
9f4f8edd-7ae3-4949-a831-314de7fdf74b,Auth:1
9f4f8edd-7b0a-4370-bef5-1e9d6f1604e3,Auth:1
9f4f8edd-7bfd-43a2-aca5-2d498088c52b,Auth:1
9f4f8edd-7c5e-4212-af23-a90aa721c8df,Auth:1
9f4f8edd-7c85-4ff8-90f9-a82641d8b284,Auth:1
9f4f8edd-7caa-47cf-bfac-68b5fffe8720,Auth:1
9f4f8edd-7cdc-4b7c-a5dd-78ddd82c7771,Auth:1
9f4f8edd-7d04-4ca1-aa2d-f4d204463878,Auth:1
9f4f8edd-7df0-4d8b-b9fa-2a0c75dd86b8,Auth:1
9f4f8edd-7e38-40fc-8be2-ca7360a42b7d,Auth:1
9f4f8edd-7e6a-4ce7-86f4-a24ddd39823e,Auth:1
9f4f8edd-7e94-427a-a161-ab80a6d053f6,Auth:1
9f4f8edd-7edf-49a8-a332-1375c7639358,Auth:1
9f4f8edd-7f11-407c-b271-3b2bd6702ef7,Auth:1
9f4f8edd-7f58-4187-824e-da5267dffa9f,Auth:1
9f4f8edd-7fc2-4ba8-9573-143f70caf561,Auth:1
9f4f8edd-7fef-4638-9fef-959c6f296c4e,Auth:1
9f4f8edd-8035-4604-8a9a-1d6b3229daf2,Auth:1
9f4f8edd-805a-4f04-8d69-4daccd9eeccc,Auth:1
9f4f8edd-808a-4f71-a77a-9c54092e015d,Auth:1
9f4f8edd-80b3-4fc4-b078-9c3a1ab6576c,Auth:1
9f4f8edd-80e1-424e-af15-bf7c6ff80aa5,Auth:1
9f4f8edd-82fb-4f26-809b-62d2c7f99535,Auth:1
9f4f8edd-8328-4d15-8d46-a981b0add1bc,Auth:1
9f4f8edd-844c-4b07-832b-47f25303a2aa,Auth:1
9f4f8edd-847b-4d0a-9f5d-989f25d4c305,Auth:1
9f4f8edd-84b0-4420-9aa9-6d9bb7f3aec8,Auth:1
9f4f8edd-84da-478c-a3b9-82b043538ff2,Auth:1
9f4f8edd-850a-4c94-837e-0cd0d7bcd47a,Auth:1
9f4f8edd-8539-4034-ae2f-cc536c3f681e,Auth:1
9f4f8edd-8564-4a7f-9fde-acf52746609b,Auth:1
9f4f8edd-85ca-4046-ae79-8ae4445bf2b6,Auth:1
9f4f8edd-85f3-41e2-9c0a-b9997d486b50,Auth:1
9f4f8edd-8616-491a-8347-b29ef293f7b0,Auth:1
9f4f8edd-8642-464d-abd3-20e5d6e371f9,Auth:1
9f4f8edd-8663-49c3-8075-ae97235ef1fd,Auth:1
9f4f8edd-8683-4820-9de6-6f5f096c926a,Auth:1
9f4f8edd-86a8-491a-ab76-9a13fd288e59,Auth:1
9f4f8edd-86c7-4d4d-9887-dfc03d8b48cd,Auth:1
9f4f8edd-86e9-45df-970e-d51c866cbb73,Auth:1
9f4f8edd-8709-4007-b90b-f5a12b5fee3e,Auth:1
9f4f8edd-872c-4d86-a825-8b7c29b3380b,Auth:1
9f4f8edd-875c-4527-a65d-5b3a8b55c186,Auth:1
9f4f8edd-8788-471c-a18f-272cdd99374d,Auth:1
9f4f8edd-87aa-4c44-b109-a9981ee50156,Auth:1
9f4f8edd-87c8-4bee-9aa2-b0d9f0891d2d,Auth:1
9f4f8edd-87f8-48ac-b9b3-49de95fd5379,Auth:1
9f4f8edd-890f-475c-8bbb-420d436400b9,Auth:1
9f4f8edd-894c-469e-9285-02971ed070c0,Auth:1
9f4f8edd-8975-4396-93c5-63497193f639,Auth:1
9f4f8edd-8999-4777-9df7-e4b27721dc48,Auth:1
9f4f8edd-89c1-46b5-8e33-e1769fd4f44e,Auth:1
9f4f8edd-89ee-4137-b585-bd9b7d7e1792,Auth:1
9f4f8edd-8a3d-4794-b183-6ea9bc7593a7,Auth:1
9f4f8edd-8a6e-42e1-ade8-38477f8fcbc7,Auth:1
9f4f8edd-8aaa-4823-9bd8-cd5a020969a7,Auth:1
9f4f8edd-8ad5-4958-adf6-b3c96ccd8466,Auth:1
9f4f8edd-8af8-488e-95df-2bf9994e66cf,Auth:1
9f4f8edd-8b1f-4319-98b2-4e6044986374,Auth:1
9f4f8edd-8b42-49e6-8a1c-a6854fe46172,Auth:1
9f4f8edd-8b7c-48e7-9331-079f87cd0a5a,Auth:1
9f4f8edd-8ba1-423e-8b0f-898173642314,Auth:1
9f4f8edd-8bd3-41f2-85b2-26347f828298,Auth:1
9f4f8edd-8bf6-4846-96a3-4b82830ec20d,Auth:1
9f4f8edd-8c1a-44d0-87b0-0c00984e43d3,Auth:1
9f4f8edd-8c45-4b27-bb3a-5b34ce62b64b,Auth:1
9f4f8edd-8c65-4949-8ae8-f16515b56f50,Auth:1
9f4f8edd-8c8b-4a17-8bcf-5f51c4a4eac0,Auth:1
9f4f8edd-8cad-4cb1-8e94-3ef06c25dd0e,Auth:1
9f4f8edd-8d00-4609-adb4-6117afdd3d90,Auth:1
9f4f8edd-8d21-4e1d-9fdf-38bbb62e386b,Auth:1
9f4f8edd-8d53-4618-9754-381884d4b590,Auth:1
9f4f8edd-8d79-49c0-af6b-3d99404b652f,Auth:1
9f4f8edd-8d9a-4e58-9a8f-b35718373e9d,Auth:1
9f4f8edd-8dc2-496f-a12e-6ae9cfa00d32,Auth:1
9f4f8edd-8de6-4faa-9687-7c749e663913,Auth:1
9f4f8edd-8e0d-4fd6-88a0-2042de5b6e10,Auth:1
9f4f8edd-8e2e-461c-8717-116cda8ba119,Auth:1
9f4f8edd-8e56-42aa-8fa7-55b4b4737778,Auth:1
9f4f8edd-8e7b-4858-a24b-3e638405cc28,Auth:1
9f4f8edd-8ea0-41c0-af7a-85a30d228117,Auth:1
9f4f8edd-8ec2-423c-91d0-9248c1ef3ac7,Auth:1
9f4f8edd-8ef6-4d7e-a3b6-548c70494b3a,Auth:1
9f4f8edd-8f15-4877-97b8-f732c7547f98,Auth:1
9f4f8edd-8f46-4c14-b405-9ca7c241b1ba,Auth:1
9f4f8edd-8f6c-4239-804f-168c0c304c59,Auth:1
9f4f8edd-8f93-47be-aa8d-62cf9fab25cf,Auth:1
9f4f8edd-8fce-4dbc-89a7-1eeba2e809f2,Auth:1
9f4f8edd-8fee-4278-ba99-935cb7011ec9,Auth:1
9f4f8edd-901e-4ec3-99d1-2a84297d2e49,Auth:1
9f4f8edd-9044-4d2f-ac2d-e87b3c6157e6,Auth:1
9f4f8edd-9066-487c-a02e-fdb66251c20d,Auth:1
9f4f8edd-908d-4f4d-ab86-3626531c07a0,Auth:1
9f4f8edd-90b2-467e-b823-1e7405efc7fd,Auth:1
9f4f8edd-90ea-4262-a275-6fb37a2fede3,Auth:1
9f4f8edd-910b-4efd-b6ab-318e614b3700,Auth:1
9f4f8edd-9149-443e-bd70-50dde2d9bcd3,Auth:1
9f4f8edd-9188-48b8-9437-176d1d0317e2,Auth:1
9f4f8edd-9226-4426-840d-4c0e0608ad7a,Auth:1
9f4f8edd-924f-4327-9cfa-c20d2915c9d5,Auth:1
9f4f8edd-92e7-486e-82d7-ee3a23d4abb6,Auth:1
9f4f8edd-93d0-4c00-87b2-68f44edbc035,Auth:1
9f4f8edf-26ff-4949-add9-8a54f48d07c4,Spatie\Multitenancy\Models\Tenant
9f4f8edf-2752-412e-a866-c49c8e83a550,Spatie\Multitenancy\Models\Tenant:4
9f4f8edf-278a-426d-b41e-b46ee0f6d857,Spatie\Multitenancy\Models\Tenant:4
9f4f8edf-2ae2-48ec-b60f-b777cab153dc,App\Models\User
9f4f8edf-2b29-4f8a-bb72-620b7ae97b33,Auth:1
9f4f8edf-2b47-4cc9-86bf-25d35f6df533,Auth:1
9f4f8edf-2bd3-47b4-9983-1f8115d9af6f,Auth:1
9f4f8edf-2bee-4f49-9386-dda9310fdffa,App\Models\Order
9f4f8edf-2bee-4f49-9386-dda9310fdffa,Auth:1
9f4f8edf-2d08-4fe5-a160-5fe90ad2c21f,Auth:1
9f4f8edf-2d21-4774-a5de-4dc86dc90502,Auth:1
9f4f8edf-2dba-4d00-8890-c8370c1b0bf7,Auth:1
9f4f8edf-3099-4475-aaba-2d9300dec487,Auth:1
9f4f8edf-3184-43b2-902b-a9859191f672,Auth:1
9f4f8edf-31bd-4e58-abae-cd34eefa947b,Auth:1
9f4f8edf-32a0-42b0-a61a-45a15859401a,Auth:1
9f4f8edf-32bb-4298-abb6-ef2569c00803,App\Models\PaymentMethod
9f4f8edf-32bb-4298-abb6-ef2569c00803,Auth:1
9f4f8edf-336e-40e7-9804-09526f2dd933,Auth:1
9f4f8edf-33eb-47da-a164-26f88641e21e,Auth:1
9f4f8edf-3407-4cc5-bfa3-b6869f797cf7,App\Models\OrderItem
9f4f8edf-3407-4cc5-bfa3-b6869f797cf7,Auth:1
9f4f8edf-3469-4275-9eac-bee9e6f9b5d9,Auth:1
9f4f8edf-3486-4cb6-adac-aa842b7c1a93,App\Models\Variant
9f4f8edf-3486-4cb6-adac-aa842b7c1a93,Auth:1
9f4f8edf-34e5-42d6-804e-15a1f9405fa4,Auth:1
9f4f8edf-3501-4fe5-b56b-7cbcd8802dd3,App\Models\Product
9f4f8edf-3501-4fe5-b56b-7cbcd8802dd3,Auth:1
9f4f8edf-3560-4146-b2dd-7319c1e8f410,Auth:1
9f4f8edf-36ab-4600-b01e-9a170aab0113,Auth:1
9f4f8edf-36de-4037-bc37-801da5a96d5b,Auth:1
9f4f8edf-371d-4cf8-b82e-f73dfeebfceb,Auth:1
9f4f8edf-3758-43fd-b03c-9c069dab34d9,Auth:1
9f4f8edf-3782-4fb7-9a2b-58ef85d97d57,Auth:1
9f4f8edf-37b5-4718-8733-703c55c518a6,Auth:1
9f4f8edf-37e4-483b-a20b-a1efb9c8c84a,Auth:1
9f4f8edf-391c-428e-a9b5-68d9c1390ab5,Auth:1
9f4f8edf-397a-4447-b5db-a377344c8029,Auth:1
9f4f8edf-39bb-4f7f-9861-9cacf019299a,Auth:1
9f4f8edf-39f1-4184-88c8-73026d225348,Auth:1
9f4f8edf-3a1a-40fb-a571-2e1bef3a9480,Auth:1
9f4f8edf-3aae-4db2-8760-a537d94b16e1,Auth:1
9f4f8edf-3acd-405e-962e-09bc119b5bf2,App\Models\VariantValue
9f4f8edf-3acd-405e-962e-09bc119b5bf2,Auth:1
9f4f8edf-3af0-4b17-872f-8a75b42a3fca,Auth:1
9f4f8edf-3b1d-41b7-a6a8-df38308fc38f,Auth:1
9f4f8edf-3b46-4c7e-a063-45ee95681a83,Auth:1
9f4f8edf-3ba8-490d-bb09-766cac59f06c,Auth:1
9f4f8edf-3be6-4d82-b618-a1ea6750522b,Auth:1
9f4f8edf-3c28-4e45-b0d1-dcaf7d746096,Auth:1
9f4f8edf-3c6a-4e78-80d8-42a89b7eb21d,Auth:1
9f4f8edf-3ca8-4355-b39d-39fab956a3bd,Auth:1
9f4f8edf-3ce9-42ae-b624-f77106f0dd89,Auth:1
9f4f8edf-3d2c-4e6f-97d9-fa5790dbb4ad,Auth:1
9f4f8edf-3d6c-466b-8714-28fd6da1d4fe,Auth:1
9f4f8edf-3dac-4415-93d0-2cd0972256c5,Auth:1
9f4f8edf-3def-4653-9833-dc09d3f4634b,Auth:1
9f4f8edf-3e30-465a-a0dc-eb7f0d08bb89,Auth:1
9f4f8edf-3e72-4369-8e0e-465371951733,Auth:1
9f4f8edf-3eb7-497f-9d59-66340aa2ec98,Auth:1
9f4f8edf-3ef8-4e9c-b41c-9acf51895457,Auth:1
9f4f8edf-3f36-452f-8a67-996288fe8ba6,Auth:1
9f4f8edf-40bd-4787-a001-e89ccbb50efe,Auth:1
9f4f8edf-422f-4aef-9169-ad2d5ef0ac76,Auth:1
9f4f8edf-42b0-4b7c-8ae7-fd92e450dc8d,Auth:1
9f4f8edf-43db-4e61-8838-7689561f15e7,Auth:1
9f4f8edf-4434-4e00-a997-dd9e0d4d5a68,Auth:1
9f4f8edf-4485-42a4-a99d-72b8fd27bc1d,Auth:1
9f4f8edf-44b8-4a75-92e0-6e1d3676cfb2,Auth:1
9f4f8edf-44dc-4e38-aedf-2b7a2e2fabd2,Auth:1
9f4f8edf-44fd-4743-a409-8c21494f9519,Auth:1
9f4f8edf-45ca-49d4-9c1a-f5773cff4a22,Auth:1
9f4f8edf-45fa-4e52-98e2-1d3dd9f6ffbb,Auth:1
9f4f8edf-462e-4112-b98d-fcb01d9b901f,Auth:1
9f4f8edf-4663-4807-87d3-f89e1a3cd101,Auth:1
9f4f8edf-4690-4a20-b0a3-bed17e43dc76,Auth:1
9f4f8edf-4719-4f87-9594-6f8287ee6f21,Auth:1
9f4f8edf-474b-4ace-8e54-f73d7424d1a4,Auth:1
9f4f8edf-477b-4d9a-b74c-8ca35fdd5113,Auth:1
9f4f8edf-47a3-450e-9f5c-54c541766d82,Auth:1
9f4f8edf-481e-498d-8c02-7b6c36c2daa2,Auth:1
9f4f8edf-485d-429f-b385-610045e8d9af,Auth:1
9f4f8edf-4896-43d1-8b36-48f47de27120,Auth:1
9f4f8edf-48d9-4ad0-9c1c-8eb99b20a0f2,Auth:1
9f4f8edf-4917-42e4-adad-07fb1162883b,Auth:1
9f4f8edf-4958-4309-9990-c99296eedb34,Auth:1
9f4f8edf-499c-45d9-bdcc-bb0c3f848ef5,Auth:1
9f4f8edf-49dc-4d9c-ab37-0e825460ef33,Auth:1
9f4f8edf-4a1e-42c9-84fe-8e687258569a,Auth:1
9f4f8edf-4a60-43db-956b-7f26f720bebb,Auth:1
9f4f8edf-4a9f-467f-a193-4c61e6752665,Auth:1
9f4f8edf-4ae0-450e-b04e-ad118f8e53e6,Auth:1
9f4f8edf-4b24-41fe-ad1d-6a4cac8fd299,Auth:1
9f4f8edf-4b61-4533-966f-8adc1e972b41,Auth:1
9f4f8edf-4b8e-4117-881e-64dde6cd78f8,Auth:1
9f4f8edf-4cd4-4151-a078-b29a80776cfe,Auth:1
9f4f8edf-4d1d-427b-86c1-609bb1b75b8e,Auth:1
9f4f8edf-4d72-4bfb-81a1-1928fb687b9a,Auth:1
9f4f8edf-4dc4-45eb-b2f2-a8cfa24f275c,Auth:1
9f4f8edf-4e09-4937-973b-1e05523f5105,Auth:1
9f4f8edf-4e46-42ed-bc5d-9fdd4aebfa26,Auth:1
9f4f8edf-4e78-47c0-b143-9dabfee60ae1,Auth:1
9f4f8edf-4ea0-41e9-8bdf-e0cf88804913,Auth:1
9f4f8edf-4ec1-4aac-b71b-838b8d0952d8,Auth:1
9f4f8edf-4ee5-4a0c-8600-e28769ac26d9,Auth:1
9f4f8edf-4f13-4150-89d4-917aa85381dd,Auth:1
9f4f8edf-4f32-4c57-8cdf-af132ef267a6,Auth:1
9f4f8edf-4f75-4695-a0fd-75983c7515de,Auth:1
9f4f8edf-4f98-4559-ad92-dca20300228c,Auth:1
9f4f8edf-4fc6-47f2-899b-96333a924859,Auth:1
9f4f8edf-4fe3-42be-b673-d2faf99933ae,Auth:1
9f4f8edf-5005-41bc-a714-b7b10529fc7e,Auth:1
9f4f8edf-5027-4303-bb9a-367afc7ca455,Auth:1
9f4f8edf-504a-4624-b731-72d840d416e6,Auth:1
9f4f8edf-507a-4cbb-b406-5fb236df8e56,Auth:1
9f4f8edf-50a2-48e8-9e9d-a18f4e2f1b75,Auth:1
9f4f8edf-50dc-4dfd-8ad6-d978ea457fd7,Auth:1
9f4f8edf-5104-43a2-bde9-c8f96e92ab60,Auth:1
9f4f8edf-5138-4e24-b4d0-9d5cbe0ee415,Auth:1
9f4f8edf-527e-4576-9f79-ef12098f89b9,Auth:1
9f4f8ee1-4930-4291-a83e-9a584ab07c3c,Spatie\Multitenancy\Models\Tenant
9f4f8ee1-4956-4bc4-8dfd-d953ec0ab738,Spatie\Multitenancy\Models\Tenant:4
9f4f8ee1-497b-4c6d-951f-9b0e30238e66,Spatie\Multitenancy\Models\Tenant:4
9f4f8ee1-4c02-4d1d-919f-efe9c7dd318c,App\Models\User
9f4f8ee1-4c5c-48b0-af72-7fa9fa6b9a26,Auth:1
9f4f8ee1-4c78-49ed-bb92-c24cb57c6c2f,Auth:1
9f4f8ee1-4f0c-4925-850d-43f6797fefae,Auth:1
9f4f8ee1-4f45-4a19-a800-f633e28fa41e,Auth:1
9f4f8ee1-4f7e-43e7-866b-5da19e1c73de,Auth:1
9f4f8ee1-4faf-41b2-af5d-ab6608b67111,Auth:1
9f4f8ee1-4fd8-491d-beac-6da96131ab7b,Auth:1
9f4f8ee1-4ffb-4c58-948a-ad5618bf8334,Auth:1
9f4f8ee1-5026-45b6-a927-9d75b84456c1,Auth:1
9f4f8ee1-5064-4113-9124-4b19999617fe,Auth:1
9f4f8ee1-5223-45ac-9399-8bc5d22a8ef3,Auth:1
9f4f8ee1-53a7-4976-9113-d35aaf3a949f,Auth:1
9f4f8ee1-53c9-4793-b79e-618060e1e87e,App\Models\Order
9f4f8ee1-53c9-4793-b79e-618060e1e87e,Auth:1
9f4f8ee1-544d-41f3-9c35-144c95033ea7,Auth:1
9f4f8ee1-552d-49d2-aed5-ba81fb413568,Auth:1
9f4f8ee1-554a-40f2-91b3-f4328d477b84,App\Models\ShippingMethod
9f4f8ee1-554a-40f2-91b3-f4328d477b84,Auth:1
9f4f8ee1-55a6-4962-bd9c-9ef2815daefb,Auth:1
9f4f8ee1-5612-4e48-ab5c-099665283628,Auth:1
9f4f8ee1-5637-489f-b6c5-e85eb3deeb8b,Auth:1
9f4f8ee1-56c6-4251-a540-f6638b87a401,Auth:1
9f4f8ee1-56ea-4049-b5f6-30aa2eb29016,Auth:1
9f4f8ee1-5724-49cc-828e-0f399d3daebc,Auth:1
9f4f8ee1-575a-4630-9b24-8cf1a6d100e8,Auth:1
9f4f8ee1-5798-4dac-ac3e-eb42dc04a40e,Auth:1
9f4f8ee1-57df-408a-8a74-6fed43c63ccb,Auth:1
9f4f8ee1-5808-476d-8d29-94dffd915769,Auth:1
9f4f8ee1-5875-427e-a1a4-5f968fad5ef4,Auth:1
9f4f8ee1-58a0-4dd8-ad14-cc6f2336b6cb,Auth:1
9f4f8ee1-58d6-4072-ab56-f3e2492392c0,Auth:1
9f4f8ee1-5910-4161-990a-d846ce5d2464,Auth:1
9f4f8ee1-5936-49ef-b52b-7f9963eb59b7,Auth:1
9f4f8ee1-5961-4130-ab8c-de624bb398c7,Auth:1
9f4f8ee1-599a-48a0-b2b2-300fdd8df3eb,Auth:1
9f4f8ee1-59d0-4bc0-8e32-83665cc223f1,Auth:1
9f4f8ee1-59f4-44c9-802e-07657619f92a,Auth:1
9f4f8ee1-5a2d-46b0-9c23-2eeb6f30367f,Auth:1
9f4f8ee1-5a5a-42a9-95f1-b6e307c3e809,Auth:1
9f4f8ee1-5a8c-4548-a116-399a028fe75e,Auth:1
9f4f8ee1-5acb-4a31-a7f1-d4f89f0b19be,Auth:1
9f4f8ee1-5af1-4650-801a-53d1ee2c7fe1,Auth:1
9f4f8ee1-5b32-4196-8a72-088cbe557b78,Auth:1
9f4f8ee1-5b5c-438d-a9bd-af63bccb6d6e,Auth:1
9f4f8ee1-5b95-4e25-a724-01e3b61f8b27,Auth:1
9f4f8ee1-5bc3-4fc4-9b46-887424ca3a2f,Auth:1
9f4f8ee1-5c00-46c4-adbb-3bd8d6688423,Auth:1
9f4f8ee1-5c2e-440f-8045-466ecd012040,Auth:1
9f4f8ee1-5c63-4e3c-badb-629709fa3d17,Auth:1
9f4f8ee1-5c8b-4125-971c-2d7167569dc1,Auth:1
9f4f8ee1-5cba-4b0b-a902-a7e5da4e3d07,Auth:1
9f4f8ee1-5cf9-4524-a179-5542610d4f19,Auth:1
9f4f8ee1-5d29-41c1-a2c4-ddf8b0f8c492,Auth:1
9f4f8ee1-5d7c-462a-a677-e7bbd2718608,Auth:1
9f4f8ee1-5e84-4e9d-8262-21e2ad2a5444,Auth:1
9f4f8ee1-5ebd-46b3-8521-a1110ad75a96,Auth:1
9f4f8ee1-5f0b-4f84-b93a-cc2bf79a2df9,Auth:1
9f4f8ee1-5f39-4a22-9961-592a7dbac5eb,Auth:1
9f4f8ee1-5f6e-4b12-85df-0d5e61cf16a7,Auth:1
9f4f8ee1-5f99-4881-82ec-4a0aed647915,Auth:1
9f4f8ee1-5fc3-4920-baf6-52571471720a,Auth:1
9f4f8ee1-5fe5-44f3-970e-2de965531324,Auth:1
9f4f8ee1-600b-4d24-a572-6f61352b4e40,Auth:1
9f4f8ee1-6041-432a-87b0-0820e8d823ee,Auth:1
9f4f8ee1-6073-41a9-8ab5-2927017fb817,Auth:1
9f4f8ee1-60c1-40ec-b701-5830bc5fc3de,Auth:1
9f4f8ee1-60f8-48fb-8e68-c25626f1af0f,Auth:1
9f4f8ee1-6133-47b2-b9fd-dc05d836d38e,Auth:1
9f4f8ee1-615d-4cc9-bb11-4e7a13228127,Auth:1
9f4f8ee1-6187-4970-a8f5-dcb83c333cb1,Auth:1
9f4f8ee1-61b0-4a75-9406-7a156f577f73,Auth:1
9f4f8ee1-61e1-4eb6-a5e8-af1320288c9e,Auth:1
9f4f8ee1-6213-44c5-869d-27c92fde526e,Auth:1
9f4f8ee1-623f-4503-8203-790799500549,Auth:1
9f4f8ee1-626f-4ace-af2a-b40cb2661c72,Auth:1
9f4f8ee1-6299-4991-9618-569fd1173f48,Auth:1
9f4f8ee1-62c8-435f-a4c0-5d33368582b1,Auth:1
9f4f8ee1-62f3-44b5-9178-8ff4feea9a3c,Auth:1
9f4f8ee1-631e-48a3-b756-75cd19dd54dc,Auth:1
9f4f8ee1-657d-460d-9d2e-8c452ba4c986,Auth:1
9f4f8ee1-65a7-40c1-a5c4-1e919f8710ae,Auth:1
9f4f8ee1-65ca-4d66-b0ed-0df47725b3d0,Auth:1
9f4f8ee1-65ea-4f7c-942e-dd1f51a28c2a,Auth:1
9f4f8ee1-661f-4729-9052-912fc584573e,Auth:1
9f4f8ee1-665d-49c0-a19f-03bbb962abab,Auth:1
9f4f8ee1-6695-4f3e-8bc7-3a12b628d992,Auth:1
9f4f8ee1-66c1-426b-80dc-0544fdff767d,Auth:1
9f4f8ee1-66eb-4844-8985-9fc1a847d54c,Auth:1
9f4f8ee1-6715-4cf2-b9f6-699e4626722e,Auth:1
9f4f8ee1-6743-4110-894d-cebbe44981c4,Auth:1
9f4f8ee1-676b-4a43-bd7c-429234e19c70,Auth:1
9f4f8ee1-6795-40cc-84f2-fae252d9a4c4,Auth:1
9f4f8ee1-67c4-4cae-b032-9049e8d07e1d,Auth:1
9f4f8ee1-67ee-49da-b149-449831ec6a46,Auth:1
9f4f8ee1-681e-4891-890a-0cf48c521c54,Auth:1
9f4f8ee1-6851-4bda-af89-168675bbdeb1,Auth:1
9f4f8ee1-687b-4077-b989-cdcc940a843a,Auth:1
9f4f8ee1-68a4-48c4-baa7-95aa855550a6,Auth:1
9f4f8ee1-68cf-4976-ab8e-44585cf48751,Auth:1
9f4f8ee1-68f7-42db-beed-bdddb7117d72,Auth:1
9f4f8ee1-6921-4672-ac63-a35138fb2f88,Auth:1
9f4f8ee1-6950-4da3-8416-70c0db37e518,Auth:1
9f4f8ee1-697a-4be7-aa9c-54fb26083dc3,Auth:1
9f4f8ee1-69a5-4216-8848-823cb71ce0c2,Auth:1
9f4f8ee1-69cf-4ef1-9214-0885621fd545,Auth:1
9f4f8ee1-6a07-4404-b69b-a74d4f3e2906,Auth:1
9f4f8ee1-6a32-4295-8f0b-9586097d31ff,Auth:1
9f4f8ee1-6a6e-4bf6-bca1-dcfdeaf48a9b,Auth:1
9f4f8ee1-6a92-48f0-a3d2-59aed5a76e03,Auth:1
9f4f8ee1-6aff-478d-9478-926807d95781,Auth:1
9f4f8ee1-6b28-4e8d-ac04-4e6586b7a4fb,Auth:1
9f4f8ee1-6bd1-4775-bbcb-4ef0a33df740,Auth:1
9f4f8ee1-6c1a-455c-9827-acf6f8e5fb6f,Auth:1
9f4f8ee1-6c4c-4934-8189-d914ae9baed3,Auth:1
9f4f8ee1-6c8c-439f-95d1-8b1e79b4d4dc,Auth:1
9f4f8ee1-6caf-410e-9ba0-a4b69d0865a5,Auth:1
9f4f8ee1-6db0-45de-86d0-63414ea01149,Auth:1
9f4f8ee1-6dfc-4521-9cb0-24858d0f507d,Auth:1
9f4f8ee1-6e28-446f-aeb7-c998362f7bcb,Auth:1
9f4f8ee1-6e63-4cc8-b46e-65cd260ab059,Auth:1
9f4f8ee1-6e86-42b5-94cb-abdf6a0f5a90,Auth:1
9f4f8ee1-6f5e-4bd5-b2ad-a262f36ed3ef,Auth:1
9f4f8ee1-6f82-4249-8293-1291a9a95a63,Auth:1
9f4f8ee1-6fad-46b5-9016-1c0d5348b323,Auth:1
9f4f8ee1-6fe1-4a79-be8d-4d59486fa569,Auth:1
9f4f8ee1-7001-4f8c-a37c-85d0c0b1c2e0,Auth:1
9f4f8ee1-702e-408c-9c9d-f9120ff50d11,Auth:1
9f4f8ee1-704f-400e-9b46-c24fa5da4d84,Auth:1
9f4f8ee1-7082-4f26-bbe6-fa3bd818de11,Auth:1
9f4f8ee1-70af-4453-9a28-f922a3c89cab,Auth:1
9f4f8ee1-70d3-4190-a895-821b1b460d69,Auth:1
9f4f8ee1-70ef-4d41-b990-4c0b9e066282,Auth:1
9f4f8ee1-7118-41b5-9b35-b3e23e33c729,Auth:1
9f4f8ee1-713d-41b3-a5a1-035f0923e1a8,Auth:1
9f4f8ee1-715c-4dba-9a4f-9b41cbc0462d,Auth:1
9f4f8ee1-735f-4699-bad9-05f05b763521,Auth:1
9f4f8ee1-7384-4a61-a38d-ff2501c99feb,Auth:1
9f4f8ee1-73a5-4b64-aa53-b2bd40684b86,Auth:1
9f4f8ee1-73c3-4966-b569-de85018b87e6,Auth:1
9f4f8ee1-73ef-4497-bc2a-bbd22691ff3c,Auth:1
9f4f8ee1-7418-46c8-ba98-c36abce1c77d,Auth:1
9f4f8ee1-7446-4ca7-9a05-9466ef726a37,Auth:1
9f4f8ee1-7471-4481-870f-e59074019730,Auth:1
9f4f8ee1-7499-436b-9b09-a133d43ad3a6,Auth:1
9f4f8ee1-74c5-4176-94ea-f8ad95b709cc,Auth:1
9f4f8ee1-74f0-4941-8436-6ca3beeddc21,Auth:1
9f4f8ee1-751b-46b3-9013-41d9d792bcaa,Auth:1
9f4f8ee1-7544-4b1b-b95e-05e97a08c31d,Auth:1
9f4f8ee1-7570-482d-b6fd-10f9c3f3387e,Auth:1
9f4f8ee1-759a-4ada-bc9a-3db334453c84,Auth:1
9f4f8ee1-75c7-4f0b-a2c5-a41627b91063,Auth:1
9f4f8ee1-75f3-454b-a2bb-4dc92af6bb59,Auth:1
9f4f8ee1-761a-432a-80b6-6edf2b7be1d2,Auth:1
9f4f8ee1-7644-4415-84cc-d51330b92939,Auth:1
9f4f8ee1-766d-4ba9-be08-73460b5834e6,Auth:1
9f4f8ee1-7697-4bf5-8b7a-a9b6a0a2cef6,Auth:1
9f4f8ee1-76c1-45cf-8238-3cc13b5f77df,Auth:1
9f4f8ee1-76ec-4496-926b-28cc1bcd8281,Auth:1
9f4f8ee1-7715-4742-9670-e191fd401886,Auth:1
9f4f8ee1-773d-4ecf-9973-a048f5f85872,Auth:1
9f4f8ee1-7769-4559-8cab-324f3d0da1e5,Auth:1
9f4f8ee1-779c-4d4c-9176-cc85e52e5a6a,Auth:1
9f4f8ee1-77c6-4aa5-bbfd-0f213df3054b,Auth:1
9f4f8ee1-77f9-47a9-bb8a-abd08a894b0d,Auth:1
9f4f8ee1-781c-491d-918b-086ae201d89b,Auth:1
9f4f8ee1-7885-4b89-89fe-bda8459b7bae,Auth:1
9f4f8ee1-78a7-4338-82c4-1e2ebd7eecca,Auth:1
9f4f8ee1-7946-4057-9489-63f41f57dcf4,Auth:1
9f4f8ee1-7964-4929-bca9-a2fecc90e8db,Auth:1
9f4f8ee1-7994-48f5-ae99-626384cc2a47,Auth:1
9f4f8ee1-79c7-481e-b0bc-48463df189bc,Auth:1
9f4f8ee1-79e8-4266-aec1-685fe534ab09,Auth:1
9f4f8ee1-7ad7-4728-84f4-1d85f8c8fc25,Auth:1
9f4f8ee1-7afb-4d49-8979-a702e81ee9df,Auth:1
9f4f8ee1-7b27-4df7-b016-4199518eeb6a,Auth:1
9f4f8ee1-7b57-4c76-bfe5-9e40bbb3345f,Auth:1
9f4f8ee1-7b79-4984-81ff-f186ceda44c7,Auth:1
9f4f8ee1-7c63-40fe-804a-59386ccb9000,Auth:1
9f4f8ee1-7c84-4f5b-ad49-8643f5878e30,Auth:1
9f4f8ee1-7cae-49eb-94c2-c802996b63c6,Auth:1
9f4f8ee1-7cde-40c6-a868-fe34e95012b2,Auth:1
9f4f8ee1-7d00-4176-8be2-c3b846ea6c02,Auth:1
9f4f8ee1-7d29-4b64-ae2a-0a4d7dc12723,Auth:1
9f4f8ee1-7d49-437d-a7ec-6ac76ea2a4a5,Auth:1
9f4f8ee1-7d7e-4fd6-9f6a-1d3a965b8fa8,Auth:1
9f4f8ee1-7dac-49d6-a277-261e597fbd5f,Auth:1
9f4f8ee1-7dd0-40e9-b0fb-abe60b971a2e,Auth:1
9f4f8ee1-7dec-4c53-83b3-b617d4ef95f5,Auth:1
9f4f8ee1-7e12-4feb-8795-bfd89b44f20a,Auth:1
9f4f8ee1-7e34-44e6-9ffd-64adaaaa5df8,Auth:1
9f4f8ee1-7e52-4b47-8f6d-5029a6c8db0b,Auth:1
9f4f8ee1-806e-4d81-a040-7e75a97d9141,Auth:1
9f4f8ee1-8093-4007-81e0-f1f8f885a833,Auth:1
9f4f8ee1-80b5-4007-859a-0c17c519016e,Auth:1
9f4f8ee1-80d7-4d83-b670-50be7cfc77f6,Auth:1
9f4f8ee1-8100-4622-b5a4-2dff268652d4,Auth:1
9f4f8ee1-8129-4710-9672-091bf470fce1,Auth:1
9f4f8ee1-8157-4a1c-bbf3-1a7978500c2a,Auth:1
9f4f8ee1-8180-4b75-8166-a9cb111941ff,Auth:1
9f4f8ee1-81ab-4fa9-8de2-6a043936d5d3,Auth:1
9f4f8ee1-81d3-4def-855e-a09ae7988234,Auth:1
9f4f8ee1-8266-4b98-905f-7795b502ad64,Auth:1
9f4f8ee1-828f-4903-ad20-99c5ddcf2857,Auth:1
9f4f8ee1-82d5-451e-8360-19c82dbc273d,Auth:1
9f4f8ee1-8300-41a3-8347-bb45d4f5f515,Auth:1
9f4f8ee1-832d-4845-a767-53e34e6b7490,Auth:1
9f4f8ee1-8356-473b-be5a-06ed83c9f280,Auth:1
9f4f8ee1-8385-47a9-b1a1-239adbb8382c,Auth:1
9f4f8ee1-83ae-4deb-9d15-7da87483846e,Auth:1
9f4f8ee1-83d9-4193-9ff8-9bd3d8c8bfd6,Auth:1
9f4f8ee1-8406-42fc-855b-c3065cc1c078,Auth:1
9f4f8ee1-842e-4df5-bc1d-65ebfb2c5375,Auth:1
9f4f8ee1-8459-4b3c-878d-a8baf9d9a4a7,Auth:1
9f4f8ee1-8483-40bc-989d-81d692da5f4d,Auth:1
9f4f8ee1-84ad-484f-928f-03028cf6c181,Auth:1
9f4f8ee1-84d7-41ff-a604-b231c1bf4ec8,Auth:1
9f4f8ee1-84fe-408e-9764-a1b0c9d265e4,Auth:1
9f4f8ee1-8532-4806-a465-933fe89b8ae0,Auth:1
9f4f8ee1-855f-4962-ab5b-9b6f0d108b2e,Auth:1
9f4f8ee1-8595-4229-8981-9440321b8f7d,Auth:1
9f4f8ee1-85b5-42cc-9307-57a1fec1659d,Auth:1
9f4f8ee1-8614-4b92-9640-32c9aea9e229,Auth:1
9f4f8ee1-8635-43d7-9036-d65566e35628,Auth:1
9f4f8ee1-86cd-412b-959b-d957364cfec8,Auth:1
9f4f8ee1-86f0-4532-b65a-209f6b2b9dad,Auth:1
9f4f8ee1-871e-42af-b878-5fc1295f8280,Auth:1
9f4f8ee1-8751-4151-b7ca-b580da26c313,Auth:1
9f4f8ee1-8771-42ba-add0-77bf2dfbb21f,Auth:1
9f4f8ee1-8852-40d3-956a-0c3f959c0729,Auth:1
9f4f8ee1-8876-4a05-a6c8-581b549d8dbd,Auth:1
9f4f8ee1-889d-4491-843c-c14013e9768a,Auth:1
9f4f8ee1-88cf-4565-91a8-c59e0b291f80,Auth:1
9f4f8ee1-88f0-4f43-917a-baf70f4ea867,Auth:1
9f4f8ee1-89d6-446f-a355-85848d7e749c,Auth:1
9f4f8ee1-89f7-41f5-a401-538071c43992,Auth:1
9f4f8ee1-8a21-4b30-83e1-5d0feee752a7,Auth:1
9f4f8ee1-8a53-47f8-99a7-1e9b2721e7c0,Auth:1
9f4f8ee1-8a75-465c-9d5e-4cb1992cf258,Auth:1
9f4f8ee1-8a9f-4e4e-b928-54ffe9cd7c48,Auth:1
9f4f8ee1-8ac1-4658-9073-9dadcd21f15b,Auth:1
9f4f8ee1-8af1-4bf3-836d-ae0f5d8986ca,Auth:1
9f4f8ee1-8b1c-4dae-99a8-2a7399916872,Auth:1
9f4f8ee1-8b3f-4110-81cc-997ff3b0a34d,Auth:1
9f4f8ee1-8b5a-4fcf-9681-5018485e33e6,Auth:1
9f4f8ee1-8b80-4287-ad53-0bbdc7c23399,Auth:1
9f4f8ee1-8ba2-4f5f-a46b-c522b92d2bd4,Auth:1
9f4f8ee1-8bc6-4946-b305-cdd9d6c4ac12,Auth:1
9f4f8ee1-8dee-4fe6-8053-f982f5a58a23,Auth:1
9f4f8ee1-8e12-48d9-90ff-95049aebda92,Auth:1
9f4f8ee1-8e35-45a7-ad37-a7dd454a0cfc,Auth:1
9f4f8ee1-8e55-4b75-bf5f-2be1a108cdfa,Auth:1
9f4f8ee1-8e81-4fe2-9fd3-3762fc044093,Auth:1
9f4f8ee1-8eaf-4219-ae65-c2c124ad141f,Auth:1
9f4f8ee1-8edc-40ef-bd2d-89a8c9a3daca,Auth:1
9f4f8ee1-8f09-480f-bd3b-2820ef327490,Auth:1
9f4f8ee1-8f31-4921-957a-5459cde9da0f,Auth:1
9f4f8ee1-8f57-4078-b73d-89342cd6c172,Auth:1
9f4f8ee1-8fc5-4758-9412-2c3ecc53bbd4,Auth:1
9f4f8ee1-8fed-4664-b1f5-56488bde96c6,Auth:1
9f4f8ee1-9034-4cfd-9893-658e8071ccf8,Auth:1
9f4f8ee1-9064-45de-9d37-4567ddc90e59,Auth:1
9f4f8ee1-9090-4aad-ab77-34544cc97ee4,Auth:1
9f4f8ee1-90b9-4f06-9dfc-270ad2ee5df0,Auth:1
9f4f8ee1-90e8-4be6-ae93-ff6493805690,Auth:1
9f4f8ee1-910f-42ff-bd28-624516e467ae,Auth:1
9f4f8ee1-9139-4e3e-856d-701d483663f5,Auth:1
9f4f8ee1-9168-4b25-a7c9-074d55c6de50,Auth:1
9f4f8ee1-9190-43b5-b739-2fb74514f3a0,Auth:1
9f4f8ee1-91bd-4754-adff-8ca0057521a8,Auth:1
9f4f8ee1-91ea-44b0-9719-ada54f29b3c3,Auth:1
9f4f8ee1-9215-4da5-a48b-f7d74a413064,Auth:1
9f4f8ee1-923d-4459-a1a2-ae9cd579e9ed,Auth:1
9f4f8ee1-926a-45e9-aaf5-662fea1a5ca3,Auth:1
9f4f8ee1-929b-4e36-bbc4-4188d2b5429d,Auth:1
9f4f8ee1-92c7-4ad9-b95d-d0868d2aa09c,Auth:1
9f4f8ee1-92fb-41cd-9306-75ec151fce00,Auth:1
9f4f8ee1-931c-46be-8634-9d88388818c9,Auth:1
9f4f8ee1-9380-4e53-97c7-a8aa6cda2a96,Auth:1
9f4f8ee1-93a2-49e4-b7da-8c0db5ebbe3e,Auth:1
9f4f8ee1-943a-4465-abc1-8c6aab3c0f0b,Auth:1
9f4f8ee1-945c-4e48-822a-fa2ddb1dc5ba,Auth:1
9f4f8ee1-9489-4626-a16e-c633ec09f3e4,Auth:1
9f4f8ee1-94c0-43ac-bfc2-7746ff5459ea,Auth:1
9f4f8ee1-94df-4973-84be-fd9ee6a7ed8b,Auth:1
9f4f8ee1-95c7-49dd-af38-63273efba2a0,Auth:1
9f4f8ee1-95ec-4ad8-9951-f15e8a4217e1,Auth:1
9f4f8ee1-9613-4f50-bff7-9c8dc8424388,Auth:1
9f4f8ee1-9645-4e7a-8ee5-af70cf5c3ced,Auth:1
9f4f8ee1-9666-4454-ba3d-bce5d1d330ab,Auth:1
9f4f8ee1-974b-489d-a40a-70b8f4416e4c,Auth:1
9f4f8ee1-976e-45ef-ac7c-55cad5678a30,Auth:1
9f4f8ee1-9795-45c3-a389-b314f46bda5f,Auth:1
9f4f8ee1-97c7-4932-a281-ff37680ab7e6,Auth:1
9f4f8ee1-97e8-40e3-a1bc-772ec623b842,Auth:1
9f4f8ee1-9813-46d5-a204-f8bc4fe67679,Auth:1
9f4f8ee1-9835-4c2c-aa15-94db39f35043,Auth:1
9f4f8ee1-9866-46d3-8a89-24c451ac229a,Auth:1
9f4f8ee1-9892-466a-90fe-c9aeb24b913c,Auth:1
9f4f8ee1-98b4-49c2-9207-28a4c3c92a47,Auth:1
9f4f8ee1-98cf-4cbc-b863-c81b6d80db8c,Auth:1
9f4f8ee1-98f5-43fe-92fb-3746407de76a,Auth:1
9f4f8ee1-9915-401e-beea-96701bd2e8ed,Auth:1
9f4f8ee1-9932-4b55-a577-bb743ed733f8,Auth:1
9f4f8ee1-9b4d-43ca-b277-acbe50e3e720,Auth:1
9f4f8ee1-9b72-491a-af38-588bfdbb0471,Auth:1
9f4f8ee1-9b94-4320-acf6-63e364ce4ad5,Auth:1
9f4f8ee1-9bb4-4a19-8870-5e6993a4ce48,Auth:1
9f4f8ee1-9bde-41ca-9554-bce7e28d010f,Auth:1
9f4f8ee1-9c0b-4380-8030-f88860b28c0b,Auth:1
9f4f8ee1-9c37-4fdb-b061-bda957b99cd8,Auth:1
9f4f8ee1-9c62-47fe-9061-09117cc995fd,Auth:1
9f4f8ee1-9c8b-435b-9b6d-88348a9e6f4f,Auth:1
9f4f8ee1-9cb2-4c2c-b770-8cd8b40eedf9,Auth:1
9f4f8ee1-9ce0-4d1c-bb65-7b00fa761771,Auth:1
9f4f8ee1-9d0c-4f77-9a4d-c4448a3407b6,Auth:1
9f4f8ee1-9d3a-44d4-af7b-786fbf0eb064,Auth:1
9f4f8ee1-9d69-4bbd-a99d-d0f4a41a97e5,Auth:1
9f4f8ee1-9d92-4f5e-8505-34b1fce93585,Auth:1
9f4f8ee1-9dbc-4004-b69a-b21e4fba367e,Auth:1
9f4f8ee1-9de9-410c-bc29-69b1e3334c9b,Auth:1
9f4f8ee1-9e10-4da3-91d0-741b385f4129,Auth:1
9f4f8ee1-9e3c-4c38-b48b-ffa07e39b878,Auth:1
9f4f8ee1-9e68-4ea5-8bc2-638c55d48942,Auth:1
9f4f8ee1-9e99-4b22-be3e-108c8667c186,Auth:1
9f4f8ee1-9ec8-493e-9790-b4858c83c13b,Auth:1
9f4f8ee1-9ef7-4340-8c62-0637bba9b511,Auth:1
9f4f8ee1-9f23-4a74-937a-49b84a7aec2e,Auth:1
9f4f8ee1-9f55-4deb-bdca-d5deb4300fe4,Auth:1
9f4f8ee1-9f7f-4989-a005-68a8f2678dc7,Auth:1
9f4f8ee1-9fb6-4067-ad04-076b45aa2859,Auth:1
9f4f8ee1-9fe3-4b8f-9aa9-fafb1250e41f,Auth:1
9f4f8ee1-a01b-42d8-9e9a-68a2b355ffc4,Auth:1
9f4f8ee1-a03e-42bd-ad98-df1e3b04d540,Auth:1
9f4f8ee1-a0a9-45ba-a85d-db4f6468b350,Auth:1
9f4f8ee1-a0c9-431a-aa44-19f0b4489e57,Auth:1
9f4f8ee1-a16c-413f-a3da-715e62b0fe22,Auth:1
9f4f8ee1-a18d-4dd0-9704-a5b938b9a523,Auth:1
9f4f8ee1-a1bf-4dc9-80b2-9ed5185cab73,Auth:1
9f4f8ee1-a1f3-451d-8b19-6dd300f7b20a,Auth:1
9f4f8ee1-a217-4650-9f76-119bf9e7d0cc,Auth:1
9f4f8ee1-a2f9-4c15-8fc1-0b85efa8ca49,Auth:1
9f4f8ee1-a31c-41e2-8b99-8f8997807d89,Auth:1
9f4f8ee1-a346-41f5-aba5-4217c2d386fc,Auth:1
9f4f8ee1-a378-469f-be52-57b81221bfaf,Auth:1
9f4f8ee1-a39b-49fe-8ac0-9bd7df105ea4,Auth:1
9f4f8ee1-a47a-406d-85b2-40a0a7244701,Auth:1
9f4f8ee1-a49e-4b55-b181-8045b881e378,Auth:1
9f4f8ee1-a4c7-4459-adec-062dfe628c18,Auth:1
9f4f8ee1-a4fe-4159-b078-25e21664a982,Auth:1
9f4f8ee1-a51e-48b3-8f53-e1911ac2d8f3,Auth:1
9f4f8ee1-a54c-4d8e-befb-1969c02f3f36,Auth:1
9f4f8ee1-a56c-411b-8787-dc53c53d534a,Auth:1
9f4f8ee1-a5a2-4157-9315-34bca7b0bbe6,Auth:1
9f4f8ee1-a5d0-4697-beec-6a56686276a6,Auth:1
9f4f8ee1-a5f4-4a94-8268-2105e89e8718,Auth:1
9f4f8ee1-a612-46bc-80ad-000214c7ae18,Auth:1
9f4f8ee1-a63c-4c9f-9f52-611dd7c2aa7b,Auth:1
9f4f8ee1-a65e-4dac-80f3-a8e87ecf423f,Auth:1
9f4f8ee1-a681-49cf-b1f6-01ce96cf3e38,Auth:1
9f4f8ee1-a8bc-42cf-86b6-9d014f1667f4,Auth:1
9f4f8ee1-a8e4-4270-be7b-060bb07994de,Auth:1
9f4f8ee1-a904-44dc-b837-be6dfbe6a0e9,Auth:1
9f4f8ee1-a926-44f1-9775-2b1d6aad94b2,Auth:1
9f4f8ee1-a955-4c61-824b-c94abca61ac2,Auth:1
9f4f8ee1-a983-4700-8334-fcc6a87212d6,Auth:1
9f4f8ee1-a9b2-492c-9a7f-6ea5bad7ec1b,Auth:1
9f4f8ee1-a9e0-45e3-b38f-8ea9b5d4aca4,Auth:1
9f4f8ee1-aa0d-41ea-946f-985da9e76a1e,Auth:1
9f4f8ee1-aa30-40cb-8c28-b506c20020be,Auth:1
9f4f8ee1-aaa6-4cd4-aa09-aace5993922e,Auth:1
9f4f8ee1-aad6-4130-9edd-a3f93bf45507,Auth:1
9f4f8ee1-ab1f-4e1f-99b8-2917a1fcb1d3,Auth:1
9f4f8ee1-ab4d-432c-a5b6-d4c56883eafa,Auth:1
9f4f8ee1-ab79-4e69-9740-bae8eb2faccb,Auth:1
9f4f8ee1-aba7-4cd6-b006-a8b6e6d6721d,Auth:1
9f4f8ee1-abdb-42bb-a721-d92c0c0d1372,Auth:1
9f4f8ee1-ac07-46b1-bb87-c53612ab51f5,Auth:1
9f4f8ee1-ac33-422e-bed8-beabfe6164bf,Auth:1
9f4f8ee1-ac64-4ec2-a746-4ccfc82b1fb2,Auth:1
9f4f8ee1-ac8d-428e-9d44-6b2bf8d87c69,Auth:1
9f4f8ee1-acba-41e7-b5bc-8586f7436c40,Auth:1
9f4f8ee1-ace3-4aa0-995b-f07629959de0,Auth:1
9f4f8ee1-ad0f-4449-a97c-edd65db4424c,Auth:1
9f4f8ee1-ad38-46f7-9263-5e94877bcf85,Auth:1
9f4f8ee1-ad63-4e1f-b98a-d49e7bb7da8c,Auth:1
9f4f8ee1-ad96-48f4-99e8-8d4c8e363aac,Auth:1
9f4f8ee1-adc2-4b68-acae-ac7e4e6cbe01,Auth:1
9f4f8ee1-adf9-49d5-8d6d-58d43b3060bb,Auth:1
9f4f8ee1-ae1a-4838-8808-94eb27629707,Auth:1
9f4f8ee1-ae7f-4e40-942c-e96468d1be91,Auth:1
9f4f8ee1-aea3-47d9-a261-b0fb1cc86727,Auth:1
9f4f8ee1-af40-4e8e-835c-ddad20b59a67,Auth:1
9f4f8ee1-af62-4e7b-94d0-b4a2bdad4000,Auth:1
9f4f8ee1-af96-45bc-b3fd-e45171a3cba0,Auth:1
9f4f8ee1-afce-4d92-b50b-45f608dd7488,Auth:1
9f4f8ee1-afee-497c-92b8-e6bc53e1aad5,Auth:1
9f4f8ee1-b0d0-42c9-a6ce-57d12a1a9768,Auth:1
9f4f8ee1-b0f5-44a5-940a-2f2992789a1b,Auth:1
9f4f8ee1-b120-46bb-b014-b538c6c2e52b,Auth:1
9f4f8ee1-b153-4bc1-bd8e-bde8c7a6d835,Auth:1
9f4f8ee1-b175-4e7f-8eda-939299af4db0,Auth:1
9f4f8ee1-b255-4774-ae33-9ac7a2326261,Auth:1
9f4f8ee1-b27a-4fa3-b271-6dcf9061a7fe,Auth:1
9f4f8ee1-b2a5-486f-9e59-538744ad7779,Auth:1
9f4f8ee1-b2da-424f-a965-c13420e6b5a7,Auth:1
9f4f8ee1-b2fb-49f4-bd6b-aa7d45d6b76a,Auth:1
9f4f8ee1-b324-4cb4-925c-e8186e2a2eeb,Auth:1
9f4f8ee1-b348-4f0d-9e30-fa7a148802cb,Auth:1
9f4f8ee1-b37a-4efc-91a8-55b71a50d34b,Auth:1
9f4f8ee1-b3a7-4ace-85fe-f76e795f86b2,Auth:1
9f4f8ee1-b3cb-4b89-aa91-b641e97c7ad7,Auth:1
9f4f8ee1-b3e7-46f6-b3a4-cd7fd5e9b0f6,Auth:1
9f4f8ee1-b40f-4ffe-8834-8593ecc59426,Auth:1
9f4f8ee1-b432-4b83-b66b-ad91d2591ec2,Auth:1
9f4f8ee1-b450-4820-9787-58787cba9531,Auth:1
9f4f8ee1-b479-4684-948f-3361e211cdd8,Auth:1
9f4f8ee1-b4be-4ce1-af60-6a407a746044,Auth:1
9f4f8ee1-b4df-4e13-8b99-f24bdd5b38c2,Auth:1
9f4f8ee1-b52d-4240-9320-3db387f9208d,Auth:1
9f4f8ee1-b54f-4e2a-9ecd-0f484408cf36,Auth:1
9f4f8ee1-b577-4d08-8b95-8a197fa1eb90,Auth:1
9f4f8ee1-b596-4a16-a0c3-a23f3db9eb41,Auth:1
9f4f8ee1-b5c4-4a84-9a96-398e11d6e090,Auth:1
9f4f8ee1-b5fc-4ba4-becb-42146081102c,Auth:1
9f4f8ee1-b620-49f2-ab5c-387f7fb3e999,Auth:1
9f4f8ee1-b64e-4c02-a963-99c0fe2c9ca5,Auth:1
9f4f8ee1-b67a-45d7-8a7f-743af01e4a02,Auth:1
9f4f8ee1-b6a2-4155-8858-2a8a0a2e77b0,Auth:1
9f4f8ee1-b6cd-488c-8eb6-45a0ba195620,Auth:1
9f4f8ee1-b715-461f-b936-94ec5c090216,Auth:1
9f4f8ee1-b75d-4923-aa16-f65d225e5b52,Auth:1
9f4f8ee1-b783-4516-b8e7-9e2850196ce7,Auth:1
9f4f8ee1-b7a7-4875-a948-575d16eea83e,Auth:1
9f4f8ee1-b7cc-42ee-bbc5-855dad2e6339,Auth:1
9f4f8ee1-b7f7-4c28-9ad4-25ac36952810,Auth:1
9f4f8ee1-b836-4c05-997b-678bb12b1c33,Auth:1
9f4f8ee1-b85e-48dd-a596-89c283c4fa19,Auth:1
9f4f8ee1-b8a2-4aaf-947d-ba9846b691fe,Auth:1
9f4f8ee1-b8cb-4b00-a77e-a60e9299b107,Auth:1
9f4f8ee1-b90a-468d-a59f-0e1b79e39c5a,Auth:1
9f4f8ee1-b96c-4493-a956-f2941074fde1,Auth:1
9f4f8ee1-b994-4c19-af50-1a6729cce1c8,Auth:1
9f4f8ee1-b9be-450e-908d-aa44477f7cd2,Auth:1
9f4f8ee1-ba63-418a-980d-d18ff3ebea5a,Auth:1
9f4f8ee1-ba82-49ae-9379-4ef68f03d0c5,Auth:1
9f4f8ee1-baa4-4fb5-9529-bf5159ddabe6,Auth:1
9f4f8ee1-bb27-40e6-9e59-e7f487cc45c0,Auth:1
9f4f8ee1-bb43-492e-a33f-51a26b34da85,Auth:1
9f4f8ee1-bb62-4feb-8113-07d68c2ffee2,Auth:1
9f4f8ee1-bbe5-455c-a2b2-851378eb1f44,Auth:1
9f4f8ee1-bc05-46fe-9b42-0c2e0c86944f,Auth:1
9f4f8ee1-bc25-4fb4-9981-3ed920dbfc0e,Auth:1
9f4f8ee1-bc87-430e-87b3-b503cd74721e,Auth:1
9f4f8ee1-bcb9-4cf5-aaa2-f12bf43bcb91,Auth:1
9f4f8ee1-c0d5-456f-bd91-d05397d963c8,Auth:1
9f4f8ee1-c0ff-4e6d-a6f8-4630dfe58232,Auth:1
9f4f8ee1-c226-4b1b-b629-5c00f28de291,Auth:1
9f4f8ee1-c24d-442e-9d7d-cadde564a97e,Auth:1
9f4f8ee1-c27e-4ca2-8975-0580c15aad00,Auth:1
9f4f8ee1-c2a6-4613-90f9-4b18f30d0d19,Auth:1
9f4f8ee1-c2d3-4984-8d7a-23b6295790e5,Auth:1
9f4f8ee1-c304-4e11-bf3b-60524b866ee7,Auth:1
9f4f8ee1-c32d-4bbf-92a6-321befb1efb1,Auth:1
9f4f8ee1-c371-438d-a881-ae9d2142c9d2,Auth:1
9f4f8ee1-c397-4c68-aca5-c682841bb620,Auth:1
9f4f8ee1-c3b9-4c5f-ab3e-5a7ee52db8ea,Auth:1
9f4f8ee1-c3e5-4fd8-853b-279ae98ec286,Auth:1
9f4f8ee1-c405-4bb5-8659-e546986f72d2,Auth:1
9f4f8ee1-c424-454f-9f9e-f8024f0b9753,Auth:1
9f4f8ee1-c446-48cf-a8fc-3212069665ab,Auth:1
9f4f8ee1-c464-4206-8349-fbcefa9879db,Auth:1
9f4f8ee1-c487-4e78-9f57-b45bc6b260dd,Auth:1
9f4f8ee1-c4a4-463b-bcf4-cfc9c660cbd0,Auth:1
9f4f8ee1-c4c5-4089-b49a-7c8f6292ecf5,Auth:1
9f4f8ee1-c4ed-497e-81a3-e172c02c0530,Auth:1
9f4f8ee1-c513-4230-be0d-710f1a52c6a2,Auth:1
9f4f8ee1-c536-46b6-b2a8-917f750c35be,Auth:1
9f4f8ee1-c551-407e-afd3-fe5645753b48,Auth:1
9f4f8ee1-c590-446f-8cac-4f93056c6110,Auth:1
9f4f8ee1-c67a-4c23-a70f-703515f177fc,Auth:1
9f4f8ee1-c6af-414b-80e3-6d5a17a5aaa4,Auth:1
9f4f8ee1-c6da-4502-91e4-6bb909a61ca1,Auth:1
9f4f8ee1-c700-4f35-abaf-85409083eb01,Auth:1
9f4f8ee1-c728-4dff-8b22-22bd7fc0bc6d,Auth:1
9f4f8ee1-c748-43d9-8af8-723c2eda3c55,Auth:1
9f4f8ee1-c778-47fe-9e3f-1635bf0b3672,Auth:1
9f4f8ee1-c79a-49b1-93b7-f317414ff729,Auth:1
9f4f8ee1-c7c8-4ac7-a6ac-24286b545c31,Auth:1
9f4f8ee1-c7f1-4394-a6d9-b3cf619e67ad,Auth:1
9f4f8ee1-c812-40ec-b802-3c32d3526af6,Auth:1
9f4f8ee1-c838-455d-88c2-852cca6c015f,Auth:1
9f4f8ee1-c85a-4315-914f-7ddb52e052cb,Auth:1
9f4f8ee1-c88f-4c22-89ec-7897e800d9e9,Auth:1
9f4f8ee1-c8b0-4ab3-a575-6403124936a2,Auth:1
9f4f8ee1-c8de-4bf7-81b2-942f8a729b8d,Auth:1
9f4f8ee1-c901-4855-a288-1f88822b7584,Auth:1
9f4f8ee1-c921-46ce-9309-d88c10b7fb5f,Auth:1
9f4f8ee1-c947-455e-ae41-71d6b3c8d271,Auth:1
9f4f8ee1-c967-4170-8dcd-554d8e2689db,Auth:1
9f4f8ee1-c98e-4851-9bbf-c94699f8dd03,Auth:1
9f4f8ee1-c9af-48e6-8a84-5ebf8061e7fe,Auth:1
9f4f8ee1-c9ee-4c67-8a32-e9e400d67d0c,Auth:1
9f4f8ee1-ca0f-4df3-8d8d-c86738cb075e,Auth:1
9f4f8ee1-ca40-45e6-a7cd-5f012a698c39,Auth:1
9f4f8ee1-ca65-49d9-b52f-24e367d2ef61,Auth:1
9f4f8ee1-ca86-4238-992a-889dde85b330,Auth:1
9f4f8ee1-caad-4f31-a6fe-b76e2f652fc0,Auth:1
9f4f8ee1-cacd-4fb8-976f-70de3a3b059d,Auth:1
9f4f8ee1-caf2-4e53-9a97-79aa0d9738f6,Auth:1
9f4f8ee1-cb13-4603-9d70-ca56f27ec655,Auth:1
9f4f8ee1-cb38-4b3e-9d1d-c3f872ab96d2,Auth:1
9f4f8ee1-cb58-4e8a-8968-04bfd2c566d1,Auth:1
9f4f8ee1-cb7f-4f0b-bcc1-93f517b374ff,Auth:1
9f4f8ee1-cb9f-4f8c-adf5-0d322d8d41e1,Auth:1
9f4f8ee1-cbce-4955-84d8-abb8c0ca0f0a,Auth:1
9f4f8ee1-cbef-46fb-a953-c79e3d9fd274,Auth:1
9f4f8ee1-cc1b-4904-886f-5f60371c3e74,Auth:1
9f4f8ee1-cc3f-47e9-8366-edf8ef7c623c,Auth:1
9f4f8ee1-cc5e-4d65-b13b-246b0a7995da,Auth:1
9f4f8ee1-cc90-405e-85d2-3e171cc95154,Auth:1
9f4f8ee1-ccb0-4416-9d0b-c0ea086a8c3b,Auth:1
9f4f8ee1-ccdc-423a-8a14-7129d109a0c2,Auth:1
9f4f8ee1-cd01-46a8-af62-7670c2376561,Auth:1
9f4f8ee1-cd20-4d36-acd8-e8ad9bc88d2a,Auth:1
9f4f8ee1-cd47-48fd-b0c1-a696c822599e,Auth:1
9f4f8ee1-cd67-4f26-84cc-b33691e11de9,Auth:1
9f4f8ee1-cd92-4ce4-8d04-4e0d63594e92,Auth:1
9f4f8ee1-cdb1-4e96-900c-71af66f8f89f,Auth:1
9f4f8ee1-cdf2-4a67-8685-ffbc208b113d,Auth:1
9f4f8ee1-ce1b-4d97-85a3-65e662e44cf7,Auth:1
9f4f8ee1-cea1-416f-8777-1fcc1272cba8,Auth:1
9f4f8ee1-cec7-4256-b90f-94a8535ebe18,Auth:1
9f4f8ee1-cf60-468b-a210-08b4bdaae4d9,Auth:1
9f4f8ee1-d023-4acf-bfe8-b015a3901ead,Auth:1
9f4f8ee2-4be9-4b32-b178-5b450426bb01,Spatie\Multitenancy\Models\Tenant
9f4f8ee2-4c0f-4a4c-bf83-d7f751f0ae5b,Spatie\Multitenancy\Models\Tenant:4
9f4f8ee2-4c34-471c-aaf6-35b61eed699d,Spatie\Multitenancy\Models\Tenant:4
9f4f8ee2-4e9e-4457-b9d2-c0efb2ac79a0,App\Models\User
9f4f8ee2-4ee3-4a9a-80c4-8063337e181d,Auth:1
9f4f8ee2-4f01-4b6d-a143-13cdbac5cd95,Auth:1
9f4f8ee2-4f92-4f07-807c-9ed5c36d1d52,Auth:1
9f4f8ee2-4fab-4299-b52c-1b68c790c450,Auth:1
9f4f8ee2-5190-4fd4-a985-2f831458b8ca,Auth:1
9f4f8ee2-51ac-4212-98ab-fb76289d6c19,App\Models\Order
9f4f8ee2-51ac-4212-98ab-fb76289d6c19,Auth:1
9f4f8ee2-5348-4551-abe7-34da85f4e188,Auth:1
9f4f8ee2-538f-409f-a7e6-e27440c4d73b,Auth:1
9f4f8ee2-53c1-46d7-960c-855f4f469cc7,Auth:1
9f4f8ee2-53e9-4a03-9003-d779af06050e,Auth:1
9f4f8ee2-540b-4f33-a896-43399991de4e,Spatie\Multitenancy\Models\Tenant
9f4f8ee2-5427-4601-989e-c741f2ca7764,Auth:1
9f4f8ee2-5434-4111-b5e2-ecc96e4f6310,Spatie\Multitenancy\Models\Tenant:4
9f4f8ee2-5460-4974-8818-f0a2e632bf1d,Spatie\Multitenancy\Models\Tenant:4
9f4f8ee2-54b8-486e-bb08-a7a6f4aba919,Spatie\Multitenancy\Models\Tenant
9f4f8ee2-54e8-4229-806b-fd529d03c955,Spatie\Multitenancy\Models\Tenant:4
9f4f8ee2-550e-447c-8643-35ab41ae4ebd,Auth:1
9f4f8ee2-551b-4f98-85b7-7b7c7aeb67e9,Spatie\Multitenancy\Models\Tenant:4
9f4f8ee2-57d2-4caf-b5e7-1f6c0931c55d,App\Models\User
9f4f8ee2-5818-4fda-aae7-a89295ace05e,Auth:1
9f4f8ee2-5830-4f34-b38e-9eba923b87f8,App\Models\User
9f4f8ee2-5833-4432-a0ac-2c63b450a3ff,Auth:1
9f4f8ee2-5875-4619-b74b-0066a9a8eab6,Auth:1
9f4f8ee2-5890-44dc-b34f-c575d3b3037a,Auth:1
9f4f8ee2-58d4-410a-9703-164742dc58de,Auth:1
9f4f8ee2-58ee-449b-8c15-2c4915170d42,Auth:1
9f4f8ee2-591b-4c2b-bdba-ddee6a9144ca,Auth:1
9f4f8ee2-5932-4baf-9ef7-37f4fbdf3388,Auth:1
9f4f8ee2-5aea-415a-9a8d-e38aced2c5df,Auth:1
9f4f8ee2-5b09-4337-bd12-621d642bdf28,App\Models\Order
9f4f8ee2-5b09-4337-bd12-621d642bdf28,Auth:1
9f4f8ee2-5b2e-4031-9414-a21c837576e6,Auth:1
9f4f8ee2-5b4c-4be8-9d9d-600f9b7476ec,App\Models\Order
9f4f8ee2-5b4c-4be8-9d9d-600f9b7476ec,Auth:1
9f4f8ee2-5c4d-4653-82b5-9f68a0779fc3,Auth:1
9f4f8ee2-5c94-4328-93d9-425661a97277,Auth:1
9f4f8ee2-5cc4-4c0a-82ee-a81b386a0b07,Auth:1
9f4f8ee2-5ce8-4393-a7aa-5bae8d642e65,Auth:1
9f4f8ee2-5cff-492f-a2c1-cadffaac0e37,Auth:1
9f4f8ee2-5d16-45d5-b63a-f88dc1811f8f,Auth:1
9f4f8ee2-5d3b-4762-85e6-68cec4381560,Auth:1
9f4f8ee2-5d69-4f7d-8c9a-d8ee4b20db6f,Auth:1
9f4f8ee2-5d89-4ab1-8c8b-f2d67e3b1af6,Auth:1
9f4f8ee2-5db7-4cbb-b3f0-90ffa1546662,Auth:1
9f4f8ee2-5dda-4db7-a354-308ebf118d50,Auth:1
9f4f8ee2-5e8e-4bf2-8541-565802d89009,Auth:1
9f4f8ee2-7cfb-45f7-a226-9391c92da086,Spatie\Multitenancy\Models\Tenant
9f4f8ee2-7d1f-4e6e-afed-a1946ceb4561,Spatie\Multitenancy\Models\Tenant:4
9f4f8ee2-7d42-40c7-a07a-9c2c2c964b28,Spatie\Multitenancy\Models\Tenant:4
9f4f8ee2-7fa3-4c01-b950-d7ce7bd17df9,App\Models\User
9f4f8ee2-7fe1-49c4-bf25-cfc5714dc29d,Auth:1
9f4f8ee2-7ffd-4f0f-be4f-09bb08753863,Auth:1
9f4f8ee2-8087-46a8-b1e5-62ab32bb75df,Auth:1
9f4f8ee2-809f-4c23-b18f-f092f39700a3,Auth:1
9f4f8ee2-824f-4c51-8dce-89e0206cdb29,Auth:1
9f4f8ee2-826a-4d32-a366-63a5b1731475,App\Models\Order
9f4f8ee2-826a-4d32-a366-63a5b1731475,Auth:1
9f4f8ee2-8478-4601-a0be-2354d32fe2e5,Auth:1
9f4f8ee2-84b8-4deb-b1a4-f7aafad5e6cf,Auth:1
9f4f8ee2-84e3-4b00-bcfd-050538708af4,Auth:1
9f4f8ee2-8504-44ff-9595-72b4fd07da4a,Auth:1
9f4f8ee2-852b-4096-bd57-f609991d80be,Auth:1
9f4f8ee2-85e7-4792-8b98-77845ab58a8c,Auth:1
9f4f8ee9-153e-43c2-a7b3-19f07432f9bc,Spatie\Multitenancy\Models\Tenant
9f4f8ee9-1567-497f-860b-2d0e2cf607cf,Spatie\Multitenancy\Models\Tenant:4
9f4f8ee9-158a-433d-8ed2-39406b1af272,Spatie\Multitenancy\Models\Tenant:4
9f4f8ee9-17de-42e1-ba1f-2608f5e89bb4,App\Models\User
9f4f8ee9-1834-471f-a80d-01d4b2e69660,Auth:1
9f4f8ee9-1857-466f-af4f-6150841d7ecf,Auth:1
9f4f8ee9-193e-454d-b9df-60f964ac4fa2,Auth:1
9f4f8ee9-1959-40ed-9e67-4c31ed51c481,App\Models\Order
9f4f8ee9-1959-40ed-9e67-4c31ed51c481,Auth:1
9f4f8ee9-1a7e-4596-97ee-528c3047d83d,Auth:1
9f4f8ee9-1b00-4e1c-b2c1-29c5f6c8066e,Auth:1
9f4f8ee9-1c63-4913-b600-bc30996d75ae,Auth:1
9f4f8ee9-1c7d-4b95-b40d-aacd7259fdfc,App\Models\PaymentMethod
9f4f8ee9-1c7d-4b95-b40d-aacd7259fdfc,Auth:1
9f4f8ee9-1cc2-4a49-b7e5-c99012f544fe,Auth:1
9f4f8ee9-1d46-4ded-be87-c5ee2aabb94e,Auth:1
9f4f8ee9-1d79-4592-a6b0-1794722b2343,Auth:1
9f4f8ee9-1dae-40cc-b63d-60926ac47e90,Auth:1
9f4f8ee9-1e0d-4fa0-8168-53c85f0b7a57,Auth:1
9f4f8ee9-1e4b-4227-97da-660aae261e77,Auth:1
9f4f8ee9-1f7e-4ade-b7c5-4ba3514a7c32,Auth:1
9f4f8ee9-1fe7-4685-a4b5-32ee24117d87,Auth:1
9f4f8ee9-20a5-4260-9dee-d33ba6cf8614,Auth:1
9f4f8ee9-2116-417c-9607-c9ba25604251,Auth:1
9f4f8ee9-214e-4087-b484-8935200eba23,Auth:1
9f4f8ee9-2180-4e33-8a3e-8e05beab2d7c,Auth:1
9f4f8ee9-221d-4246-945b-9cc4ab060b9c,Auth:1
9f4f8ee9-2257-42d1-8adb-69280a7f9dbd,Auth:1
9f4f8ee9-2279-434d-bf77-61caa447257b,Auth:1
9f4f8ee9-22a7-4950-be7b-64ba891b5726,Auth:1
9f4f8ee9-22cc-4757-b72e-0d13fe9efff0,Auth:1
9f4f8ee9-22ee-43d4-98e8-724d2271fae7,Auth:1
9f4f8ee9-231e-403c-8ec8-f862ab8fe93d,Auth:1
9f4f8ee9-2352-4671-abb4-dac78eccebc9,Auth:1
9f4f8ee9-2371-44b1-8e86-5dc5b6b06e75,Auth:1
9f4f8ee9-23b3-461c-8b29-86e6860b03d1,Auth:1
9f4f8ee9-23e4-4fdb-aed9-5b27c9f362f4,Auth:1
9f4f8ee9-2411-4833-b111-a4bba65f52c7,Auth:1
9f4f8ee9-2458-4945-bd71-74a65426dc3a,Auth:1
9f4f8ee9-24a1-4c47-94fe-d681989dee27,Auth:1
9f4f8ee9-24d0-4218-a43d-687f3c15bb3c,Auth:1
9f4f8ee9-2516-4dca-8351-08e87db3037b,Auth:1
9f4f8ee9-2546-4934-84d3-880af9dc7c08,Auth:1
9f4f8ee9-2577-47e3-8ce9-e280690b3ca0,Auth:1
9f4f8ee9-25bf-4e38-8a9a-7d6bd5cb4d11,Auth:1
9f4f8ee9-2620-41f4-9182-0d5aa9af3000,Auth:1
9f4f8ee9-2651-4c5c-a7aa-e19338d16b4c,Auth:1
9f4f8ee9-2695-48a6-b169-7d5bc5d9cb17,Auth:1
9f4f8ee9-26ca-47f9-84ad-27be430c1d86,Auth:1
9f4f8ee9-26ff-4c20-8bae-d813ed0c20d1,Auth:1
9f4f8ee9-272a-48bb-94a8-a48f0ca205a5,Auth:1
9f4f8ee9-2754-49a6-aa6e-aa48ac81755e,Auth:1
9f4f8ee9-2782-4d27-b97a-0226269e48ee,Auth:1
9f4f8ee9-27aa-444d-820c-bcf8b2b1bf18,Auth:1
9f4f8ee9-27d7-4763-8393-f240a84536ca,Auth:1
9f4f8ee9-280c-4d15-b80a-f3cd7ed0c8a1,Auth:1
9f4f8ee9-283b-4949-87ce-8e583c4b0405,Auth:1
9f4f8ee9-2869-45e8-a2ea-854409a376d6,Auth:1
9f4f8ee9-2896-4e80-a4b4-eb3a2fc93416,Auth:1
9f4f8ee9-28dc-4865-bdc8-9b9c42a37d06,Auth:1
9f4f8ee9-290c-4aa6-9d79-1142bd669145,Auth:1
9f4f8ee9-293d-4c53-ad55-4fe933574dfa,Auth:1
9f4f8ee9-296f-418c-9a81-1e5467994ecb,Auth:1
9f4f8ee9-29a0-4b7c-aa5b-58f53b0dc174,Auth:1
9f4f8ee9-29c0-469c-a4b5-bd576418b4c2,Auth:1
9f4f8ee9-29ee-4b5f-b421-c320857d1831,Auth:1
9f4f8ee9-2a10-4028-ad5e-1d3c07d6b572,Auth:1
9f4f8ee9-2a30-4fe8-bf65-ac96ec7eb38c,Auth:1
9f4f8ee9-2a5e-4918-a830-c5dfd1de06b3,Auth:1
9f4f8ee9-2a9d-4a26-b711-a0d4976e0a1e,Auth:1
9f4f8ee9-2abe-40d7-ba4f-655b53fe9477,Auth:1
9f4f8ee9-2af0-4dfa-bca9-efc239181dd1,Auth:1
9f4f8ee9-2bdb-45dd-a9a2-bd1e65a379ac,Auth:1
9f4f8ee9-2c01-498e-a94a-f01ba45404f1,Auth:1
9f4f8ee9-2c3a-4496-9562-ac201ced42cd,Auth:1
9f4f8ee9-2c69-4435-becc-46a4f5239c93,Auth:1
9f4f8ee9-2c92-49ad-8c7a-671cd97d9414,Auth:1
9f4f8ee9-2cc7-4a59-87ca-e0e20fb9e4f9,Auth:1
9f4f8ee9-2cf5-417e-b182-b63d2ce27c1d,Auth:1
9f4f8ee9-2d1c-4195-a808-268ff51728ba,Auth:1
9f4f8ee9-2d52-4410-b4c4-95f764671e9d,Auth:1
9f4f8ee9-2d90-4baa-9cb7-137909e5e362,Auth:1
9f4f8ee9-2db7-4eb9-b220-9e9ab1cfb1ac,Auth:1
9f4f8ee9-2e0d-417d-be15-da803ed0439d,Auth:1
9f4f8ee9-2e31-4ccb-af74-65635cc26edf,Auth:1
9f4f8ee9-2e53-4404-995d-bb25c54b5f68,Auth:1
9f4f8ee9-2e79-4a27-874a-335469184ea9,Auth:1
9f4f8ee9-2e9b-414a-bc14-aca4f2c9fc42,Auth:1
9f4f8ee9-2ebc-424c-ae22-65e180cfbdb9,Auth:1
9f4f8ee9-2ee6-4641-b326-98ce804fc56a,Auth:1
9f4f8ee9-2f12-4fe9-8dbc-23a32cdde670,Auth:1
9f4f8ee9-2f4c-4328-b13a-521b56bc120a,Auth:1
9f4f8ee9-2f7b-4b8c-9020-fbaeb927b0ba,Auth:1
9f4f8ee9-3134-4f1a-a1d2-9519a3349224,Auth:1
9f4f8ee9-3155-4f18-b2e8-3d0cc5aa587a,App\Models\Address
9f4f8ee9-3155-4f18-b2e8-3d0cc5aa587a,Auth:1
9f4f8ee9-3186-4c91-bea3-03b9af47d700,Auth:1
9f4f8ee9-31aa-47b8-95e3-24d47fd2d62c,Auth:1
9f4f8ee9-31de-423f-a644-205577e72afc,Auth:1
9f4f8ee9-3206-4338-b805-3e4bda86aa4a,Auth:1
9f4f8ee9-3229-4ca5-a201-6434e71705fe,Auth:1
9f4f8ee9-325a-44d5-8c6e-828b725e42d5,Auth:1
9f4f8ee9-328a-474c-b472-97fd5090af5d,Auth:1
9f4f8ee9-32ab-4098-a9bc-cbabc61e64fa,Auth:1
9f4f8ee9-32dd-4ac9-afe7-92eb2448bb9e,Auth:1
9f4f8ee9-3302-436d-aacf-ce266cf4b18f,Auth:1
9f4f8ee9-332c-4f69-8417-09558e19c46d,Auth:1
9f4f8ee9-3359-4a4c-9543-158167d4f878,Auth:1
9f4f8ee9-3389-4440-a041-986bc7b6b787,Auth:1
9f4f8ee9-33aa-4b83-abd9-a814f18da454,Auth:1
9f4f8ee9-33d9-49c5-972e-8b605ba65540,Auth:1
9f4f8ee9-3410-4987-85f3-618120ec2563,Auth:1
9f4f8ee9-3430-431a-a720-9ca1840dca03,Auth:1
9f4f8ee9-3461-4501-9c5c-2e80b7e70f34,Auth:1
9f4f8ee9-3490-4fdc-8359-8fda71535e27,Auth:1
9f4f8ee9-34b6-4c01-b5d8-e40d9eb74eb4,Auth:1
9f4f8ee9-34e5-4376-9571-d7f845c140cb,Auth:1
9f4f8ee9-3509-4bdd-9aa1-82dc566deab4,Auth:1
9f4f8ee9-352b-4be6-b56e-984c082fe52d,Auth:1
9f4f8ee9-354b-4623-904b-a5c85664c7c1,Auth:1
9f4f8ee9-3570-4838-8b4a-99641742c38b,Auth:1
9f4f8ee9-3592-49ae-9fb9-1ce88d152f9e,Auth:1
9f4f8ee9-35b3-481a-b05d-1ed895fe7515,Auth:1
9f4f8ee9-35e3-4a4c-bb59-4ec040040f5c,Auth:1
9f4f8ee9-3618-479f-9f7f-e47ca8428ea0,Auth:1
9f4f8ee9-364d-48ca-a6b4-3535209f21dc,Auth:1
9f4f8ee9-36fc-4fc6-a5a9-a4c90b0f183a,Auth:1
9f4f8ee9-371d-45c2-b1ac-878250277f64,App\Models\ShippingMethod
9f4f8ee9-371d-45c2-b1ac-878250277f64,Auth:1
9f4f8ee9-374b-4d5f-a973-dde2c5187248,Auth:1
9f4f8ee9-3774-451f-bcb9-8ebb3b6d1d52,Auth:1
9f4f8ee9-37bf-4f54-b6ac-8c98a378a64b,Auth:1
9f4f8ee9-37f6-4de8-a4e6-fa81b7f6a7b3,Auth:1
9f4f8ee9-3829-47d5-be8f-0b8560b20aeb,Auth:1
9f4f8ee9-3872-46c0-a2eb-fd84817eaae5,Auth:1
9f4f8ee9-38b8-4a89-ba8c-73b4b8d45efb,Auth:1
9f4f8ee9-38e8-4d66-b578-aba930ad92b9,Auth:1
9f4f8ee9-392e-4b9a-bae2-9b5757e00f1d,Auth:1
9f4f8ee9-3967-4f28-8d6e-eb274af53faa,Auth:1
9f4f8ee9-3998-44b3-b4e9-d2c9f702e47d,Auth:1
9f4f8ee9-39cb-428f-8b6d-42d8b0772a39,Auth:1
9f4f8ee9-3a05-499b-adbb-ff500a3c8d99,Auth:1
9f4f8ee9-3a3a-4de0-a233-e46b2ec12fe9,Auth:1
9f4f8ee9-3a6f-433f-bc72-b38b2f911d0f,Auth:1
9f4f8ee9-3ab4-4423-b04f-53d0ffe25b46,Auth:1
9f4f8ee9-3b08-482a-b503-5f6e9684375a,Auth:1
9f4f8ee9-3b57-4935-9d3d-3e2a45d6787d,Auth:1
9f4f8ee9-3b9c-4a13-b160-aa23c1ab936a,Auth:1
9f4f8ee9-3be6-4c69-a17b-300e2aa8da1d,Auth:1
9f4f8ee9-3c1a-4363-95f0-6d3950fc68a7,Auth:1
9f4f8ee9-3c4c-4f37-884e-b9753a303584,Auth:1
9f4f8ee9-3c82-4da2-b3b6-05f9a34be7c3,Auth:1
9f4f8ee9-3cb4-4ef0-914e-30a537b91c5e,Auth:1
9f4f8ee9-3ce8-45a9-af67-31e83beeae5a,Auth:1
9f4f8ee9-3d17-4418-933c-aa7da5733396,Auth:1
9f4f8ee9-3d4c-4b33-8299-49591a44fdb3,Auth:1
9f4f8ee9-3d88-4644-b49a-8f1acbcf2aee,Auth:1
9f4f8ee9-3ddd-4b42-8b41-54b0221ea225,Auth:1
9f4f8ee9-3ef8-4697-819e-13b750eb4205,Auth:1
9f4f8ee9-3f1d-466f-be13-8bec0d09e370,App\Models\OrderItem
9f4f8ee9-3f1d-466f-be13-8bec0d09e370,Auth:1
9f4f8ee9-3f55-445c-bce8-0467c77ea0d9,Auth:1
9f4f8ee9-3f90-4b5c-b330-faadd114259f,Auth:1
9f4f8ee9-4030-435b-bdad-d987c133e29e,Auth:1
9f4f8ee9-404b-43d2-9a3d-64c84b6944c6,App\Models\Variant
9f4f8ee9-404b-43d2-9a3d-64c84b6944c6,Auth:1
9f4f8ee9-40df-4b47-b701-ae45f0369be3,Auth:1
9f4f8ee9-40fb-4309-a8c8-43fa6db36c7d,App\Models\Product
9f4f8ee9-40fb-4309-a8c8-43fa6db36c7d,Auth:1
9f4f8ee9-4133-413a-9ec4-06e1f82cf534,Auth:1
9f4f8ee9-4156-43dc-9350-9c3123b8b059,Auth:1
9f4f8ee9-418d-4104-bf2d-af727ef0ca57,Auth:1
9f4f8ee9-41b2-4158-a40f-6333dfd3d154,Auth:1
9f4f8ee9-41d4-43dc-acc9-42c65dc843bc,Auth:1
9f4f8ee9-420b-4edd-afad-89e81fa938f0,Auth:1
9f4f8ee9-42a6-408d-8892-9c9ce711ec37,Auth:1
9f4f8ee9-42c7-4c06-9710-2b67342d7446,App\Models\VariantValue
9f4f8ee9-42c7-4c06-9710-2b67342d7446,Auth:1
9f4f8ee9-42e8-455d-94f4-b7aa0ee98a7e,Auth:1
9f4f8ee9-430b-43ad-9ae8-6c7923288fb0,Auth:1
9f4f8ee9-4344-4147-afe2-0e347d073c7c,Auth:1
9f4f8ee9-4369-4efc-b111-4f5f3948ef81,Auth:1
9f4f8ee9-438d-45bb-b12c-15bedead18f7,Auth:1
9f4f8ee9-43be-4caa-b684-44b9e9b34405,Auth:1
9f4f8ee9-4432-42f3-b73f-bbce2aa5d1b9,Auth:1
9f4f8ee9-4462-4783-8e44-6c36c5d37939,Auth:1
9f4f8ee9-4482-4960-a14c-95f08ffb274c,Auth:1
9f4f8ee9-44b8-4d02-91cb-dc4ab47038ca,Auth:1
9f4f8ee9-44d9-4acc-9b32-193fdbdc5d4d,Auth:1
9f4f8ee9-4500-43d2-82cc-120291a90b37,Auth:1
9f4f8ee9-452f-4a48-8716-7f6a22d76d21,Auth:1
9f4f8ee9-4560-4906-82c4-7aefdbfd48b7,Auth:1
9f4f8ee9-4587-440c-b8cc-0aeded1b7ee1,Auth:1
9f4f8ee9-45bc-4943-a5df-b14c56296ecd,Auth:1
9f4f8ee9-45de-4e41-ade8-fc4ee0248ae4,Auth:1
9f4f8ee9-4602-4b4d-8ad6-95fa71251643,Auth:1
9f4f8ee9-4631-4e96-bb5c-5358ca536921,Auth:1
9f4f8ee9-4666-4345-9cee-d8ce26a05df2,Auth:1
9f4f8ee9-468a-4331-b8aa-05bf09576e2a,Auth:1
9f4f8ee9-46b7-4a13-85e1-7c0236865699,Auth:1
9f4f8ee9-46d9-4c80-b525-9b8e40a663ba,Auth:1
9f4f8ee9-46fe-45e9-b114-6692d2837667,Auth:1
9f4f8ee9-4720-4c5b-9e3b-11ff354a5184,Auth:1
9f4f8ee9-474b-4ef7-956b-0f6904ee5377,Auth:1
9f4f8ee9-477a-483d-bc5b-66474432ec93,Auth:1
9f4f8ee9-4801-46c9-a7db-70c8cffa75b6,Auth:1
9f4f8ee9-4880-448b-8780-6860ccd92f15,Auth:1
9f4f8ee9-48b5-4101-8567-6133711687a2,Auth:1
9f4f8ee9-48d9-44b7-9759-1d782926db9a,Auth:1
9f4f8ee9-4909-42f6-a86e-945058a21c7d,Auth:1
9f4f8ee9-492b-401d-8ca7-c01a20b14c06,Auth:1
9f4f8ee9-494b-460b-a231-ac4c3c152042,Auth:1
9f4f8ee9-4979-420e-b7f6-3338f8230a25,Auth:1
9f4f8ee9-49ed-40f2-9fbd-0fd3bffb8e1d,Auth:1
9f4f8ee9-4a1d-475f-8b61-8ff0f15f9916,Auth:1
9f4f8ee9-4a3f-4d1e-a200-4f400650c6d9,Auth:1
9f4f8ee9-4a7b-481c-96be-0ff067ce543a,Auth:1
9f4f8ee9-4aa8-4f41-9d7d-c295d09a7725,Auth:1
9f4f8ee9-4ad5-4271-8baf-1eea3027d9c0,Auth:1
9f4f8ee9-4b06-4d41-825c-01e61834d4b7,Auth:1
9f4f8ee9-4b82-44cf-a646-ff644acb4901,Auth:1
9f4f8ee9-4bb1-42f5-b936-884e816ea1d7,Auth:1
9f4f8ee9-4bd3-49d9-a631-845482cfe7c1,Auth:1
9f4f8ee9-4c09-4595-93fa-5430f8d519a7,Auth:1
9f4f8ee9-4c2c-4086-8bfa-3ed75dab7d22,Auth:1
9f4f8ee9-4c53-45c1-a499-9288f50b1431,Auth:1
9f4f8ee9-4c97-444b-a8b3-96ee7f2c3e10,Auth:1
9f4f8ee9-4cdd-437e-8fec-09650da94ed3,Auth:1
9f4f8ee9-4d0e-49dc-b008-5442f3327aca,Auth:1
9f4f8ee9-4d44-4f51-a501-118e48749929,Auth:1
9f4f8ee9-4d66-4759-8f5d-67e67a8dccf9,Auth:1
9f4f8ee9-4d8b-49c5-a53c-57bf74d2651f,Auth:1
9f4f8ee9-4db9-4a96-b549-0c19852d0d12,Auth:1
9f4f8ee9-4dea-4a6e-95ab-8e0edeb5146c,Auth:1
9f4f8ee9-4e09-46d0-b6dd-b665352357b9,Auth:1
9f4f8ee9-4e48-4d3b-a55e-11baae7f5870,Auth:1
9f4f8ee9-4e7f-4f47-b07e-1524fcfa9f4e,Auth:1
9f4f8ee9-4eb1-4f49-b50c-b717dfd305b2,Auth:1
9f4f8ee9-4ed3-4458-85f8-d2b009b7b15e,Auth:1
9f4f8ee9-4efa-4a1f-b5ce-a4623c82bb0c,Auth:1
9f4f8ee9-4f24-499f-8bab-8224e8ab2803,Auth:1
9f4f8ee9-4f5c-41e4-99fc-d127345dd877,Auth:1
9f4f8ee9-4f7f-4901-8ed5-49b621d4eeb9,Auth:1
9f4f8ee9-4fab-42e4-95a2-2d4e98c97d4d,Auth:1
9f4f8ee9-4fdc-4d1f-b567-137a906bd10a,Auth:1
9f4f8ee9-5019-46fe-ae04-09cebd04725b,Auth:1
9f4f8ee9-5102-44fa-b9ae-81b32f22de80,Auth:1
9f4f8ee9-5122-4a9c-abab-dbabbfa45edf,Auth:1
9f4f8ee9-5147-457c-88f1-10f8458a4c23,Auth:1
9f4f8ee9-5255-4cdc-8ecb-452f2220838f,Auth:1
9f4f8ee9-52ad-4642-bc97-bc8d5a36f030,Auth:1
9f4f8ee9-52d2-4f49-a7e6-12b083a79a21,Auth:1
9f4f8ee9-52f7-4858-bd00-c22afb2e43ac,Auth:1
9f4f8ee9-5323-4c52-b157-1367386f7993,Auth:1
9f4f8ee9-534d-426b-84e1-c5483ab7ec65,Auth:1
9f4f8ee9-5374-4628-b2bb-6501120f6e3a,Auth:1
9f4f8ee9-53b3-4580-860a-77c01e1ce979,Auth:1
9f4f8ee9-53dd-4f1e-9a30-089442970a95,Auth:1
9f4f8ee9-5400-423c-a7bb-0593bf4847af,Auth:1
9f4f8ee9-5449-422d-b4bd-98d57b4ab602,Auth:1
9f4f8ee9-5472-4dd8-b467-ba3feba3db0f,Auth:1
9f4f8ee9-54a9-4821-9d43-2d39fcc2209d,Auth:1
9f4f8ee9-54da-4521-b82d-b2cc284e3a25,Auth:1
9f4f8ee9-54fd-4749-90c9-088e633d8941,Auth:1
9f4f8ee9-553e-4d8c-9b9b-936260962996,Auth:1
9f4f8ee9-5563-428e-8674-c538c3d92999,Auth:1
9f4f8ee9-5594-4108-b896-0a852a2eb667,Auth:1
9f4f8ee9-55bc-4066-94e5-15ba403a7e12,Auth:1
9f4f8ee9-55e9-453f-970a-65899af14172,Auth:1
9f4f8ee9-57f4-48e9-9755-2194b7771de9,Auth:1
9f4f8ee9-5826-4bd6-a135-af47ee4baa0a,Auth:1
9f4f8ee9-5956-44a8-8682-bda71ace5b1b,Auth:1
9f4f8ee9-5986-4c01-ba05-37a52304d821,Auth:1
9f4f8ee9-59b8-4b0e-9bcb-641a0647f169,Auth:1
9f4f8ee9-59e5-4004-b453-60f566633bf3,Auth:1
9f4f8ee9-5a18-4ea7-9a85-e8e933411f5f,Auth:1
9f4f8ee9-5a4b-425b-9c7c-f3ebd60be80e,Auth:1
9f4f8ee9-5a77-4e8e-8f0f-e77626208e5e,Auth:1
9f4f8ee9-5abb-4cb2-907c-78fcf55b2448,Auth:1
9f4f8ee9-5ae3-41c0-bd69-5bdf432f8142,Auth:1
9f4f8ee9-5b07-4b55-86ff-fb751db7ef76,Auth:1
9f4f8ee9-5b33-48bc-b0df-0cc8b35beb10,Auth:1
9f4f8ee9-5b55-4b27-ac8d-6de890a78271,Auth:1
9f4f8ee9-5b77-412f-b1a6-a756b2f9b68a,Auth:1
9f4f8ee9-5ba1-45f3-8564-b2e8c7f78d86,Auth:1
9f4f8ee9-5bc1-4d14-ac85-3bf180fd6ecc,Auth:1
9f4f8ee9-5be9-48c4-8f0c-c9fe422af892,Auth:1
9f4f8ee9-5c07-47b9-b6ee-5af6ca996bfc,Auth:1
9f4f8ee9-5c2b-49cf-be87-b965aa556323,Auth:1
9f4f8ee9-5c58-454c-a76e-942136c8d144,Auth:1
9f4f8ee9-5c87-4dea-b7c3-4afe281d1afd,Auth:1
9f4f8ee9-5ca9-4671-ae20-4e73374bee94,Auth:1
9f4f8ee9-5cc5-4180-8da2-61f9d0315aa0,Auth:1
9f4f8ee9-5d00-4206-a35d-def7259566e9,Auth:1
9f4f8ee9-5dff-40be-911f-0d5dfc743385,Auth:1
9f4f8ee9-5e3f-4707-9979-d3432c9ebdbb,Auth:1
9f4f8ee9-5e67-4d35-9265-c6a55c46f7de,Auth:1
9f4f8ee9-5e8b-45aa-84c5-4e82c292e1e8,Auth:1
9f4f8ee9-5eb4-4fe2-9202-80203c09b384,Auth:1
9f4f8ee9-5ed4-47f7-af2f-efdc5518c70a,Auth:1
9f4f8ee9-5f0b-402a-a4e8-89f37bc29d4b,Auth:1
9f4f8ee9-5f2d-4419-9ce8-930df0050a0d,Auth:1
9f4f8ee9-5f5d-48d9-8b3a-ca96121d22f5,Auth:1
9f4f8ee9-5f84-4f99-ac19-277fd8bac121,Auth:1
9f4f8ee9-5faa-499c-a8d9-43eaa60b3400,Auth:1
9f4f8ee9-5fd1-4337-8c6a-ac93a2d1f996,Auth:1
9f4f8ee9-5ff0-4894-9b37-4c97e10c6e1c,Auth:1
9f4f8ee9-602a-4705-a72b-88ce3666427b,Auth:1
9f4f8ee9-6054-42b4-822a-4429e0d2a41f,Auth:1
9f4f8ee9-608a-48c3-8169-fcefa69b8e4c,Auth:1
9f4f8ee9-60b7-40a8-af8c-eb8a6836b908,Auth:1
9f4f8ee9-60e1-4b6d-8738-ee911c7161ba,Auth:1
9f4f8ee9-610b-4f5a-8cff-33962dc09d91,Auth:1
9f4f8ee9-612f-450b-9bd9-215bf06b4c41,Auth:1
9f4f8ee9-6159-42df-b52e-ab214ccde84e,Auth:1
9f4f8ee9-6179-4c1f-81fc-063789aee767,Auth:1
9f4f8ee9-61b9-4440-9c27-0e28cf2e7632,Auth:1
9f4f8ee9-61dc-4e6a-b9e1-82aa04d7bcfd,Auth:1
9f4f8ee9-6223-4a1c-a41e-1f1b9a7df534,Auth:1
9f4f8ee9-6251-47f4-92f8-e6e747f6367a,Auth:1
9f4f8ee9-627a-4c84-9e24-7703d5f324e5,Auth:1
9f4f8ee9-62a0-4b86-9830-42814574a7a1,Auth:1
9f4f8ee9-62c2-4118-8f90-06d8beff1fb6,Auth:1
9f4f8ee9-62ec-4171-ad09-abd885bba74f,Auth:1
9f4f8ee9-630c-4546-92cc-54691380078b,Auth:1
9f4f8ee9-6336-4d58-af8c-d08fd11fbfe0,Auth:1
9f4f8ee9-6358-4246-a574-dd5c93318c2c,Auth:1
9f4f8ee9-6381-4b03-8ae0-2abc8001dfe7,Auth:1
9f4f8ee9-63a7-4d9a-a56b-70796e9f816b,Auth:1
9f4f8ee9-63d7-4e56-a859-d1d95321d475,Auth:1
9f4f8ee9-63fe-476b-95d4-eba63adcbf25,Auth:1
9f4f8ee9-642e-4939-82f2-cc5f8ea738ad,Auth:1
9f4f8ee9-6458-456d-b1b7-94057b8a6539,Auth:1
9f4f8ee9-647a-47af-9d74-51c30141cb1c,Auth:1
9f4f8ee9-64b3-408c-9f02-046266766984,Auth:1
9f4f8ee9-64d6-4605-8577-672a0fe333ff,Auth:1
9f4f8ee9-6508-4774-a73f-00d39444829b,Auth:1
9f4f8ee9-6538-4689-95bc-0be0a6f8e71c,Auth:1
9f4f8ee9-6560-4182-a1d2-411cacb066ef,Auth:1
9f4f8ee9-658d-41e8-8ba0-3ba65566d3b8,Auth:1
9f4f8ee9-65ad-47ce-a01b-970273290057,Auth:1
9f4f8ee9-65dd-4e7e-9fa4-d2800a7204b1,Auth:1
9f4f8ee9-6601-4524-8698-cf7e9430f79b,Auth:1
9f4f8ee9-664d-467e-a833-142a8d029e31,Auth:1
9f4f8ee9-6686-4313-a58d-1c34fcd2a366,Auth:1
9f4f8ee9-6723-43c1-a0f2-a253da6b5de1,Auth:1
9f4f8ee9-6748-4ae5-9721-2d98f6606eec,Auth:1
9f4f8ee9-67d7-4080-9662-def93bb3f72f,Auth:1
9f4f8ee9-68a0-4694-9a96-ce566967863a,Auth:1
9f4f8f13-ca2b-421d-b330-7f3ad369b59d,Spatie\Multitenancy\Models\Tenant
9f4f8f13-ca64-42e5-8b22-cf3e5fb3f018,Spatie\Multitenancy\Models\Tenant:4
9f4f8f13-ca95-4281-a87b-e2e67ce2dc3f,Spatie\Multitenancy\Models\Tenant:4
9f4f8f13-cd02-4235-a143-9561de51b278,App\Models\User
9f4f8f13-cd3f-4f97-a953-cce504183fa3,Auth:1
9f4f8f13-cd5c-4a84-8b35-02005c4bc543,Auth:1
9f4f8f13-cdde-4940-b700-f583c352bf3f,Auth:1
9f4f8f13-cdf8-4ec8-adcb-53e28d2e7778,App\Models\Order
9f4f8f13-cdf8-4ec8-adcb-53e28d2e7778,Auth:1
9f4f8f13-cf1b-46b9-a0f8-0b4cc22a759c,Auth:1
9f4f8f13-cf33-4734-8315-d89af6bfcd49,Auth:1
9f4f8f13-cfbb-4010-8cee-1fbc0f49777c,Auth:1
9f4f8f13-d0b0-4c3b-800d-3494d7b28d18,Auth:1
9f4f8f13-d101-494b-b8d1-70c62c55f9dc,Auth:1
9f4f8f13-d138-4b6c-89a9-9ae28ddca378,Auth:1
9f4f8f13-d1fd-4b5d-af48-90155c535512,Auth:1
9f4f8f13-d21a-4e4c-9bc3-31bbf619664c,App\Models\PaymentMethod
9f4f8f13-d21a-4e4c-9bc3-31bbf619664c,Auth:1
9f4f8f13-d2ca-466b-a7d2-a96d49484508,Auth:1
9f4f8f13-d343-4d1e-9968-7b40d8651b94,Auth:1
9f4f8f13-d361-494d-a09e-d2927841639b,App\Models\OrderItem
9f4f8f13-d361-494d-a09e-d2927841639b,Auth:1
9f4f8f13-d3c5-4229-b092-f3329a036e18,Auth:1
9f4f8f13-d3df-4989-b00e-0d1fdef86dbf,App\Models\Variant
9f4f8f13-d3df-4989-b00e-0d1fdef86dbf,Auth:1
9f4f8f13-d43d-49db-8712-b4448c6e609f,Auth:1
9f4f8f13-d45a-442a-8f36-2531625dc883,App\Models\Product
9f4f8f13-d45a-442a-8f36-2531625dc883,Auth:1
9f4f8f13-d4b7-4b31-b62d-ee9866104755,Auth:1
9f4f8f13-d51c-4175-b4b6-69272f8832f1,Auth:1
9f4f8f13-d54b-4971-b118-5f9a892ccf7c,Auth:1
9f4f8f13-d577-4121-bf7c-c692745b4ce0,Auth:1
9f4f8f13-d5a1-461f-bb05-8a537c68b974,Auth:1
9f4f8f13-d5cc-4a99-970f-c178ba357321,Auth:1
9f4f8f13-d5f6-4a88-89ee-644cdaa45406,Auth:1
9f4f8f13-d61e-44c8-860d-992cd747f1fb,Auth:1
9f4f8f13-d6ef-43e0-9bef-cf33cdba430e,Auth:1
9f4f8f13-d729-418a-8a61-375742306093,Auth:1
9f4f8f13-d762-43f0-b244-2a9b25b18c09,Auth:1
9f4f8f13-d794-491d-9de0-f3cfb4988e04,Auth:1
9f4f8f13-d7bf-408e-ad95-9ade080fb2c2,Auth:1
9f4f8f13-d848-4546-9277-a0982967744e,Auth:1
9f4f8f13-d866-4ba6-9166-a4d62bded7ff,App\Models\VariantValue
9f4f8f13-d866-4ba6-9166-a4d62bded7ff,Auth:1
9f4f8f13-d88a-433b-b258-6e258f459d50,Auth:1
9f4f8f13-d8b8-4d0e-8a33-b84cd54d636d,Auth:1
9f4f8f13-d8e2-4b1a-8b7d-e1222da6575a,Auth:1
9f4f8f13-d945-4902-8073-7474b4d4e80b,Auth:1
9f4f8f13-d972-4da5-83d7-e2c413ff5191,Auth:1
9f4f8f13-d99e-437f-9572-b8a76f7a396e,Auth:1
9f4f8f13-d9c8-455b-b3fd-17c8360ec5b2,Auth:1
9f4f8f13-d9f4-4151-9e3f-2a131bc91b0e,Auth:1
9f4f8f13-da1e-4d57-b432-d6e7c2bb95f3,Auth:1
9f4f8f13-da46-4269-b82e-160e22aed8d5,Auth:1
9f4f8f13-da70-47b3-82b1-a237e1f0f6a9,Auth:1
9f4f8f13-da9a-4662-8d23-7087cb7cd217,Auth:1
9f4f8f13-dac4-4c7e-b4c3-ec2be58c87c8,Auth:1
9f4f8f13-daec-41c0-aea9-d2ad1fcaac1c,Auth:1
9f4f8f13-db19-40d7-a115-1af8b656de98,Auth:1
9f4f8f13-db44-46fa-9355-564227364262,Auth:1
9f4f8f13-db70-4d29-9942-7c08b6e5d5f0,Auth:1
9f4f8f13-db98-4f54-85d2-caf0e566e3e0,Auth:1
9f4f8f13-dc83-4e6f-84a6-6e43ec71fbea,Auth:1
9f4f8f13-dcf1-467e-9816-a8f7e4a9c687,Auth:1
9f4f8f13-dd81-4c2e-8a0a-4fd90f2c60bb,Auth:1
9f4f8f13-ddf6-466b-ac81-928c1603fe4d,Auth:1
9f4f8f13-de59-4276-8481-17cf03ca54f6,Auth:1
9f4f8f13-deac-4e23-a713-d1bf63cab927,Auth:1
9f4f8f13-deea-40de-9472-c50ced81e86c,Auth:1
9f4f8f13-df1f-4f49-b884-0795438b8b94,Auth:1
9f4f8f13-df52-492d-b439-9d20cbf65ebd,Auth:1
9f4f8f13-e06d-4ad2-bc9e-d8936887a76e,Auth:1
9f4f8f13-e0b6-4978-bbe2-8bc1f07b081d,Auth:1
9f4f8f13-e0ff-4e07-9ac7-b7494f914e59,Auth:1
9f4f8f13-e143-46bb-a02a-496b2013e538,Auth:1
9f4f8f13-e186-497d-a770-2de169f6a5fc,Auth:1
9f4f8f13-e222-445f-afe4-1a221928b4f7,Auth:1
9f4f8f13-e257-404c-9a4b-7e5ee182ca72,Auth:1
9f4f8f13-e286-4b3b-9864-23a50186e8ae,Auth:1
9f4f8f13-e2b0-40ae-84c2-3e9c5d58f1fd,Auth:1
9f4f8f13-e318-422a-81f6-7797541555be,Auth:1
9f4f8f13-e345-450f-a68d-3e83be5b112c,Auth:1
9f4f8f13-e377-4a0a-a892-5b60155c11ff,Auth:1
9f4f8f13-e3a0-4316-98b3-796ae671c4f2,Auth:1
9f4f8f13-e3c8-40f2-b0ce-a531b9e22242,Auth:1
9f4f8f13-e3f3-4274-acc8-8c0ac5f888db,Auth:1
9f4f8f13-e41c-4ac3-b95e-79ae204fb046,Auth:1
9f4f8f13-e444-4fb9-9178-9a403559768c,Auth:1
9f4f8f13-e478-4a9c-8331-17d2592bff91,Auth:1
9f4f8f13-e4b9-4769-87e5-a55d519db05d,Auth:1
9f4f8f13-e4ed-444c-92eb-e0df1fa6c3ab,Auth:1
9f4f8f13-e516-496e-a4be-c82f94e75a04,Auth:1
9f4f8f13-e53f-4b4c-b346-dff4f6fd03c6,Auth:1
9f4f8f13-e568-4295-8dc5-79884510fb9f,Auth:1
9f4f8f13-e58a-4614-be28-674a65256e24,Auth:1
9f4f8f13-e651-4677-8256-652a2a02bf66,Auth:1
9f4f8f13-e673-4b01-aa60-0e8873ebadbc,Auth:1
9f4f8f13-e6ab-4b98-a694-828369faf7ef,Auth:1
9f4f8f13-e6d0-417d-b27f-2f10f6c267f3,Auth:1
9f4f8f13-e701-479d-a33d-281d2a91b085,Auth:1
9f4f8f13-e72d-41d3-9b29-e8c3b06451bd,Auth:1
9f4f8f13-e74e-4b14-af5f-fbbfbd7c3e1d,Auth:1
9f4f8f13-e76c-4617-8e99-df9d66ba4397,Auth:1
9f4f8f13-e78a-4e6e-9af3-6d26fbbbfc0e,Auth:1
9f4f8f13-e7ae-4969-b153-f4ff24b63a72,Auth:1
9f4f8f13-e7ec-43e1-826d-d9f21feaf8da,Auth:1
9f4f8f13-e809-4e9f-b6e8-c84a6ce79513,Auth:1
9f4f8f13-e84b-4b4a-a3e5-238308bbd326,Auth:1
9f4f8f13-e86c-48df-9165-5720b04fa5b1,Auth:1
9f4f8f13-e898-4d6f-b46c-834a1ac36761,Auth:1
9f4f8f13-e8b6-4e53-b042-99ae56692d1e,Auth:1
9f4f8f13-e8d9-42a2-aaf2-247f7a6200f4,Auth:1
9f4f8f13-e8fb-4762-9a62-d66b4bd5e7f6,Auth:1
9f4f8f13-e91d-4b38-95fe-4e0da3608f48,Auth:1
9f4f8f13-e953-4f6b-98ca-66a27f192ab7,Auth:1
9f4f8f13-e98f-40e2-b661-23c3368a598d,Auth:1
9f4f8f13-e9c7-4a03-b50d-b79cb03f1b48,Auth:1
9f4f8f13-e9f3-4312-909c-6b87bc5366fc,Auth:1
9f4f8f13-ea2f-4a16-9b26-222067dbd41b,Auth:1
9f4f8f13-eb88-45ba-9e00-294ec5175ca9,Auth:1
9f4f8f22-9de8-4a19-9369-f1013a4e0b2c,Spatie\Multitenancy\Models\Tenant
9f4f8f22-9e0f-4fcb-ab78-9bff9ba71706,Spatie\Multitenancy\Models\Tenant:4
9f4f8f22-9e31-4ab1-bd56-54d6fc70aa6e,Spatie\Multitenancy\Models\Tenant:4
9f4f8f22-a06a-4d2a-9227-eaeb29e2d833,App\Models\User
9f4f8f22-a0c1-448c-8b96-72fc6582d03a,Auth:1
9f4f8f22-a0dd-4b3d-bf67-990c9db81233,Auth:1
9f4f8f22-a400-4582-897c-f3be536c9e70,Auth:1
9f4f8f22-a449-4bb6-8bc7-8ebc7138b4e1,Auth:1
9f4f8f22-a48d-483f-a04d-1814ccd2ee83,Auth:1
9f4f8f22-a4cc-4cca-b7c4-00a244bce012,Auth:1
9f4f8f22-a505-4a50-8dec-6f53415dedcb,Auth:1
9f4f8f22-a53f-4948-9a0e-6bae08d89c46,Auth:1
9f4f8f22-a565-47ea-9367-75a761c2ecca,Auth:1
9f4f8f22-a5a2-414f-92df-5780331f525f,Auth:1
9f4f8f22-a757-4a96-8614-07c29169a2ba,Auth:1
9f4f8f22-a8e4-4f81-b9b8-b90b125092f7,Auth:1
9f4f8f22-a905-469d-a8a1-8f50654ec750,App\Models\Order
9f4f8f22-a905-469d-a8a1-8f50654ec750,Auth:1
9f4f8f22-a981-4c8b-a08f-439556c171c7,Auth:1
9f4f8f22-ab04-4026-b7b4-726c55795536,Auth:1
9f4f8f22-ab20-4c99-b6a6-b19c38309280,App\Models\ShippingMethod
9f4f8f22-ab20-4c99-b6a6-b19c38309280,Auth:1
9f4f8f22-ab7f-468c-b7fa-9d6493864340,Auth:1
9f4f8f22-abe8-4983-aa25-05c90b25cc76,Auth:1
9f4f8f22-ac12-4378-be7f-5c978e739c6b,Auth:1
9f4f8f22-ac99-43c6-aec1-8c6d7b81058e,Auth:1
9f4f8f22-acc0-417c-bd64-571c8041371a,Auth:1
9f4f8f22-acf9-44d7-af54-8d3cce53fd91,Auth:1
9f4f8f22-ad35-45c3-99f3-6b8844ae5def,Auth:1
9f4f8f22-ad70-4a9a-b30f-5e9d75a5c20f,Auth:1
9f4f8f22-adba-463f-ad1b-0a6e434e060f,Auth:1
9f4f8f22-addf-4af8-b0c3-23ad00bd3168,Auth:1
9f4f8f22-ae4d-4966-ad44-b947c840c45d,Auth:1
9f4f8f22-ae7a-4be3-a51e-0922d220cb07,Auth:1
9f4f8f22-aebb-4e40-a5cb-e0e83f874aa4,Auth:1
9f4f8f22-aef1-4803-9457-84d6bbf58f07,Auth:1
9f4f8f22-af17-473c-9457-5529e60c3df1,Auth:1
9f4f8f22-af39-4fc0-be86-09b143de6a13,Auth:1
9f4f8f22-af6c-4ed3-b141-337320af767b,Auth:1
9f4f8f22-af9f-4692-9f63-3722ea05cdde,Auth:1
9f4f8f22-afc2-4b04-b712-c03f7f0d3e16,Auth:1
9f4f8f22-aff6-4356-a9ac-61a28cca3af0,Auth:1
9f4f8f22-b025-4f6e-9b97-e8ca166ebfb7,Auth:1
9f4f8f22-b057-471e-8957-d751703a8ef5,Auth:1
9f4f8f22-b096-4873-97f8-4d9df4d1c5e5,Auth:1
9f4f8f22-b0ba-49f7-9b52-50aa59219ca9,Auth:1
9f4f8f22-b0f1-4259-a23e-635cc0088926,Auth:1
9f4f8f22-b115-4830-bfad-41e85b4fc7c1,Auth:1
9f4f8f22-b146-4778-a1b7-65d52ddaa555,Auth:1
9f4f8f22-b16d-472e-a99f-9d59153d0754,Auth:1
9f4f8f22-b1a1-4fa0-932e-f9cfbe9f7014,Auth:1
9f4f8f22-b1ce-4f17-97e5-b00cea32b85d,Auth:1
9f4f8f22-b203-44f8-96dc-d11caa360887,Auth:1
9f4f8f22-b229-432c-95ea-89ae1705a854,Auth:1
9f4f8f22-b254-4952-af4d-78a0bb04328a,Auth:1
9f4f8f22-b292-415f-a69d-7f4003433ae3,Auth:1
9f4f8f22-b2c0-4998-8ab8-8f069fafd7a9,Auth:1
9f4f8f22-b30f-4e79-a11b-8cd9f2274261,Auth:1
9f4f8f22-b409-4a35-ab9f-6536b1fcdbbb,Auth:1
9f4f8f22-b443-46ae-ab26-1d813c7f41c8,Auth:1
9f4f8f22-b466-404b-8a9d-69eba5ca8975,Auth:1
9f4f8f22-b48f-4421-8ed5-e0dcba7756b1,Auth:1
9f4f8f22-b4bb-4267-ab71-42d41aeb9320,Auth:1
9f4f8f22-b4e6-41c5-ba9a-ec5a9ca4ff69,Auth:1
9f4f8f22-b50f-4354-bd12-306f4a8b2fac,Auth:1
9f4f8f22-b531-4903-b6c3-43277e893bef,Auth:1
9f4f8f22-b554-4f8a-a950-09d54bd426df,Auth:1
9f4f8f22-b584-46df-8392-da048455274c,Auth:1
9f4f8f22-b5a7-4d6d-9f19-60b83a6cc8fd,Auth:1
9f4f8f22-b5db-466e-80d0-562b676793ed,Auth:1
9f4f8f22-b604-4462-9f45-494ec07dc38b,Auth:1
9f4f8f22-b63d-42eb-b0bb-50d92c3dd706,Auth:1
9f4f8f22-b669-4816-a6f9-a15812a95edc,Auth:1
9f4f8f22-b68d-4dd1-9dc5-68b7c63e5675,Auth:1
9f4f8f22-b6b5-4991-8053-f415c43759b7,Auth:1
9f4f8f22-b6e5-4e68-a798-b800c67614d6,Auth:1
9f4f8f22-b716-4972-97df-8d3cc8843f94,Auth:1
9f4f8f22-b73f-4154-95ba-0dd13fefa9fe,Auth:1
9f4f8f22-b76b-47c1-b7e3-9fe3852ec30e,Auth:1
9f4f8f22-b794-4a65-a9e7-baec4ee91ce4,Auth:1
9f4f8f22-b7c1-414e-8257-acfb490f154a,Auth:1
9f4f8f22-b7f4-44b4-8dbb-70811ff7c696,Auth:1
9f4f8f22-b820-4054-b28c-65241fd4b691,Auth:1
9f4f8f22-ba82-4fa7-a161-18ca94fe2a2f,Auth:1
9f4f8f22-baa9-4864-b72c-0fdf6124472c,Auth:1
9f4f8f22-bac8-4681-9649-2f35654fb820,Auth:1
9f4f8f22-baea-46a1-9ccc-7d8f121ccd17,Auth:1
9f4f8f22-bb1e-43f5-8093-e1e8747b1ffa,Auth:1
9f4f8f22-bb60-4ca2-b15a-bce6dd7405f8,Auth:1
9f4f8f22-bb95-42e8-8b8f-cc2b6e3ed50a,Auth:1
9f4f8f22-bbc4-4947-8d7a-6bb5ea3f3b73,Auth:1
9f4f8f22-bbed-4e61-b45a-51af363e805b,Auth:1
9f4f8f22-bc19-4252-815c-c6c59b229ef3,Auth:1
9f4f8f22-bc46-406b-a1f1-59db981d9eec,Auth:1
9f4f8f22-bc71-4ca1-bcaa-5e1e54cb1377,Auth:1
9f4f8f22-bc9c-45cb-99bd-99ece2598dc8,Auth:1
9f4f8f22-bcce-4aa5-af2b-d01ab72813fa,Auth:1
9f4f8f22-bcf9-44f2-9a17-3f0195a2c95b,Auth:1
9f4f8f22-bd22-4278-a27c-53aa0915dcd7,Auth:1
9f4f8f22-bd53-4b2f-b451-2ea9afeca2fa,Auth:1
9f4f8f22-bd7a-464b-9c72-b7c9f2c61592,Auth:1
9f4f8f22-bda5-4484-b48a-70d96bd7cd8b,Auth:1
9f4f8f22-bdd0-4920-93c8-51e20616a67f,Auth:1
9f4f8f22-bdfb-485a-a419-233a4f49972a,Auth:1
9f4f8f22-be25-4352-bf49-e353b1b178cb,Auth:1
9f4f8f22-be50-4d8d-b504-4b37e222a766,Auth:1
9f4f8f22-be7e-45c2-b1ef-e5991b185e86,Auth:1
9f4f8f22-bea8-448b-ae4c-3dbe15bee997,Auth:1
9f4f8f22-bed3-4375-abc1-952ad4d4fff7,Auth:1
9f4f8f22-bf09-4a32-b16f-f06abd19f327,Auth:1
9f4f8f22-bf35-44f0-866b-7dfe71245294,Auth:1
9f4f8f22-bf6f-4767-acf1-74b702494996,Auth:1
9f4f8f22-bf96-4f3e-9d03-25784be46902,Auth:1
9f4f8f22-c00a-45a5-a59f-5186a3f4d5ac,Auth:1
9f4f8f22-c031-4bb1-9f71-59bb25df26bf,Auth:1
9f4f8f22-c0dc-4cce-92ac-b5e3d3b99ac4,Auth:1
9f4f8f22-c101-4c5f-8c1e-d03cc026d907,Auth:1
9f4f8f22-c133-4696-9d38-73663c977893,Auth:1
9f4f8f22-c175-48b4-83bc-a36806cc9b53,Auth:1
9f4f8f22-c197-4b21-b822-221864d336d5,Auth:1
9f4f8f22-c295-40fe-8a47-9fc95fb30232,Auth:1
9f4f8f22-c2bd-4071-9c18-8de80e7644c2,Auth:1
9f4f8f22-c2e8-4390-bb71-e12126195968,Auth:1
9f4f8f22-c32b-492a-b44c-b3a9438a35b7,Auth:1
9f4f8f22-c34b-4ad8-8f01-d30fa7659a5e,Auth:1
9f4f8f22-c429-4410-95c5-acfa5cbe9c89,Auth:1
9f4f8f22-c44e-4e69-9a71-f4dc6ad1ece8,Auth:1
9f4f8f22-c47a-4625-a4bd-56d3c80f6f67,Auth:1
9f4f8f22-c4b2-41de-89f2-943e7a85273e,Auth:1
9f4f8f22-c4d3-462d-9331-6e987013d505,Auth:1
9f4f8f22-c4ff-4490-9cc3-10c5f0ddbc4d,Auth:1
9f4f8f22-c523-46be-a9f0-36bc0aaa998c,Auth:1
9f4f8f22-c554-41bd-a1cb-9602ad53de87,Auth:1
9f4f8f22-c587-4b09-a340-d56f0e8732ef,Auth:1
9f4f8f22-c5a8-444d-bad9-6b12e233c6db,Auth:1
9f4f8f22-c5cc-41c9-b1b0-32e9d9c1b917,Auth:1
9f4f8f22-c5f5-4205-9313-f4a5b993e507,Auth:1
9f4f8f22-c618-433f-9a80-ac7c343786a3,Auth:1
9f4f8f22-c63a-47e5-81b6-21c75f408972,Auth:1
9f4f8f22-c846-4765-99d4-e9ba9b44cf44,Auth:1
9f4f8f22-c869-41c0-aa55-952617e074b2,Auth:1
9f4f8f22-c88c-45b9-b729-bfd212d9da1d,Auth:1
9f4f8f22-c8ad-4fda-9335-22f07af850a3,Auth:1
9f4f8f22-c8d7-4abd-99e8-74f546c3e856,Auth:1
9f4f8f22-c908-4b5e-951a-b1ef4647a8f6,Auth:1
9f4f8f22-c937-49a4-b4b5-36544bd99e38,Auth:1
9f4f8f22-c96a-4d1b-a9a7-560ec163c251,Auth:1
9f4f8f22-c9a1-4389-a973-efad5e917622,Auth:1
9f4f8f22-c9cf-495e-a8e5-e8c69431cd1a,Auth:1
9f4f8f22-c9fb-484e-b690-bc1c0fa2f435,Auth:1
9f4f8f22-ca26-4121-9b65-e71bf8d65f5d,Auth:1
9f4f8f22-ca51-487e-ba1f-50c02e8b9f37,Auth:1
9f4f8f22-ca80-4bf9-9665-0e6dbd0a449e,Auth:1
9f4f8f22-caaa-43fc-ba88-b231d87eab13,Auth:1
9f4f8f22-cad6-4ff6-b98e-e9d468c7c354,Auth:1
9f4f8f22-cb05-43f5-975f-308953461f03,Auth:1
9f4f8f22-cb2c-4039-b626-44b63b8d26c6,Auth:1
9f4f8f22-cb58-4efd-a4fc-190015fe060f,Auth:1
9f4f8f22-cb83-4986-af6a-043c459b61c4,Auth:1
9f4f8f22-cbb0-4891-9a91-7d1a60f424be,Auth:1
9f4f8f22-cbdb-4e4e-9cbe-a2f349654040,Auth:1
9f4f8f22-cc05-4ed7-9432-c17c9b5968fd,Auth:1
9f4f8f22-cc31-489c-ae9e-16dfbc55572b,Auth:1
9f4f8f22-cc5c-4d0c-88cd-1b0a6e6efcf1,Auth:1
9f4f8f22-cc88-4d46-9475-4b3563949358,Auth:1
9f4f8f22-ccbd-4032-82a9-3f056c162410,Auth:1
9f4f8f22-cce9-43df-a905-369f9fd64da3,Auth:1
9f4f8f22-cd1d-4845-8fa9-1e4567d37942,Auth:1
9f4f8f22-cd44-4fd4-8e9a-2eb8509ec34c,Auth:1
9f4f8f22-cdbf-4f42-a886-f5f7c49ceb19,Auth:1
9f4f8f22-cde1-4dff-8c80-f8cf6ec0b019,Auth:1
9f4f8f22-ce8e-48cc-a45b-bf4ea6d83cb9,Auth:1
9f4f8f22-ceaf-40a9-8c4e-15c2f40f1460,Auth:1
9f4f8f22-cee6-450d-9cfb-390578d93b5f,Auth:1
9f4f8f22-cf1e-4fef-942c-5246ece780f6,Auth:1
9f4f8f22-cf41-4b29-9e06-a16ff8c3f182,Auth:1
9f4f8f22-d02c-413d-ab95-f93bd17ba09c,Auth:1
9f4f8f22-d051-4a3f-b3e9-3f23b4e3fb2f,Auth:1
9f4f8f22-d07b-4239-8291-e5bfa53c79f1,Auth:1
9f4f8f22-d0ae-4e2a-a09e-96163bf58698,Auth:1
9f4f8f22-d0d1-4073-b885-6fe699b1de64,Auth:1
9f4f8f22-d1c1-41d8-8043-63bc129f3cee,Auth:1
9f4f8f22-d1e4-4356-81b7-ac25de39b7f5,Auth:1
9f4f8f22-d20d-42b9-847e-69cef2bc5677,Auth:1
9f4f8f22-d242-4874-bd43-0d42af764d81,Auth:1
9f4f8f22-d263-425c-9487-2731b1ebe135,Auth:1
9f4f8f22-d292-4858-9ad9-e00398806d38,Auth:1
9f4f8f22-d2b6-4886-a08c-30edd5b5ab35,Auth:1
9f4f8f22-d2ec-48df-8634-47791e1b491a,Auth:1
9f4f8f22-d31a-4b4a-9f48-1c2762cbca7c,Auth:1
9f4f8f22-d33f-4645-99d8-bbd2d6a3c0d2,Auth:1
9f4f8f22-d35b-4434-9913-7327c2575cb6,Auth:1
9f4f8f22-d384-4868-ab9a-e77ca58e9b39,Auth:1
9f4f8f22-d3a6-4021-888a-f2ad90917971,Auth:1
9f4f8f22-d3c4-43f8-99ee-2a00cdc01237,Auth:1
9f4f8f22-d5df-4ce8-965a-0c7163dd5e46,Auth:1
9f4f8f22-d605-439b-aa0f-c30d87395ecd,Auth:1
9f4f8f22-d624-4360-8c2c-b133b9bcfe84,Auth:1
9f4f8f22-d646-4731-a081-d7dca6391a8f,Auth:1
9f4f8f22-d672-4bec-9929-4d7d77fc7eff,Auth:1
9f4f8f22-d6a0-46ba-8324-fdb6b58d9afb,Auth:1
9f4f8f22-d6ce-40d2-8b6d-523e6165cd65,Auth:1
9f4f8f22-d6fc-4ca0-b944-1278c33f6898,Auth:1
9f4f8f22-d727-4b74-9d04-4b8ca84f9986,Auth:1
9f4f8f22-d752-4732-bf63-388195a8f7f2,Auth:1
9f4f8f22-d7e9-4ff0-987b-71f3d394c606,Auth:1
9f4f8f22-d812-4bd8-bc66-aa0f55342192,Auth:1
9f4f8f22-d85a-4f73-bfc7-a32007111672,Auth:1
9f4f8f22-d889-48e4-a0ac-a6e9e24e5d99,Auth:1
9f4f8f22-d8b5-4ceb-96cc-de64e9273363,Auth:1
9f4f8f22-d8e2-48d3-a5c5-e8509774e087,Auth:1
9f4f8f22-d913-4a38-9c0c-2438f13f6af1,Auth:1
9f4f8f22-d93a-4e74-9688-6aa16e7590d7,Auth:1
9f4f8f22-d966-4d32-b533-aa8a5fcf8822,Auth:1
9f4f8f22-d990-469a-8e26-6c02c8a84ef9,Auth:1
9f4f8f22-d9bc-49bf-9301-0d0dd4aa9bc6,Auth:1
9f4f8f22-d9e6-4aba-bdaf-07a00479d618,Auth:1
9f4f8f22-da10-4bbb-a01f-aed8d23d7a47,Auth:1
9f4f8f22-da3d-4762-9474-7ac36a4bcdd0,Auth:1
9f4f8f22-da68-4527-90e7-d3aab5971fed,Auth:1
9f4f8f22-da94-46cb-9f44-4ea50d2c96fe,Auth:1
9f4f8f22-dac7-4591-8cfc-bb5886ab3337,Auth:1
9f4f8f22-daf3-437a-b19c-e80dbceecf0a,Auth:1
9f4f8f22-db27-4e44-8040-ebdc02352065,Auth:1
9f4f8f22-db4c-4696-9071-902538fa626c,Auth:1
9f4f8f22-dbba-418a-bb31-b420f1473e0d,Auth:1
9f4f8f22-dbda-4479-a61e-76818ac83897,Auth:1
9f4f8f22-dc74-4e7e-8563-fb16ea4f958d,Auth:1
9f4f8f22-dc93-44e4-a3e5-2fa01a5f7e4a,Auth:1
9f4f8f22-dcbf-4d96-980d-cd5672c77f51,Auth:1
9f4f8f22-dcf5-495e-9746-d2f42e48ed2b,Auth:1
9f4f8f22-dd15-4c82-9874-5a9ff20413c0,Auth:1
9f4f8f22-ddf6-46dd-af79-7fb5083a60c3,Auth:1
9f4f8f22-de1a-482b-bca3-d999fc582a7c,Auth:1
9f4f8f22-de41-41a8-a3ed-a911cd61148e,Auth:1
9f4f8f22-de74-42a1-95fc-995652b009e0,Auth:1
9f4f8f22-de93-4d2d-b620-c965b88c8aa2,Auth:1
9f4f8f22-df80-49a6-a49a-4f111eb546a5,Auth:1
9f4f8f22-dfa2-4848-b179-6ed6f8fa80e6,Auth:1
9f4f8f22-dfc8-495b-b869-2f794290f6ca,Auth:1
9f4f8f22-dffa-4c29-ade2-0321a396790f,Auth:1
9f4f8f22-e019-41f9-935c-0d1eb777fbb9,Auth:1
9f4f8f22-e042-45d1-adbe-89a9e73d248f,Auth:1
9f4f8f22-e063-4b30-9f53-048f60221a9a,Auth:1
9f4f8f22-e096-4c2e-ac0b-e26ebbf99793,Auth:1
9f4f8f22-e0c1-4352-aaf7-c815f500955d,Auth:1
9f4f8f22-e0e2-43b6-a557-951d57714d56,Auth:1
9f4f8f22-e0fe-4d14-a334-10ded7686308,Auth:1
9f4f8f22-e125-4874-ab1a-f3cc2e63679e,Auth:1
9f4f8f22-e144-4eff-8dc3-885b89500b6b,Auth:1
9f4f8f22-e163-47a0-829f-c9d1c84e5036,Auth:1
9f4f8f22-e363-4a62-8f34-76b14020d99f,Auth:1
9f4f8f22-e389-45d9-a995-e56d85d6a3da,Auth:1
9f4f8f22-e3a8-49db-859c-5d40fb80f48a,Auth:1
9f4f8f22-e3c9-4dad-b117-3106ddb5ffdb,Auth:1
9f4f8f22-e3f4-46d2-9876-b6633b3c0499,Auth:1
9f4f8f22-e420-4460-adb8-e511edfe8b22,Auth:1
9f4f8f22-e44c-4517-b166-f25b7aa073fb,Auth:1
9f4f8f22-e476-4176-8f28-254d5c7ea903,Auth:1
9f4f8f22-e49f-4383-ab21-8e99fd8ab565,Auth:1
9f4f8f22-e4c2-4127-bf14-c4c7e819e9d5,Auth:1
9f4f8f22-e52f-4d2a-b0ad-ee4e815e7b2d,Auth:1
9f4f8f22-e55a-4dce-8413-4a79232d4175,Auth:1
9f4f8f22-e59e-491b-ba24-3ca3b6e0e1c3,Auth:1
9f4f8f22-e5cd-45e3-b9d5-26a755001822,Auth:1
9f4f8f22-e5f6-4256-997a-31097d990cbf,Auth:1
9f4f8f22-e620-4400-9be8-f7b2bb88bdab,Auth:1
9f4f8f22-e64c-4ed8-ad13-59756f481f92,Auth:1
9f4f8f22-e674-4b6c-a39e-6ad06da8cffd,Auth:1
9f4f8f22-e69d-4dff-992b-909fa3e34e2a,Auth:1
9f4f8f22-e6c6-42c7-9e82-267b8c48843b,Auth:1
9f4f8f22-e6f1-4a20-b067-9f09ea69f76b,Auth:1
9f4f8f22-e71b-4c83-9baa-271c317bf190,Auth:1
9f4f8f22-e743-4f0d-b4ac-01ee4bed8fff,Auth:1
9f4f8f22-e76d-42b8-a99a-70590b61742f,Auth:1
9f4f8f22-e795-40fb-86f6-7bd757699447,Auth:1
9f4f8f22-e7be-4daf-bceb-0002db919874,Auth:1
9f4f8f22-e7ef-45f8-a4a1-fdf9055c1f60,Auth:1
9f4f8f22-e818-4ee3-ace4-8613e2caf195,Auth:1
9f4f8f22-e84c-409f-8bd2-e564a3c5cd11,Auth:1
9f4f8f22-e86f-4270-a893-7b79040ac5ce,Auth:1
9f4f8f22-e8f0-4b52-a9e4-e29a0cfa7f7c,Auth:1
9f4f8f22-e915-40bf-8238-677f9b1bd7e9,Auth:1
9f4f8f22-e9c1-4255-84da-4f2a54618480,Auth:1
9f4f8f22-e9e2-4873-8ea1-32f02f91203a,Auth:1
9f4f8f22-ea11-4350-a79f-4879c37910f1,Auth:1
9f4f8f22-ea4c-4a95-a49e-3f09eccfa7d4,Auth:1
9f4f8f22-ea6c-4c64-9c3b-1d1c6dcaca80,Auth:1
9f4f8f22-eb53-4634-8f45-6b4cb5c4c33a,Auth:1
9f4f8f22-eb7a-4ad3-953f-20de462cf2d3,Auth:1
9f4f8f22-eba8-4549-b75b-03eed4c77205,Auth:1
9f4f8f22-ebdc-4ef5-8a39-c702caebf1bb,Auth:1
9f4f8f22-ebfb-417f-89b4-1dbc43fe4be0,Auth:1
9f4f8f22-ece6-44a3-babc-074847758aa8,Auth:1
9f4f8f22-ed07-4aaa-84a6-b44513a4b35d,Auth:1
9f4f8f22-ed33-46ee-b22d-930bab0a1775,Auth:1
9f4f8f22-ed6d-4f00-8fef-f3c3d204f185,Auth:1
9f4f8f22-ed8f-4d0c-9e01-b89f3bafb2b7,Auth:1
9f4f8f22-edbc-4629-892a-89c44884f495,Auth:1
9f4f8f22-eddd-488e-975f-40d0d3c4811f,Auth:1
9f4f8f22-ee14-458e-9d78-7e5b7c35d54e,Auth:1
9f4f8f22-ee3e-4744-b6c0-3092998f6de6,Auth:1
9f4f8f22-ee64-4a16-bbf3-deb852cd8dfb,Auth:1
9f4f8f22-ee81-4b29-b81c-36b28b5f688c,Auth:1
9f4f8f22-eea8-4b37-b414-9441a8e8a0e1,Auth:1
9f4f8f22-eecc-42d7-b1b0-5cdf5ab82a3a,Auth:1
9f4f8f22-eeea-45f3-8415-38b96c269a41,Auth:1
9f4f8f22-f109-4848-a006-a2b875e35842,Auth:1
9f4f8f22-f130-4129-98db-fb7e134bdddd,Auth:1
9f4f8f22-f14f-40ef-87fb-4a30d9a42752,Auth:1
9f4f8f22-f170-494f-ba10-7d12f7210a0b,Auth:1
9f4f8f22-f19d-4765-9184-5e12794c98d2,Auth:1
9f4f8f22-f1cc-4f0b-a045-0e2db960d718,Auth:1
9f4f8f22-f1fc-412e-ada1-761f71472b15,Auth:1
9f4f8f22-f22a-4129-bfda-1b8fced83ee2,Auth:1
9f4f8f22-f255-4549-90ca-9c51b68e95f1,Auth:1
9f4f8f22-f27b-444c-be02-07aa62268b4e,Auth:1
9f4f8f22-f2ab-4761-ac4f-60c6ee1f2121,Auth:1
9f4f8f22-f2d4-4d37-ad6a-1cf12530adeb,Auth:1
9f4f8f22-f302-45f0-8a4a-b75b20caf312,Auth:1
9f4f8f22-f330-41da-aff7-47ed64a3aa66,Auth:1
9f4f8f22-f35f-4dad-b7b9-e465c170e001,Auth:1
9f4f8f22-f38a-4e46-b3ef-08412d482971,Auth:1
9f4f8f22-f3b7-43bd-a193-469008f7bf8f,Auth:1
9f4f8f22-f3e4-4636-9e3b-e5f91431c4ca,Auth:1
9f4f8f22-f411-4de9-9dc3-c61daec1ce81,Auth:1
9f4f8f22-f43e-42ea-86a7-2cfa92daf596,Auth:1
9f4f8f22-f46b-4f3b-8044-0c05432490cb,Auth:1
9f4f8f22-f496-4f77-b6bf-3b7cb7b34fad,Auth:1
9f4f8f22-f4c0-429f-934e-3fe4395fd386,Auth:1
9f4f8f22-f4ef-441c-bba9-7b5624c901ba,Auth:1
9f4f8f22-f519-4c3a-a288-850a87f572bc,Auth:1
9f4f8f22-f544-466f-b6b5-f23dc38bb382,Auth:1
9f4f8f22-f579-46cf-b24b-26a0a4fe40e4,Auth:1
9f4f8f22-f5a5-4d93-ad33-b87e79dbf4da,Auth:1
9f4f8f22-f5da-46d8-ace0-4ca40888ec09,Auth:1
9f4f8f22-f5fd-42d1-9708-32fb89b93bbd,Auth:1
9f4f8f22-f666-46e0-b5ba-e94ac08e584d,Auth:1
9f4f8f22-f68a-4f8c-9b52-eee759b4c14e,Auth:1
9f4f8f22-f72e-4342-8bdd-7eb0506d6c8f,Auth:1
9f4f8f22-f74e-437f-b369-e082497272d8,Auth:1
9f4f8f22-f781-4135-81c1-c2fdcbc211ec,Auth:1
9f4f8f22-f7b6-4b92-8ca6-ad778c9bcf9c,Auth:1
9f4f8f22-f7da-49a4-ac11-f5c9a319cd7d,Auth:1
9f4f8f22-f8c0-498e-b3b8-004d5c68e76b,Auth:1
9f4f8f22-f8e4-4648-8c11-984dd455cd2e,Auth:1
9f4f8f22-f90f-448b-80f1-8cb08fb5a499,Auth:1
9f4f8f22-f942-4506-bd86-19b7fcbf06c9,Auth:1
9f4f8f22-f964-47cd-a358-1133f97e21e8,Auth:1
9f4f8f22-fa46-40ed-903f-ae00e096fe51,Auth:1
9f4f8f22-fa68-4ac9-9327-7620f77fa2b2,Auth:1
9f4f8f22-fa92-4bed-a0a9-22bb85d3638b,Auth:1
9f4f8f22-fac5-4a24-b468-459ea0249339,Auth:1
9f4f8f22-fae9-47a8-9b46-caf2fa7da647,Auth:1
9f4f8f22-fb14-4f90-b369-02198b73ad07,Auth:1
9f4f8f22-fb37-48b0-8a53-8a43a32ea7fe,Auth:1
9f4f8f22-fb6e-4602-bafc-486fd19d2cb8,Auth:1
9f4f8f22-fb97-4ca0-8fef-ff62a970fd2a,Auth:1
9f4f8f22-fbbc-4c11-8b0f-2256db3c13b1,Auth:1
9f4f8f22-fbd9-46f5-bbd0-952cb529a560,Auth:1
9f4f8f22-fbfd-4dc6-ab9f-a1e421232c20,Auth:1
9f4f8f22-fc23-4e66-872f-4818544ea6ec,Auth:1
9f4f8f22-fc41-49d0-bc58-38167488b9e0,Auth:1
9f4f8f22-fe7a-4864-a4e1-977560323208,Auth:1
9f4f8f22-fe9e-4b67-beab-54483608df43,Auth:1
9f4f8f22-fec1-4453-a3a7-c764e1492d09,Auth:1
9f4f8f22-fee3-4c8e-ab96-eb6324e8a905,Auth:1
9f4f8f22-ff10-4a43-84f8-d900aca28133,Auth:1
9f4f8f22-ff41-455d-8993-0730940e4f1d,Auth:1
9f4f8f22-ff6d-4a3b-9b47-f1f4a46dfd9b,Auth:1
9f4f8f22-ff9d-4fcc-bfe3-a2902242fdf7,Auth:1
9f4f8f22-ffc6-40a9-b474-f72cee9a66be,Auth:1
9f4f8f22-ffed-49ab-bd2a-480108ec2ad7,Auth:1
9f4f8f23-0062-4abc-8094-d227a17dd314,Auth:1
9f4f8f23-008b-4769-8c79-50d2cbca5c46,Auth:1
9f4f8f23-00d3-4249-89c3-b66cc2a08344,Auth:1
9f4f8f23-0101-4f84-bd30-ce488b801b17,Auth:1
9f4f8f23-012d-4d02-b4ff-9b45c88cdcf0,Auth:1
9f4f8f23-0157-49da-a3e8-2d865769a8b5,Auth:1
9f4f8f23-0189-4dd4-a899-ea3e195f437f,Auth:1
9f4f8f23-01b1-4602-a082-3899e7eb427f,Auth:1
9f4f8f23-01de-484b-b48a-56bd8454b930,Auth:1
9f4f8f23-0208-4a75-9fd3-3e5825b2fa4e,Auth:1
9f4f8f23-0233-4949-a49c-381387a43160,Auth:1
9f4f8f23-025e-4d74-bb69-05c5c7da3edc,Auth:1
9f4f8f23-0289-4d8c-b9ba-fbf109ada0e3,Auth:1
9f4f8f23-02b5-4430-b213-4cae48b7948d,Auth:1
9f4f8f23-02df-48cd-a682-92ecadddc464,Auth:1
9f4f8f23-030e-48f4-bcc0-317e0cf020cf,Auth:1
9f4f8f23-0340-46b2-83ac-9d2644a9df98,Auth:1
9f4f8f23-036c-4098-a6bd-b4201db0832b,Auth:1
9f4f8f23-03a0-4055-8ef4-ecf824d3040e,Auth:1
9f4f8f23-03c5-41aa-847e-f059f8a7e1c7,Auth:1
9f4f8f23-0434-46af-86af-67cc6d0e296e,Auth:1
9f4f8f23-0456-4dc6-818b-96e16c5b2523,Auth:1
9f4f8f23-04fa-4732-9f93-dbd298d0cbb7,Auth:1
9f4f8f23-051a-4589-9ad5-e71ed75ee769,Auth:1
9f4f8f23-054b-499c-8d19-6ed101243673,Auth:1
9f4f8f23-0583-40cb-87b0-15790d3f8ff7,Auth:1
9f4f8f23-05a5-4616-aec6-6443cda5ed51,Auth:1
9f4f8f23-068d-4e2d-8238-7d5098bb8e88,Auth:1
9f4f8f23-06b3-4757-ba94-c04bec90eb98,Auth:1
9f4f8f23-06dd-4185-a29b-32887e7cdab9,Auth:1
9f4f8f23-070f-4a97-acc7-34f548619536,Auth:1
9f4f8f23-0732-4f76-92ce-92a014adb0d4,Auth:1
9f4f8f23-082c-49c9-a5cd-ada62544424d,Auth:1
9f4f8f23-084e-4102-af68-5db5fe3dccc1,Auth:1
9f4f8f23-0874-4f85-84e6-5c79442391ce,Auth:1
9f4f8f23-08aa-43e9-b845-c717802b2fc4,Auth:1
9f4f8f23-08ca-48e8-b0e6-e7a2aebd7550,Auth:1
9f4f8f23-08f8-4249-8f9a-14fa9a4f627e,Auth:1
9f4f8f23-0919-419a-98cb-9446b179c575,Auth:1
9f4f8f23-0950-482a-b4ee-3cbf3dbc581f,Auth:1
9f4f8f23-0980-4e6a-b808-d66fe3d82681,Auth:1
9f4f8f23-09a3-43b7-afb1-88f8fd04f1b1,Auth:1
9f4f8f23-09c2-4742-a8a0-9815b1197756,Auth:1
9f4f8f23-09e8-4f94-9fbd-fafda2a50b27,Auth:1
9f4f8f23-0a08-4233-82bd-b491d29811e2,Auth:1
9f4f8f23-0a2c-41be-a828-33c8e64266e6,Auth:1
9f4f8f23-0a59-4d4e-a242-26a6dadcba34,Auth:1
9f4f8f23-0aa7-462b-b500-c7ca138786af,Auth:1
9f4f8f23-0ac7-48d1-82bb-c017b6dfdd72,Auth:1
9f4f8f23-0b0e-4a07-b464-c2e40c4e4f97,Auth:1
9f4f8f23-0b2e-4fec-9f40-022bc04f0e78,Auth:1
9f4f8f23-0b5c-4ff1-ad13-8a99a193bf50,Auth:1
9f4f8f23-0b78-44b7-aa52-d3cda976106e,Auth:1
9f4f8f23-0ba6-45c9-87c5-8fe72a549a23,Auth:1
9f4f8f23-0be2-478f-bf16-d795d5d1ef8d,Auth:1
9f4f8f23-0c08-4377-a5d6-8a17be5913cd,Auth:1
9f4f8f23-0c39-4e70-b73f-e7faab5e4285,Auth:1
9f4f8f23-0c6c-427e-96e8-de5db6ee8c16,Auth:1
9f4f8f23-0c99-4db4-ba47-8c73d0fba44e,Auth:1
9f4f8f23-0cc2-4101-8c2d-8fa8495cea7b,Auth:1
9f4f8f23-0d0f-4bad-84ea-e04d1a44394a,Auth:1
9f4f8f23-0d58-4a3c-8ec5-5d0b75c2cb5c,Auth:1
9f4f8f23-0d7a-43e3-b246-b3ad0ec84059,Auth:1
9f4f8f23-0da1-486e-8744-195a9219f0b2,Auth:1
9f4f8f23-0dc9-4e70-8a42-d42c609bfe82,Auth:1
9f4f8f23-0df5-4d43-be27-77d9e4c8fc4b,Auth:1
9f4f8f23-0e36-4962-99d7-ba389200e4b6,Auth:1
9f4f8f23-0e60-41a6-b529-ecbf107d3e6b,Auth:1
9f4f8f23-0ea8-452b-9109-3724fb4b162e,Auth:1
9f4f8f23-0ed2-4356-b728-3bbd9a05cb19,Auth:1
9f4f8f23-0f07-474a-b423-b68fcc6a2e06,Auth:1
9f4f8f23-0f64-49d1-bec4-fddf56ed8898,Auth:1
9f4f8f23-0f8a-4983-968d-d4353ee30c70,Auth:1
9f4f8f23-0fb0-4709-b9d7-dca55881ea33,Auth:1
9f4f8f23-104c-40e5-bac6-783e7d3bc898,Auth:1
9f4f8f23-106b-4009-a6f1-b2d51032b08a,Auth:1
9f4f8f23-108b-4051-af4f-4de6b09c69ca,Auth:1
9f4f8f23-1113-4461-9138-c0cab7b1211c,Auth:1
9f4f8f23-1136-451b-b824-cc91473593a1,Auth:1
9f4f8f23-1157-4d7b-b393-bf4ca6482926,Auth:1
9f4f8f23-11db-492f-8a08-e2e0ba072200,Auth:1
9f4f8f23-11fa-4952-aee3-30e2adce10d2,Auth:1
9f4f8f23-121a-4dde-81b5-f960fb433852,Auth:1
9f4f8f23-127f-41e8-a193-7eb847b3930d,Auth:1
9f4f8f23-12b6-4732-80c8-10406810f596,Auth:1
9f4f8f23-16c1-46df-814c-8de9fda88ddc,Auth:1
9f4f8f23-16f7-4a71-a5ad-1b517de785c3,Auth:1
9f4f8f23-1835-46cb-a508-7457a0066ba1,Auth:1
9f4f8f23-185a-46f9-9fb9-2c68975b509b,Auth:1
9f4f8f23-188c-45a4-bd5f-914ae50eee35,Auth:1
9f4f8f23-18ba-48a3-8699-49a6e7bcbab0,Auth:1
9f4f8f23-18ee-4e7a-848b-943fd3ef87e9,Auth:1
9f4f8f23-1921-46de-8eff-b104c13d8012,Auth:1
9f4f8f23-194d-45ac-a654-0d05c3c60658,Auth:1
9f4f8f23-1993-4ac0-ba75-3df86e241ab0,Auth:1
9f4f8f23-19c1-4099-93dd-82760d91531b,Auth:1
9f4f8f23-19e5-4d06-8a8e-13e086496eaa,Auth:1
9f4f8f23-1a11-49f4-af98-6f47b347ea97,Auth:1
9f4f8f23-1a34-49ce-a1b9-185515d34575,Auth:1
9f4f8f23-1a54-40d2-b7ae-2837a2ca8a7e,Auth:1
9f4f8f23-1a7a-4353-8f9d-31690e6bf407,Auth:1
9f4f8f23-1a9b-469e-bc81-df1973470a85,Auth:1
9f4f8f23-1abe-4179-a6be-e8273696842a,Auth:1
9f4f8f23-1add-475d-ab70-641c51f2d8cd,Auth:1
9f4f8f23-1b04-4e36-b355-c62e8ece80db,Auth:1
9f4f8f23-1b2b-4ae1-a1aa-70e3e990dcc3,Auth:1
9f4f8f23-1b57-4573-ae03-5661b1868898,Auth:1
9f4f8f23-1b79-49d4-92eb-570d18ed4ec3,Auth:1
9f4f8f23-1b94-44f6-8f0d-05d3461e66f1,Auth:1
9f4f8f23-1bc9-42dd-99e4-2a2ef33f1262,Auth:1
9f4f8f23-1cbd-4698-a257-dbecf541d04b,Auth:1
9f4f8f23-1cf9-4392-90b1-6b2bd0bd653b,Auth:1
9f4f8f23-1d21-4558-bde9-86ceacf3c825,Auth:1
9f4f8f23-1d49-4519-8f39-7d92274c9701,Auth:1
9f4f8f23-1d6f-42fa-82ff-c8fba771f36b,Auth:1
9f4f8f23-1d92-48c8-ae11-4b79d8186c8c,Auth:1
9f4f8f23-1dc6-429c-ba9f-c6953bf7f68f,Auth:1
9f4f8f23-1de5-46f6-8f80-68c40a285c50,Auth:1
9f4f8f23-1e16-41b0-b4f5-b24b5ec135c2,Auth:1
9f4f8f23-1e3e-4fc5-bd9d-8997b92141fb,Auth:1
9f4f8f23-1e60-4c91-b1aa-64eb9092e8ab,Auth:1
9f4f8f23-1e89-4383-b670-2f453568eafe,Auth:1
9f4f8f23-1ea9-49c1-b448-1f37096144c9,Auth:1
9f4f8f23-1edf-4f0d-856f-56a4ee6b3cf7,Auth:1
9f4f8f23-1efe-4faf-b604-a063bd054c7b,Auth:1
9f4f8f23-1f2f-43bc-9549-2d2c786664a9,Auth:1
9f4f8f23-1f57-4870-a596-19fa5f6607a9,Auth:1
9f4f8f23-1f78-495e-afd1-0bcf029e028b,Auth:1
9f4f8f23-1fa3-497e-95c2-0933603aed63,Auth:1
9f4f8f23-1fc3-448f-ab59-7cdd0ad648f4,Auth:1
9f4f8f23-1fea-4627-a043-cac12135984e,Auth:1
9f4f8f23-200d-44f9-8d13-6ce93b2a6e3d,Auth:1
9f4f8f23-204d-450b-a0e8-71c53bb566e0,Auth:1
9f4f8f23-2070-4305-8529-041c6d0a2e03,Auth:1
9f4f8f23-209d-498c-834e-a2e0d3ae1129,Auth:1
9f4f8f23-20c6-4741-a3fe-0f71c5ca748d,Auth:1
9f4f8f23-20e8-4401-99da-81ce6117ea75,Auth:1
9f4f8f23-210d-418e-9e1e-ca8a4fff92b6,Auth:1
9f4f8f23-2131-479e-b4b8-abd2f8bcc7ba,Auth:1
9f4f8f23-2156-4a7b-8ed4-3b7e67baa993,Auth:1
9f4f8f23-2178-43e8-88d8-e4b940bcfc02,Auth:1
9f4f8f23-21a0-4929-b8e0-cdc89e8bee15,Auth:1
9f4f8f23-21bf-4df7-8890-744a84210225,Auth:1
9f4f8f23-21e6-4e1b-89b6-4102e6d5f421,Auth:1
9f4f8f23-2208-40df-ae2f-55dcc8cffac1,Auth:1
9f4f8f23-2238-4ebe-a296-70bcb2967a0c,Auth:1
9f4f8f23-225c-4354-8cc7-66965076a6a8,Auth:1
9f4f8f23-2289-401a-b554-2bedfcf5b964,Auth:1
9f4f8f23-22ae-49fa-b34b-9e33a5a02f52,Auth:1
9f4f8f23-22d1-4d67-8c55-dea917a99c5d,Auth:1
9f4f8f23-2303-40a6-82df-5101d9689f61,Auth:1
9f4f8f23-2327-43a9-a15e-e758f7b48ea0,Auth:1
9f4f8f23-2354-4c3f-9d89-db13da2539d0,Auth:1
9f4f8f23-2379-4ef4-bf11-72ffcac9f345,Auth:1
9f4f8f23-239c-4a1c-8bd5-543c769f9888,Auth:1
9f4f8f23-23c3-4c40-b178-aabbb5496647,Auth:1
9f4f8f23-23e7-4b05-9627-78d9c96d803d,Auth:1
9f4f8f23-2414-420d-a482-27d1078a0ffc,Auth:1
9f4f8f23-2435-4d20-975a-6d472d540bc0,Auth:1
9f4f8f23-247b-410d-a9f8-d8c14e7a903b,Auth:1
9f4f8f23-24a7-40b2-9033-58848828910d,Auth:1
9f4f8f23-2538-4838-9a79-be387eb7018b,Auth:1
9f4f8f23-2562-402c-af82-81730ab84e81,Auth:1
9f4f8f23-260a-4e0e-829f-d8d0da39e1c4,Auth:1
9f4f8f23-26f4-487d-85af-e0b05f110b38,Auth:1
9f4f8f24-1bc5-4e8c-be76-621813128de6,Spatie\Multitenancy\Models\Tenant
9f4f8f24-1bcf-48ea-ad22-386a2b9f98a5,Spatie\Multitenancy\Models\Tenant
9f4f8f24-1be9-43a6-a2bb-b47f74d5ca9a,Spatie\Multitenancy\Models\Tenant:4
9f4f8f24-1bf2-44b6-8814-a9a4df68b3e8,Spatie\Multitenancy\Models\Tenant:4
9f4f8f24-1c0d-4bce-b2ce-93c2525bb6f0,Spatie\Multitenancy\Models\Tenant:4
9f4f8f24-1c1e-416f-ac8e-c5ee7c55888f,Spatie\Multitenancy\Models\Tenant:4
9f4f8f24-1cb8-4211-bf13-eb935c6c0204,Spatie\Multitenancy\Models\Tenant
9f4f8f24-1cdd-4ce5-a405-5c40998e6cd0,Spatie\Multitenancy\Models\Tenant:4
9f4f8f24-1cfd-45dc-97bb-91c5f0ec8941,Spatie\Multitenancy\Models\Tenant:4
9f4f8f24-1ea5-4ada-b3b9-d89abed01834,App\Models\User
9f4f8f24-1eed-4676-ab79-23e26318868d,Auth:1
9f4f8f24-1f0c-497d-88a2-fbec72d177f8,App\Models\User
9f4f8f24-1f0d-462b-a858-ca316db9959e,Auth:1
9f4f8f24-1f38-4f29-b003-bb6ca5aed7a7,App\Models\User
9f4f8f24-1f4d-46bf-b77a-0878fa0f30a8,Auth:1
9f4f8f24-1f6b-43d4-b84f-7a872ab30c28,Auth:1
9f4f8f24-1f75-4180-8e8e-4d0ff9132ef7,Auth:1
9f4f8f24-1f94-4922-b0da-aa6ab7471fc6,Auth:1
9f4f8f24-1fa7-4e53-8e49-d7f5af5e7ff6,Auth:1
9f4f8f24-1fc2-46f8-8746-e90404c4b591,Auth:1
9f4f8f24-2010-4659-9035-ad4e57c59d1c,Auth:1
9f4f8f24-2026-4f32-9ead-956c10a4e804,Auth:1
9f4f8f24-2030-4f61-9bce-5030c59360c4,Auth:1
9f4f8f24-203e-4cdd-9637-8686ff97edda,Auth:1
9f4f8f24-21ca-40fa-9bfc-d706ae3f2ad6,Auth:1
9f4f8f24-21e7-417a-bcd8-c0c9c845cac8,App\Models\Order
9f4f8f24-21e7-417a-bcd8-c0c9c845cac8,Auth:1
9f4f8f24-2241-4a52-b709-64738b259557,Auth:1
9f4f8f24-2263-4167-8662-22db30e22bd9,App\Models\Order
9f4f8f24-2263-4167-8662-22db30e22bd9,Auth:1
9f4f8f24-2343-4a32-aad2-a5297ec3bc3b,Auth:1
9f4f8f24-2361-4cc7-a10b-8e34dc5263ed,App\Models\Order
9f4f8f24-2361-4cc7-a10b-8e34dc5263ed,Auth:1
9f4f8f24-242b-4a49-8c5c-41c47db09233,Auth:1
9f4f8f24-2453-49ff-9bef-fc72ee4db256,Auth:1
9f4f8f24-2462-4cb3-bb62-b3bbd0946a21,Auth:1
9f4f8f24-246e-45a5-8362-f59ffe2f27f5,Auth:1
9f4f8f24-2494-47b2-b3d8-ac3de925de68,Auth:1
9f4f8f24-249f-4af0-ba7f-d2715b258226,Auth:1
9f4f8f24-24a1-46e9-80e5-ada54e42a6c3,Auth:1
9f4f8f24-24c2-419e-8163-7881b97d3e88,Auth:1
9f4f8f24-24c3-49fe-9c53-1aa802e0c14d,Auth:1
9f4f8f24-24cb-42dd-b5a8-a553cb33d5f3,Auth:1
9f4f8f24-24e8-49ad-bb91-c8b69b3dc0e1,Auth:1
9f4f8f24-24ee-43ad-ae22-941afd7fe9ef,Auth:1
9f4f8f24-24f0-4fbd-a4f2-4efb5c6d7274,Auth:1
9f4f8f24-2515-47e6-975c-7a233abe5866,Auth:1
9f4f8f24-2518-4012-aada-45936d3bb9c0,Auth:1
9f4f8f24-25c1-4a9e-b1a9-f30ad2a556a6,Auth:1
9f4f8f24-2637-4517-a647-41fdf4225b1e,Auth:1
9f4f8f24-269c-4e34-83a1-07779a80a1c5,Auth:1
9f4f8f24-4a59-48c8-94ec-c83a59e88599,Spatie\Multitenancy\Models\Tenant
9f4f8f24-4a7f-4172-bc9d-ae3edde1e9df,Spatie\Multitenancy\Models\Tenant:4
9f4f8f24-4aa5-46dd-959e-cc41190ce97d,Spatie\Multitenancy\Models\Tenant:4
9f4f8f24-4d54-4ab1-80b2-75411933f1d0,App\Models\User
9f4f8f24-4d9a-4bb1-8d40-4c2666ebb6c2,Auth:1
9f4f8f24-4db8-4dd6-aa04-f1a07769725c,Auth:1
9f4f8f24-4e54-4480-87c7-4464f0e236c5,Auth:1
9f4f8f24-4e6d-4bef-8a2e-d839db1a683a,Auth:1
9f4f8f24-5037-4e7b-9df9-5c3b095c59cc,Auth:1
9f4f8f24-5057-466d-81af-5eccb6dc10c0,App\Models\Order
9f4f8f24-5057-466d-81af-5eccb6dc10c0,Auth:1
9f4f8f24-51c4-4f38-86b5-cbcee38a0efb,Auth:1
9f4f8f24-520e-49e8-b962-dd94661a334d,Auth:1
9f4f8f24-5240-47e2-a47f-21e7c7cea414,Auth:1
9f4f8f24-5266-41bd-8796-79930c6ce2b3,Auth:1
9f4f8f24-528e-4f17-a4d0-574a882f07cf,Auth:1
9f4f8f24-5357-4060-8093-bcd363217810,Auth:1
9f4f8f26-7b1a-4211-8ca7-de823d3ff621,Spatie\Multitenancy\Models\Tenant
9f4f8f26-7b3e-45dd-9b03-c17c89918de6,Spatie\Multitenancy\Models\Tenant:4
9f4f8f26-7b62-4a37-a8a9-576810b4a59e,Spatie\Multitenancy\Models\Tenant:4
9f4f8f26-7de2-4ace-a4e6-1c4a29bff911,App\Models\User
9f4f8f26-7e33-4fd7-94e2-9276d965775b,Auth:1
9f4f8f26-7e4f-4cd8-8b5b-a874bf9a6e94,Auth:1
9f4f8f26-7f2a-48fd-ae0e-0658087aba2e,Auth:1
9f4f8f26-7f48-484a-a4f2-5eddb70929a2,App\Models\Order
9f4f8f26-7f48-484a-a4f2-5eddb70929a2,Auth:1
9f4f8f26-8020-40b7-87b9-a7dee68486ef,Auth:1
9f4f8f26-80b7-4c24-a75e-53120620af6b,Auth:1
9f4f8f26-8196-4088-af85-ca0146346385,Auth:1
9f4f8f26-81b1-4b4c-abbb-6831e23deb48,App\Models\PaymentMethod
9f4f8f26-81b1-4b4c-abbb-6831e23deb48,Auth:1
9f4f8f26-81fa-491d-867d-d80828f28c29,Auth:1
9f4f8f26-8234-4cda-93a5-0d46f007aea0,Auth:1
9f4f8f26-826d-414d-819f-52ff2abec43a,Auth:1
9f4f8f26-82a3-460d-b530-695a20e84a39,Auth:1
9f4f8f26-82d9-4238-943b-401e7ca9ae46,Auth:1
9f4f8f26-8315-428d-83eb-c9d8dadf62f8,Auth:1
9f4f8f26-835c-44b3-b0a7-7068348d9cc8,Auth:1
9f4f8f26-839b-4a76-bdda-18b41e54d8ca,Auth:1
9f4f8f26-83f4-4bc3-98ce-1928a680a678,Auth:1
9f4f8f26-841f-4fa5-9ef7-9577656899e0,Auth:1
9f4f8f26-8442-43eb-973d-61932ca925c5,Auth:1
9f4f8f26-8473-4c06-8cd6-829c8c545722,Auth:1
9f4f8f26-84e0-4d93-bdfc-246ebd610c35,Auth:1
9f4f8f26-8510-45a2-a8f6-abda79e9a994,Auth:1
9f4f8f26-852f-4d3e-b719-1ce896422bda,Auth:1
9f4f8f26-854c-4e41-9a94-a880fe3073de,Auth:1
9f4f8f26-8573-43c8-8809-d93286017a37,Auth:1
9f4f8f26-8592-4022-96d3-3b87ac050f80,Auth:1
9f4f8f26-85be-4bd7-b297-b95c6cc88dfb,Auth:1
9f4f8f26-85f9-48a7-a175-0260efe1bf11,Auth:1
9f4f8f26-8619-42d6-83b5-a814f71acef4,Auth:1
9f4f8f26-8635-41a5-b10f-d28f5c49e22b,Auth:1
9f4f8f26-8654-4a06-b76f-eea74fd96d91,Auth:1
9f4f8f26-8674-4de2-9237-145bc9787f1b,Auth:1
9f4f8f26-86a3-4fbd-914f-daef533cb642,Auth:1
9f4f8f26-86d4-4ea2-91ff-c70fdbc49998,Auth:1
9f4f8f26-86f6-44b3-9192-1c35ea064fb8,Auth:1
9f4f8f26-8711-4b3e-afba-27f82caaa9e7,Auth:1
9f4f8f26-8736-4692-aa96-dca89d5e00f5,Auth:1
9f4f8f26-8762-4389-a7d1-bb70e09a050f,Auth:1
9f4f8f26-878e-46e1-81e1-75fde287839b,Auth:1
9f4f8f26-87cf-4f8d-9bb8-387f1d6e6387,Auth:1
9f4f8f26-87ef-4479-a40d-016537a49ecc,Auth:1
9f4f8f26-880d-4544-a349-07fd128cb303,Auth:1
9f4f8f26-882f-4828-9504-6da6234729e2,Auth:1
9f4f8f26-8851-4b42-a133-faeb34821f91,Auth:1
9f4f8f26-8876-445d-a340-baaeac32811c,Auth:1
9f4f8f26-889d-4aab-b90f-61ea96aa3c5c,Auth:1
9f4f8f26-88c7-4037-bc5c-d23cdf50b189,Auth:1
9f4f8f26-88e9-4fa2-9e0c-691d3d60b13f,Auth:1
9f4f8f26-8913-421e-adb7-7372fc5b4e87,Auth:1
9f4f8f26-8945-41ea-aa06-1387735b3b20,Auth:1
9f4f8f26-8972-40c6-be75-0c7d9b9e3bad,Auth:1
9f4f8f26-89a1-446b-a3bb-b4ca957043e9,Auth:1
9f4f8f26-89c0-4360-a98d-482ec85a2eab,Auth:1
9f4f8f26-89dc-40bb-a347-fea59561eaa8,Auth:1
9f4f8f26-89fd-4af1-b1ed-7339c62eeb97,Auth:1
9f4f8f26-8a1e-4892-ba33-4680270eb384,Auth:1
9f4f8f26-8a4a-4fc1-9330-40d976056958,Auth:1
9f4f8f26-8a76-409a-abed-c717c8fcc60a,Auth:1
9f4f8f26-8a96-4e0f-9f37-1348da9f8d13,Auth:1
9f4f8f26-8ab3-434a-a2e3-f08323879e8f,Auth:1
9f4f8f26-8ad4-44e2-bb77-8d2d8a017db9,Auth:1
9f4f8f26-8af4-4929-a3fa-a9e13042bfab,Auth:1
9f4f8f26-8b3a-49fc-aa45-1d9bcbd4d606,Auth:1
9f4f8f26-8b6d-4a33-8c12-26a20fd30a98,Auth:1
9f4f8f26-8b8f-4dc3-b10b-cdd3c6eac314,Auth:1
9f4f8f26-8bad-45e0-a259-01ea7c0287fd,Auth:1
9f4f8f26-8bcc-4425-8d44-51b5e589ee74,Auth:1
9f4f8f26-8bed-4935-b49f-5a3235ddf2f5,Auth:1
9f4f8f26-8c1a-48a4-80c6-fed84fc70d33,Auth:1
9f4f8f26-8c48-48b3-9243-6438496a6e54,Auth:1
9f4f8f26-8c67-44ba-ac99-f0e0b3e51f3a,Auth:1
9f4f8f26-8c84-49d3-b56f-79ecf26e4765,Auth:1
9f4f8f26-8ca6-4ea0-b3a7-923c42ab6e38,Auth:1
9f4f8f26-8cc6-4c7a-a35b-2e86168e0fa0,Auth:1
9f4f8f26-8cf2-4d67-bfde-8072b577e41f,Auth:1
9f4f8f26-8d22-4f26-9286-b4ff99feef4b,Auth:1
9f4f8f26-8d44-45d2-95bf-6de0774e6540,Auth:1
9f4f8f26-8d61-4eb9-89ee-adc73a6860d8,Auth:1
9f4f8f26-8d84-48d0-8ce5-354de3cb438c,Auth:1
9f4f8f26-8da3-4088-8894-6c56137c0bbc,Auth:1
9f4f8f26-8dc2-43c9-8c52-695800d73c76,Auth:1
9f4f8f26-8de5-42f7-8210-55d38116e91d,Auth:1
9f4f8f26-8e05-412a-973c-679ec771ebe9,Auth:1
9f4f8f26-8e26-455b-9d3a-f519cbc3d459,Auth:1
9f4f8f26-8e52-4487-bb30-e8fef3229236,Auth:1
9f4f8f26-8e82-4627-920d-fdb849a9dc3d,Auth:1
9f4f8f26-8eb1-45b7-90fb-e2fa43f9f9d8,Auth:1
9f4f8f26-8f6c-4a17-914b-10f72c3a6c8d,Auth:1
9f4f8f26-8f87-4a43-83f3-ef45fb38946e,App\Models\Address
9f4f8f26-8f87-4a43-83f3-ef45fb38946e,Auth:1
9f4f8f26-8faf-4b95-968b-56ecec13d755,Auth:1
9f4f8f26-8fd1-4439-a5fb-25b77e98a557,Auth:1
9f4f8f26-8fed-4f72-9a0f-702fcedee10c,Auth:1
9f4f8f26-900e-4f1a-b152-2fe41ac486cb,Auth:1
9f4f8f26-9041-4820-9812-c3bf40f662bb,Auth:1
9f4f8f26-9073-41f6-82e0-3a68349dd913,Auth:1
9f4f8f26-90a1-45ca-9762-42c827342852,Auth:1
9f4f8f26-90c1-4539-a350-06d19a92d1c2,Auth:1
9f4f8f26-90dd-4587-b88e-01167c4bf4af,Auth:1
9f4f8f26-9111-46a6-b001-89d6b3f08508,Auth:1
9f4f8f26-9132-4f76-92c1-064fd84ff6f0,Auth:1
9f4f8f26-9161-4670-80ee-2ebf84c1d82f,Auth:1
9f4f8f26-9242-4740-9cc3-e5bc390da40c,Auth:1
9f4f8f26-9274-4dfc-8a5e-02fa83653f95,Auth:1
9f4f8f26-9297-47ad-8f2d-18449f7dce0c,Auth:1
9f4f8f26-92c2-4437-8228-2003db3bb98e,Auth:1
9f4f8f26-92e8-49e5-a74f-5ee4d93a8cb6,Auth:1
9f4f8f26-9322-490d-8f9b-cc458c046472,Auth:1
9f4f8f26-9355-46ab-aabd-faa3122923ed,Auth:1
9f4f8f26-9381-4689-b50f-b983479d5fdb,Auth:1
9f4f8f26-93a6-4713-974d-174beb614bdc,Auth:1
9f4f8f26-93cd-4ca3-bd4f-bece98445894,Auth:1
9f4f8f26-93f2-423c-984e-a62d02f00da5,Auth:1
9f4f8f26-941a-41c9-9424-539fb3feecfb,Auth:1
9f4f8f26-944b-4c50-99d4-01ab695be09f,Auth:1
9f4f8f26-946f-4bda-8d7c-6a3c60502a9c,Auth:1
9f4f8f26-9495-4cd8-b235-7590251e2cda,Auth:1
9f4f8f26-94d8-4a9b-a19e-5cdf7bb05b7c,Auth:1
9f4f8f26-9526-4916-ad91-211586018380,Auth:1
9f4f8f26-9571-408e-b734-2d5036b26754,Auth:1
9f4f8f26-962b-4d8f-841d-c4ec733d5cfd,Auth:1
9f4f8f26-9655-4f9f-a3c4-bbc495d7ff31,App\Models\ShippingMethod
9f4f8f26-9655-4f9f-a3c4-bbc495d7ff31,Auth:1
9f4f8f26-9689-4bba-ac9b-da62827fc2e5,Auth:1
9f4f8f26-96b9-4fd3-94cf-d3719049e77c,Auth:1
9f4f8f26-96e5-4356-97f2-7ce0b239d3ec,Auth:1
9f4f8f26-9709-4b14-bb20-48a43136f8c5,Auth:1
9f4f8f26-972a-4f6b-867a-1326623f4b59,Auth:1
9f4f8f26-9758-427f-83e4-51021de53c85,Auth:1
9f4f8f26-9784-49f4-9ec9-bf883ca4a294,Auth:1
9f4f8f26-97aa-4244-aa6a-f78db45651e8,Auth:1
9f4f8f26-97c9-4249-a938-15f663435086,Auth:1
9f4f8f26-97e9-4e30-885f-d0c0f57c66bc,Auth:1
9f4f8f26-980b-4b8b-8fd6-78785fe8f915,Auth:1
9f4f8f26-9830-4077-8501-56cb027f0fc0,Auth:1
9f4f8f26-9850-49e5-86b1-61ccee049f0d,Auth:1
9f4f8f26-9876-4209-a637-820db196e684,Auth:1
9f4f8f26-989c-4c24-b98c-282770f5cecc,Auth:1
9f4f8f26-98c8-421a-92b3-4095978f61c4,Auth:1
9f4f8f26-98fb-4a30-ae6f-86c6f2e037f5,Auth:1
9f4f8f26-992b-4c65-aff3-9a4c5a67a29a,Auth:1
9f4f8f26-995a-4e3e-9aeb-8b65c38702d8,Auth:1
9f4f8f26-9976-4ac0-9f6b-7f23e1af62df,Auth:1
9f4f8f26-999c-479d-b5fb-466659fe79a7,Auth:1
9f4f8f26-99c3-41c0-9d5b-af2e6d4c2145,Auth:1
9f4f8f26-99e4-4b94-aada-4f62b28d5f6c,Auth:1
9f4f8f26-9a0b-4e64-bbf2-b59c69017c37,Auth:1
9f4f8f26-9a2f-4cc0-a156-279e4a992a92,Auth:1
9f4f8f26-9a50-47a0-8294-f6be10d1a5e6,Auth:1
9f4f8f26-9a74-4332-be08-6a1a6ee3e7f3,Auth:1
9f4f8f26-9a9c-49e8-834f-d46c2e4bc1c0,Auth:1
9f4f8f26-9ad8-4ca0-ba14-6d062e0ff405,Auth:1
9f4f8f26-9b8f-4b25-a75c-e98d656dd109,Auth:1
9f4f8f26-9bb1-4c7c-90ea-233f7d769a0b,App\Models\OrderItem
9f4f8f26-9bb1-4c7c-90ea-233f7d769a0b,Auth:1
9f4f8f26-9be7-4d1a-8469-64be4f003520,Auth:1
9f4f8f26-9c1e-4145-b20f-3425e9d77b99,Auth:1
9f4f8f26-9cb6-4b5e-a3d5-dd1a3193707e,Auth:1
9f4f8f26-9cd5-43af-96d2-ce72e59d5cf4,App\Models\Variant
9f4f8f26-9cd5-43af-96d2-ce72e59d5cf4,Auth:1
9f4f8f26-9d66-47a0-908b-1743756c3cfa,Auth:1
9f4f8f26-9d88-40e5-9048-498faf43a62d,App\Models\Product
9f4f8f26-9d88-40e5-9048-498faf43a62d,Auth:1
9f4f8f26-9db4-4c8b-b26a-4ef1899a91b6,Auth:1
9f4f8f26-9dda-4a30-a5bb-243a106abbd5,Auth:1
9f4f8f26-9dfa-4771-b471-36b4d1c4ea47,Auth:1
9f4f8f26-9e22-41c6-bee6-7c4603b3d861,Auth:1
9f4f8f26-9e4e-4d89-b908-63fe029edca0,Auth:1
9f4f8f26-9e8c-4193-b751-5c93fa88ed81,Auth:1
9f4f8f26-9f27-41f8-a021-0af57a228daf,Auth:1
9f4f8f26-9f45-4b0b-a124-6292b6cd82ae,App\Models\VariantValue
9f4f8f26-9f45-4b0b-a124-6292b6cd82ae,Auth:1
9f4f8f26-9f6b-4429-b648-a5a18b69e795,Auth:1
9f4f8f26-9f8f-46fb-95f9-739d701d8959,Auth:1
9f4f8f26-9fb6-4d74-bb05-d918592ed8e0,Auth:1
9f4f8f26-9fdc-40ba-9d57-0ea2d62d378d,Auth:1
9f4f8f26-a001-4870-8a3a-630f81a92337,Auth:1
9f4f8f26-a039-4ca4-91a6-74b584dbbf0b,Auth:1
9f4f8f26-a10c-47a5-bb3d-454680beb78c,Auth:1
9f4f8f26-a15b-408b-a461-cd272016cbbf,Auth:1
9f4f8f26-a18f-43f5-bf83-bcf8e5a23988,Auth:1
9f4f8f26-a1af-4ffd-afba-52edc12b2bb4,Auth:1
9f4f8f26-a1d3-470f-ac06-3731815769dd,Auth:1
9f4f8f26-a1fd-4207-a2c0-c624c21d4351,Auth:1
9f4f8f26-a22f-4941-a043-24a4ff0e0988,Auth:1
9f4f8f26-a267-4769-8986-6e07c7c7d622,Auth:1
9f4f8f26-a287-4930-91ba-e7b3efa93efd,Auth:1
9f4f8f26-a2a6-446b-877a-5960825e540a,Auth:1
9f4f8f26-a2f5-4cb4-8ee9-f11da84f3758,Auth:1
9f4f8f26-a322-434d-9bd0-9d8fc713eb88,Auth:1
9f4f8f26-a34f-4207-9e95-b2b6bda73585,Auth:1
9f4f8f26-a38a-4992-8840-9b84af10e711,Auth:1
9f4f8f26-a3b1-46cc-b58e-0d1cb080c2b2,Auth:1
9f4f8f26-a3d7-48ae-aa54-21ea2c7a5988,Auth:1
9f4f8f26-a3fa-4745-b964-f464a6db4898,Auth:1
9f4f8f26-a41a-414d-baf8-21e2ab3a90fe,Auth:1
9f4f8f26-a444-4df4-ac94-a10be5405730,Auth:1
9f4f8f26-a484-4121-ae60-8d9f8d22c72b,Auth:1
9f4f8f26-a4d3-4fd2-9819-f2e09cbf689d,Auth:1
9f4f8f26-a584-4dd7-8b76-69bb86c64090,Auth:1
9f4f8f26-a611-44b4-8b8f-ad3f5d7b6086,Auth:1
9f4f8f26-a678-4648-8817-5dfd500d053d,Auth:1
9f4f8f26-a6ac-46d7-bcc6-d9405e686fbb,Auth:1
9f4f8f26-a6db-4480-9a3b-42e4380769d0,Auth:1
9f4f8f26-a70f-4b4d-b798-f0a616c95260,Auth:1
9f4f8f26-a745-4860-a9e5-c2d7930e7539,Auth:1
9f4f8f26-a790-4e10-8401-bc89d1471563,Auth:1
9f4f8f26-a83d-4307-a202-eb436ebb2953,Auth:1
9f4f8f26-a880-4d7f-ae21-221abf8003a9,Auth:1
9f4f8f26-a8b4-4eda-8cfb-d4b496cd2db2,Auth:1
9f4f8f26-a8e2-4ef2-8205-e7d62f549278,Auth:1
9f4f8f26-a917-447f-8455-e06bf5727649,Auth:1
9f4f8f26-a94a-4f96-a217-ddba4dde5757,Auth:1
9f4f8f26-a997-48d8-8c7b-d52b18abd92b,Auth:1
9f4f8f26-aa6e-4fa8-832a-ec4702a73710,Auth:1
9f4f8f26-aab2-4a4b-8b70-3235bf458c5b,Auth:1
9f4f8f26-aae9-4f75-8a40-25cefa5bb141,Auth:1
9f4f8f26-ab18-40e8-babf-586ed50e0b51,Auth:1
9f4f8f26-ab55-4844-953c-6b0ba4169f57,Auth:1
9f4f8f26-ab8a-496b-a9f2-3a979c0f2983,Auth:1
9f4f8f26-abd4-4b72-8897-19d47473bb22,Auth:1
9f4f8f26-ac1a-4106-bad9-8922b9d62cd0,Auth:1
9f4f8f26-ac4e-496f-8ef8-7213f65fcd4b,Auth:1
9f4f8f26-ac7e-4d16-a3ab-d11536a49eb2,Auth:1
9f4f8f26-acb4-4cca-b52d-374c9849d22f,Auth:1
9f4f8f26-ace6-4629-9435-f906de12e9eb,Auth:1
9f4f8f26-ad30-4fc3-a725-5b8b6204d6fc,Auth:1
9f4f8f26-ad78-400d-bcba-fccea7f227f2,Auth:1
9f4f8f26-adaa-422a-b65c-cfe83c981c09,Auth:1
9f4f8f26-add9-4545-a8cb-408275124adf,Auth:1
9f4f8f26-ae12-418b-8d70-45c5a6e183b6,Auth:1
9f4f8f26-ae46-4986-a6f5-60def8734878,Auth:1
9f4f8f26-ae7b-4937-bd59-27617ba6b996,Auth:1
9f4f8f26-aeb9-464d-bd7f-ebe414fc5c20,Auth:1
9f4f8f26-aee5-47f3-9a50-c5e123b94207,Auth:1
9f4f8f26-af05-4335-b481-2df844dd582d,Auth:1
9f4f8f26-af26-4106-8425-6c1c185ecc52,Auth:1
9f4f8f26-af53-4f42-b3f5-fef46323e171,Auth:1
9f4f8f26-af81-49d8-90bd-b0c77de76f21,Auth:1
9f4f8f26-afc4-4a7b-ab71-ab3258cabfa0,Auth:1
9f4f8f26-b04e-4d6a-ac3e-f15ef4579ff6,Auth:1
9f4f8f26-b070-4a38-9058-326f36f94f54,Auth:1
9f4f8f26-b093-4f0d-a8e8-c60ab56ef46c,Auth:1
9f4f8f26-b188-4ba3-a364-7bc4ccdb2625,Auth:1
9f4f8f26-b1de-4d63-8703-a3a472b56a68,Auth:1
9f4f8f26-b203-4874-834a-e3c853777225,Auth:1
9f4f8f26-b229-4ebc-964a-b98183bafb36,Auth:1
9f4f8f26-b258-4202-94e6-27be7b3dfafb,Auth:1
9f4f8f26-b282-4937-ade7-34e267464d85,Auth:1
9f4f8f26-b2a8-4946-96c3-28866765b38b,Auth:1
9f4f8f26-b2eb-4d5a-9639-799817af7690,Auth:1
9f4f8f26-b314-4b35-b2f8-26ca7c2bed9a,Auth:1
9f4f8f26-b334-495d-9158-47f0ad81d48e,Auth:1
9f4f8f26-b379-417f-aaa9-994968727649,Auth:1
9f4f8f26-b39f-4e35-b12e-77ce76ec4dc2,Auth:1
9f4f8f26-b3d7-4f61-b04a-f9247e9abce4,Auth:1
9f4f8f26-b407-4b26-aefc-20ad032f5925,Auth:1
9f4f8f26-b42c-4450-8a3e-1dace54067a4,Auth:1
9f4f8f26-b466-409b-b86b-8be642c741d2,Auth:1
9f4f8f26-b48b-40b4-977d-e32d3cf7b8d3,Auth:1
9f4f8f26-b4bb-4018-b0a1-0328ec125d4f,Auth:1
9f4f8f26-b4e4-4899-a45f-55c1c0a2b162,Auth:1
9f4f8f26-b510-40c7-8feb-9690474e80f9,Auth:1
9f4f8f26-b733-411d-8b22-3acea7434ee9,Auth:1
9f4f8f26-b75f-40f6-a884-b75900f42aa2,Auth:1
9f4f8f26-b893-48f2-9a48-26ac9851ca87,Auth:1
9f4f8f26-b8c0-4953-8a67-412397f69a01,Auth:1
9f4f8f26-b8f4-4f16-9889-f609513c79aa,Auth:1
9f4f8f26-b91c-4edd-97c9-82a6daa2f2f9,Auth:1
9f4f8f26-b94d-40a8-80ea-e5bd5c3c77e1,Auth:1
9f4f8f26-b97d-41a1-a60e-657d47600018,Auth:1
9f4f8f26-b9ac-41d4-984a-88cd2eb51902,Auth:1
9f4f8f26-b9f2-496d-be1b-2caeeb8832cb,Auth:1
9f4f8f26-ba19-4251-aff2-2de403a2b11a,Auth:1
9f4f8f26-ba3a-4ece-8ca2-11109cd512d9,Auth:1
9f4f8f26-ba67-4c60-8b97-4427a8dbb8f2,Auth:1
9f4f8f26-ba8a-449e-aada-70131302b03c,Auth:1
9f4f8f26-baab-4a24-84f9-00807c2ea18c,Auth:1
9f4f8f26-bad1-44f6-b5a6-6acd65ada61e,Auth:1
9f4f8f26-baef-4691-a4b2-fd1bbf98abb2,Auth:1
9f4f8f26-bb13-453d-95da-62278d316cf7,Auth:1
9f4f8f26-bb32-42f9-8277-64fcbf6d0b97,Auth:1
9f4f8f26-bb54-48c2-b17d-c2d92a39edb9,Auth:1
9f4f8f26-bb82-423f-846c-59ef1787e45c,Auth:1
9f4f8f26-bbab-4d1d-b981-e13744efeecc,Auth:1
9f4f8f26-bbcd-493b-8e1b-39b16d33ec6a,Auth:1
9f4f8f26-bbee-4e20-9f25-d47c2153f55e,Auth:1
9f4f8f26-bc28-42bd-bd71-6878eddbb33e,Auth:1
9f4f8f26-bd18-489c-9cc2-35d22a855bd0,Auth:1
9f4f8f26-bd4e-4de2-a511-56a7796a92da,Auth:1
9f4f8f26-bd7b-47da-9697-2d05306bce3f,Auth:1
9f4f8f26-bd9f-4f29-88e0-dd301bf70f76,Auth:1
9f4f8f26-bdca-4f77-a290-43cc694ae1e4,Auth:1
9f4f8f26-bdeb-4a11-94c0-23e19a3d0b78,Auth:1
9f4f8f26-be19-4c50-bffc-26c8af761553,Auth:1
9f4f8f26-be3c-41b5-bdf3-7025d7f50ca6,Auth:1
9f4f8f26-be68-425d-8ef5-78ebbe4f9530,Auth:1
9f4f8f26-be91-48a0-9add-974ab86da2cd,Auth:1
9f4f8f26-beb2-4e0e-a290-99011fe60813,Auth:1
9f4f8f26-bed7-47f4-8ad2-68fdee483ea9,Auth:1
9f4f8f26-befb-4479-8658-17175f085b3b,Auth:1
9f4f8f26-bf2d-44f9-bed9-14232e7cda89,Auth:1
9f4f8f26-bf51-458d-969c-c038e4a99d45,Auth:1
9f4f8f26-bf7e-4c7c-8fb6-32ab4e930cd5,Auth:1
9f4f8f26-bfa3-4f85-8129-5c5f1222308d,Auth:1
9f4f8f26-bfc6-4921-920e-1a321261ce53,Auth:1
9f4f8f26-bfec-4424-bb31-c0a83ad30e1a,Auth:1
9f4f8f26-c00d-41d7-8934-e1d43771bf78,Auth:1
9f4f8f26-c034-40ca-be7a-09a35e44693b,Auth:1
9f4f8f26-c053-44d8-b703-498f5c4d8999,Auth:1
9f4f8f26-c094-480a-8c6f-0e6ea36196fe,Auth:1
9f4f8f26-c0b4-4408-a10c-55529df45a6c,Auth:1
9f4f8f26-c0e8-45e7-abf4-9564d95f73c4,Auth:1
9f4f8f26-c10d-4332-91a3-baa738411365,Auth:1
9f4f8f26-c12f-48ce-9336-f2e257574ebe,Auth:1
9f4f8f26-c155-4a05-bd6a-dc3739fe29f1,Auth:1
9f4f8f26-c175-40a5-aaa1-19cb78691917,Auth:1
9f4f8f26-c19f-4dcd-894a-076902e3d7b3,Auth:1
9f4f8f26-c1c0-421f-98e4-b839dfd1424c,Auth:1
9f4f8f26-c1e7-4aef-b19d-44d8351d4fce,Auth:1
9f4f8f26-c209-4536-b923-7d59bb07493e,Auth:1
9f4f8f26-c22f-4da0-8f31-70b8f41dbc7b,Auth:1
9f4f8f26-c252-4779-937a-b4bd1b3b82bb,Auth:1
9f4f8f26-c280-43a4-833f-6fa6d79f4d26,Auth:1
9f4f8f26-c2a0-44d9-9223-ef453ae186a6,Auth:1
9f4f8f26-c2d1-42a2-a997-45cf7fd70770,Auth:1
9f4f8f26-c2f6-4794-9765-d9c71d865ea2,Auth:1
9f4f8f26-c318-4086-9125-acee837433f5,Auth:1
9f4f8f26-c34c-42a6-b24e-7917bb638556,Auth:1
9f4f8f26-c370-445c-9ff6-5baa9533aa1c,Auth:1
9f4f8f26-c39f-4d43-878e-cc40ef5c2398,Auth:1
9f4f8f26-c3c3-4718-9deb-461a965767b9,Auth:1
9f4f8f26-c3e8-4840-83e9-01eb79130920,Auth:1
9f4f8f26-c40d-45c6-9ff4-3d1a73122eca,Auth:1
9f4f8f26-c42e-4806-bf1f-fa78138eccf9,Auth:1
9f4f8f26-c45b-42b4-b3c2-582a96a946e8,Auth:1
9f4f8f26-c47c-4817-b358-37c5558c7c4d,Auth:1
9f4f8f26-c4bf-46cb-9132-d68d354e9ac2,Auth:1
9f4f8f26-c4f0-4f7d-9ec2-44f17ae63da0,Auth:1
9f4f8f26-c57c-4ef0-b403-b697b07318d0,Auth:1
9f4f8f26-c5a0-4346-baff-d3f7cb6845ad,Auth:1
9f4f8f26-c617-457c-ad35-af964df5da25,Auth:1
9f4f8f26-c6d6-47ab-ad36-fbd9914d8a6f,Auth:1
9f4f8f2d-f1d2-49a7-bbad-33b2abacd070,Spatie\Multitenancy\Models\Tenant
9f4f8f2d-f1f7-47c1-80cc-8026547aa1f6,Spatie\Multitenancy\Models\Tenant:4
9f4f8f2d-f21d-4db2-be89-61b2a35df994,Spatie\Multitenancy\Models\Tenant:4
9f4f8f2d-f49d-41f6-aa36-ed2f129c71c0,App\Models\User
9f4f8f2d-f4da-4722-ad9e-e08dd77925ab,Auth:1
9f4f8f2d-f4f6-402d-bb50-438b24ba20ad,Auth:1
9f4f8f2d-f57f-4549-9db4-0da7d4d90512,Auth:1
9f4f8f2d-f59c-48ed-a6fb-349243a604f4,App\Models\Order
9f4f8f2d-f59c-48ed-a6fb-349243a604f4,Auth:1
9f4f8f2d-f6b1-41ce-87a7-e40c5912930b,Auth:1
9f4f8f2d-f6cc-4874-acd0-e8ab9bf891b5,Auth:1
9f4f8f2d-f747-4a55-afd5-ea7e2447fe67,Auth:1
9f4f8f2d-f84e-46a4-ab3d-bf98a0c03da7,Auth:1
9f4f8f2d-f87a-4b34-a596-1d29d7f9c417,Auth:1
9f4f8f2d-f8b9-4a25-a23c-901cf0d7ee30,Auth:1
9f4f8f2d-f987-407b-af9d-d4b4d135a679,Auth:1
9f4f8f2d-f9a4-4913-b3b7-3eba06883f70,App\Models\PaymentMethod
9f4f8f2d-f9a4-4913-b3b7-3eba06883f70,Auth:1
9f4f8f2d-fa56-48e6-aafd-dfcf8ac9ecb4,Auth:1
9f4f8f2d-fad9-412c-8780-2d4b9bd63128,Auth:1
9f4f8f2d-faf6-46b3-885f-f0f7e05f43d3,App\Models\OrderItem
9f4f8f2d-faf6-46b3-885f-f0f7e05f43d3,Auth:1
9f4f8f2d-fb62-450b-822f-757840b874ad,Auth:1
9f4f8f2d-fb7d-4a29-b755-65f45e060def,App\Models\Variant
9f4f8f2d-fb7d-4a29-b755-65f45e060def,Auth:1
9f4f8f2d-fbe4-4886-a242-9326d853c1c9,Auth:1
9f4f8f2d-fc01-4054-9675-2691332115e4,App\Models\Product
9f4f8f2d-fc01-4054-9675-2691332115e4,Auth:1
9f4f8f2d-fc5f-4bf2-b5d9-dd7e847f5470,Auth:1
9f4f8f2d-fca0-4f44-b3a8-86c281177c5e,Auth:1
9f4f8f2d-fccd-41bb-8ab5-030985f2f7d3,Auth:1
9f4f8f2d-fcfe-4afa-b0be-41184fdd88a6,Auth:1
9f4f8f2d-fd29-4e51-9916-ad4756946105,Auth:1
9f4f8f2d-fd52-4a93-a66c-de7baa8ed503,Auth:1
9f4f8f2d-fd7d-4212-907f-47d63ee66cf8,Auth:1
9f4f8f2d-fda8-4d4c-97d1-1f20abb51526,Auth:1
9f4f8f2d-fe75-4812-9757-824df6deefdd,Auth:1
9f4f8f2d-feb0-4b87-9941-8d7910b81333,Auth:1
9f4f8f2d-fee7-421f-bb0a-4484a4ee089b,Auth:1
9f4f8f2d-ff19-4d97-b951-9f9caf235dc1,Auth:1
9f4f8f2d-ff44-49b7-b2d8-c7887b0fc3e3,Auth:1
9f4f8f2d-ffd4-4245-a7f3-fa24d9890c89,Auth:1
9f4f8f2d-ffef-4493-b1a5-7da88aa0a74b,App\Models\VariantValue
9f4f8f2d-ffef-4493-b1a5-7da88aa0a74b,Auth:1
9f4f8f2e-000f-4e8a-b202-35b28e3f3e85,Auth:1
9f4f8f2e-003f-4d25-8d07-9aa310066575,Auth:1
9f4f8f2e-0066-42d2-b9b8-e9cf7fdadedb,Auth:1
9f4f8f2e-00d0-4af0-9288-5784333e8ca3,Auth:1
9f4f8f2e-00ff-406a-8ebb-2e748321c99a,Auth:1
9f4f8f2e-012b-4893-b0b9-f97fad199529,Auth:1
9f4f8f2e-0157-40b0-b1c4-d4c42488ce39,Auth:1
9f4f8f2e-017f-4960-ac4e-c1fb83348230,Auth:1
9f4f8f2e-01ad-4bcb-af11-0405571f5e82,Auth:1
9f4f8f2e-01d8-4e1e-95cb-3c7d8ef90069,Auth:1
9f4f8f2e-0200-4bcd-a245-a13290bf8e88,Auth:1
9f4f8f2e-022a-433d-a260-e93da9f3e7e2,Auth:1
9f4f8f2e-0255-42ed-9986-e5b36cdaa0c9,Auth:1
9f4f8f2e-0280-4ddb-94c9-6b16d23a80a9,Auth:1
9f4f8f2e-02ac-41fe-92a9-30fa0ae056ec,Auth:1
9f4f8f2e-02d3-435b-90e6-461a01830fda,Auth:1
9f4f8f2e-02fe-4847-8c06-97059df27dec,Auth:1
9f4f8f2e-0323-484c-aeb9-8fa83f0bbeb5,Auth:1
9f4f8f2e-03f6-48df-8f50-5f5c6070d8df,Auth:1
9f4f8f2e-0427-4935-90b2-216f15be4c58,Auth:1
9f4f8f2e-0490-4e4d-865b-f72190358deb,Auth:1
9f4f8f2e-04b7-4230-9d9f-424f876b793b,Auth:1
9f4f8f2e-04f7-4679-91c9-3f81c21d7fe4,Auth:1
9f4f8f2e-0532-4c52-a77d-36400f87413c,Auth:1
9f4f8f2e-0557-4c3f-b215-b1cf69266599,Auth:1
9f4f8f2e-0577-4866-81ec-e119d5ffcfb7,Auth:1
9f4f8f2e-059a-449a-a540-5b53088ce1ab,Auth:1
9f4f8f2e-0645-4fff-82d3-50ed9cbaa3c7,Auth:1
9f4f8f2e-0671-407a-afa8-7ba570608225,Auth:1
9f4f8f2e-069b-4925-91ac-221d0eccaeb7,Auth:1
9f4f8f2e-06cb-4c56-b9f1-312f05fb31c1,Auth:1
9f4f8f2e-06f6-4c51-9495-83e780ab08dd,Auth:1
9f4f8f2e-0763-4756-acf7-2454ea83cef1,Auth:1
9f4f8f2e-0792-404c-bc4e-ad1794da2c81,Auth:1
9f4f8f2e-07bd-404e-9512-ae1e15b61494,Auth:1
9f4f8f2e-07e8-45a3-8c72-968507c316bd,Auth:1
9f4f8f2e-0850-4299-bb71-884ad1262073,Auth:1
9f4f8f2e-087d-4769-b7f4-c74c54b7c06a,Auth:1
9f4f8f2e-08a8-495d-a8c3-0c0c558c8e0a,Auth:1
9f4f8f2e-08d6-49f8-890b-2ca87d55a03a,Auth:1
9f4f8f2e-0905-4362-b97e-7f6548c24ef9,Auth:1
9f4f8f2e-0932-4072-bc35-4362eb1d81cb,Auth:1
9f4f8f2e-095c-4651-882b-67576e450f8c,Auth:1
9f4f8f2e-0988-485e-a34c-805cbb4cb8be,Auth:1
9f4f8f2e-09b1-4528-a126-24ac28382a1b,Auth:1
9f4f8f2e-09d8-4754-83be-5fa8a80501bb,Auth:1
9f4f8f2e-0a03-4fae-80e7-4b5d98f2517b,Auth:1
9f4f8f2e-0a2e-4a46-9c99-c232091f8e7b,Auth:1
9f4f8f2e-0a56-4c09-b4d4-cfefec331749,Auth:1
9f4f8f2e-0a82-4f5c-979f-1e13310a7dbe,Auth:1
9f4f8f2e-0aa6-41aa-b6e6-021daa8a8297,Auth:1
9f4f8f2e-0b5a-4eb3-a026-7eceac27da32,Auth:1
9f4f8f2e-0b7b-4541-93a2-c5f7af7c30ea,Auth:1
9f4f8f2e-0baf-4ccc-9b7a-46dfe6e71b50,Auth:1
9f4f8f2e-0bd2-4e3f-ae55-2139346d7a6d,Auth:1
9f4f8f2e-0c06-4509-bf98-0ea72749001f,Auth:1
9f4f8f2e-0c36-40d5-8a2c-17536a0cbb73,Auth:1
9f4f8f2e-0c5a-4987-be86-8f13ef4e19b4,Auth:1
9f4f8f2e-0c79-4e8b-a414-e4f153f8f8e3,Auth:1
9f4f8f2e-0c95-45d0-8b52-c5a85d42dd9d,Auth:1
9f4f8f2e-0cb6-47f7-841a-29596acdab1b,Auth:1
9f4f8f2e-0ce5-494a-913f-a62a7068d66e,Auth:1
9f4f8f2e-0d02-4a1d-9639-4b20707000c4,Auth:1
9f4f8f2e-0d48-4304-bc1b-7bdec4c6396b,Auth:1
9f4f8f2e-0d6b-462d-9f01-33fd2083f397,Auth:1
9f4f8f2e-0d98-4dd5-9632-74a918d9585a,Auth:1
9f4f8f2e-0db8-4c79-9ffd-2fa2600d160f,Auth:1
9f4f8f2e-0ddc-4914-8c04-105da7366eb6,Auth:1
9f4f8f2e-0e01-4444-a1bf-1b606e722df9,Auth:1
9f4f8f2e-0e22-4251-9d99-beb0ae9b4e30,Auth:1
9f4f8f2e-0e56-4187-aa16-d69a277411d8,Auth:1
9f4f8f2e-0e7d-405a-90cf-a09172cd8ba1,Auth:1
9f4f8f2e-0ea8-4fe4-873b-11461920bd03,Auth:1
9f4f8f2e-0ed3-41a6-938b-e4b9d217202d,Auth:1
9f4f8f2e-0f07-4b8f-a0d2-63a1394a4621,Auth:1
9f4f8f2e-1049-4e4f-8c8b-0f624690b4fe,Auth:1
9f4f8f35-1c2d-4eba-85d9-394dcd03f4a6,Spatie\Multitenancy\Models\Tenant
9f4f8f35-1c5b-4e1c-9b98-5ea107d82a4b,Spatie\Multitenancy\Models\Tenant:4
9f4f8f35-1c7c-4252-a531-ed3527e6ea60,Spatie\Multitenancy\Models\Tenant:4
9f4f8f35-1ebb-4331-986f-6dfe9f93b45c,App\Models\User
9f4f8f35-1f0c-496b-93b5-80a79e9625bb,Auth:1
9f4f8f35-1f29-496d-aa36-0ae7e5e62819,Auth:1
9f4f8f35-217b-42af-a122-ccf2430b8f10,Auth:1
9f4f8f35-21b4-4798-993f-83d94a4b4018,Auth:1
9f4f8f35-21ea-46f1-8ea6-5475662c18ae,Auth:1
9f4f8f35-221a-41cf-85fe-53f2aef8a6df,Auth:1
9f4f8f35-223f-469b-b2a8-c6a6b04031ef,Auth:1
9f4f8f35-2265-4ddd-802b-37a8ea4325e2,Auth:1
9f4f8f35-2287-4f2f-a4fe-59c812ae2028,Auth:1
9f4f8f35-22bf-4ccc-98df-057d64b7904e,Auth:1
9f4f8f35-246e-4bf3-8d44-001d121cc999,Auth:1
9f4f8f35-25e8-402d-9352-967156e907c2,Auth:1
9f4f8f35-2606-4cc6-9c9f-19ab3abb9a63,App\Models\Order
9f4f8f35-2606-4cc6-9c9f-19ab3abb9a63,Auth:1
9f4f8f35-267b-47f1-ae28-63ff4f980b00,Auth:1
9f4f8f35-27cf-4b96-827b-ddfa9be3aefc,Auth:1
9f4f8f35-27ea-4e91-ac38-48ed660c4040,App\Models\ShippingMethod
9f4f8f35-27ea-4e91-ac38-48ed660c4040,Auth:1
9f4f8f35-283a-458c-8cdc-36d18e01bc7f,Auth:1
9f4f8f35-289f-48a8-a092-321bd05605ad,Auth:1
9f4f8f35-28c5-470f-9a99-bb295f725759,Auth:1
9f4f8f35-294b-4442-ad53-5ada13563d2a,Auth:1
9f4f8f35-296e-4c5c-b929-f589447cec34,Auth:1
9f4f8f35-29a9-4322-90fa-6851ce60c51f,Auth:1
9f4f8f35-29e8-4074-ae52-75f1713b29bf,Auth:1
9f4f8f35-2a24-4e73-b5eb-e8cda6b277fb,Auth:1
9f4f8f35-2a67-488d-b5fe-401b30c5ac8f,Auth:1
9f4f8f35-2a8c-4206-8f5f-36a52582b376,Auth:1
9f4f8f35-2af7-4db3-b100-728ff53436af,Auth:1
9f4f8f35-2b21-4deb-a9b5-5261e97877c3,Auth:1
9f4f8f35-2b56-494d-aaec-a4880c460203,Auth:1
9f4f8f35-2b90-4d7a-b1d6-12aa95194eb3,Auth:1
9f4f8f35-2bb6-4f20-8f9e-3287886b5d99,Auth:1
9f4f8f35-2bd7-4f01-bb0b-b6c746344d90,Auth:1
9f4f8f35-2c09-4f1b-8d62-d8f5c55e7948,Auth:1
9f4f8f35-2c39-4847-81e4-3f9d1ee23529,Auth:1
9f4f8f35-2c5f-403b-9a64-43e180de507a,Auth:1
9f4f8f35-2c94-4c92-9fab-735e6e7f50cc,Auth:1
9f4f8f35-2cc3-428c-85d7-9c5f46892f8d,Auth:1
9f4f8f35-2cf5-4287-a702-d6ecafaad2fc,Auth:1
9f4f8f35-2d36-413e-b1bb-8ca51613a66c,Auth:1
9f4f8f35-2d5a-45b9-a0a1-659b5aa10ecf,Auth:1
9f4f8f35-2d91-463d-b454-d936ee020ce0,Auth:1
9f4f8f35-2db6-4e00-b24f-d382e127220e,Auth:1
9f4f8f35-2de5-468d-8672-1137adda63cd,Auth:1
9f4f8f35-2e0f-4f84-95db-fa5f9806bc3e,Auth:1
9f4f8f35-2e41-4031-810f-ba8c0ee8b8f8,Auth:1
9f4f8f35-2e6d-4d67-a65e-d018d94d9bdb,Auth:1
9f4f8f35-2ea5-4b64-92b3-1a71af2c553a,Auth:1
9f4f8f35-2ecf-470f-96fd-6d1329b91bdd,Auth:1
9f4f8f35-2efb-4bec-8428-bd82925473bc,Auth:1
9f4f8f35-2f3b-48fc-8ffc-b68402f08ba7,Auth:1
9f4f8f35-2f6b-40e8-a6fb-bebba62c93c1,Auth:1
9f4f8f35-2fb8-4836-97ad-94457b8d790a,Auth:1
9f4f8f35-30b9-4267-b25d-ed36b8498e85,Auth:1
9f4f8f35-30ef-4737-b2ea-96b7207e24e5,Auth:1
9f4f8f35-3115-4555-bb33-ab44408e287a,Auth:1
9f4f8f35-3140-4d6f-a039-7da5ab911dfa,Auth:1
9f4f8f35-3165-4ef8-8d83-3319ced59fcc,Auth:1
9f4f8f35-3191-4005-a885-1f1e21c0c599,Auth:1
9f4f8f35-31ba-4490-a020-665a59ac6816,Auth:1
9f4f8f35-31db-48af-b258-f55a8f9d36dc,Auth:1
9f4f8f35-3200-47cf-b7c8-9d90ef694d0a,Auth:1
9f4f8f35-322c-4320-a4cf-4676463d3742,Auth:1
9f4f8f35-3253-4446-aa22-41a716423be6,Auth:1
9f4f8f35-329f-43d1-9624-e5473308b322,Auth:1
9f4f8f35-32cc-432b-8d27-d8a3b0d7b44d,Auth:1
9f4f8f35-3306-4668-ba96-f4a152664dfe,Auth:1
9f4f8f35-3332-4c64-97fc-318c35ea47d5,Auth:1
9f4f8f35-3355-4517-98a4-7364d73d7716,Auth:1
9f4f8f35-3380-44f6-ac05-f0e69bad5839,Auth:1
9f4f8f35-33b1-4774-9d96-55b4923d6d22,Auth:1
9f4f8f35-33e3-4c89-be15-c75843900f8a,Auth:1
9f4f8f35-340c-4f20-bc2e-b2003f331bf3,Auth:1
9f4f8f35-3438-4ae4-b1d5-ecf0ed96ab91,Auth:1
9f4f8f35-3463-451c-b817-102727e440c9,Auth:1
9f4f8f35-3494-4da1-876b-dd7b103c881d,Auth:1
9f4f8f35-34c4-4ba9-a01e-aae5926e6896,Auth:1
9f4f8f35-34ee-4841-a62e-36112c58f126,Auth:1
9f4f8f35-374a-4e45-a49d-9e83181917e2,Auth:1
9f4f8f35-3773-446e-acb4-d4b36e0a918a,Auth:1
9f4f8f35-3797-4760-9017-4024f19ebda0,Auth:1
9f4f8f35-37c4-434a-9db9-ceca89e7536b,Auth:1
9f4f8f35-3805-4e2b-85ef-d6b7f9d7bdb8,Auth:1
9f4f8f35-384f-4006-8fe3-5bff31e2e3e4,Auth:1
9f4f8f35-388e-40c2-aaa2-aa70e3a7c5a8,Auth:1
9f4f8f35-38bb-4455-abc2-ec991c75d440,Auth:1
9f4f8f35-38ee-4087-bd59-bb7e677434a7,Auth:1
9f4f8f35-391b-4f7b-9ad9-8e615734294c,Auth:1
9f4f8f35-394f-4517-bacf-68e93946ca19,Auth:1
9f4f8f35-397a-4c61-b138-6eac8bf6bf5c,Auth:1
9f4f8f35-39aa-48ab-a692-af6e67de1c7d,Auth:1
9f4f8f35-39d6-4939-b71e-126ed1cfaa59,Auth:1
9f4f8f35-3a03-4ca7-a9c1-29fc1d040b6c,Auth:1
9f4f8f35-3a2f-4a9e-a6ed-e1c1b2009b97,Auth:1
9f4f8f35-3a60-4d49-9929-d34450329f23,Auth:1
9f4f8f35-3a91-4a90-9b53-1982af38e28a,Auth:1
9f4f8f35-3abd-4c94-b623-063246e7c511,Auth:1
9f4f8f35-3aeb-41f1-b062-2b72d1bf6039,Auth:1
9f4f8f35-3b17-4836-80e4-c61529760e2e,Auth:1
9f4f8f35-3b46-49d2-94db-656c93e84b4d,Auth:1
9f4f8f35-3b70-4f6f-b617-ab77abf45276,Auth:1
9f4f8f35-3b9f-477b-9ac4-226bb3c247b4,Auth:1
9f4f8f35-3bc8-4983-9cbd-6a8cacb28a5c,Auth:1
9f4f8f35-3bf5-43f5-98c4-b3f7a1b8b09f,Auth:1
9f4f8f35-3c2d-4215-9dfe-4547721cba80,Auth:1
9f4f8f35-3c5c-45f7-ad65-39ff84095b6f,Auth:1
9f4f8f35-3c9e-42be-ae67-668705357b7a,Auth:1
9f4f8f35-3ccf-4bdf-b700-6854d853a4df,Auth:1
9f4f8f35-3d4f-45b8-8ef7-4103d8c56e98,Auth:1
9f4f8f35-3d7c-44a3-9496-148917e7a9de,Auth:1
9f4f8f35-3e31-4633-a6cd-58eaa3efd705,Auth:1
9f4f8f35-3e55-416d-acf9-22e335472f06,Auth:1
9f4f8f35-3e82-426b-91b7-b0fda2899f53,Auth:1
9f4f8f35-3ec2-4522-b6bf-ad1a224827c5,Auth:1
9f4f8f35-3ee3-4d6a-8f6a-f31b146fb61c,Auth:1
9f4f8f35-3fdf-449b-b607-bafbdc44461a,Auth:1
9f4f8f35-4004-46d3-86dc-7cab615a83af,Auth:1
9f4f8f35-402e-492f-825c-48a6706c76ef,Auth:1
9f4f8f35-4069-4ea5-a211-424051b7d8d4,Auth:1
9f4f8f35-4092-4395-ac1f-7fa1f029b8f9,Auth:1
9f4f8f35-4176-4916-8b3d-45962f208b35,Auth:1
9f4f8f35-4198-4d07-b9e3-757214be589c,Auth:1
9f4f8f35-41c2-45d8-a403-ac1f4c63f72f,Auth:1
9f4f8f35-41f9-4e6c-90a6-9e3a6849c36e,Auth:1
9f4f8f35-421c-43a6-b8b1-856e07c675b3,Auth:1
9f4f8f35-424c-4b16-91e0-ae0069595c6e,Auth:1
9f4f8f35-4270-4d44-ac8a-c8ab8315a2a3,Auth:1
9f4f8f35-42a2-474c-9c16-07eb6bc10457,Auth:1
9f4f8f35-42d5-4526-bee7-8af597e445e6,Auth:1
9f4f8f35-42f6-4c7b-83be-c1b1f5de74e4,Auth:1
9f4f8f35-4312-40fe-b8bb-31b3ad3617ee,Auth:1
9f4f8f35-433b-4f43-b4eb-7492c0443a84,Auth:1
9f4f8f35-435b-40ca-8344-6609447118af,Auth:1
9f4f8f35-437b-4a06-ba14-9438e1777d3d,Auth:1
9f4f8f35-459e-488d-b291-30ceb70e1f7e,Auth:1
9f4f8f35-45c7-4791-b850-dc163e9a62fc,Auth:1
9f4f8f35-45ea-459a-b100-f8f0e091d05a,Auth:1
9f4f8f35-460d-4ad7-a553-af2f5ff5aae5,Auth:1
9f4f8f35-463e-481e-b377-1f0355358ed4,Auth:1
9f4f8f35-4668-4736-a020-ea1cc27778c5,Auth:1
9f4f8f35-4695-469d-aa41-76426bdcd128,Auth:1
9f4f8f35-46c1-488c-9820-dd10c2a91a85,Auth:1
9f4f8f35-46ec-463c-8e6f-ba389f233cad,Auth:1
9f4f8f35-4718-44ba-bb61-56c58ebbcbb5,Auth:1
9f4f8f35-4746-416c-a355-f175a32cc48a,Auth:1
9f4f8f35-4771-46dc-be4a-b79b0eb39d69,Auth:1
9f4f8f35-479c-426e-909b-358d51d5d8cb,Auth:1
9f4f8f35-47ce-4a6c-8b36-ce67c4398129,Auth:1
9f4f8f35-47fa-4328-ac3a-fb19dda8f928,Auth:1
9f4f8f35-4826-4abe-accd-6310d47c885e,Auth:1
9f4f8f35-4853-46cb-8b1f-d007c04ced29,Auth:1
9f4f8f35-4880-4e76-8392-be374c5cdc2d,Auth:1
9f4f8f35-48a9-446e-9bab-c6dc2cdd354b,Auth:1
9f4f8f35-48d9-4b58-8846-7da4a140a6e2,Auth:1
9f4f8f35-4905-4179-9684-1fb0c247610e,Auth:1
9f4f8f35-4932-42ee-bb5a-179fda6595c9,Auth:1
9f4f8f35-495f-4b29-9f23-5fadce5d1ca3,Auth:1
9f4f8f35-498a-4268-a0f8-2a20184f893c,Auth:1
9f4f8f35-49b7-4d20-a002-9b2db859c7b4,Auth:1
9f4f8f35-49de-4e5a-a5ab-27ad79efa979,Auth:1
9f4f8f35-4a15-4cd1-8b15-9fe4e10dc17b,Auth:1
9f4f8f35-4a3d-4397-a476-3a581679bd99,Auth:1
9f4f8f35-4a75-49fa-afeb-c37a125cc62a,Auth:1
9f4f8f35-4a96-499d-9f30-2c69d1f5393d,Auth:1
9f4f8f35-4b00-4044-be8e-1b10851f83fb,Auth:1
9f4f8f35-4b22-46bd-8daf-f4af1c3905af,Auth:1
9f4f8f35-4bca-47b3-adb5-f7304045b91b,Auth:1
9f4f8f35-4bec-4a45-a46e-43e3af3684f6,Auth:1
9f4f8f35-4c1b-4460-8d77-70c44206f682,Auth:1
9f4f8f35-4c55-4be2-88cc-545bbeef5e13,Auth:1
9f4f8f35-4c76-4121-b769-e38514f290db,Auth:1
9f4f8f35-4d5e-49cd-aad6-faee031fc80b,Auth:1
9f4f8f35-4d82-4da3-a5fc-618ad65fe10d,Auth:1
9f4f8f35-4da9-4ead-8ef3-f9fb7a104c81,Auth:1
9f4f8f35-4ddf-4bf5-80e4-9b057fea2726,Auth:1
9f4f8f35-4e00-496b-b130-458181b8a598,Auth:1
9f4f8f35-4ef2-493e-9481-3397ac4d0480,Auth:1
9f4f8f35-4f18-4ff0-9c17-bdebe42b9e74,Auth:1
9f4f8f35-4f47-48d0-86bd-8edae337eb59,Auth:1
9f4f8f35-4f7b-4a80-a2d6-ec46fc31f1ae,Auth:1
9f4f8f35-4f9c-4854-8299-00250f743878,Auth:1
9f4f8f35-4fca-4e67-8c8b-c81bce821bc2,Auth:1
9f4f8f35-4ff5-4a14-86fa-7896514a2cc4,Auth:1
9f4f8f35-502c-4f3f-83fc-ecdb96afc338,Auth:1
9f4f8f35-505c-4075-8496-7aeceb9fbb3f,Auth:1
9f4f8f35-507d-44f2-bfc6-03f145b86c63,Auth:1
9f4f8f35-509e-46b6-b5e9-5b93bd7e4b12,Auth:1
9f4f8f35-50c3-4fdf-a11a-3860d14de5aa,Auth:1
9f4f8f35-50e5-4718-9de2-a1502e010e28,Auth:1
9f4f8f35-5104-4c31-929f-8d62cf906171,Auth:1
9f4f8f35-5309-4670-a480-9b06342b9e97,Auth:1
9f4f8f35-5332-48f8-b87c-59520b832c1f,Auth:1
9f4f8f35-5351-4226-aae8-27dfd716ae03,Auth:1
9f4f8f35-5370-435f-950e-70bcf2bfacff,Auth:1
9f4f8f35-539f-46df-8ff8-2fb8e574d303,Auth:1
9f4f8f35-53cf-4adb-b116-85a4e286f01d,Auth:1
9f4f8f35-53fc-4a4e-a732-1de51bf8ca0d,Auth:1
9f4f8f35-5429-43d0-9313-14a629f7369a,Auth:1
9f4f8f35-5455-4b04-a976-ec6a65e55fdf,Auth:1
9f4f8f35-547d-4322-aa35-8bd697603bf9,Auth:1
9f4f8f35-552c-4e69-88a2-9b158076722d,Auth:1
9f4f8f35-5556-4686-bdab-5d8ca338d105,Auth:1
9f4f8f35-55a1-4a65-afee-994447beb398,Auth:1
9f4f8f35-55ce-492b-88e9-a3bc0f1b715b,Auth:1
9f4f8f35-55f6-4e0a-82d7-3ce392811114,Auth:1
9f4f8f35-5621-4d99-9697-74d891251164,Auth:1
9f4f8f35-564e-4d72-8d15-7345790edd2a,Auth:1
9f4f8f35-5676-479e-92fc-acbc74c4f9f1,Auth:1
9f4f8f35-569f-4f05-ba1b-3ce3b7d93fb9,Auth:1
9f4f8f35-56c9-4a9b-a9e3-0f986385868c,Auth:1
9f4f8f35-5708-488b-a04b-d963aae1a4cc,Auth:1
9f4f8f35-5741-4251-8769-ee640010fb16,Auth:1
9f4f8f35-5772-44d0-9877-a7abdec864db,Auth:1
9f4f8f35-57af-4a6f-9187-052811cb5149,Auth:1
9f4f8f35-57e0-45a3-b2e5-aaf764996796,Auth:1
9f4f8f35-580a-422f-8a29-ed8f2dd31af0,Auth:1
9f4f8f35-583f-4d94-a093-9e343889f022,Auth:1
9f4f8f35-586a-4d17-8b79-eb13c7cab70c,Auth:1
9f4f8f35-589e-46da-881e-5493cc8d5400,Auth:1
9f4f8f35-58c5-42dc-a8e2-f55563cc433d,Auth:1
9f4f8f35-5922-44ea-bcbf-f7c86413aa67,Auth:1
9f4f8f35-5944-464b-ace2-93045306d873,Auth:1
9f4f8f35-59ee-4519-8e9d-dabdeee4559f,Auth:1
9f4f8f35-5a11-4e77-a8cd-027782c21159,Auth:1
9f4f8f35-5a3d-4d75-8e2e-9c98cca83f05,Auth:1
9f4f8f35-5a75-49dd-8910-7c6c59f69768,Auth:1
9f4f8f35-5a95-44a1-8e44-605b6fc15dde,Auth:1
9f4f8f35-5b75-40b7-b08c-e5dcdcc9dd22,Auth:1
9f4f8f35-5b96-405d-8d69-5238b3788ea7,Auth:1
9f4f8f35-5bc0-441f-b78f-19459ef5bbdb,Auth:1
9f4f8f35-5c07-4b42-981f-ff73544c0e50,Auth:1
9f4f8f35-5c37-4d0c-bb84-dc15fbc43fe6,Auth:1
9f4f8f35-5d20-45e7-8af8-3750f4fa10e8,Auth:1
9f4f8f35-5d43-4ae2-8f16-29dc209d1d89,Auth:1
9f4f8f35-5d6c-41ff-85df-41c15b50d0de,Auth:1
9f4f8f35-5d9d-47c3-875f-e29e5277c859,Auth:1
9f4f8f35-5dbc-4d0d-98c5-12dc26ee9479,Auth:1
9f4f8f35-5de4-4c20-86aa-18674fa1b8dd,Auth:1
9f4f8f35-5e05-4c76-b7ab-c006f90512b0,Auth:1
9f4f8f35-5e3c-48dc-8d29-c606cb2f3dff,Auth:1
9f4f8f35-5e69-4298-9572-2047689c6ce8,Auth:1
9f4f8f35-5e8a-4880-aba0-045617354b4a,Auth:1
9f4f8f35-5eab-4ce1-9cc6-3b7f45d4fd37,Auth:1
9f4f8f35-5ed0-4402-82fc-fa467739c9ff,Auth:1
9f4f8f35-5eef-4782-b5ff-22aa6b7eb9d1,Auth:1
9f4f8f35-5f10-4757-aaaf-2d154c147f1b,Auth:1
9f4f8f35-611a-4651-ac97-d9d51156bf0e,Auth:1
9f4f8f35-6141-434b-a64e-07ff44b5e050,Auth:1
9f4f8f35-615f-47d7-9668-e997d3a3c456,Auth:1
9f4f8f35-617f-4236-82c1-e52ac96d910c,Auth:1
9f4f8f35-61aa-494a-b77e-8313f8c1ce9d,Auth:1
9f4f8f35-61d2-44ab-8f96-d57420fb5efa,Auth:1
9f4f8f35-6200-41c5-a759-0f6078ddcc40,Auth:1
9f4f8f35-622d-484e-b566-9a0cff804390,Auth:1
9f4f8f35-6257-4fb6-8372-23310f6839db,Auth:1
9f4f8f35-627a-403e-9e98-10430c7d6118,Auth:1
9f4f8f35-62e7-4c95-b739-8c544a7838f6,Auth:1
9f4f8f35-6314-4a92-8622-2829642b86c0,Auth:1
9f4f8f35-6356-4638-af78-d958b2e0a103,Auth:1
9f4f8f35-6389-43a7-a88c-528e32f4b9c9,Auth:1
9f4f8f35-63b8-4248-9ad8-63b3e6b455b2,Auth:1
9f4f8f35-63e2-4c4b-a7ef-6107f12b422c,Auth:1
9f4f8f35-6410-4f2c-a26c-8028c284ebf6,Auth:1
9f4f8f35-6445-41be-b184-0dcb11461e5d,Auth:1
9f4f8f35-6470-4271-af9e-41b8d495ad97,Auth:1
9f4f8f35-649d-4ee2-9574-149a61363211,Auth:1
9f4f8f35-64c9-4000-bd3c-6dd95cb53511,Auth:1
9f4f8f35-64f1-42a4-b072-d671ba8c30c1,Auth:1
9f4f8f35-6520-4350-8954-7fd61808d07c,Auth:1
9f4f8f35-654c-4646-b638-f4394bd49152,Auth:1
9f4f8f35-6578-4bed-b3b9-e9b46e5e3c45,Auth:1
9f4f8f35-65a1-4f63-b104-c479db1ecb79,Auth:1
9f4f8f35-65d6-4c3d-a9e5-0f9bb184707f,Auth:1
9f4f8f35-6601-402e-a3aa-a15c2071126c,Auth:1
9f4f8f35-6635-4fd5-a80a-353834e5d961,Auth:1
9f4f8f35-6659-4b79-b066-96c26409e153,Auth:1
9f4f8f35-66c9-455b-b61e-4629d66edbc9,Auth:1
9f4f8f35-66eb-4417-bcae-56f0c4863c02,Auth:1
9f4f8f35-678f-4718-9619-03ea524f8f32,Auth:1
9f4f8f35-67b0-4545-a2b3-5befe19f504c,Auth:1
9f4f8f35-67e1-4eea-b38e-e04dede24074,Auth:1
9f4f8f35-6815-4146-b038-76800b434a43,Auth:1
9f4f8f35-6839-4ae7-af58-0813f045da10,Auth:1
9f4f8f35-6923-489c-aed5-2d53e6ec4821,Auth:1
9f4f8f35-6947-47ba-86f1-104e26947706,Auth:1
9f4f8f35-6970-4149-adbf-af17b5210430,Auth:1
9f4f8f35-69a2-4352-82b0-2bd5639c9c66,Auth:1
9f4f8f35-69c4-421a-bdc6-7102b19ba118,Auth:1
9f4f8f35-6aba-4115-a579-90065c2f34f7,Auth:1
9f4f8f35-6adc-4599-a6ca-1b609ddb9e17,Auth:1
9f4f8f35-6b02-426a-995d-d2e063258685,Auth:1
9f4f8f35-6b35-43f5-b90e-dea675a53c36,Auth:1
9f4f8f35-6b58-4436-8d35-939db13ee709,Auth:1
9f4f8f35-6b86-4fbb-ac57-95aa9eeb9d40,Auth:1
9f4f8f35-6ba8-4c52-934d-7f22b4e53245,Auth:1
9f4f8f35-6bda-4ea9-9354-fda516196860,Auth:1
9f4f8f35-6c0f-40e1-8302-f559dadbfdfc,Auth:1
9f4f8f35-6c30-4e0f-ba7b-3f17372e3bb0,Auth:1
9f4f8f35-6c55-4f5c-8321-96aba7e2bff9,Auth:1
9f4f8f35-6c7e-4bce-8855-82aea45476ac,Auth:1
9f4f8f35-6c9f-4c57-9349-5142d6200fa9,Auth:1
9f4f8f35-6cbf-47a1-b5aa-6c510d4f24e8,Auth:1
9f4f8f35-6ee7-47af-b7e6-6a9589554eff,Auth:1
9f4f8f35-6f0c-4fca-ae50-eff3c9628bc0,Auth:1
9f4f8f35-6f2c-4b36-9710-4870dd3e680a,Auth:1
9f4f8f35-6f4c-4389-b2cc-0bb8f5aa9d06,Auth:1
9f4f8f35-6f7c-4273-a50b-1c9e05b8295b,Auth:1
9f4f8f35-6faa-42d0-9f33-ad81b1740882,Auth:1
9f4f8f35-6fd5-4de8-9e09-5f2d326f5ed5,Auth:1
9f4f8f35-7008-460f-bb8b-2a2f1cb8e192,Auth:1
9f4f8f35-7034-46f8-8ac8-5dac2911de38,Auth:1
9f4f8f35-705a-4044-8bfa-ef9c1897046b,Auth:1
9f4f8f35-7088-4e72-861a-2fa33a180bf3,Auth:1
9f4f8f35-70b0-4a32-9bb7-6a652d5941b8,Auth:1
9f4f8f35-70dd-4683-88cc-8783d7df11ff,Auth:1
9f4f8f35-7109-4587-ae23-ec21d6d3cf9b,Auth:1
9f4f8f35-7136-4e5b-a7cd-4ca040344e5e,Auth:1
9f4f8f35-7161-4a7b-ad01-3bc25e0791ad,Auth:1
9f4f8f35-7192-4f96-9b96-a1335ca09f60,Auth:1
9f4f8f35-71be-4c45-b098-7073c2ba8496,Auth:1
9f4f8f35-71e9-4cf2-b510-2f2567efe2f7,Auth:1
9f4f8f35-7216-45f8-a32a-62b289d633b4,Auth:1
9f4f8f35-723e-45e4-af42-911a0010f8f4,Auth:1
9f4f8f35-726d-4176-bac0-267e646053b2,Auth:1
9f4f8f35-7297-46ec-b097-53705ea3428d,Auth:1
9f4f8f35-72d1-4d57-9053-517f5a279cb8,Auth:1
9f4f8f35-7316-40f1-abb6-84543db7ed3b,Auth:1
9f4f8f35-7346-4e06-bee8-991f92f86510,Auth:1
9f4f8f35-737c-4a4c-8a99-e02a283f556f,Auth:1
9f4f8f35-73a7-404f-99da-c73210f36233,Auth:1
9f4f8f35-73dc-4af7-8c81-20875410bb1a,Auth:1
9f4f8f35-7404-4d3d-a17a-f1bbfc2c74be,Auth:1
9f4f8f35-7471-4c20-a18d-0ee8b11c4fcc,Auth:1
9f4f8f35-7492-4825-9548-6878336cc4b1,Auth:1
9f4f8f35-753f-41dc-803c-df5607181614,Auth:1
9f4f8f35-7560-4dea-a74f-e1d171ce4c39,Auth:1
9f4f8f35-7590-4ccb-873f-ef13c86ee5b2,Auth:1
9f4f8f35-75c1-4a4a-b2f4-5ae234531377,Auth:1
9f4f8f35-75e5-48ab-a746-23c070239298,Auth:1
9f4f8f35-76ec-4eda-b8a3-fa60fde8aa03,Auth:1
9f4f8f35-771a-4ed1-9041-84f007b69a2b,Auth:1
9f4f8f35-7747-421f-bf6b-a0edc2bab0a6,Auth:1
9f4f8f35-777a-4139-8847-17ec11e6cf89,Auth:1
9f4f8f35-7799-495f-b153-6b428ec8baab,Auth:1
9f4f8f35-7878-49c8-b13d-adfb2bc68d51,Auth:1
9f4f8f35-789b-467e-b73b-4c0f769e4863,Auth:1
9f4f8f35-78c0-452d-b5eb-88ab21959baf,Auth:1
9f4f8f35-78f3-4ae8-9354-f6ceb8d64bd7,Auth:1
9f4f8f35-7912-4a18-83ff-8e66c2d6d232,Auth:1
9f4f8f35-793e-46a8-9e16-7fe89d86b069,Auth:1
9f4f8f35-7960-4bc2-8ac1-43e5d7f14ebc,Auth:1
9f4f8f35-7993-4a7b-990d-9db571663603,Auth:1
9f4f8f35-79c2-457e-b11e-54d01a56d2b4,Auth:1
9f4f8f35-79e3-4892-8611-093ae47b099a,Auth:1
9f4f8f35-7a03-4b23-9d1f-8be8f72689f3,Auth:1
9f4f8f35-7a27-4450-bd5e-c4c6cee8ef50,Auth:1
9f4f8f35-7a45-40c7-adcc-c6588f2f4927,Auth:1
9f4f8f35-7a66-47cd-bbc1-a2f57d532cf0,Auth:1
9f4f8f35-7cea-4e63-b77c-4260113b71d9,Auth:1
9f4f8f35-7d12-44ad-ae09-23d978a472b4,Auth:1
9f4f8f35-7d32-41a5-b66a-76226806e316,Auth:1
9f4f8f35-7d54-4ff4-a6fa-0db4acc60d6e,Auth:1
9f4f8f35-7d81-4e36-80e3-18ca47959799,Auth:1
9f4f8f35-7dad-457d-b2b2-8690541a23a8,Auth:1
9f4f8f35-7dd9-4f11-bb2f-1939680dd619,Auth:1
9f4f8f35-7e04-43eb-9cff-a9600b1697e1,Auth:1
9f4f8f35-7e31-4dd6-91d7-3c4036871500,Auth:1
9f4f8f35-7e54-4975-9279-c6b507a4d81b,Auth:1
9f4f8f35-7ec2-4a6c-9e12-8231e347b444,Auth:1
9f4f8f35-7ef0-44c3-924d-6a98b7f13038,Auth:1
9f4f8f35-7f35-4462-9a2c-378495ef7cf9,Auth:1
9f4f8f35-7f64-4b43-bfff-ede58bc844af,Auth:1
9f4f8f35-7f8c-4975-8149-aa5c015d5bc6,Auth:1
9f4f8f35-7fbd-4146-9642-0a0abafa6d98,Auth:1
9f4f8f35-7feb-4a7b-b626-3646f6a46d4a,Auth:1
9f4f8f35-801a-4552-a1c0-da8d13d5cdb8,Auth:1
9f4f8f35-8042-459b-9b1e-4a7710996351,Auth:1
9f4f8f35-806e-4beb-ab3b-a67757b1013e,Auth:1
9f4f8f35-809c-4b3e-a7dd-5787c1779df0,Auth:1
9f4f8f35-80c6-4bc2-9a8d-4e8d53f607c6,Auth:1
9f4f8f35-80f3-4b73-9d76-1ad108b472bc,Auth:1
9f4f8f35-811a-4605-b3cd-6e0a4db96cab,Auth:1
9f4f8f35-8149-44b8-812c-ecc55147a1cc,Auth:1
9f4f8f35-8174-46b0-8f27-f094eb4d4f9e,Auth:1
9f4f8f35-81ab-407b-8197-de7e24aca9e9,Auth:1
9f4f8f35-81d4-453a-9414-1ada062eaf4e,Auth:1
9f4f8f35-820d-47c1-a4c1-73e062c50ee3,Auth:1
9f4f8f35-8236-4f16-a93a-d5d7c2c57e07,Auth:1
9f4f8f35-829f-4452-b5c7-251d36daf0f8,Auth:1
9f4f8f35-82c3-40bd-a457-cc64d46cf5c1,Auth:1
9f4f8f35-8373-4277-924b-0f979de7a467,Auth:1
9f4f8f35-8393-4063-a5c6-3fb5f0ced981,Auth:1
9f4f8f35-83c1-488e-9099-69f15f27288b,Auth:1
9f4f8f35-83f5-4c7d-b32b-f205b5c2c9eb,Auth:1
9f4f8f35-8417-4d73-8e38-4ccfa65d32ca,Auth:1
9f4f8f35-84f5-42fc-9719-bd3c5901101a,Auth:1
9f4f8f35-851b-4f87-88b3-85e4ff37211f,Auth:1
9f4f8f35-8544-425d-8728-9065455ca6e7,Auth:1
9f4f8f35-857c-4076-bf88-f1edb7abb0c7,Auth:1
9f4f8f35-859e-4502-8152-f122d857eac7,Auth:1
9f4f8f35-8687-4e1a-95f8-a3c81ec1d643,Auth:1
9f4f8f35-86ad-41e3-9950-a5f476236f08,Auth:1
9f4f8f35-86d3-4c5a-bfd6-c309a245ace1,Auth:1
9f4f8f35-8706-4bf5-a676-8baa997fec81,Auth:1
9f4f8f35-8727-4a2a-affe-d014a5f6b70f,Auth:1
9f4f8f35-8751-4f85-95ad-7db5f5a27866,Auth:1
9f4f8f35-8777-4f56-816a-a2194672e424,Auth:1
9f4f8f35-87ab-485e-a285-59c2f52383d1,Auth:1
9f4f8f35-87db-4246-ba7a-54d6d2005525,Auth:1
9f4f8f35-87fd-4353-966e-39d0d84c386b,Auth:1
9f4f8f35-881c-4442-9cec-e1d3749185d5,Auth:1
9f4f8f35-8843-49b7-b57e-b27e87f5d6bf,Auth:1
9f4f8f35-8862-4d9c-bfc3-e96bc051c449,Auth:1
9f4f8f35-8881-4da7-a477-0129395a69c6,Auth:1
9f4f8f35-88ad-4e3c-96cb-de1c6c14ff3f,Auth:1
9f4f8f35-88fc-480b-9dbd-fb34ffc2e1ae,Auth:1
9f4f8f35-891a-4a07-95dd-89433a5549ee,Auth:1
9f4f8f35-8971-4c0a-aa40-e3fa7d364540,Auth:1
9f4f8f35-8991-45e9-95c0-6a234e8430a0,Auth:1
9f4f8f35-89bc-4eea-9350-625bf347df6c,Auth:1
9f4f8f35-89d9-4313-aa2b-f3f8566f2ce3,Auth:1
9f4f8f35-8a06-44cd-8bfc-3128ecf52888,Auth:1
9f4f8f35-8a3f-44a3-968d-1187f7764e8e,Auth:1
9f4f8f35-8a64-4f63-9d95-e3fb2c508cca,Auth:1
9f4f8f35-8a95-4c55-9c13-98f36cf998d5,Auth:1
9f4f8f35-8ac3-44d4-9bb4-5a51a0e2892c,Auth:1
9f4f8f35-8aef-4ced-b10d-487af5d4d3be,Auth:1
9f4f8f35-8b19-4924-9985-e635b3fa2402,Auth:1
9f4f8f35-8b67-4c25-a7b1-c11d31d20587,Auth:1
9f4f8f35-8bad-474a-b678-3b90468ea879,Auth:1
9f4f8f35-8bd0-438a-9b31-906db3ac7838,Auth:1
9f4f8f35-8bf4-4c56-9c46-347d6e93fcc8,Auth:1
9f4f8f35-8c1c-4d00-b40a-b3b644062a00,Auth:1
9f4f8f35-8c47-42c3-bc9a-e2a3860715a0,Auth:1
9f4f8f35-8c89-4348-8db1-d2a6e6c9528c,Auth:1
9f4f8f35-8cb0-448d-8f14-312f9965d80a,Auth:1
9f4f8f35-8cf5-4d44-bba4-eaf10c55dbac,Auth:1
9f4f8f35-8d1b-45e0-ba65-e2baa69197d2,Auth:1
9f4f8f35-8d52-4077-9a1b-8a5822f764ab,Auth:1
9f4f8f35-8dae-4949-a92c-c968462e023a,Auth:1
9f4f8f35-8dd6-43d7-a21e-2df8ec68fe3d,Auth:1
9f4f8f35-8dfd-430a-9f74-9b6d014cee24,Auth:1
9f4f8f35-8e96-4131-8f6e-9ba697bca15b,Auth:1
9f4f8f35-8eb7-4fc5-bb8d-d4e3a86a5aac,Auth:1
9f4f8f35-8ed8-48c4-b951-4c53092ffb57,Auth:1
9f4f8f35-8f5a-4dad-bd57-dc596d3f0682,Auth:1
9f4f8f35-8f7c-4e3b-a00f-1dd4816e721e,Auth:1
9f4f8f35-8f9d-443a-9c43-16187eaba9ad,Auth:1
9f4f8f35-9020-41d3-a1bf-a94d08abaf54,Auth:1
9f4f8f35-903e-4329-a507-fddc7b4581fd,Auth:1
9f4f8f35-905f-4ee8-a1c8-e112ece657c3,Auth:1
9f4f8f35-90c3-4f7d-a1a2-3f09b40d2e40,Auth:1
9f4f8f35-90f8-4c2c-b6df-548d6297d23d,Auth:1
9f4f8f35-94ee-4594-9abf-e234ac536613,Auth:1
9f4f8f35-9527-43e5-84d6-207fd2ffb339,Auth:1
9f4f8f35-9695-4009-b1c4-aa5f15195af0,Auth:1
9f4f8f35-96be-459f-8a27-a277fa26fd6a,Auth:1
9f4f8f35-96f1-43ce-b72c-a9ee3bf8c481,Auth:1
9f4f8f35-9720-4be2-b1b1-8014014e63dd,Auth:1
9f4f8f35-9754-47c1-b76d-fca1ace5c70f,Auth:1
9f4f8f35-9786-42ac-b9a2-c0882a6c6dfa,Auth:1
9f4f8f35-97b0-4bae-b9bd-9b57868113be,Auth:1
9f4f8f35-97f6-43d3-b931-0d0244f7542b,Auth:1
9f4f8f35-981e-4364-abb6-172e3c40766a,Auth:1
9f4f8f35-9841-4176-940a-6415f106d549,Auth:1
9f4f8f35-986c-49da-9ada-53859ce3ddcb,Auth:1
9f4f8f35-988d-4af6-8009-0423f3eb22b5,Auth:1
9f4f8f35-98ad-4875-9263-5dae1b3162e7,Auth:1
9f4f8f35-98d3-47cb-bb56-6335b2369879,Auth:1
9f4f8f35-98f4-40f6-8361-d22fad757f09,Auth:1
9f4f8f35-9917-468e-9441-7f5f5c718cea,Auth:1
9f4f8f35-9936-4a1e-8c40-12ebac11fb71,Auth:1
9f4f8f35-995d-420a-8c47-3fa26155d8f0,Auth:1
9f4f8f35-9989-47c9-b2d0-eac11ed34b9c,Auth:1
9f4f8f35-99b6-453a-a694-d5159402528b,Auth:1
9f4f8f35-99d9-4fb8-a8cb-7d20ce651c2a,Auth:1
9f4f8f35-99f5-4e17-a85c-b9e1bbfd3c4d,Auth:1
9f4f8f35-9a2c-49fe-8010-07f336d1ac8b,Auth:1
9f4f8f35-9b59-4203-bd8b-b93bf03cf6d5,Auth:1
9f4f8f35-9b95-4be4-8fea-d99a1b924a78,Auth:1
9f4f8f35-9bd1-4129-b5d0-2802d3ade149,Auth:1
9f4f8f35-9c20-469a-86bc-29f08041bb13,Auth:1
9f4f8f35-9c57-4ad0-adb4-b6c90e655e6b,Auth:1
9f4f8f35-9c83-4731-bbe5-1be86b364d8e,Auth:1
9f4f8f35-9cb8-460d-8800-cf47b9160276,Auth:1
9f4f8f35-9cd9-4a43-8147-f5c2b65ad24c,Auth:1
9f4f8f35-9d0a-47ba-beee-578df961ed59,Auth:1
9f4f8f35-9d33-4526-bf33-b17b96c8c0df,Auth:1
9f4f8f35-9d54-45e9-a1f7-a103f9991ec8,Auth:1
9f4f8f35-9d7f-4449-84e9-c9842fd09f1c,Auth:1
9f4f8f35-9da0-478b-adb9-8b30533828fb,Auth:1
9f4f8f35-9dd7-48b9-aa67-afae73d5424f,Auth:1
9f4f8f35-9df6-4240-a9d8-b4433576519e,Auth:1
9f4f8f35-9e24-44d8-8156-03d69d67d2b5,Auth:1
9f4f8f35-9e4a-4dc6-8edc-77d447da0ddc,Auth:1
9f4f8f35-9e6c-4b34-a0ce-7c6e089f6726,Auth:1
9f4f8f35-9e98-4f76-a2aa-30bd543c2ade,Auth:1
9f4f8f35-9ebd-4e60-83c1-fefa9d744629,Auth:1
9f4f8f35-9ee6-4f4e-a28a-66851855631b,Auth:1
9f4f8f35-9f09-41ea-9c42-0c472fec72c2,Auth:1
9f4f8f35-9f49-4045-bb83-1119356a5fac,Auth:1
9f4f8f35-9f6d-4a13-9f6d-c7d0b28697e4,Auth:1
9f4f8f35-9f9d-478b-9cc8-1056c8c2cf78,Auth:1
9f4f8f35-9fc4-4a79-978b-16ec1a40925c,Auth:1
9f4f8f35-9fe3-4213-9d57-c16eae26ef1a,Auth:1
9f4f8f35-a00d-4f34-baa0-f907f5d7e138,Auth:1
9f4f8f35-a033-4d84-9e2f-d13afe147a7b,Auth:1
9f4f8f35-a058-48b6-a4c3-9f339952efcb,Auth:1
9f4f8f35-a07d-4aac-ad78-1674f6a63c5e,Auth:1
9f4f8f35-a0a6-4a0c-9d78-eef2a1834d47,Auth:1
9f4f8f35-a0c7-4cdc-8def-7533f9a9470b,Auth:1
9f4f8f35-a0ef-46b2-bd7e-0a633c194940,Auth:1
9f4f8f35-a10e-42f4-862a-a55066fee889,Auth:1
9f4f8f35-a13c-40d2-b888-d34d753af36f,Auth:1
9f4f8f35-a165-4545-bb6a-fc4f5098af6a,Auth:1
9f4f8f35-a193-4d15-a39f-10d32ecb5a90,Auth:1
9f4f8f35-a1bb-4c7e-89db-426f159b036b,Auth:1
9f4f8f35-a1db-40ac-933f-68ad3210fc70,Auth:1
9f4f8f35-a212-4d4a-a3e9-1092670baa02,Auth:1
9f4f8f35-a234-4c5a-8b0f-f55bae032326,Auth:1
9f4f8f35-a268-4d6b-90e6-e5a1f4fcfbf0,Auth:1
9f4f8f35-a28c-47eb-ac8a-e90f73c0ef78,Auth:1
9f4f8f35-a2ac-42b4-9599-84a9473ac8ba,Auth:1
9f4f8f35-a2d6-4ad9-b8a4-904b29756956,Auth:1
9f4f8f35-a2f6-4433-879b-273f74675351,Auth:1
9f4f8f35-a322-46d4-b110-7721eebe88d5,Auth:1
9f4f8f35-a345-4388-a564-f62c0d6695f1,Auth:1
9f4f8f35-a38e-4b6b-9a67-82498ef3e815,Auth:1
9f4f8f35-a3b9-4f2a-b482-1f084a678d29,Auth:1
9f4f8f35-a44f-496c-83dc-b3e05a01c14a,Auth:1
9f4f8f35-a476-4ca2-9ce0-c3e4e12af61b,Auth:1
9f4f8f35-a50f-4219-a67b-7db4556c73ee,Auth:1
9f4f8f35-a603-40b2-8fce-d12baa8be814,Auth:1
9f4f8f36-5520-47cd-8878-d69963ba5143,Spatie\Multitenancy\Models\Tenant
9f4f8f36-5522-42fe-857b-22ef2a57e745,Spatie\Multitenancy\Models\Tenant
9f4f8f36-5548-4b2a-953b-e71ac2e1e70e,Spatie\Multitenancy\Models\Tenant:4
9f4f8f36-554d-4c4f-bc04-21986b576018,Spatie\Multitenancy\Models\Tenant
9f4f8f36-554f-4db8-8c5d-f8e54d329b2d,Spatie\Multitenancy\Models\Tenant:4
9f4f8f36-556c-46ab-8f24-b219abe34a44,Spatie\Multitenancy\Models\Tenant:4
9f4f8f36-556d-45b8-b15d-857740bb1811,Spatie\Multitenancy\Models\Tenant:4
9f4f8f36-5575-440a-9969-b78c98511a3b,Spatie\Multitenancy\Models\Tenant:4
9f4f8f36-558e-4300-a94f-9b4c0b219311,Spatie\Multitenancy\Models\Tenant:4
9f4f8f36-5829-4c60-a1d1-176b749ef10f,App\Models\User
9f4f8f36-583d-4eb1-b888-6fb833908125,App\Models\User
9f4f8f36-5875-4dbd-b6c3-7705e91cd5a5,Auth:1
9f4f8f36-5877-46cd-920a-5a67bc8d71d1,App\Models\User
9f4f8f36-5883-4c85-8cac-3d66112cd78c,Auth:1
9f4f8f36-5891-4abc-82a7-4914d588f2b7,Auth:1
9f4f8f36-589f-4f98-8ead-257c2fcc68dc,Auth:1
9f4f8f36-58b5-4ca8-abca-7353c9fb3098,Auth:1
9f4f8f36-58d2-4872-b175-77ac7e3f50ec,Auth:1
9f4f8f36-5935-4a65-b372-41468aef7f1f,Auth:1
9f4f8f36-5939-4a19-9642-c5f53aea507c,Auth:1
9f4f8f36-594e-4611-9f85-9e4fe5d3e443,Auth:1
9f4f8f36-5954-49db-abc8-16a722623f38,Auth:1
9f4f8f36-59a9-4777-ba2e-03e5acb73a81,Auth:1
9f4f8f36-59ca-4544-af10-a2adf2d60af7,Auth:1
9f4f8f36-5b38-4c80-a595-9d86bb15f6b4,Auth:1
9f4f8f36-5b54-4a1c-809a-a6a46d51b227,App\Models\Order
9f4f8f36-5b54-4a1c-809a-a6a46d51b227,Auth:1
9f4f8f36-5b56-474d-bc0e-2e2f3d306cd1,Auth:1
9f4f8f36-5b77-4bf9-b7c0-99d7bfebf53e,App\Models\Order
9f4f8f36-5b77-4bf9-b7c0-99d7bfebf53e,Auth:1
9f4f8f36-5c57-4969-94cd-70b46e38513f,Auth:1
9f4f8f36-5c9c-40fc-b20c-1ea495b22823,Auth:1
9f4f8f36-5cb5-4e83-8447-87e4dd646df9,Auth:1
9f4f8f36-5ccc-403a-a82c-569b9ffcaa85,Auth:1
9f4f8f36-5cd0-4f28-a5e6-1c30089fa359,App\Models\Order
9f4f8f36-5cd0-4f28-a5e6-1c30089fa359,Auth:1
9f4f8f36-5cec-4ba2-821a-8b14488015c5,Auth:1
9f4f8f36-5d1b-4a34-90d2-a7ac52214663,Auth:1
9f4f8f36-5df4-40c0-b2f5-3ef7d664f998,Auth:1
9f4f8f36-5e07-422c-9e9f-5a6f28d4cfcb,Auth:1
9f4f8f36-5e51-4190-9671-132d66432458,Auth:1
9f4f8f36-5e7f-4688-9605-5ccf56378cd4,Auth:1
9f4f8f36-5ea8-484e-aed2-886b5145aca0,Auth:1
9f4f8f36-5ed0-4be4-82d5-f8c31ded31fb,Auth:1
9f4f8f36-5ed5-440c-96fc-c046d2c1b905,Auth:1
9f4f8f36-5f5a-45c4-b1df-e9afb15cd8f6,Auth:1
9f4f8f36-5f9b-417a-951f-59b9bd1964dc,Auth:1
9f4f8f36-5fa7-41b4-8328-551fce32cdb3,Auth:1
9f4f8f36-5fbc-4a82-91be-459adad4f7ce,Auth:1
9f4f8f36-5ffc-4267-8ddd-b2fe75168441,Auth:1
9f4f8f36-60ce-4a94-9a3f-5ad625c175c3,Auth:1
9f4f8f36-7dfc-40dd-82a2-5fd62df95c3d,Spatie\Multitenancy\Models\Tenant
9f4f8f36-7e22-4fec-9290-bac3dc9918a3,Spatie\Multitenancy\Models\Tenant:4
9f4f8f36-7e44-45df-862e-78f31241cc06,Spatie\Multitenancy\Models\Tenant:4
9f4f8f36-80bc-43d8-8f33-83fea33f6d98,App\Models\User
9f4f8f36-8106-411d-b173-4b27ed652d0c,Auth:1
9f4f8f36-8124-4624-a806-062ea695e0fe,Auth:1
9f4f8f36-81e0-480a-900b-9444364872fc,Auth:1
9f4f8f36-81fe-43fe-b559-2869c78ac95b,Auth:1
9f4f8f36-83e4-4015-9828-0b33f5a1753b,Auth:1
9f4f8f36-8406-4190-bb71-89fb44e5f8b1,App\Models\Order
9f4f8f36-8406-4190-bb71-89fb44e5f8b1,Auth:1
9f4f8f36-8586-4f44-95c5-6989d7d7fbde,Auth:1
9f4f8f36-85cb-4d6a-957e-4169234e3550,Auth:1
9f4f8f36-85fc-4107-83fd-0fca1e4bad37,Auth:1
9f4f8f36-861d-4fc7-963a-54ea19424efe,Auth:1
9f4f8f36-8647-4f85-a00b-18e80a9ec154,Auth:1
9f4f8f36-8711-40af-b506-5083051d2cdc,Auth:1
9f4f8f39-46d9-48a1-b3af-953b4d12c179,Spatie\Multitenancy\Models\Tenant
9f4f8f39-4701-45a0-9b26-164ce2f5ccc5,Spatie\Multitenancy\Models\Tenant:4
9f4f8f39-4725-45af-b662-a3068cab1008,Spatie\Multitenancy\Models\Tenant:4
9f4f8f39-493f-4ee6-8e31-804d2e96b324,App\Models\User
9f4f8f39-498d-45b0-b81e-98a0e823d31d,Auth:1
9f4f8f39-49a8-447f-a2b9-9b6a3dd73dac,Auth:1
9f4f8f39-4a76-41b9-aeac-4fcd698b2889,Auth:1
9f4f8f39-4a93-4261-9895-63884e77a8e6,App\Models\Order
9f4f8f39-4a93-4261-9895-63884e77a8e6,Auth:1
9f4f8f39-4b73-4efa-88d8-9339fb0e0796,Auth:1
9f4f8f39-4bf8-498f-96c5-305bb3e62a58,Auth:1
9f4f8f39-4cd5-4d09-9a91-6cf4bdc48c71,Auth:1
9f4f8f39-4cf2-41ba-a15a-64c20a86a73c,App\Models\PaymentMethod
9f4f8f39-4cf2-41ba-a15a-64c20a86a73c,Auth:1
9f4f8f39-4d37-4d65-b3af-1afd1889b405,Auth:1
9f4f8f39-4d77-4d11-bfe7-64fa9f1ae14d,Auth:1
9f4f8f39-4d9f-4bd9-9506-e64f2617a2cf,Auth:1
9f4f8f39-4dd4-4f9a-83b4-59f1b00ce688,Auth:1
9f4f8f39-4e0d-422f-b2f4-91e82a30beed,Auth:1
9f4f8f39-4e48-4607-810a-7baf1aae8239,Auth:1
9f4f8f39-4e94-401b-a735-f9a0f5276c09,Auth:1
9f4f8f39-4ed6-47ed-9ff4-de0bd2e09afd,Auth:1
9f4f8f39-4efc-4689-a741-82faaf52309a,Auth:1
9f4f8f39-4f27-46f5-be43-cc8146e5ba13,Auth:1
9f4f8f39-4f4c-4be6-9b0d-a7e88739db96,Auth:1
9f4f8f39-4f7b-4b6a-98de-51bbfa9f8451,Auth:1
9f4f8f39-4fed-4a3b-bf33-9381c8e7a398,Auth:1
9f4f8f39-5021-4509-b4aa-efea5bc6a2be,Auth:1
9f4f8f39-5044-4075-8259-8eaa892898ff,Auth:1
9f4f8f39-5063-493e-bdba-c46bae386845,Auth:1
9f4f8f39-5085-4e11-9705-cffafe24c8d1,Auth:1
9f4f8f39-50a7-4d5a-be8d-505859cda95e,Auth:1
9f4f8f39-50d4-4bf6-a983-a7719cf45fec,Auth:1
9f4f8f39-50ff-4b82-b7cb-3e38d3b91d21,Auth:1
9f4f8f39-5120-49e8-8646-171249d486a0,Auth:1
9f4f8f39-513e-43d1-9c42-12ff65eb8160,Auth:1
9f4f8f39-515f-4804-b968-bd01c2bfefe5,Auth:1
9f4f8f39-517d-4912-bed0-6523889f0965,Auth:1
9f4f8f39-51ac-4c98-b9fb-04496828d771,Auth:1
9f4f8f39-51de-4a18-a8b7-417bdd2ad29b,Auth:1
9f4f8f39-5201-4ab4-8d24-ce888743e981,Auth:1
9f4f8f39-521c-4254-a8ad-61e1fbd5bed1,Auth:1
9f4f8f39-523e-40a8-a035-d26bfdae3ba2,Auth:1
9f4f8f39-525f-4881-8bb3-61d5e9afeb29,Auth:1
9f4f8f39-528c-453b-9ea7-332a907654ea,Auth:1
9f4f8f39-52cd-4b2e-8d72-c9f77e03d41e,Auth:1
9f4f8f39-52ec-4a07-9606-cd557e2ccf5b,Auth:1
9f4f8f39-530a-408b-a0b6-044b57811a34,Auth:1
9f4f8f39-532d-446b-a771-478185fad47d,Auth:1
9f4f8f39-534c-437c-984c-86d1d4c47ce9,Auth:1
9f4f8f39-5372-4af6-b4c1-c53f15e16e5b,Auth:1
9f4f8f39-5399-4446-8f2e-c840cc686497,Auth:1
9f4f8f39-53c3-4e73-8e9b-559a42873534,Auth:1
9f4f8f39-53e4-437d-8bd5-6b322c859d29,Auth:1
9f4f8f39-5411-46cb-af2d-a86051ec47b1,Auth:1
9f4f8f39-543f-4f19-a02f-1441f4f841ca,Auth:1
9f4f8f39-5472-4760-b2dc-3fe52a88ddbf,Auth:1
9f4f8f39-549d-40ee-843c-ade635902278,Auth:1
9f4f8f39-54be-4b6f-80b9-a4224064d427,Auth:1
9f4f8f39-54dc-4d42-8522-ab8a9214885d,Auth:1
9f4f8f39-54fc-47b0-a203-c81231b5a670,Auth:1
9f4f8f39-551e-4628-a13e-c3f1dad1e32d,Auth:1
9f4f8f39-554c-4e42-ab8b-e3c62de26684,Auth:1
9f4f8f39-557c-49f5-9f83-9f8face89369,Auth:1
9f4f8f39-559e-415a-84af-ae6c896ac09e,Auth:1
9f4f8f39-55b9-48b5-aa28-f17768edaffb,Auth:1
9f4f8f39-55d8-490b-9ce4-d18b76e922d7,Auth:1
9f4f8f39-55fb-46e5-9d13-92dc375b2da2,Auth:1
9f4f8f39-5627-412a-92b1-09df527cbd57,Auth:1
9f4f8f39-5656-42d1-827b-8f6658199c0a,Auth:1
9f4f8f39-5675-4903-b797-fac9bb9f6b3c,Auth:1
9f4f8f39-5692-492a-9957-29304a4a7665,Auth:1
9f4f8f39-56b3-4171-a44d-fcf140bebfac,Auth:1
9f4f8f39-56d5-4b42-a3e5-8873192f1a60,Auth:1
9f4f8f39-5700-4e63-8eb7-e375265c006f,Auth:1
9f4f8f39-572e-4cd6-9ac3-ba8ea8b5e708,Auth:1
9f4f8f39-574d-4b86-a1c6-035488e525cd,Auth:1
9f4f8f39-576b-48fb-a3fb-b2a9ff0b86b6,Auth:1
9f4f8f39-578d-43a9-a698-c89c5c65fc37,Auth:1
9f4f8f39-57ae-4bc4-bd5d-7e8e87db1788,Auth:1
9f4f8f39-57dc-4613-9d17-064b378cdc39,Auth:1
9f4f8f39-580a-41d8-af83-97869ad3ac99,Auth:1
9f4f8f39-582b-4b11-9a46-2f10d69c30c7,Auth:1
9f4f8f39-584a-44be-a214-b09d41cc9b9f,Auth:1
9f4f8f39-586a-4770-b057-452c6f8cd756,Auth:1
9f4f8f39-5888-4171-aab4-166468341aa4,Auth:1
9f4f8f39-58a9-4fe0-9df8-7ee5f898cf29,Auth:1
9f4f8f39-58ce-400f-a5fe-8d7f4cbccc08,Auth:1
9f4f8f39-58ed-4bd7-ace7-73985a6f0a43,Auth:1
9f4f8f39-590f-4053-818d-740991cc3083,Auth:1
9f4f8f39-5939-4ca6-9183-5264edb7d037,Auth:1
9f4f8f39-596d-4628-87fa-97ecefec98e6,Auth:1
9f4f8f39-599b-4664-ab9a-444284a0e43d,Auth:1
9f4f8f39-5a1f-4e0b-bf48-8b75b0e14faa,Auth:1
9f4f8f39-5a3b-4663-afdd-657f269d5e13,App\Models\Address
9f4f8f39-5a3b-4663-afdd-657f269d5e13,Auth:1
9f4f8f39-5a63-4ad5-889c-ad8c2d0da5f9,Auth:1
9f4f8f39-5a82-4938-934e-fe8521b21eda,Auth:1
9f4f8f39-5aa1-4881-938e-a522c541cfd3,Auth:1
9f4f8f39-5ac1-4ff5-9f52-1c47eb93855d,Auth:1
9f4f8f39-5adf-46b6-8ec1-ee9e115a9386,Auth:1
9f4f8f39-5b0f-4652-bf3e-f82d0cc46b0c,Auth:1
9f4f8f39-5b3a-40f6-b5e9-c80645201798,Auth:1
9f4f8f39-5b5f-4800-9ab2-8fe45877b734,Auth:1
9f4f8f39-5b7e-4573-8ee8-268c3dd85762,Auth:1
9f4f8f39-5b9d-4211-b566-f1001dc34174,Auth:1
9f4f8f39-5bc0-46d4-b0ca-fdbd02a39614,Auth:1
9f4f8f39-5bec-4f0c-be58-b4321a465f68,Auth:1
9f4f8f39-5c1a-495b-8d61-0ac78de453b6,Auth:1
9f4f8f39-5c3b-4133-92b7-044115249264,Auth:1
9f4f8f39-5c56-4050-af8b-75f007efd3e0,Auth:1
9f4f8f39-5c78-4f37-bb6e-c0a88535d71e,Auth:1
9f4f8f39-5c99-4a19-a7c5-01533df8211c,Auth:1
9f4f8f39-5cc4-45f1-ae5b-df4ac8a3b7d3,Auth:1
9f4f8f39-5cf5-4235-8b17-be152d69e1d2,Auth:1
9f4f8f39-5d14-4833-9bac-23d9b54523a5,Auth:1
9f4f8f39-5d2f-440d-9d05-ad68bd9eb701,Auth:1
9f4f8f39-5d53-4e6c-88df-73d586d0d222,Auth:1
9f4f8f39-5d72-4f6d-898d-9aaa03b97621,Auth:1
9f4f8f39-5d92-4520-9d20-9f3551b3f4d8,Auth:1
9f4f8f39-5db7-4f40-bc9c-16b18155a103,Auth:1
9f4f8f39-5dd9-4af9-bad0-cb780e9a672a,Auth:1
9f4f8f39-5df8-49fa-9fb3-17f977507790,Auth:1
9f4f8f39-5e2a-4427-a313-d906362d3eaa,Auth:1
9f4f8f39-5e63-42ca-8b5d-ea777a810a1f,Auth:1
9f4f8f39-5e9b-4e78-9a2b-49d5e70d61a7,Auth:1
9f4f8f39-5f19-4a5a-a0c7-ee40abd2151b,Auth:1
9f4f8f39-5f33-4717-9ce0-98924a11ac09,App\Models\ShippingMethod
9f4f8f39-5f33-4717-9ce0-98924a11ac09,Auth:1
9f4f8f39-5f5c-4f75-9675-56350d8066d4,Auth:1
9f4f8f39-5f7b-4f76-9d29-df4bd7347d43,Auth:1
9f4f8f39-5f97-43a4-b306-6782a7e34190,Auth:1
9f4f8f39-5fbb-4fb5-810a-e5bdc24ecb54,Auth:1
9f4f8f39-5fda-4ba7-bf22-c60781ae7aeb,Auth:1
9f4f8f39-6009-46ee-a5e1-787699c6ef21,Auth:1
9f4f8f39-6037-427a-ba1d-604913f7ca85,Auth:1
9f4f8f39-6056-42c5-91ee-6a2b9808ace1,Auth:1
9f4f8f39-6075-4a01-8725-12aed9107543,Auth:1
9f4f8f39-6095-4bcf-8278-712cb30be064,Auth:1
9f4f8f39-60b3-434b-abbc-c9aac6d4f9cd,Auth:1
9f4f8f39-60d4-4e28-903e-8c4c48746352,Auth:1
9f4f8f39-60f5-4aa9-85f9-945b8b28f446,Auth:1
9f4f8f39-6114-4b2c-b70b-e1bb898c25fa,Auth:1
9f4f8f39-6130-4bf3-afb6-eae3985dbbf3,Auth:1
9f4f8f39-615d-4648-a3b1-6015fe81243a,Auth:1
9f4f8f39-6190-4ea7-908a-fef648bcc802,Auth:1
9f4f8f39-61bf-4f3a-bae0-932c4d104850,Auth:1
9f4f8f39-61e9-4cdd-89fd-905f5ddfea26,Auth:1
9f4f8f39-6209-44a1-9ecf-53890edd4904,Auth:1
9f4f8f39-6229-4fc8-8594-f04e395f565a,Auth:1
9f4f8f39-6247-4091-b5a2-21576e96c82e,Auth:1
9f4f8f39-626a-4e77-8cd2-a24de99d01a6,Auth:1
9f4f8f39-6289-4217-941d-1cda4df0c387,Auth:1
9f4f8f39-62a7-4752-add2-60e37f34d97b,Auth:1
9f4f8f39-62c5-44dd-888b-0f273e961656,Auth:1
9f4f8f39-62e8-4a1f-b1a9-13dc805a8674,Auth:1
9f4f8f39-630e-4cef-ba43-0311224e3cd5,Auth:1
9f4f8f39-634d-4bce-8be2-7b1b7a56bade,Auth:1
9f4f8f39-63ce-4d4f-bac6-ec1c2d2801e8,Auth:1
9f4f8f39-63ed-4ff1-9352-54d6d40c26f8,App\Models\OrderItem
9f4f8f39-63ed-4ff1-9352-54d6d40c26f8,Auth:1
9f4f8f39-641a-485c-b4ab-cd488d41e8af,Auth:1
9f4f8f39-6448-4477-ab50-f28dd18204cd,Auth:1
9f4f8f39-64c6-40aa-9c71-757b803854ef,Auth:1
9f4f8f39-64e0-4f5b-b883-b5d6f94c6ffc,App\Models\Variant
9f4f8f39-64e0-4f5b-b883-b5d6f94c6ffc,Auth:1
9f4f8f39-654c-45fa-85e9-d7e0f7b234ee,Auth:1
9f4f8f39-6566-4ce2-aa8a-8bf042c92d6a,App\Models\Product
9f4f8f39-6566-4ce2-aa8a-8bf042c92d6a,Auth:1
9f4f8f39-658f-4233-83e1-43b7c6219777,Auth:1
9f4f8f39-65ae-4781-b7e5-fd531713d277,Auth:1
9f4f8f39-65c9-457c-9ef6-5f129d1a54ab,Auth:1
9f4f8f39-65f1-40bf-9bf7-64200bc1d12f,Auth:1
9f4f8f39-6612-4c64-9fd3-d3295e144d6a,Auth:1
9f4f8f39-6643-4d51-a798-8b52cad96e89,Auth:1
9f4f8f39-66be-4bc0-abb0-b7b8c6fac35e,Auth:1
9f4f8f39-66d9-4e9b-a2da-dc50ae2ce7bb,App\Models\VariantValue
9f4f8f39-66d9-4e9b-a2da-dc50ae2ce7bb,Auth:1
9f4f8f39-66f8-4904-a523-36663d407ba0,Auth:1
9f4f8f39-671c-4ca0-a22d-2c0be4542e4a,Auth:1
9f4f8f39-6738-40d9-9450-c795aaa28f34,Auth:1
9f4f8f39-675a-4155-af08-0232ec270d49,Auth:1
9f4f8f39-677a-45cf-911a-ee29fc93ca36,Auth:1
9f4f8f39-67a6-4bcc-af29-c0c613bd1c83,Auth:1
9f4f8f39-6828-4de4-b56b-f777a59cb6c3,Auth:1
9f4f8f39-6853-45de-9e10-b3cdbb0769c4,Auth:1
9f4f8f39-6872-4e34-b8ad-59b39a1c66e9,Auth:1
9f4f8f39-6890-4554-a400-9f42654e392c,Auth:1
9f4f8f39-68b1-4f9e-88c2-18abe33f0b94,Auth:1
9f4f8f39-68d0-4c26-ad4d-e2c62dc2486a,Auth:1
9f4f8f39-68fe-493c-a352-f888a571f0f9,Auth:1
9f4f8f39-692b-437f-9009-a326a0ec68f5,Auth:1
9f4f8f39-694c-4a1b-a0af-48703c77158a,Auth:1
9f4f8f39-696c-4aba-8176-6596d5cd6bc2,Auth:1
9f4f8f39-698b-4d66-b87f-e69afc65cea1,Auth:1
9f4f8f39-69ac-4587-8e5f-51f9f2ec4e2e,Auth:1
9f4f8f39-69d8-4a8b-b3d2-7d545f0a761e,Auth:1
9f4f8f39-6a07-4edd-964b-f6750cc42313,Auth:1
9f4f8f39-6a27-408c-86ad-aaf10ec6ffa5,Auth:1
9f4f8f39-6a43-463f-b779-d0d020efec25,Auth:1
9f4f8f39-6a64-4e65-9f32-30dba2a4b4b5,Auth:1
9f4f8f39-6a84-4e08-a964-c5d15b0cfc96,Auth:1
9f4f8f39-6aa4-4637-89d5-f0b9e465a4c5,Auth:1
9f4f8f39-6ac8-4470-a1b0-e525be2c0cd6,Auth:1
9f4f8f39-6afa-4231-8156-c1d0063dea1a,Auth:1
9f4f8f39-6b65-46c1-b151-41662a88fc8f,Auth:1
9f4f8f39-6bce-440a-a05c-4a92797933b3,Auth:1
9f4f8f39-6c01-4f0e-b286-daf9862aff53,Auth:1
9f4f8f39-6c20-41c8-a875-13c6e0346f39,Auth:1
9f4f8f39-6c3d-4784-8d2f-7fcbf95e6324,Auth:1
9f4f8f39-6c5e-4edf-a6e7-7c319f834f46,Auth:1
9f4f8f39-6c80-4c59-8407-674677467947,Auth:1
9f4f8f39-6cb0-4fcd-8e60-8a47d372230e,Auth:1
9f4f8f39-6d23-45ef-be30-3a25428a6453,Auth:1
9f4f8f39-6d57-4807-919e-0992a48d72f0,Auth:1
9f4f8f39-6d79-4f7d-a8e2-b74b7e2b4cd6,Auth:1
9f4f8f39-6d98-4b0f-b244-6fb698ab7dcf,Auth:1
9f4f8f39-6dba-439e-b5c5-35a3ea5567bc,Auth:1
9f4f8f39-6dd9-4301-919d-88660ba4a233,Auth:1
9f4f8f39-6e0c-4516-9e86-a2131a6bc595,Auth:1
9f4f8f39-6e77-4045-b04f-42d6ffddb9e6,Auth:1
9f4f8f39-6ea2-4179-896d-4c738eb661c4,Auth:1
9f4f8f39-6ec4-4669-8301-c80398ddc350,Auth:1
9f4f8f39-6ee1-4989-9ef5-6d98511949c0,Auth:1
9f4f8f39-6f04-48cc-8ded-805f21a06be0,Auth:1
9f4f8f39-6f27-45ba-abd4-8eb0808a1665,Auth:1
9f4f8f39-6f55-482f-9bdf-bcd9fcf91321,Auth:1
9f4f8f39-6f83-4989-b694-188a6b1f7929,Auth:1
9f4f8f39-6fa6-4867-9a37-253b0a57723d,Auth:1
9f4f8f39-6fc3-4749-9ede-f49c7acf935a,Auth:1
9f4f8f39-6fe5-4102-b681-f3a323fd3bcd,Auth:1
9f4f8f39-7008-4498-871e-c4ec25d3eb55,Auth:1
9f4f8f39-7036-4063-b4a0-ab32476c6df1,Auth:1
9f4f8f39-7064-492f-8613-344a09f5cf4e,Auth:1
9f4f8f39-7085-417c-833c-2769d5ab3b2a,Auth:1
9f4f8f39-70a3-4402-b98d-12d1d7aad74d,Auth:1
9f4f8f39-70c4-437e-a9f6-bc6169c67a3d,Auth:1
9f4f8f39-70e4-4ac5-b383-8c11cbe3e137,Auth:1
9f4f8f39-7105-45e5-a3f4-c7377aec9f31,Auth:1
9f4f8f39-712b-47b2-988b-39083131cf4b,Auth:1
9f4f8f39-7154-45b2-8bf3-1c6be44c4475,Auth:1
9f4f8f39-7173-4ab6-9b28-627ef7323f4d,Auth:1
9f4f8f39-7195-4215-ad13-9e71d5aee8d1,Auth:1
9f4f8f39-71b8-4c42-818e-1b67adaadfa3,Auth:1
9f4f8f39-71eb-41c0-94ae-7b1506b8a18f,Auth:1
9f4f8f39-7227-43df-8b77-b25769df2d6d,Auth:1
9f4f8f39-72a6-4d7e-8cc8-94a15d976772,Auth:1
9f4f8f39-72ca-469a-9ae3-49655eb5737f,Auth:1
9f4f8f39-72ea-42e5-8764-67e5c7f61f55,Auth:1
9f4f8f39-73dd-4648-94f5-daefb97a8906,Auth:1
9f4f8f39-7430-441f-af1f-45b937bfeaf7,Auth:1
9f4f8f39-7458-416f-b3ad-e24371b49ae5,Auth:1
9f4f8f39-747e-457c-b791-184dd49f5972,Auth:1
9f4f8f39-74ac-439a-a08c-e87df10f21e0,Auth:1
9f4f8f39-74d6-4717-b287-a66555f3d8c3,Auth:1
9f4f8f39-74fc-4c72-82d5-a64b845b932e,Auth:1
9f4f8f39-7538-47a3-8d82-5866a018d2c2,Auth:1
9f4f8f39-7561-441f-8dff-8901df6121bf,Auth:1
9f4f8f39-7585-441d-a591-333b1d581107,Auth:1
9f4f8f39-75c9-44a9-8704-2ee0d56493c1,Auth:1
9f4f8f39-75f7-43eb-9684-5ebb49109ea3,Auth:1
9f4f8f39-7631-4bae-adc3-0c47a2f9c68c,Auth:1
9f4f8f39-7661-4465-ae8b-472b7fc5e1c9,Auth:1
9f4f8f39-7687-48fb-b1bc-f161747ea370,Auth:1
9f4f8f39-76bf-4db2-aed3-bd7571ecde89,Auth:1
9f4f8f39-76e3-4066-817d-85087810f290,Auth:1
9f4f8f39-7712-46a8-9dd9-ef663bda0107,Auth:1
9f4f8f39-773c-45f9-8a6a-38d602eccd3b,Auth:1
9f4f8f39-776d-41cc-907f-0911cd46821d,Auth:1
9f4f8f39-7984-4cc7-be2e-a704fbefef7d,Auth:1
9f4f8f39-79b0-4acb-a4e5-5f9f91a9aa83,Auth:1
9f4f8f39-7ae1-4a05-833b-1f732e793841,Auth:1
9f4f8f39-7b0e-4218-9b23-8b0936ad741e,Auth:1
9f4f8f39-7b41-4b42-b014-fff503183634,Auth:1
9f4f8f39-7b6a-48da-ad43-e4182f960c08,Auth:1
9f4f8f39-7b99-477e-ba30-b1422c23dd48,Auth:1
9f4f8f39-7bcd-450f-bac6-f22461481a56,Auth:1
9f4f8f39-7bfb-42b4-b8f6-7cb3e2f0e29b,Auth:1
9f4f8f39-7c49-49d6-ab61-c4d684b9bc27,Auth:1
9f4f8f39-7c74-414b-8310-4e3b023473fb,Auth:1
9f4f8f39-7c96-4ee9-9bd7-7af1c023c5cc,Auth:1
9f4f8f39-7cc3-44e5-9c25-453228aff03f,Auth:1
9f4f8f39-7ce4-4eec-8dbb-1dc76010811e,Auth:1
9f4f8f39-7d07-46c7-ab21-566c8b59a303,Auth:1
9f4f8f39-7d2c-4aae-bc70-fad298f2a309,Auth:1
9f4f8f39-7d4f-4129-8542-26e63affa154,Auth:1
9f4f8f39-7d7d-422c-9f2d-9749f5f8b39d,Auth:1
9f4f8f39-7da7-441b-8fe4-9603a3b2eea4,Auth:1
9f4f8f39-7ddf-44fe-a87c-f35c9ae5dc2d,Auth:1
9f4f8f39-7e0d-43ac-9ac9-ae0c217e416f,Auth:1
9f4f8f39-7e38-4dec-bd7b-fd7f2137bbf4,Auth:1
9f4f8f39-7e5b-4d7b-a709-5a98761a3086,Auth:1
9f4f8f39-7e78-493b-88c3-175bcc03d243,Auth:1
9f4f8f39-7eae-4fc4-93c6-c3ddf2e27de9,Auth:1
9f4f8f39-7f9b-431e-90a6-ec752c8011cc,Auth:1
9f4f8f39-7fd3-4d99-9477-85faf7f9f415,Auth:1
9f4f8f39-7ffe-4685-b319-0aede16ef066,Auth:1
9f4f8f39-8023-4ea7-8c11-46bb1b1afed2,Auth:1
9f4f8f39-804a-4f9d-a955-3f333415c8fc,Auth:1
9f4f8f39-806a-463d-9267-9ba96ae927ee,Auth:1
9f4f8f39-8099-409e-b166-c14876ec4d7d,Auth:1
9f4f8f39-80ba-435a-95bf-adf6478c68e7,Auth:1
9f4f8f39-80f0-4bb4-8bf1-69524841207a,Auth:1
9f4f8f39-811b-4be4-b49b-a9efcd659a9a,Auth:1
9f4f8f39-813a-4931-bc71-05b61e1f010d,Auth:1
9f4f8f39-8161-49a7-876c-5aa33d19bd41,Auth:1
9f4f8f39-8182-40cc-9d7b-00759edae181,Auth:1
9f4f8f39-81bc-44d9-a95a-8553dcae26fa,Auth:1
9f4f8f39-81dd-45b0-8e9b-a902ebc816e2,Auth:1
9f4f8f39-820e-4c7f-bcff-f9eb4e45bbc4,Auth:1
9f4f8f39-8238-4725-8db2-31d6d1ff2d02,Auth:1
9f4f8f39-8269-4fb2-87a4-35ba0bf9f69e,Auth:1
9f4f8f39-8293-44b1-bfb1-b9f89ada1244,Auth:1
9f4f8f39-82b4-48f1-9afe-262c4f6efcec,Auth:1
9f4f8f39-82da-4474-8dac-b41f84a55ce8,Auth:1
9f4f8f39-82fb-4c7f-b802-203dbf95ef2e,Auth:1
9f4f8f39-8341-4cad-a3d4-1b14d3f2f18a,Auth:1
9f4f8f39-8363-41e9-8525-d5377faa372e,Auth:1
9f4f8f39-8391-47b0-af2e-d237c67dd798,Auth:1
9f4f8f39-83b6-4873-a645-e2814a004879,Auth:1
9f4f8f39-83da-444f-981a-adec4f1f22c7,Auth:1
9f4f8f39-8403-45e8-b143-44e16a078632,Auth:1
9f4f8f39-8423-4dd7-8571-251d10135674,Auth:1
9f4f8f39-8448-4c03-a6ce-3bf789260f2f,Auth:1
9f4f8f39-8468-43b6-ad68-4366ffa4a0da,Auth:1
9f4f8f39-848f-4b9e-8630-c1fa782b1231,Auth:1
9f4f8f39-84ae-42a6-8084-f791d247973f,Auth:1
9f4f8f39-84db-4deb-90e6-ea445eb5a45f,Auth:1
9f4f8f39-8500-42b5-9234-319a2e0976d1,Auth:1
9f4f8f39-852e-4b26-b26d-ffad37efede4,Auth:1
9f4f8f39-854e-4757-ad59-06d72044aa1e,Auth:1
9f4f8f39-8580-4666-b6d3-1fc7b9bf4caa,Auth:1
9f4f8f39-85a5-43fd-83f3-68818286f3f5,Auth:1
9f4f8f39-85c7-4e0b-9a26-4aabaa608906,Auth:1
9f4f8f39-85fc-4704-8062-a5c6bc0d62ad,Auth:1
9f4f8f39-861e-4d78-925c-64b330997fce,Auth:1
9f4f8f39-864b-4f70-96b9-ff2ba39b5289,Auth:1
9f4f8f39-8671-4c35-ad63-f5b203e5a449,Auth:1
9f4f8f39-8693-45d6-bb45-5d048b1e95bf,Auth:1
9f4f8f39-86b9-40dd-b6f4-063911294419,Auth:1
9f4f8f39-86da-49cf-b503-a80ff64a25ab,Auth:1
9f4f8f39-8709-4d6e-bc97-6fb7bb19e975,Auth:1
9f4f8f39-872a-4631-a81a-6c38d1efaa0b,Auth:1
9f4f8f39-876d-4fa9-a462-6b6a01f8c9e5,Auth:1
9f4f8f39-879e-4584-803a-c46be99f8202,Auth:1
9f4f8f39-8828-4abd-ab5c-11b2d2aaf240,Auth:1
9f4f8f39-884e-4e74-a348-60a79d310947,Auth:1
9f4f8f39-88d0-42a1-b0e5-ab78c570e917,Auth:1
9f4f8f39-8984-4572-9879-9d0e186c2ce8,Auth:1
9f4f8f3b-07dd-4fb2-b4ae-a0fbd6dd5dfb,Spatie\Multitenancy\Models\Tenant
9f4f8f3b-0804-4688-9faa-1a6e7beaed10,Spatie\Multitenancy\Models\Tenant:4
9f4f8f3b-0826-46be-879f-8cee536ca17c,Spatie\Multitenancy\Models\Tenant:4
9f4f8f3b-0aaf-4835-9fef-77f22a91257f,App\Models\User
9f4f8f3b-0aea-444e-a9ac-94ea7732cabc,Auth:1
9f4f8f3b-0b07-43f1-bcd4-f5b69e52e315,Auth:1
9f4f8f3b-0bb6-4fab-b655-d6b2c1163d3e,Auth:1
9f4f8f3b-0bd6-41ae-bfe0-89ab20b4b276,App\Models\Order
9f4f8f3b-0bd6-41ae-bfe0-89ab20b4b276,Auth:1
9f4f8f3b-0ce8-4703-9735-4312787ef059,Auth:1
9f4f8f3b-0d01-420f-9226-d2fe4f653ed1,Auth:1
9f4f8f3b-0d7d-4f83-9431-80e81b0471ec,Auth:1
9f4f8f3b-0e79-4410-bc5b-43e6bc93b591,Auth:1
9f4f8f3b-0ea3-4feb-bfe8-6268a80d2d14,Auth:1
9f4f8f3b-0edb-49fc-abe7-2260744bbc77,Auth:1
9f4f8f3b-0fa6-4d79-8c2d-6fc12c9ebeec,Auth:1
9f4f8f3b-0fc5-42f1-a86b-ce4614cab2ef,App\Models\PaymentMethod
9f4f8f3b-0fc5-42f1-a86b-ce4614cab2ef,Auth:1
9f4f8f3b-107a-47da-bbc7-dda7d6c6f18a,Auth:1
9f4f8f3b-1102-4afa-a029-410a85f17e77,Auth:1
9f4f8f3b-1121-443d-8f08-b0a4cb4d4bae,App\Models\OrderItem
9f4f8f3b-1121-443d-8f08-b0a4cb4d4bae,Auth:1
9f4f8f3b-118d-4524-b12c-4413ac75497f,Auth:1
9f4f8f3b-11a9-4411-964d-d88cfa3e7b35,App\Models\Variant
9f4f8f3b-11a9-4411-964d-d88cfa3e7b35,Auth:1
9f4f8f3b-120f-48f6-8260-bbb0758e3cae,Auth:1
9f4f8f3b-122a-47ff-b273-9b46cd208d6b,App\Models\Product
9f4f8f3b-122a-47ff-b273-9b46cd208d6b,Auth:1
9f4f8f3b-1292-49a3-9f37-6fd73b2245de,Auth:1
9f4f8f3b-12cf-46a6-b339-54390aadcacc,Auth:1
9f4f8f3b-12fc-40c2-8952-fe2c99ea4737,Auth:1
9f4f8f3b-1324-4824-9bd6-36829ac6f370,Auth:1
9f4f8f3b-134e-448b-9028-1666f1732656,Auth:1
9f4f8f3b-1378-4f9d-a95c-7ec757239b98,Auth:1
9f4f8f3b-13a3-4e52-812a-54e8e81d3862,Auth:1
9f4f8f3b-13df-49f5-98e8-3509c644b801,Auth:1
9f4f8f3b-14be-497c-9067-041652f6862d,Auth:1
9f4f8f3b-14fb-4b98-9fd0-e8d5a53ab11e,Auth:1
9f4f8f3b-1532-4e54-9d43-dbd66056e380,Auth:1
9f4f8f3b-1568-4b9c-961b-1f934482204c,Auth:1
9f4f8f3b-1593-4b35-b1ce-0c24241625e7,Auth:1
9f4f8f3b-1613-4bbb-be1e-0e56c7f292a9,Auth:1
9f4f8f3b-162e-480b-8f51-9e7c64a23468,App\Models\VariantValue
9f4f8f3b-162e-480b-8f51-9e7c64a23468,Auth:1
9f4f8f3b-1651-4236-9b6d-e45cad44ad07,Auth:1
9f4f8f3b-1680-4129-839b-62decb1f3758,Auth:1
9f4f8f3b-16a8-4999-9576-4b0d85e14af1,Auth:1
9f4f8f3b-1719-45cf-83cb-e0406ef8098d,Auth:1
9f4f8f3b-174a-495a-bd31-ea27bfa18db7,Auth:1
9f4f8f3b-1774-4449-83a9-81d1ea65bf62,Auth:1
9f4f8f3b-17a2-458b-8209-d60d2cafe3a7,Auth:1
9f4f8f3b-17cb-406a-8e3f-3c5c611ca920,Auth:1
9f4f8f3b-17f8-4e3f-ab45-25dcdfda5043,Auth:1
9f4f8f3b-181f-4713-9b5b-dfb58b11897a,Auth:1
9f4f8f3b-184b-4998-8ad5-001f9baea48e,Auth:1
9f4f8f3b-1874-4035-a871-0847fe2ef4c4,Auth:1
9f4f8f3b-189e-4a18-ae89-618db7a7a8ea,Auth:1
9f4f8f3b-18ca-41d6-bca2-636d816894ef,Auth:1
9f4f8f3b-18f4-473f-b6fa-54bf3a01954d,Auth:1
9f4f8f3b-191f-4000-b568-83715bd4f3c5,Auth:1
9f4f8f3b-1948-4484-bdab-5ee449fe1a18,Auth:1
9f4f8f3b-1972-4fb5-943b-02b896dc270b,Auth:1
9f4f8f3b-1a53-49cb-b565-f44dd2eb840f,Auth:1
9f4f8f3b-1a78-40b7-9062-c7c3f496e65d,Auth:1
9f4f8f3b-1ad9-45b3-8cff-23161834a042,Auth:1
9f4f8f3b-1b05-44b7-900d-c02f8629636e,Auth:1
9f4f8f3b-1b42-4230-a57d-a42192a92f9a,Auth:1
9f4f8f3b-1b7c-41e1-8da1-87017adf05e7,Auth:1
9f4f8f3b-1ba4-42b9-8480-6106678cbf85,Auth:1
9f4f8f3b-1bcc-4b14-bc7c-2e55146b96d0,Auth:1
9f4f8f3b-1beb-441b-a03d-26ae8dec8caa,Auth:1
9f4f8f3b-1c98-424e-bf96-e56364934c0b,Auth:1
9f4f8f3b-1cc1-4646-ac35-b19bfe4c79df,Auth:1
9f4f8f3b-1cee-4965-9d48-3dbda7e386d2,Auth:1
9f4f8f3b-1d1b-46fd-9c26-8320a175791d,Auth:1
9f4f8f3b-1d48-421c-bc71-54bdd93a9cc7,Auth:1
9f4f8f3b-1dbb-436a-b544-b3ab78f8d6a4,Auth:1
9f4f8f3b-1de9-46e0-ad9f-d66bc8c56593,Auth:1
9f4f8f3b-1e14-4ee7-be34-f838e9b620ad,Auth:1
9f4f8f3b-1e3d-43da-a2c4-3d4f618a7ae7,Auth:1
9f4f8f3b-1ea1-4de9-9403-eefca2f236b0,Auth:1
9f4f8f3b-1ecc-4430-8dd6-b2e6d38d4ba0,Auth:1
9f4f8f3b-1efa-4d0f-8803-433fa704782a,Auth:1
9f4f8f3b-1f21-443a-b6c6-77cb83556f1d,Auth:1
9f4f8f3b-1f49-4e6d-805f-276869e50029,Auth:1
9f4f8f3b-1f73-432c-9af1-4de6e5e7839b,Auth:1
9f4f8f3b-1f9e-4798-ad43-fd412347b567,Auth:1
9f4f8f3b-1fc8-4f86-93db-2341313c4103,Auth:1
9f4f8f3b-1ff2-4e9d-8d94-e20c71147d2e,Auth:1
9f4f8f3b-201c-4b8a-9866-91763331d752,Auth:1
9f4f8f3b-2045-49d2-b57f-1d2db457087f,Auth:1
9f4f8f3b-2073-4364-970d-1df0cfb4517e,Auth:1
9f4f8f3b-209d-44ad-9fa1-b28e37685a4c,Auth:1
9f4f8f3b-20c8-46b2-961c-c315b28a28ee,Auth:1
9f4f8f3b-20ea-43d1-9bff-9377b0e3fc61,Auth:1
9f4f8f3b-21a7-4394-aad3-0c1d62d7a38e,Auth:1
9f4f8f3b-21c8-466e-b98a-93813c773b52,Auth:1
9f4f8f3b-2203-4abb-aa50-4cef90822b34,Auth:1
9f4f8f3b-2230-4b6b-a290-ae037d151f49,Auth:1
9f4f8f3b-2262-48fb-933e-5a8daea63358,Auth:1
9f4f8f3b-228d-4df8-b664-e7e4c0ab43d8,Auth:1
9f4f8f3b-22b2-4dac-86f0-7c8ad7599016,Auth:1
9f4f8f3b-22d2-4f14-a035-f49465b3a0e7,Auth:1
9f4f8f3b-22ef-43dc-8670-2a04342de56d,Auth:1
9f4f8f3b-2312-4a9d-b321-524f2077c5ff,Auth:1
9f4f8f3b-233f-44ec-8972-e806d852d658,Auth:1
9f4f8f3b-2361-4dbe-98bc-6fc40fb4efd9,Auth:1
9f4f8f3b-23aa-496b-91be-ea42a0970ea8,Auth:1
9f4f8f3b-23ce-4759-a0d5-feceeafba6e8,Auth:1
9f4f8f3b-23f9-4239-ae1c-3d117bcd2808,Auth:1
9f4f8f3b-2417-440a-b7f3-26f6e8a8b3e7,Auth:1
9f4f8f3b-243c-4de3-977d-c57bab40ccc0,Auth:1
9f4f8f3b-245f-4be4-828b-dbd99fecee51,Auth:1
9f4f8f3b-2485-454c-a665-7b4aac770573,Auth:1
9f4f8f3b-24b7-4c2b-b1ea-e225bc2eb3af,Auth:1
9f4f8f3b-24e1-4032-9454-12a42521ec1e,Auth:1
9f4f8f3b-250b-4a7c-8ed0-6542ce55da12,Auth:1
9f4f8f3b-2537-474d-bc46-6e0b2c3170ab,Auth:1
9f4f8f3b-256c-484f-a031-f13ac4f88911,Auth:1
9f4f8f3b-26bd-419c-82c1-ccbd965450b7,Auth:1
9f4f8f53-6209-461c-846b-68d9302af1d4,Spatie\Multitenancy\Models\Tenant
9f4f8f53-622d-4139-97da-8e40baaa274b,Spatie\Multitenancy\Models\Tenant:4
9f4f8f53-6251-41d7-9c52-c49442ef2639,Spatie\Multitenancy\Models\Tenant:4
9f4f8f6b-3630-4e18-9e43-b69f24a8ade9,Spatie\Multitenancy\Models\Tenant
9f4f8f6b-3659-4588-9a25-826b8061ed12,Spatie\Multitenancy\Models\Tenant:4
9f4f8f6b-367a-4a4e-bc70-5d8c5323e430,Spatie\Multitenancy\Models\Tenant:4
9f4f8f83-de88-48b4-9646-571ac63f5696,Spatie\Multitenancy\Models\Tenant
9f4f8f83-deaf-455b-b879-b599ac462c17,Spatie\Multitenancy\Models\Tenant:4
9f4f8f83-ded7-4e4a-83c3-3bf525fe3a5e,Spatie\Multitenancy\Models\Tenant:4
9f4f9390-37a2-40c1-ba3e-0ead99923668,Spatie\Multitenancy\Models\Tenant
9f4f9390-37c6-46d2-a5f6-ce810fef5742,Spatie\Multitenancy\Models\Tenant:4
9f4f9390-37e8-4d79-a41e-fdfd16e88f99,Spatie\Multitenancy\Models\Tenant:4
9f4fa5ad-c708-4cdc-983b-bae99569ef3f,Spatie\Multitenancy\Models\Tenant
9f4fa5ad-c741-45a6-95b7-272a2f38681d,Spatie\Multitenancy\Models\Tenant:4
9f4fa5ad-c779-4768-b46f-cf398907273d,Spatie\Multitenancy\Models\Tenant:4
9f4fa706-d0dd-4d5e-873d-2d45a0b2d032,Spatie\Multitenancy\Models\Tenant
9f4fa706-d108-4d7b-bbe0-57c945d4c069,Spatie\Multitenancy\Models\Tenant:4
9f4fa706-d137-49ee-ba60-80c41309d07f,Spatie\Multitenancy\Models\Tenant:4
9f4fa706-ddce-4c82-ac31-4e7d1fa05cb9,Spatie\Multitenancy\Models\Tenant
9f4fa706-ddf5-46d5-839e-b2ba2e28d5b4,Spatie\Multitenancy\Models\Tenant:4
9f4fa706-de1e-494f-af28-133b0cc6c7e7,Spatie\Multitenancy\Models\Tenant:4
9f4fac15-e692-4f6c-a3de-3400a3a4fde0,Spatie\Multitenancy\Models\Tenant
9f4fac15-e6c1-4267-8276-8b0355038aff,Spatie\Multitenancy\Models\Tenant:4
9f4fac15-e6e5-478d-b43b-6225f6922f88,Spatie\Multitenancy\Models\Tenant:4
9f4fac23-05df-4cdb-b304-4f3b76d4f261,Spatie\Multitenancy\Models\Tenant
9f4fac23-060a-4625-9fd1-059b7af0ce41,Spatie\Multitenancy\Models\Tenant:4
9f4fac23-0635-41bd-be55-fd91b47c7f70,Spatie\Multitenancy\Models\Tenant:4
9f4fac38-1a79-43f1-beb0-333fa7a7a1a6,Spatie\Multitenancy\Models\Tenant
9f4fac38-1aab-4941-aeec-e20b31ce30c5,Spatie\Multitenancy\Models\Tenant:4
9f4fac38-1ad7-4a06-84cc-9a6a3f5b981c,Spatie\Multitenancy\Models\Tenant:4
9f4faf72-1118-494e-842b-f551b006fccf,Spatie\Multitenancy\Models\Tenant
9f4faf72-1142-4342-83ee-07ea668b7457,Spatie\Multitenancy\Models\Tenant:4
9f4faf72-1170-4ac6-ba27-5f7e5c59216d,Spatie\Multitenancy\Models\Tenant:4
9f4fb363-8a5d-4d5c-8671-9d1ee8ef36b6,Spatie\Multitenancy\Models\Tenant
9f4fb363-8a87-488d-a8f7-8519d21da23f,Spatie\Multitenancy\Models\Tenant:4
9f4fb363-8ab1-4b18-b324-848b42d9855a,Spatie\Multitenancy\Models\Tenant:4
9f4fb369-2197-4865-89c7-9855ba6de7a4,Spatie\Multitenancy\Models\Tenant
9f4fb369-21c5-4953-8925-fbe5c274027a,Spatie\Multitenancy\Models\Tenant:4
9f4fb369-21f4-4e21-ad6c-e15cc892733b,Spatie\Multitenancy\Models\Tenant:4
9f4fb641-1e1f-40e2-b7be-d36dfd412703,Spatie\Multitenancy\Models\Tenant
9f4fb641-1e46-4589-880b-fa6c019dee37,Spatie\Multitenancy\Models\Tenant:4
9f4fb641-1e68-48c7-b062-c3555c093292,Spatie\Multitenancy\Models\Tenant:4
9f4fbde5-7116-4cdc-bd75-56b875a58a89,Spatie\Multitenancy\Models\Tenant
9f4fbde5-7143-494f-8a01-24d1abb2b638,Spatie\Multitenancy\Models\Tenant:4
9f4fbde5-716b-41bb-8057-8fa749b60447,Spatie\Multitenancy\Models\Tenant:4
9f4fc4b9-d0e7-4643-bd42-365a181a9877,Spatie\Multitenancy\Models\Tenant
9f4fc4b9-d112-4ec1-9eee-61a4b987899c,Spatie\Multitenancy\Models\Tenant:4
9f4fc4b9-d146-41f2-93e2-fc50b721f0b7,Spatie\Multitenancy\Models\Tenant:4
9f4fc82f-9366-4ebb-835d-64088eb05cfb,Spatie\Multitenancy\Models\Tenant
9f4fc82f-9391-4cc0-89a8-a12269d3aafa,Spatie\Multitenancy\Models\Tenant:4
9f4fc82f-93bb-4b41-a830-0c87903ff522,Spatie\Multitenancy\Models\Tenant:4
9f4fc830-ade0-4987-854f-aea283d38b8c,Spatie\Multitenancy\Models\Tenant
9f4fc830-ae0a-4cce-9f75-1744ff90a39e,Spatie\Multitenancy\Models\Tenant:4
9f4fc830-ae32-4fdf-8a37-f5528d3afc4a,Spatie\Multitenancy\Models\Tenant:4
9f4fc831-7bfb-4272-922e-d042e7d5f91d,Spatie\Multitenancy\Models\Tenant
9f4fc831-7c22-4a9d-896e-18c1cba54cd2,Spatie\Multitenancy\Models\Tenant:4
9f4fc831-7c49-4563-ab98-3f1a508ddbd1,Spatie\Multitenancy\Models\Tenant:4
9f4fcb71-c61b-4363-bba3-c17b87628090,Spatie\Multitenancy\Models\Tenant
9f4fcb71-c654-4909-90ef-0e3f73b9203b,Spatie\Multitenancy\Models\Tenant:4
9f4fcb71-c68e-4247-9cd8-9bf57f3a054e,Spatie\Multitenancy\Models\Tenant:4
9f4fec4d-b41f-46d1-852d-4c1a96592bd0,Spatie\Multitenancy\Models\Tenant
9f4fec4d-b446-46ab-a539-257419e311a9,Spatie\Multitenancy\Models\Tenant:4
9f4fec4d-b469-4597-a65a-70201189cc6e,Spatie\Multitenancy\Models\Tenant:4
9f4ff3e1-7364-458e-b888-41ee01dc569a,Spatie\Multitenancy\Models\Tenant
9f4ff3e1-738e-445a-b0e0-7f24aa724e44,Spatie\Multitenancy\Models\Tenant:4
9f4ff3e1-73b0-4b48-886e-e593b861c76b,Spatie\Multitenancy\Models\Tenant:4
9f4ff3e1-bedd-4c6a-a547-a7422ff3bbce,Spatie\Multitenancy\Models\Tenant
9f4ff3e1-bf06-4242-8c8f-67888188c421,Spatie\Multitenancy\Models\Tenant:4
9f4ff3e1-bf33-48a5-b1fe-72f1be0c63d6,Spatie\Multitenancy\Models\Tenant:4
9f4ff3e2-00dd-41f6-b0a6-b85e5bf8b67d,Spatie\Multitenancy\Models\Tenant
9f4ff3e2-0107-4d49-9372-d2eeb209ae28,Spatie\Multitenancy\Models\Tenant:4
9f4ff3e2-0129-4760-b8d3-8034a4faacf4,Spatie\Multitenancy\Models\Tenant:4
9f501b28-e2f5-4362-ad9d-5e80907c1f53,Spatie\Multitenancy\Models\Tenant
9f501b28-e31a-4dfa-b4ab-7ca262b37aa3,Spatie\Multitenancy\Models\Tenant:4
9f501b28-e33c-4a1c-97da-6309ec76f27b,Spatie\Multitenancy\Models\Tenant:4
9f5047e8-c952-4f65-a25a-83819bdb55e5,Spatie\Multitenancy\Models\Tenant
9f5047e8-c978-42ff-8729-6f9a3785fa8c,Spatie\Multitenancy\Models\Tenant:4
9f5047e8-c99b-4ef8-8e18-8173673e8b92,Spatie\Multitenancy\Models\Tenant:4
9f50480f-bbc2-4ae1-ae7d-84d2c020f4ec,Spatie\Multitenancy\Models\Tenant
9f50480f-bbf2-4540-9dd6-babca162d64a,Spatie\Multitenancy\Models\Tenant:4
9f50480f-bc27-4e32-9909-57b2fb47ba1c,Spatie\Multitenancy\Models\Tenant:4
9f50753e-4800-4387-90ea-4887d0aa1bfd,Spatie\Multitenancy\Models\Tenant
9f50753e-4829-4a9c-ae83-d54f417966e1,Spatie\Multitenancy\Models\Tenant:4
9f50753e-484d-4f90-aa8d-a61a9bac16d2,Spatie\Multitenancy\Models\Tenant:4
9f508fc4-1ce6-4aa0-adb0-a06b4a21f293,Spatie\Multitenancy\Models\Tenant
9f508fc4-1d0f-4627-97f5-5c7801971b80,Spatie\Multitenancy\Models\Tenant:4
9f508fc4-1d36-4a3c-87dc-4e24251a183b,Spatie\Multitenancy\Models\Tenant:4
9f508fc4-59b4-4a33-8fb1-e1dd63ae0416,Spatie\Multitenancy\Models\Tenant
9f508fc4-59d6-41b9-8e04-9b0caba85143,Spatie\Multitenancy\Models\Tenant:4
9f508fc4-59f8-405c-b08a-080177435202,Spatie\Multitenancy\Models\Tenant:4
9f508fc4-9a99-4f45-92fe-30b1ff7b11d6,Spatie\Multitenancy\Models\Tenant
9f508fc4-9acb-4703-8ba3-1cfa7b2d8211,Spatie\Multitenancy\Models\Tenant:4
9f508fc4-9aef-4684-b774-cc831dd343ac,Spatie\Multitenancy\Models\Tenant:4
9f509711-627a-48ac-929c-e52063223018,Spatie\Multitenancy\Models\Tenant
9f509711-629f-4598-ba9a-875c6e871776,Spatie\Multitenancy\Models\Tenant:4
9f509711-62c5-43eb-a638-36ed0e0ff61d,Spatie\Multitenancy\Models\Tenant:4
9f509711-6358-43c7-9e32-6784da855d8e,Spatie\Multitenancy\Models\Tenant
9f509711-637f-42f0-bf7d-de4d31aebdb2,Spatie\Multitenancy\Models\Tenant:4
9f509711-63a8-4daf-8c0b-cc3d3ee06f17,Spatie\Multitenancy\Models\Tenant:4
9f509719-0199-42f7-83c0-0ba7d7257309,Spatie\Multitenancy\Models\Tenant
9f509719-01dd-4fa2-b702-46594ce9456b,Spatie\Multitenancy\Models\Tenant:4
9f509719-0210-4dd3-b57a-22a1a42d7d32,Spatie\Multitenancy\Models\Tenant:4
9f5097f5-4088-4f7c-8b1c-372db7ee261a,Spatie\Multitenancy\Models\Tenant
9f5097f5-40b1-451c-b488-31d393dfd002,Spatie\Multitenancy\Models\Tenant:4
9f5097f5-40d5-470a-a8e2-c05e91569fc6,Spatie\Multitenancy\Models\Tenant:4
9f5097f5-8be9-464b-bf10-2d621c2b410c,Spatie\Multitenancy\Models\Tenant
9f5097f5-8c11-4ce0-867d-23903a269193,Spatie\Multitenancy\Models\Tenant:4
9f5097f5-8c37-4423-af19-d8bbccf6c1a6,Spatie\Multitenancy\Models\Tenant:4
9f5098b6-9045-42fa-9bd7-99fd9e28c0f3,Spatie\Multitenancy\Models\Tenant
9f5098b6-906d-4f9f-9f26-8f6f8dbed076,Spatie\Multitenancy\Models\Tenant:4
9f5098b6-9090-42c7-9f7b-6e64b702309a,Spatie\Multitenancy\Models\Tenant:4
9f50c34c-1aaa-4a17-83ae-b2494be69378,Spatie\Multitenancy\Models\Tenant
9f50c34c-1ad2-4f7c-9755-e94d1f6e71b2,Spatie\Multitenancy\Models\Tenant:4
9f50c34c-1af3-42c0-851a-a262142a40d2,Spatie\Multitenancy\Models\Tenant:4
9f50ea00-3adc-4266-8c36-d5ee6b59f5f1,Spatie\Multitenancy\Models\Tenant
9f50ea00-3b53-4651-9f31-48836c62e0be,Spatie\Multitenancy\Models\Tenant:4
9f50ea00-3b85-4245-8913-a88373d16006,Spatie\Multitenancy\Models\Tenant:4
9f50ee88-744a-4df0-8e48-89cad80a5c11,Spatie\Multitenancy\Models\Tenant
9f50ee88-7472-4686-bc16-4a7fccbb5512,Spatie\Multitenancy\Models\Tenant:4
9f50ee88-7498-4c58-924a-34783573bad8,Spatie\Multitenancy\Models\Tenant:4
9f50f4c8-78cd-4ec1-a126-2cd6159e2962,Spatie\Multitenancy\Models\Tenant
9f50f4c8-78f8-4057-89dd-c427059accfa,Spatie\Multitenancy\Models\Tenant:4
9f50f4c8-791a-4c06-8daf-4b9949949963,Spatie\Multitenancy\Models\Tenant:4
9f511112-920d-4951-a2ec-507bd85c5762,Spatie\Multitenancy\Models\Tenant
9f511112-923b-493e-a176-ca729e7e0517,Spatie\Multitenancy\Models\Tenant:4
9f511112-9266-4f6a-a243-0cf0704d2354,Spatie\Multitenancy\Models\Tenant:4
9f5148f3-614d-4a40-bd41-9a1c6266f346,Spatie\Multitenancy\Models\Tenant
9f5148f3-6185-41bc-b10b-5b1fa82db65b,Spatie\Multitenancy\Models\Tenant:4
9f5148f3-61aa-456c-ab13-49cecd0a310f,Spatie\Multitenancy\Models\Tenant:4
9f5148f3-c931-4f29-a1df-4661fb3b2180,Spatie\Multitenancy\Models\Tenant
9f5148f3-c95c-4094-a9dd-1a559acfd8e5,Spatie\Multitenancy\Models\Tenant:4
9f5148f3-c983-4b14-89bb-1dde8495d674,Spatie\Multitenancy\Models\Tenant:4
9f5148f4-76b6-4d9f-88e1-b6b19aa9029e,Spatie\Multitenancy\Models\Tenant
9f5148f4-76db-41ce-a57d-9124368c78af,Spatie\Multitenancy\Models\Tenant:4
9f5148f4-76fe-4278-8626-a330a42bd0c0,Spatie\Multitenancy\Models\Tenant:4
9f5148f4-da65-4248-976a-65f234f101fa,Spatie\Multitenancy\Models\Tenant
9f5148f4-da89-41d3-bad3-df01006a5ead,Spatie\Multitenancy\Models\Tenant:4
9f5148f4-daae-464c-a648-7fd24078993c,Spatie\Multitenancy\Models\Tenant:4
9f5148f5-4058-4c74-90e4-59c85acd22b9,Spatie\Multitenancy\Models\Tenant
9f5148f5-4082-476e-9892-779a2d69024b,Spatie\Multitenancy\Models\Tenant:4
9f5148f5-40aa-4903-9da1-5d8d1d37aca9,Spatie\Multitenancy\Models\Tenant:4
9f5148f5-a0b3-4882-b8d3-adaf6b7cf75c,Spatie\Multitenancy\Models\Tenant
9f5148f5-a0d9-405b-a329-274640d28ccb,Spatie\Multitenancy\Models\Tenant:4
9f5148f5-a0ff-4eef-9a60-8b3963ddfa6f,Spatie\Multitenancy\Models\Tenant:4
9f5148f6-04da-4aaf-9f31-aeccdbfa2436,Spatie\Multitenancy\Models\Tenant
9f5148f6-0508-4feb-8a42-4d22973ec569,Spatie\Multitenancy\Models\Tenant:4
9f5148f6-0531-4b89-a6c1-701f3020182a,Spatie\Multitenancy\Models\Tenant:4
9f5148f6-6939-40c0-914e-8db7514af981,Spatie\Multitenancy\Models\Tenant
9f5148f6-696d-4ee3-bea2-7b39260afdae,Spatie\Multitenancy\Models\Tenant:4
9f5148f6-6992-44bf-8581-a96e66445c11,Spatie\Multitenancy\Models\Tenant:4
9f5148f6-d01f-4793-b700-eed049eb5b16,Spatie\Multitenancy\Models\Tenant
9f5148f6-d045-44a9-85f4-54c4d8e1fbec,Spatie\Multitenancy\Models\Tenant:4
9f5148f6-d06b-4704-9557-6b7a14244d09,Spatie\Multitenancy\Models\Tenant:4
9f5148f7-3477-4f22-90b5-bfc6a44a51a9,Spatie\Multitenancy\Models\Tenant
9f5148f7-34b0-4237-bda3-63cc8a36a5a2,Spatie\Multitenancy\Models\Tenant:4
9f5148f7-34da-4d1b-b831-6d6920446e0f,Spatie\Multitenancy\Models\Tenant:4
9f5148f7-9b51-496f-af45-c77d2d1221a1,Spatie\Multitenancy\Models\Tenant
9f5148f7-9b77-4a9f-8b04-20e1c6cfd9e9,Spatie\Multitenancy\Models\Tenant:4
9f5148f7-9b99-409d-9de1-122011ae2621,Spatie\Multitenancy\Models\Tenant:4
9f5148f8-0128-4559-9838-57247df86f64,Spatie\Multitenancy\Models\Tenant
9f5148f8-014e-4d0e-8a5a-1fab3e823cf5,Spatie\Multitenancy\Models\Tenant:4
9f5148f8-0174-4432-9377-8ad6e7c08358,Spatie\Multitenancy\Models\Tenant:4
9f5148f8-698d-489d-8efd-277af20fda4b,Spatie\Multitenancy\Models\Tenant
9f5148f8-69bd-49a5-8c59-d662badb9609,Spatie\Multitenancy\Models\Tenant:4
9f5148f8-69e3-48da-9b6d-21bc7425b5e0,Spatie\Multitenancy\Models\Tenant:4
9f5148f8-ce69-49b5-8630-494cfffe089f,Spatie\Multitenancy\Models\Tenant
9f5148f8-ce8f-4e18-8c45-55c6cac6f008,Spatie\Multitenancy\Models\Tenant:4
9f5148f8-ceb4-4dd6-8755-8965bacf54da,Spatie\Multitenancy\Models\Tenant:4
9f5148f9-318a-47a9-a3fa-4307af165dab,Spatie\Multitenancy\Models\Tenant
9f5148f9-31ae-47d1-9bf2-5c31a385b5be,Spatie\Multitenancy\Models\Tenant:4
9f5148f9-31d2-4f5d-8688-42c563095715,Spatie\Multitenancy\Models\Tenant:4
9f5148f9-99b7-45c4-84c3-5f991e9df57d,Spatie\Multitenancy\Models\Tenant
9f5148f9-99dd-467a-84fd-8e411ba1922b,Spatie\Multitenancy\Models\Tenant:4
9f5148f9-9a09-4af3-8b17-60cded25d050,Spatie\Multitenancy\Models\Tenant:4
9f5148f9-fbef-48c6-93c6-907f0a0617ca,Spatie\Multitenancy\Models\Tenant
9f5148f9-fc15-4c15-a9fc-f82c22186096,Spatie\Multitenancy\Models\Tenant:4
9f5148f9-fc3b-4a71-847f-d9acc5aa7ac2,Spatie\Multitenancy\Models\Tenant:4
9f5148fa-5d9a-41d9-ace5-56c43a980c5c,Spatie\Multitenancy\Models\Tenant
9f5148fa-5dc3-4123-ae46-d7857d8beef1,Spatie\Multitenancy\Models\Tenant:4
9f5148fa-5de8-4f92-aa56-bddaf2eba470,Spatie\Multitenancy\Models\Tenant:4
9f5148fa-c8ec-47b9-bc76-b2811c8f0c8f,Spatie\Multitenancy\Models\Tenant
9f5148fa-c918-4864-b73a-a1ae7fbecbf7,Spatie\Multitenancy\Models\Tenant:4
9f5148fa-c93c-4197-b96f-43f496672a04,Spatie\Multitenancy\Models\Tenant:4
9f518f6c-8771-4a12-a087-c4a592da7db6,Spatie\Multitenancy\Models\Tenant
9f518f6c-8797-446c-af8b-04678617b7a0,Spatie\Multitenancy\Models\Tenant:4
9f518f6c-87bf-4200-a7f1-0b5525a8b1d9,Spatie\Multitenancy\Models\Tenant:4
9f51906c-730d-4475-bf32-1524bae96e25,Spatie\Multitenancy\Models\Tenant
9f51906c-7347-4897-bc31-d8fd0fb69d25,Spatie\Multitenancy\Models\Tenant:4
9f51906c-7375-4290-9976-5196ac94effc,Spatie\Multitenancy\Models\Tenant:4
9f51906c-b89f-411d-84fb-ccd1966aa2ac,Spatie\Multitenancy\Models\Tenant
9f51906c-b8c4-4bb2-a2b8-51ccf4b041d2,Spatie\Multitenancy\Models\Tenant:4
9f51906c-b8e6-4ef0-b7de-5d1707515721,Spatie\Multitenancy\Models\Tenant:4
9f51906c-fa30-4250-88b4-12549904eb86,Spatie\Multitenancy\Models\Tenant
9f51906c-fa58-40b2-a3fe-66e41821cde0,Spatie\Multitenancy\Models\Tenant:4
9f51906c-fa7a-46f4-b72a-5e87fda359ff,Spatie\Multitenancy\Models\Tenant:4
9f5198b2-1744-4054-80ef-1f6b500a8091,Spatie\Multitenancy\Models\Tenant
9f5198b2-1781-4745-af1a-b1131853ed5c,Spatie\Multitenancy\Models\Tenant:4
9f5198b2-17b6-4cd2-9321-a2f422faac3d,Spatie\Multitenancy\Models\Tenant:4
9f5198c4-1b85-403d-ba9a-43de3c6f2f26,Spatie\Multitenancy\Models\Tenant
9f5198c4-1bab-4931-a19c-7d093d3b399e,Spatie\Multitenancy\Models\Tenant:4
9f5198c4-1bd3-4f9c-806a-96efb0597112,Spatie\Multitenancy\Models\Tenant:4
9f5198c6-673d-4ca3-9da0-b9d98e7f7efe,Spatie\Multitenancy\Models\Tenant
9f5198c6-6771-4ddd-81a8-3a529891154e,Spatie\Multitenancy\Models\Tenant:4
9f5198c6-6795-4bd7-8b60-267620848c95,Spatie\Multitenancy\Models\Tenant:4
9f51a419-cfe7-4c13-9265-3542f1bd0077,Spatie\Multitenancy\Models\Tenant
9f51a419-d00f-4280-9b2e-6c54e65eaa30,Spatie\Multitenancy\Models\Tenant:4
9f51a419-d036-478c-925d-c63a61938fba,Spatie\Multitenancy\Models\Tenant:4
9f51a41a-1329-4e0c-9c76-c44439a113c6,Spatie\Multitenancy\Models\Tenant
9f51a41a-1350-42b5-a6ee-8a329073a4aa,Spatie\Multitenancy\Models\Tenant:4
9f51a41a-137a-478e-9ee2-c8d3cf47dddf,Spatie\Multitenancy\Models\Tenant:4
9f51a41a-528f-40d3-a541-91407c44c83e,Spatie\Multitenancy\Models\Tenant
9f51a41a-52b4-4194-ab0b-dec8809cf973,Spatie\Multitenancy\Models\Tenant:4
9f51a41a-52df-4098-875b-98277bd9dbb0,Spatie\Multitenancy\Models\Tenant:4
9f51cb32-952c-4b08-8743-ffab75274ba6,Spatie\Multitenancy\Models\Tenant
9f51cb32-9554-4423-9473-3d6dc7e1769f,Spatie\Multitenancy\Models\Tenant:4
9f51cb32-957b-46ff-be55-595affc4450c,Spatie\Multitenancy\Models\Tenant:4
9f52f7b9-d2d7-4328-b8bd-b1a719b69eb3,Spatie\Multitenancy\Models\Tenant
9f52f7b9-d308-4968-a127-fd7f3ae66ea3,Spatie\Multitenancy\Models\Tenant:4
9f52f7b9-d32d-42b7-b80b-cb0edf7e7e12,Spatie\Multitenancy\Models\Tenant:4
9f53b470-907d-4740-a78f-b923bbe35eff,Spatie\Multitenancy\Models\Tenant
9f53b470-90a7-4bb3-9e8d-fe883f146136,Spatie\Multitenancy\Models\Tenant:4
9f53b470-90c9-4510-bfd1-b31022b9cf2a,Spatie\Multitenancy\Models\Tenant:4
9f53d16e-4c95-49b1-8218-f805ac6c8be6,Spatie\Multitenancy\Models\Tenant
9f53d16e-4cc7-4bb9-9e26-79ee47971966,Spatie\Multitenancy\Models\Tenant:4
9f53d16e-4cf1-4c27-957d-2dab755cb552,Spatie\Multitenancy\Models\Tenant:4
9f53d482-7594-4966-94d2-11692bcdefaa,Spatie\Multitenancy\Models\Tenant
9f53d482-75ca-4825-b9d0-30c9f04d0c65,Spatie\Multitenancy\Models\Tenant:4
9f53d482-75f4-4942-a14b-48577ddcd472,Spatie\Multitenancy\Models\Tenant:4
9f53d491-8749-4413-91c9-7cdddf490a44,Spatie\Multitenancy\Models\Tenant
9f53d491-876e-40cf-b146-1fb6105484d1,Spatie\Multitenancy\Models\Tenant:4
9f53d491-8798-43f0-aa8a-e7e88260fd15,Spatie\Multitenancy\Models\Tenant:4
9f53d493-08bb-4781-b2e7-d0535a2f4364,Spatie\Multitenancy\Models\Tenant
9f53d493-08e1-4be9-be57-0a8afd2880d7,Spatie\Multitenancy\Models\Tenant:4
9f53d493-0909-4271-b9c5-f3024442cb8a,Spatie\Multitenancy\Models\Tenant:4
9f53d494-8c90-4e3c-8a26-7507054c31d2,Spatie\Multitenancy\Models\Tenant
9f53d494-8cd2-4a58-a2d5-1245e0601f2e,Spatie\Multitenancy\Models\Tenant:4
9f53d494-8cf5-4190-b5d8-309588a4a038,Spatie\Multitenancy\Models\Tenant:4
9f53d495-eb51-4720-b7e5-10a8a6b3829f,Spatie\Multitenancy\Models\Tenant
9f53d495-eb79-4280-bfe7-82eec5cc9026,Spatie\Multitenancy\Models\Tenant:4
9f53d495-eba2-4785-a43c-73c1632b7cd3,Spatie\Multitenancy\Models\Tenant:4
9f53d985-6609-49bf-b4d6-0b7166aca3a7,Spatie\Multitenancy\Models\Tenant
9f53d985-6631-4f55-b1dc-fdca68a34e5f,Spatie\Multitenancy\Models\Tenant:4
9f53d985-665d-4a23-9dde-4eb02f081c11,Spatie\Multitenancy\Models\Tenant:4
9f54d3e5-e4b7-47de-a663-d77746cc138a,Spatie\Multitenancy\Models\Tenant
9f54d3e5-e4e2-41ba-ae89-1f6936169541,Spatie\Multitenancy\Models\Tenant:4
9f54d3e5-e508-4f42-b822-6bc3aca69568,Spatie\Multitenancy\Models\Tenant:4
9f54ffda-4ef4-4eb0-8d3c-36398d4d0197,Spatie\Multitenancy\Models\Tenant
9f54ffda-4f2a-421c-a817-40494d1a360c,Spatie\Multitenancy\Models\Tenant:4
9f54ffda-4f56-4e56-bb27-f070da79a811,Spatie\Multitenancy\Models\Tenant:4
9f5503a0-320d-4ae9-ba3a-6a01d81d4183,Spatie\Multitenancy\Models\Tenant
9f5503a0-3233-4e16-8e74-011d774b9690,Spatie\Multitenancy\Models\Tenant:4
9f5503a0-3256-4816-9f6e-080d1ad2a907,Spatie\Multitenancy\Models\Tenant:4
9f554a66-4568-4885-87ad-a31d034c62ed,Auth:2
9f554a66-eb9d-448e-ae07-e33545f995c1,Auth:2
9f55948e-1344-4e1d-a4b9-258e3f67f0c5,Spatie\Multitenancy\Models\Tenant
9f55948e-136e-4be4-b3f3-d3e8ee2f5192,Spatie\Multitenancy\Models\Tenant:4
9f55948e-1393-4e72-980b-bed9eb96c25f,Spatie\Multitenancy\Models\Tenant:4
9f5681e0-992a-49f4-b082-7ab515fb9d88,Spatie\Multitenancy\Models\Tenant
9f5681e0-9950-4c3f-902d-d544d50d4a22,Spatie\Multitenancy\Models\Tenant:4
9f5681e0-9977-43b6-bb64-2b43cae11058,Spatie\Multitenancy\Models\Tenant:4
9f56a192-3ab5-4927-b021-a3c4c8c03af9,Spatie\Multitenancy\Models\Tenant
9f56a192-3ad9-4192-98b4-f3fee4eafa47,Spatie\Multitenancy\Models\Tenant:4
9f56a192-3afc-436c-94b5-8faf32267419,Spatie\Multitenancy\Models\Tenant:4
9f56a1ef-b64f-43dd-9e52-b8c096fc9174,Spatie\Multitenancy\Models\Tenant
9f56a1ef-b677-4c88-8d08-48ea23764001,Spatie\Multitenancy\Models\Tenant:4
9f56a1ef-b69b-41d0-bee4-837b8a2f6b16,Spatie\Multitenancy\Models\Tenant:4
9f56a22a-a3b2-417d-a2b2-9be0fb4f595c,Spatie\Multitenancy\Models\Tenant
9f56a22a-a3d8-4495-b043-6591a1dc2cd3,Spatie\Multitenancy\Models\Tenant:4
9f56a22a-a3fb-491f-9011-6f8b9b709114,Spatie\Multitenancy\Models\Tenant:4
9f56f3af-65c6-4871-8b83-0e17fa8e0d29,Spatie\Multitenancy\Models\Tenant
9f56f3af-65f5-4600-8047-36f93d9a4833,Spatie\Multitenancy\Models\Tenant:4
9f56f3af-661e-401e-be6c-b6872ae75ea5,Spatie\Multitenancy\Models\Tenant:4
9f56ff9f-bca4-4d93-9465-5b0cc8809715,Spatie\Multitenancy\Models\Tenant
9f56ff9f-bcc8-4987-ae9c-2158c77e36a6,Spatie\Multitenancy\Models\Tenant:4
9f56ff9f-bcec-4d5e-b0ed-1f49b225449b,Spatie\Multitenancy\Models\Tenant:4
9f56ff9f-be6d-4d63-85e7-afd3eb062a00,Spatie\Multitenancy\Models\Tenant
9f56ff9f-be90-467a-b752-2e3d69e3c09e,Spatie\Multitenancy\Models\Tenant:4
9f56ff9f-beb0-4f29-a7c0-c8fbe4fd4c0c,Spatie\Multitenancy\Models\Tenant:4
9f56ffa9-3a54-4b53-a99a-4b57b6f35c54,Spatie\Multitenancy\Models\Tenant
9f56ffa9-3a7a-45ac-8126-9afce94a46ba,Spatie\Multitenancy\Models\Tenant:4
9f56ffa9-3a9d-42c0-8f6a-a7eb719f7e24,Spatie\Multitenancy\Models\Tenant:4
9f571b97-6666-43a8-b7b3-aa456d619546,Spatie\Multitenancy\Models\Tenant
9f571b97-668e-4e57-a919-99425cdcb90e,Spatie\Multitenancy\Models\Tenant:4
9f571b97-66b6-4491-92ab-bdd55b8fc0ea,Spatie\Multitenancy\Models\Tenant:4
9f571fa9-593f-4497-abcd-4f405c617fb0,Spatie\Multitenancy\Models\Tenant
9f571fa9-596b-4605-bef4-65a38e865a6d,Spatie\Multitenancy\Models\Tenant:4
9f571fa9-5992-4df7-9e58-19ed96c05b59,Spatie\Multitenancy\Models\Tenant:4
9f57de0d-f884-4a4c-955e-62ca3110dc15,Spatie\Multitenancy\Models\Tenant
9f57de0d-f8b0-439b-bc80-22e78be60a11,Spatie\Multitenancy\Models\Tenant:4
9f57de0d-f8d8-47c9-b70d-6fd500ca35da,Spatie\Multitenancy\Models\Tenant:4
9f58a36a-15a6-4a86-b65e-3cd0778675c5,Spatie\Multitenancy\Models\Tenant
9f58a36a-15e1-46e5-8dcb-e1c2c29d496b,Spatie\Multitenancy\Models\Tenant:4
9f58a36a-1605-458c-8d4e-339276f0e8b9,Spatie\Multitenancy\Models\Tenant:4
9f58dfca-b865-42c2-99d9-fc4f1e97de94,Spatie\Multitenancy\Models\Tenant
9f58dfca-b88b-4317-9bc1-47156afc28f9,Spatie\Multitenancy\Models\Tenant:4
9f58dfca-b8af-4e71-947a-81e94a3efbcf,Spatie\Multitenancy\Models\Tenant:4
9f58ec63-0dcd-4a94-af85-93717c40f690,Spatie\Multitenancy\Models\Tenant
9f58ec63-10e2-4fd2-9041-116db05e6234,Spatie\Multitenancy\Models\Tenant:4
9f58ec63-11f7-4be5-819e-08cd2dbedfe2,Spatie\Multitenancy\Models\Tenant:4
9f58f00b-94a5-4d8b-9da4-e9fa676d2a3a,Spatie\Multitenancy\Models\Tenant
9f58f00b-94d7-426c-9f8c-92568344a50d,Spatie\Multitenancy\Models\Tenant:4
9f58f00b-94fb-41c2-b1a5-82c1b81da208,Spatie\Multitenancy\Models\Tenant:4
9f58fe50-9c5d-4913-b10f-3a9ca68f405f,Spatie\Multitenancy\Models\Tenant
9f58fe50-9c82-4c37-8fef-2326aeefdf55,Spatie\Multitenancy\Models\Tenant:4
9f58fe50-9ca9-4690-b614-173ee09fa6cb,Spatie\Multitenancy\Models\Tenant:4
9f590b23-6f8a-433a-9f56-20f5a7c95823,Spatie\Multitenancy\Models\Tenant
9f590b23-6fc0-452d-9752-7341dc5157ef,Spatie\Multitenancy\Models\Tenant:4
9f590b23-6ff1-4bdd-9beb-b4f37e2f4709,Spatie\Multitenancy\Models\Tenant:4
9f5a5240-bcd9-4fb5-a947-94a98927510f,Spatie\Multitenancy\Models\Tenant
9f5a5240-bd05-43ef-aabd-d917ff741ab4,Spatie\Multitenancy\Models\Tenant:4
9f5a5240-bd2d-4520-ae4b-04c1084bb721,Spatie\Multitenancy\Models\Tenant:4
9f5b5822-d850-4e50-a492-494d94929af9,Spatie\Multitenancy\Models\Tenant
9f5b5822-d887-4658-9a12-129276f187e1,Spatie\Multitenancy\Models\Tenant:4
9f5b5822-d8c8-4d81-93a7-deb077258b96,Spatie\Multitenancy\Models\Tenant:4
9f5b5823-4937-4fbe-8913-5e56afead540,Spatie\Multitenancy\Models\Tenant
9f5b5823-4970-40cf-9ff0-ddf6ba3fed4b,Spatie\Multitenancy\Models\Tenant:4
9f5b5823-49a2-47b0-90b4-923792cc8872,Spatie\Multitenancy\Models\Tenant:4
9f5d0a85-6972-4bd8-81fb-3bafb8e65995,Spatie\Multitenancy\Models\Tenant
9f5d0a85-69a9-42c4-967d-04906e88b4af,Spatie\Multitenancy\Models\Tenant:4
9f5d0a85-69d4-408f-b5d5-bd5bc3b7f1c9,Spatie\Multitenancy\Models\Tenant:4
9f5ded67-43b6-486d-ad55-601459b006c5,Spatie\Multitenancy\Models\Tenant
9f5ded67-43ee-4b7a-a4ca-7e969b6a4ee0,Spatie\Multitenancy\Models\Tenant:4
9f5ded67-4421-42d2-9a07-fe12ea22739c,Spatie\Multitenancy\Models\Tenant:4
9f5ef038-3632-469a-80d0-4d240863c661,Spatie\Multitenancy\Models\Tenant
9f5ef038-3662-4feb-afd2-b72ded47a40d,Spatie\Multitenancy\Models\Tenant:4
9f5ef038-368c-4ff7-a74b-5ebbd6a84e69,Spatie\Multitenancy\Models\Tenant:4
9f5f167c-0ee5-46a4-9389-a42f4a87df85,Spatie\Multitenancy\Models\Tenant
9f5f167c-0f24-4773-9b56-53835cff297a,Spatie\Multitenancy\Models\Tenant:4
9f5f167c-0f4f-471c-a321-50c69bcd92d2,Spatie\Multitenancy\Models\Tenant:4
9f607a9a-ad32-43e4-96e1-b0dc4ac1755b,Spatie\Multitenancy\Models\Tenant
9f607a9a-ad57-4604-a5ab-43ae4ae6be2c,Spatie\Multitenancy\Models\Tenant:4
9f607a9a-ad79-4c43-a7cb-6d30ab55c17d,Spatie\Multitenancy\Models\Tenant:4
9f613af5-e7ce-45a5-8e12-ff6fe1e51782,Spatie\Multitenancy\Models\Tenant
9f613af5-e7f4-4ce6-9ba9-666899520fab,Spatie\Multitenancy\Models\Tenant:4
9f613af5-e817-4387-8a66-15e0001c3dae,Spatie\Multitenancy\Models\Tenant:4
9f613af6-23bb-4c3e-acfd-b374bd6b9df8,Spatie\Multitenancy\Models\Tenant
9f613af6-23ea-4c23-9d08-834dfae03608,Spatie\Multitenancy\Models\Tenant:4
9f613af6-240d-40d9-a127-b9ada3db2878,Spatie\Multitenancy\Models\Tenant:4
9f613af6-84ed-44c4-897b-56f4272e8986,Spatie\Multitenancy\Models\Tenant
9f613af6-8513-4a69-9089-3e05e336903d,Spatie\Multitenancy\Models\Tenant:4
9f613af6-8538-41c1-96b0-43bde246c7ab,Spatie\Multitenancy\Models\Tenant:4
9f613af7-0508-4d65-af38-0fc934781405,Spatie\Multitenancy\Models\Tenant
9f613af7-053a-4dd6-a316-a12c51b4872c,Spatie\Multitenancy\Models\Tenant:4
9f613af7-0560-4777-8fdc-4cfa8affaa5d,Spatie\Multitenancy\Models\Tenant:4
9f613af7-c3f5-48bc-8ea6-ac018cb9b99f,Spatie\Multitenancy\Models\Tenant
9f613af7-c427-4603-b4bd-ae815346f549,Spatie\Multitenancy\Models\Tenant:4
9f613af7-c453-4c73-9be7-e104aee33570,Spatie\Multitenancy\Models\Tenant:4
9f613af8-6355-490c-a420-2841bcbd2932,Spatie\Multitenancy\Models\Tenant
9f613af8-638d-4b2a-b2f6-1e1edfbec2ca,Spatie\Multitenancy\Models\Tenant:4
9f613af8-63be-4a33-b93b-32ec10b3e5a4,Spatie\Multitenancy\Models\Tenant:4
9f613af8-e227-4294-b2c6-749e0151b8ff,Spatie\Multitenancy\Models\Tenant
9f613af8-e252-46eb-9cd1-aa49a9d8659d,Spatie\Multitenancy\Models\Tenant:4
9f613af8-e27a-4b81-930e-27b836befdcb,Spatie\Multitenancy\Models\Tenant:4
9f613af9-e680-4e67-a83a-98f1b297ee11,Spatie\Multitenancy\Models\Tenant
9f613af9-e6a5-452e-8345-b6ca58893b24,Spatie\Multitenancy\Models\Tenant:4
9f613af9-e6cc-4106-ac4e-f67b43be0e09,Spatie\Multitenancy\Models\Tenant:4
9f613afa-21b1-4b95-bf0c-b544ad7e6403,Spatie\Multitenancy\Models\Tenant
9f613afa-21e2-48be-b81f-93b79f612610,Spatie\Multitenancy\Models\Tenant:4
9f613afa-2209-47a6-a04c-d213bcd029b8,Spatie\Multitenancy\Models\Tenant:4
9f613afa-8037-4e61-b9f6-26260fd9f364,Spatie\Multitenancy\Models\Tenant
9f613afa-8061-4cba-85bb-3bd38b706faf,Spatie\Multitenancy\Models\Tenant:4
9f613afa-808d-47b9-8c92-5b450cb85f86,Spatie\Multitenancy\Models\Tenant:4
9f613afa-ddb2-4327-829f-5f11c6353763,Spatie\Multitenancy\Models\Tenant
9f613afa-dde7-4600-908f-ba25e4c7314d,Spatie\Multitenancy\Models\Tenant:4
9f613afa-de24-4573-90a1-ef6336856b11,Spatie\Multitenancy\Models\Tenant:4
9f613afb-1c26-43f8-93fe-399dd6f8dffc,Spatie\Multitenancy\Models\Tenant
9f613afb-1c4c-4cec-b890-77221dd212ee,Spatie\Multitenancy\Models\Tenant:4
9f613afb-1c6e-4fe2-8e35-65bacc537d9e,Spatie\Multitenancy\Models\Tenant:4
9f613afb-7933-4075-931a-a61bd5f53f96,Spatie\Multitenancy\Models\Tenant
9f613afb-795b-4d69-bd8a-843a930a2b6d,Spatie\Multitenancy\Models\Tenant:4
9f613afb-7989-4043-8e25-7620e8be4a85,Spatie\Multitenancy\Models\Tenant:4
9f613afb-b589-4502-b745-8986c46af495,Spatie\Multitenancy\Models\Tenant
9f613afb-b5ae-4029-b94c-fdce7e27a7a7,Spatie\Multitenancy\Models\Tenant:4
9f613afb-b5d3-43ea-9bf3-19a7119210b2,Spatie\Multitenancy\Models\Tenant:4
9f613afc-1229-4b08-a7f0-fca67b1e66db,Spatie\Multitenancy\Models\Tenant
9f613afc-1275-4c9f-876a-664caeeeb4a7,Spatie\Multitenancy\Models\Tenant:4
9f613afc-12a6-49b9-84ce-2270ad9ed24b,Spatie\Multitenancy\Models\Tenant:4
9f61755c-28f0-4e8b-a152-ab4ba00871e2,Spatie\Multitenancy\Models\Tenant
9f61755c-291b-4378-ba86-5b0b74d35ed7,Spatie\Multitenancy\Models\Tenant:4
9f61755c-293f-4b46-b59f-c4e37d0fb4c0,Spatie\Multitenancy\Models\Tenant:4
9f61755c-6e32-4ecc-b1c4-accc9fd0708d,Spatie\Multitenancy\Models\Tenant
9f61755c-6e5c-4fa2-891c-9e8e90871483,Spatie\Multitenancy\Models\Tenant:4
9f61755c-6e8b-412e-88e8-8eadaa42ce98,Spatie\Multitenancy\Models\Tenant:4
9f61755c-e14a-4cc6-a282-5202b8902b82,Spatie\Multitenancy\Models\Tenant
9f61755c-e18b-4359-99c8-6c24e3da09c9,Spatie\Multitenancy\Models\Tenant:4
9f61755c-e1c9-42ad-ba0b-f0fb0215a22a,Spatie\Multitenancy\Models\Tenant:4
9f61755d-8ce4-46fe-b2fe-c565ed686280,Spatie\Multitenancy\Models\Tenant
9f61755d-8d16-4567-9c08-0faa52501653,Spatie\Multitenancy\Models\Tenant:4
9f61755d-8d3c-4ca8-8374-e7c7f73a303a,Spatie\Multitenancy\Models\Tenant:4
9f61755e-47ef-402f-bfd9-0386befee13b,Spatie\Multitenancy\Models\Tenant
9f61755e-4818-4c89-acdf-0e11400f7f8d,Spatie\Multitenancy\Models\Tenant:4
9f61755e-483a-4d28-9d84-d96dd5518a1e,Spatie\Multitenancy\Models\Tenant:4
9f61755e-fcdf-453f-86e6-f236e5447218,Spatie\Multitenancy\Models\Tenant
9f61755e-fd08-4d4e-916b-16dc76ac494f,Spatie\Multitenancy\Models\Tenant:4
9f61755e-fd2b-4066-9398-21ad9220d1c7,Spatie\Multitenancy\Models\Tenant:4
9f61755f-9341-4836-9817-6dce76a6c2ed,Spatie\Multitenancy\Models\Tenant
9f61755f-936b-4b72-a250-31b31e463915,Spatie\Multitenancy\Models\Tenant:4
9f61755f-938d-481e-ad4b-8b2e52e11e21,Spatie\Multitenancy\Models\Tenant:4
9f617561-104f-4c03-b848-1ca3565ad330,Spatie\Multitenancy\Models\Tenant
9f617561-108f-4ba6-974e-94118b56a764,Spatie\Multitenancy\Models\Tenant:4
9f617561-10c1-49f6-9f9d-a42069714300,Spatie\Multitenancy\Models\Tenant:4
9f617561-5b5f-4d10-9dc6-ee1be24e62ea,Spatie\Multitenancy\Models\Tenant
9f617561-5b8c-4885-b43d-583f867c4827,Spatie\Multitenancy\Models\Tenant:4
9f617561-5bb0-4168-9580-ba8620768e66,Spatie\Multitenancy\Models\Tenant:4
9f617561-c2ef-47fa-9464-b461213418c6,Spatie\Multitenancy\Models\Tenant
9f617561-c319-4a9a-9e71-25cf745c1153,Spatie\Multitenancy\Models\Tenant:4
9f617561-c342-485e-8234-c924ffedda7c,Spatie\Multitenancy\Models\Tenant:4
9f617562-2a56-40cd-b859-b34ed60f33d2,Spatie\Multitenancy\Models\Tenant
9f617562-2a83-4883-9887-07daaa9afc9b,Spatie\Multitenancy\Models\Tenant:4
9f617562-2aa9-4ec9-8d34-c8d1a07de5e8,Spatie\Multitenancy\Models\Tenant:4
9f617562-69e7-4ee4-8261-5eeab48bf890,Spatie\Multitenancy\Models\Tenant
9f617562-6a0f-4130-b943-e79f60bb9437,Spatie\Multitenancy\Models\Tenant:4
9f617562-6a32-42cd-b2da-f5c5f617f9f9,Spatie\Multitenancy\Models\Tenant:4
9f617562-df1b-42a7-a280-9b4e9daf1f8a,Spatie\Multitenancy\Models\Tenant
9f617562-df3f-4a32-ae86-96e79de5d67b,Spatie\Multitenancy\Models\Tenant:4
9f617562-df62-461f-91b5-25c67376651d,Spatie\Multitenancy\Models\Tenant:4
9f617563-3d05-4be5-af7f-136cab4978de,Spatie\Multitenancy\Models\Tenant
9f617563-3d2a-493e-a2a3-c815941cd667,Spatie\Multitenancy\Models\Tenant:4
9f617563-3d4e-4662-bff7-3107cf903f71,Spatie\Multitenancy\Models\Tenant:4
9f617563-ab54-4159-8347-2ae61b47ae4f,Spatie\Multitenancy\Models\Tenant
9f617563-ab7b-463a-9d89-fe5ac4d051d5,Spatie\Multitenancy\Models\Tenant:4
9f617563-ab9f-43f3-85d5-61eff3b43a27,Spatie\Multitenancy\Models\Tenant:4
9f61a294-6245-4eb2-aba1-d67b03ca601e,Spatie\Multitenancy\Models\Tenant
9f61a294-626d-425d-abfa-aea3682c80c9,Spatie\Multitenancy\Models\Tenant:4
9f61a294-6292-403e-9c6d-2d698b340701,Spatie\Multitenancy\Models\Tenant:4
9f61f68a-265c-4613-b675-81f5093715cc,slow
9f61f68a-2927-4823-9139-325c44e38fa4,Spatie\Multitenancy\Models\Tenant
9f61f68a-3df5-436b-b9b7-f1218aac1372,Spatie\Multitenancy\Models\Tenant:4
9f61f68a-4aa0-4628-8cfc-5983ba0a14e3,Spatie\Multitenancy\Models\Tenant:4
9f625b27-0d3b-410a-b408-2204cb96f03e,Spatie\Multitenancy\Models\Tenant
9f625b27-0d64-4c13-9251-344c1795fec4,Spatie\Multitenancy\Models\Tenant:4
9f625b27-0d8a-4d58-9d7b-940c6ebcf2af,Spatie\Multitenancy\Models\Tenant:4
9f633b8d-0f32-474c-80fc-43da4ff18a36,Spatie\Multitenancy\Models\Tenant
9f633b8d-0f5f-45ad-bee3-ecd6b78d4b51,Spatie\Multitenancy\Models\Tenant:4
9f633b8d-0f8e-41f7-867f-516347fac059,Spatie\Multitenancy\Models\Tenant:4
9f63f946-c0c3-41bd-8c21-0aeb8d3508e2,Spatie\Multitenancy\Models\Tenant
9f63f946-c100-4006-83f5-f311cda111d3,Spatie\Multitenancy\Models\Tenant:4
9f63f946-c137-4eac-8875-0131e14a5fd8,Spatie\Multitenancy\Models\Tenant:4
9f64a9f8-b5dc-4ec4-8644-ce07f9a6fd17,Spatie\Multitenancy\Models\Tenant
9f64a9f8-b60a-4b1d-bf23-5549742249a5,Spatie\Multitenancy\Models\Tenant:4
9f64a9f8-b63c-407c-b181-debbd1603b1b,Spatie\Multitenancy\Models\Tenant:4
9f650711-3b72-47b8-9e03-40b1d350be0e,Spatie\Multitenancy\Models\Tenant
9f650711-3dcf-4b3b-85c6-c5297066a61c,Spatie\Multitenancy\Models\Tenant:4
9f650711-3fd2-453d-88ad-98f74170c675,Spatie\Multitenancy\Models\Tenant:4
9f6524a8-e7c6-462d-bfdb-adb88d289936,Spatie\Multitenancy\Models\Tenant
9f6524a8-e7ee-4770-ba8f-6fcbbf9e7570,Spatie\Multitenancy\Models\Tenant:4
9f6524a8-e810-40c7-9aca-12ce5e627014,Spatie\Multitenancy\Models\Tenant:4
9f665996-fdc6-43aa-b6b1-a579b5b17fe4,Spatie\Multitenancy\Models\Tenant
9f665996-fdf0-4c12-a271-f60364c6914d,Spatie\Multitenancy\Models\Tenant:4
9f665996-fe27-4fdf-8f53-ced15b54922f,Spatie\Multitenancy\Models\Tenant:4
9f665997-0f96-4c83-aaa2-91a2de304959,Spatie\Multitenancy\Models\Tenant
9f665997-0fd8-4076-96d8-a2d42c189bc7,Spatie\Multitenancy\Models\Tenant:4
9f665997-101b-4a82-b991-49577ba4d253,Spatie\Multitenancy\Models\Tenant:4
9f693b9a-4509-44e9-92d2-d2d49f10fd84,Spatie\Multitenancy\Models\Tenant
9f693b9a-4536-4256-b690-18d5213fcb67,Spatie\Multitenancy\Models\Tenant:4
9f693b9a-4559-4402-b0e5-cf55953db054,Spatie\Multitenancy\Models\Tenant:4
9f693b9a-caec-456f-9605-6bebb7706f36,Spatie\Multitenancy\Models\Tenant
9f693b9a-cb17-42b7-bf2e-eb2bf74446c2,Spatie\Multitenancy\Models\Tenant:4
9f693b9a-cb41-453d-acc8-fa872f96cbe3,Spatie\Multitenancy\Models\Tenant:4
9f693b9b-3a54-47e9-84b6-1f07b9587c7b,Spatie\Multitenancy\Models\Tenant
9f693b9b-3a78-4879-a509-5fb79d95c0c1,Spatie\Multitenancy\Models\Tenant:4
9f693b9b-3a9c-4e60-813a-22f06b966254,Spatie\Multitenancy\Models\Tenant:4
9f693b9b-adfd-42ae-9e39-247f21f69592,Spatie\Multitenancy\Models\Tenant
9f693b9b-ae30-4fed-ae04-221ac21d3335,Spatie\Multitenancy\Models\Tenant:4
9f693b9b-ae5f-4779-ac00-96e70c973633,Spatie\Multitenancy\Models\Tenant:4
9f6bc4eb-a992-4dc3-9a5c-261ae8c75541,Spatie\Multitenancy\Models\Tenant
9f6bc4eb-a9c3-4174-b668-0e3d66f9d3a9,Spatie\Multitenancy\Models\Tenant:4
9f6bc4eb-a9f3-4165-b757-cc6d21e2c094,Spatie\Multitenancy\Models\Tenant:4
9f6bc4eb-eb48-4829-bada-e260e684f5cc,Spatie\Multitenancy\Models\Tenant
9f6bc4eb-eb7b-471d-a470-4e8749d506f2,Spatie\Multitenancy\Models\Tenant:4
9f6bc4eb-eba1-401e-903a-82376be94167,Spatie\Multitenancy\Models\Tenant:4
9f6bc4ec-2cf0-4d26-9bcb-111e7625a074,Spatie\Multitenancy\Models\Tenant
9f6bc4ec-2d18-4b6b-bb0e-2b6e9c786132,Spatie\Multitenancy\Models\Tenant:4
9f6bc4ec-2d3e-4793-8984-6f7601ca6c91,Spatie\Multitenancy\Models\Tenant:4
9f6bf8af-11ac-47e5-b16a-add6d3fa80e7,Spatie\Multitenancy\Models\Tenant
9f6bf8af-11d9-42e0-aee4-47af878c96ee,Spatie\Multitenancy\Models\Tenant:4
9f6bf8af-1201-4f7e-b0ba-cfe152c238bb,Spatie\Multitenancy\Models\Tenant:4
9f6d155c-c7fb-4375-9539-7c826c0c7b15,Spatie\Multitenancy\Models\Tenant
9f6d155c-c82e-43d4-99ce-47ab85c235c1,Spatie\Multitenancy\Models\Tenant:4
9f6d155c-c858-4026-8115-6d6b61766085,Spatie\Multitenancy\Models\Tenant:4
9f6d3ee1-1eb1-423a-8dff-ee67b1ba6257,Spatie\Multitenancy\Models\Tenant
9f6d3ee1-1edb-46c7-8478-ce40466e5321,Spatie\Multitenancy\Models\Tenant:4
9f6d3ee1-1efe-452b-980a-7a2459c9bf62,Spatie\Multitenancy\Models\Tenant:4
9f6e9f98-7bbf-40c3-9394-c3862e222f79,Spatie\Multitenancy\Models\Tenant
9f6e9f98-7bea-4d73-8842-712ae42d7f1c,Spatie\Multitenancy\Models\Tenant:4
9f6e9f98-7c11-449e-9fb0-7191f64f2def,Spatie\Multitenancy\Models\Tenant:4
9f6ea090-e303-4606-8115-591016b5fd8e,Spatie\Multitenancy\Models\Tenant
9f6ea090-e335-4e44-bb7d-7ba979d27edc,Spatie\Multitenancy\Models\Tenant:4
9f6ea090-e36b-486d-b160-4cdaf76afdbf,Spatie\Multitenancy\Models\Tenant:4
9f6ea0f1-2589-49da-9678-356e7ffc9e40,Spatie\Multitenancy\Models\Tenant
9f6ea0f1-25bc-46b1-b6d0-98cddf885ab5,Spatie\Multitenancy\Models\Tenant:4
9f6ea0f1-25ef-4a64-93ce-b1fd7e1b4b8a,Spatie\Multitenancy\Models\Tenant:4
9f6ec642-4f35-4ab0-95bb-719650c649b2,Spatie\Multitenancy\Models\Tenant
9f6ec642-4f58-4e3d-943f-2c9298090421,Spatie\Multitenancy\Models\Tenant:4
9f6ec642-4f7a-41d7-8bab-6157345b32a9,Spatie\Multitenancy\Models\Tenant:4
9f7073ba-e9b3-4bb0-b7fc-68eef95dcfe2,Spatie\Multitenancy\Models\Tenant
9f7073ba-e9d7-43a5-bd8f-154c0243dcd8,Spatie\Multitenancy\Models\Tenant:4
9f7073ba-e9fa-4327-ab2a-737ce57bb25a,Spatie\Multitenancy\Models\Tenant:4
9f7073bb-f622-4c48-91c6-589e27c36a4f,Spatie\Multitenancy\Models\Tenant
9f7073bb-f648-404f-8033-499f4749bfe5,Spatie\Multitenancy\Models\Tenant:4
9f7073bb-f66d-4503-b4bf-d97e0dc34067,Spatie\Multitenancy\Models\Tenant:4
9f7073bd-1c63-4743-81c9-db230b754821,Spatie\Multitenancy\Models\Tenant
9f7073bd-1c89-4e1c-97ac-ff8f70d53720,Spatie\Multitenancy\Models\Tenant:4
9f7073bd-1cac-461c-9cdd-5febd076ad2e,Spatie\Multitenancy\Models\Tenant:4
9f7073bd-5674-431a-8982-e37e3dde1562,Spatie\Multitenancy\Models\Tenant
9f7073bd-569a-4a8f-9ae9-5ba70ca598a3,Spatie\Multitenancy\Models\Tenant:4
9f7073bd-56bc-458e-ba6a-be3d0a3402ce,Spatie\Multitenancy\Models\Tenant:4
9f7073bd-91f0-4f4e-8e5d-2074d1f2404b,Spatie\Multitenancy\Models\Tenant
9f7073bd-921a-4062-8914-74d500d1c9db,Spatie\Multitenancy\Models\Tenant:4
9f7073bd-9257-422c-808e-5650cf8260e1,Spatie\Multitenancy\Models\Tenant:4
9f7073bd-cd88-4a53-93dd-b9fdd1681ee3,Spatie\Multitenancy\Models\Tenant
9f7073bd-cdb0-4dbf-b821-102dad57e94c,Spatie\Multitenancy\Models\Tenant:4
9f7073bd-cddb-49ca-afae-0db860576a6d,Spatie\Multitenancy\Models\Tenant:4
9f7073be-07b9-4632-b02f-e8da853b8717,Spatie\Multitenancy\Models\Tenant
9f7073be-07e0-46c7-af92-e682ca466b1e,Spatie\Multitenancy\Models\Tenant:4
9f7073be-0804-43a6-8079-8f5474a4d08f,Spatie\Multitenancy\Models\Tenant:4
9f7073be-4518-4cfc-bdce-4077aeba94de,Spatie\Multitenancy\Models\Tenant
9f7073be-453f-4849-b49e-063589612950,Spatie\Multitenancy\Models\Tenant:4
9f7073be-4567-4461-8174-3342bc2b066c,Spatie\Multitenancy\Models\Tenant:4
9f7073be-8210-472c-89bf-7f88c83c7ebe,Spatie\Multitenancy\Models\Tenant
9f7073be-8238-453d-b003-afada2de66f5,Spatie\Multitenancy\Models\Tenant:4
9f7073be-825f-4c9c-9532-01f0de7059ee,Spatie\Multitenancy\Models\Tenant:4
9f7073be-bedf-40ce-8c8c-8f1e2ff115ba,Spatie\Multitenancy\Models\Tenant
9f7073be-bf06-4a63-bf05-54559a3d1f54,Spatie\Multitenancy\Models\Tenant:4
9f7073be-bf2a-4db9-860a-a3a13221bb7a,Spatie\Multitenancy\Models\Tenant:4
9f7073bf-02aa-4821-a7c6-5450ba70027b,Spatie\Multitenancy\Models\Tenant
9f7073bf-02e2-4d17-9fc9-5b448cfbe212,Spatie\Multitenancy\Models\Tenant:4
9f7073bf-0319-4263-b3a5-166e394db78f,Spatie\Multitenancy\Models\Tenant:4
9f7073bf-4516-40cf-be71-f9c1a14d41e3,Spatie\Multitenancy\Models\Tenant
9f7073bf-453f-40a9-aba9-3e48252285d7,Spatie\Multitenancy\Models\Tenant:4
9f7073bf-4566-4d01-a07f-8eae80aed432,Spatie\Multitenancy\Models\Tenant:4
9f7073bf-82b5-4269-a239-696712676efa,Spatie\Multitenancy\Models\Tenant
9f7073bf-82d9-4c6d-a3f2-c060c2b8c8c8,Spatie\Multitenancy\Models\Tenant:4
9f7073bf-8301-4d9d-bac9-5b04789f9441,Spatie\Multitenancy\Models\Tenant:4
9f7073c0-7c30-4635-8fa3-c08117cc9f5d,Spatie\Multitenancy\Models\Tenant
9f7073c0-7c57-4b89-bf2f-b54e4540fc93,Spatie\Multitenancy\Models\Tenant:4
9f7073c0-7c7e-4223-8ba1-126b1e8f2f0e,Spatie\Multitenancy\Models\Tenant:4
9f7073c0-b989-4ab7-8e01-adb6202083f8,Spatie\Multitenancy\Models\Tenant
9f7073c0-b9b1-4cc6-bd7a-4637eea5c161,Spatie\Multitenancy\Models\Tenant:4
9f7073c0-b9d6-4c59-b1df-b623cbb78262,Spatie\Multitenancy\Models\Tenant:4
9f7073c1-ecaf-4610-a338-39618ad1d539,Spatie\Multitenancy\Models\Tenant
9f7073c1-ecd2-48bc-99c3-fe2da057bc51,Spatie\Multitenancy\Models\Tenant:4
9f7073c1-ecf5-48e7-aaed-a193556c553e,Spatie\Multitenancy\Models\Tenant:4
9f7073c2-2b29-4daa-991e-993328f8ac9c,Spatie\Multitenancy\Models\Tenant
9f7073c2-2b56-47b9-9eea-14fc302bd73f,Spatie\Multitenancy\Models\Tenant:4
9f7073c2-2b7d-46a9-954f-5f2f11de98ba,Spatie\Multitenancy\Models\Tenant:4
9f7073c2-6601-4b05-963f-b45548715255,Spatie\Multitenancy\Models\Tenant
9f7073c2-6625-4393-89ca-e1df10a3090e,Spatie\Multitenancy\Models\Tenant:4
9f7073c2-664c-4553-b631-9ef685f6b75c,Spatie\Multitenancy\Models\Tenant:4
9f7073c2-a2f1-4bc2-a7dd-009744377734,Spatie\Multitenancy\Models\Tenant
9f7073c2-a317-4a54-89d4-faba362714bf,Spatie\Multitenancy\Models\Tenant:4
9f7073c2-a339-4079-b718-18a95971967d,Spatie\Multitenancy\Models\Tenant:4
9f7073c2-dddb-4b4b-99bd-b9ce0309be8c,Spatie\Multitenancy\Models\Tenant
9f7073c2-de05-49ad-9b6b-625be17cb3e1,Spatie\Multitenancy\Models\Tenant:4
9f7073c2-de29-4010-aa22-019038fdd9de,Spatie\Multitenancy\Models\Tenant:4
9f7073c3-80b7-451d-acaf-edf68fb3d16a,Spatie\Multitenancy\Models\Tenant
9f7073c3-80df-4a84-8ac9-16e60d89e983,Spatie\Multitenancy\Models\Tenant:4
9f7073c3-8104-4356-8400-f92ed49df059,Spatie\Multitenancy\Models\Tenant:4
9f7073c3-df7d-416b-a2bb-8f5ecc28e6db,Spatie\Multitenancy\Models\Tenant
9f7073c3-dfa4-4032-a12e-c66517b71316,Spatie\Multitenancy\Models\Tenant:4
9f7073c3-dfc8-4689-9ec0-817b021766e6,Spatie\Multitenancy\Models\Tenant:4
9f7073c4-4015-4d41-9363-b83d3e12ae18,Spatie\Multitenancy\Models\Tenant
9f7073c4-4043-4ad1-a84e-d8889f06a86d,Spatie\Multitenancy\Models\Tenant:4
9f7073c4-406c-4303-b520-e051fd3def17,Spatie\Multitenancy\Models\Tenant:4
9f7073c4-7dce-4dea-9b7e-683ed75c6ce0,Spatie\Multitenancy\Models\Tenant
9f7073c4-7e0f-4f75-bae7-c7097dd0a7fc,Spatie\Multitenancy\Models\Tenant:4
9f7073c4-7e36-4728-8392-7582b66eb28c,Spatie\Multitenancy\Models\Tenant:4
9f7073c4-bb99-4b13-a4bd-262262f6631c,Spatie\Multitenancy\Models\Tenant
9f7073c4-bbc7-4f1d-b3f1-46d692bd9a6f,Spatie\Multitenancy\Models\Tenant:4
9f7073c4-bbf4-4282-a79b-87a31fd02340,Spatie\Multitenancy\Models\Tenant:4
9f7073c4-f8e8-4433-981c-749e28bab841,Spatie\Multitenancy\Models\Tenant
9f7073c4-f910-4282-9d1d-93f6a224ab32,Spatie\Multitenancy\Models\Tenant:4
9f7073c4-f937-4007-95e4-2393602f807f,Spatie\Multitenancy\Models\Tenant:4
9f734136-76a5-41ed-ae16-9c3217b5f55b,Spatie\Multitenancy\Models\Tenant
9f734136-76d9-44a8-9831-2d547d64b116,Spatie\Multitenancy\Models\Tenant:4
9f734136-7701-4625-82be-075e1271bba6,Spatie\Multitenancy\Models\Tenant:4
9f7366f0-5849-4932-9c0d-b199789b9d21,Spatie\Multitenancy\Models\Tenant
9f7366f0-586f-44da-8e84-230517ea4975,Spatie\Multitenancy\Models\Tenant:4
9f7366f0-5897-4fb2-beed-4e73a0ca6830,Spatie\Multitenancy\Models\Tenant:4
9f7366f1-7ccb-4541-84c1-ae8fae77675e,Spatie\Multitenancy\Models\Tenant
9f7366f1-7cf0-4fef-9ba2-e6e594955265,Spatie\Multitenancy\Models\Tenant:4
9f7366f1-7d20-48d3-9607-8d87b9f618f1,Spatie\Multitenancy\Models\Tenant:4
9f7366f2-0603-4e49-b5e1-8b3db5694745,Spatie\Multitenancy\Models\Tenant
9f7366f2-062a-48c5-813d-17cb31514e66,Spatie\Multitenancy\Models\Tenant:4
9f7366f2-0652-4461-a6f2-035301c07380,Spatie\Multitenancy\Models\Tenant:4
9f7366f2-47b1-466e-8682-767f13fee5bc,Spatie\Multitenancy\Models\Tenant
9f7366f2-47da-4d6b-83b4-fe9de446d275,Spatie\Multitenancy\Models\Tenant:4
9f7366f2-4803-4551-bd3e-cc970b752d93,Spatie\Multitenancy\Models\Tenant:4
9f7366f2-8a74-498e-8c0d-4d66e55ab316,Spatie\Multitenancy\Models\Tenant
9f7366f2-8aa2-429f-9fb4-3262c0927307,Spatie\Multitenancy\Models\Tenant:4
9f7366f2-8ac8-4986-9c0d-f81fce9e12cf,Spatie\Multitenancy\Models\Tenant:4
9f7366f2-caa6-444e-b912-c4e6fc61671b,Spatie\Multitenancy\Models\Tenant
9f7366f2-caca-4475-9381-ba578995164d,Spatie\Multitenancy\Models\Tenant:4
9f7366f2-caec-4eeb-8618-5f73c6432cb3,Spatie\Multitenancy\Models\Tenant:4
9f7366f3-092e-483e-844d-4256ff8ee4f9,Spatie\Multitenancy\Models\Tenant
9f7366f3-095e-44a5-bb22-c288d8e3dca6,Spatie\Multitenancy\Models\Tenant:4
9f7366f3-098e-4671-8d33-0291d928c031,Spatie\Multitenancy\Models\Tenant:4
9f7366f3-49cc-4d9f-8a8a-22f18a669529,Spatie\Multitenancy\Models\Tenant
9f7366f3-4a3a-4af5-9d6f-0ee640507ad8,Spatie\Multitenancy\Models\Tenant:4
9f7366f3-4a5b-4fb0-a4f0-a65926885d73,Spatie\Multitenancy\Models\Tenant:4
9f7366f3-8c79-4ca1-a798-3402f6b7136b,Spatie\Multitenancy\Models\Tenant
9f7366f3-8c9f-4789-9367-37534c5eb579,Spatie\Multitenancy\Models\Tenant:4
9f7366f3-8cc8-4d75-a7d2-30b7094cb3fb,Spatie\Multitenancy\Models\Tenant:4
9f7366f3-d7a8-493f-9cf7-72dc905a9cad,Spatie\Multitenancy\Models\Tenant
9f7366f3-d7cc-48cc-9451-23d58d7e6a78,Spatie\Multitenancy\Models\Tenant:4
9f7366f3-d7f3-4c92-9925-6ac46084b228,Spatie\Multitenancy\Models\Tenant:4
9f7366f4-1a17-4d04-90cc-69593efee5a7,Spatie\Multitenancy\Models\Tenant
9f7366f4-1a42-40b4-9325-5b75773a82a6,Spatie\Multitenancy\Models\Tenant:4
9f7366f4-1a68-4fd4-981c-433957abaf46,Spatie\Multitenancy\Models\Tenant:4
9f7366f4-5a18-4c7c-b069-d5eeb3d05ae4,Spatie\Multitenancy\Models\Tenant
9f7366f4-5a3c-4e80-ace2-757ae8161373,Spatie\Multitenancy\Models\Tenant:4
9f7366f4-5a61-4888-b6db-bbfdb6f4c6a9,Spatie\Multitenancy\Models\Tenant:4
9f7366f4-9876-431b-8b69-ac7b7afcaf77,Spatie\Multitenancy\Models\Tenant
9f7366f4-98a1-42a4-8ecb-366234247ae4,Spatie\Multitenancy\Models\Tenant:4
9f7366f4-98c4-43cd-9e11-54f343c81ddb,Spatie\Multitenancy\Models\Tenant:4
9f7366f4-d9c1-4c39-93dc-cc9abbb2c39b,Spatie\Multitenancy\Models\Tenant
9f7366f4-d9ed-486a-919a-b7015d7caa57,Spatie\Multitenancy\Models\Tenant:4
9f7366f4-da13-491f-bfe6-e29c4dbb06fb,Spatie\Multitenancy\Models\Tenant:4
9f7366f5-181a-4f53-a943-77b7692faf47,Spatie\Multitenancy\Models\Tenant
9f7366f5-184c-4cce-ae37-0376e1ef7cf0,Spatie\Multitenancy\Models\Tenant:4
9f7366f5-188f-4c3e-ad07-eb4aef493f37,Spatie\Multitenancy\Models\Tenant:4
9f7366f7-66af-4084-b5e7-4ce28bae333e,Spatie\Multitenancy\Models\Tenant
9f7366f7-66d6-47c0-83b6-8daf58cdbee2,Spatie\Multitenancy\Models\Tenant:4
9f7366f7-6701-48d8-83c8-51b3bcd7f993,Spatie\Multitenancy\Models\Tenant:4
9f7366f7-a402-49a8-849c-0595b1be426e,Spatie\Multitenancy\Models\Tenant
9f7366f7-a42b-4385-bd1f-470fe7aa661d,Spatie\Multitenancy\Models\Tenant:4
9f7366f7-a44d-4d42-be54-60278910eb7e,Spatie\Multitenancy\Models\Tenant:4
9f7366f7-e638-42d3-abf0-a91126a7df7d,Spatie\Multitenancy\Models\Tenant
9f7366f7-e65c-4e06-b9ab-f834e1c05c72,Spatie\Multitenancy\Models\Tenant:4
9f7366f7-e681-43f8-ab61-894d5e50c685,Spatie\Multitenancy\Models\Tenant:4
9f7366f8-27e5-4477-a18f-769af42e3dcc,Spatie\Multitenancy\Models\Tenant
9f7366f8-2811-4496-910b-c4f150683019,Spatie\Multitenancy\Models\Tenant:4
9f7366f8-283f-4943-8171-745f27a310c3,Spatie\Multitenancy\Models\Tenant:4
9f7366f8-6a11-4d25-aa51-0139343a7cac,Spatie\Multitenancy\Models\Tenant
9f7366f8-6a48-44e1-8fd5-6f15ee824d4b,Spatie\Multitenancy\Models\Tenant:4
9f7366f8-6a6d-4f10-93e7-4e4b4a8accea,Spatie\Multitenancy\Models\Tenant:4
9f7366f8-ab7f-469d-83b7-eabfe2b81bb1,Spatie\Multitenancy\Models\Tenant
9f7366f8-aba4-4818-af57-e455ea42ac23,Spatie\Multitenancy\Models\Tenant:4
9f7366f8-abc8-44ca-bef7-1a19c9c1cd7b,Spatie\Multitenancy\Models\Tenant:4
9f7366f9-0d4a-44d2-867a-a77c125ef126,Spatie\Multitenancy\Models\Tenant
9f7366f9-0d6e-40d4-bd3a-297cd6bb9f59,Spatie\Multitenancy\Models\Tenant:4
9f7366f9-0d97-460b-9af9-1d491c7ad4ae,Spatie\Multitenancy\Models\Tenant:4
9f7366f9-8a2c-474e-966d-d2148bcd316d,Spatie\Multitenancy\Models\Tenant
9f7366f9-8a53-4718-8d5b-3327b6a44ee9,Spatie\Multitenancy\Models\Tenant:4
9f7366f9-8a77-430b-af9d-6e30778ac87e,Spatie\Multitenancy\Models\Tenant:4
9f7366f9-ca18-401a-8e0a-716a12e29e9b,Spatie\Multitenancy\Models\Tenant
9f7366f9-ca40-4a4f-8c4c-c6c0501226f4,Spatie\Multitenancy\Models\Tenant:4
9f7366f9-ca66-4c66-980a-e978efa6f07d,Spatie\Multitenancy\Models\Tenant:4
9f7366fa-0c3e-44ba-8b95-5e88b93d923a,Spatie\Multitenancy\Models\Tenant
9f7366fa-0c61-4846-81b8-260845b01015,Spatie\Multitenancy\Models\Tenant:4
9f7366fa-0c83-466a-a4de-c135c2479e7b,Spatie\Multitenancy\Models\Tenant:4
9f7366fa-4bc1-4845-b554-e01f0281ccfa,Spatie\Multitenancy\Models\Tenant
9f7366fa-4bed-4d28-b272-b2e735df173c,Spatie\Multitenancy\Models\Tenant:4
9f7366fa-4c19-46fe-9660-a1c6c5c29627,Spatie\Multitenancy\Models\Tenant:4
9f75896c-152e-4761-b66a-19a0ee447f51,Spatie\Multitenancy\Models\Tenant
9f75896c-1553-4ff2-89a7-e8eee82dfdc0,Spatie\Multitenancy\Models\Tenant:4
9f75896c-157a-471b-8478-5681cbc0af84,Spatie\Multitenancy\Models\Tenant:4
9f77a815-7210-40e2-972d-01db06f314f0,Spatie\Multitenancy\Models\Tenant
9f77a815-723d-4225-ac2c-a28c9649de41,Spatie\Multitenancy\Models\Tenant:4
9f77a815-7265-4baf-b45a-ad16b23bea66,Spatie\Multitenancy\Models\Tenant:4
9f78b4eb-7242-40a4-a05d-94a61b410b25,Spatie\Multitenancy\Models\Tenant
9f78b4eb-7269-4967-81ed-9d84f7675a23,Spatie\Multitenancy\Models\Tenant:4
9f78b4eb-7296-400d-9c83-32caddfc2db0,Spatie\Multitenancy\Models\Tenant:4
9f78f5fb-546b-4fe4-87b9-35003c9c5856,Auth:2
9f78f5fc-ac97-4255-8cab-7cc8ce417aee,Auth:2
9f7a2b47-d483-4b60-bfbc-85d2eb78b461,Spatie\Multitenancy\Models\Tenant
9f7a2b47-d4b6-4e6f-b1c1-e9d16147296e,Spatie\Multitenancy\Models\Tenant:4
9f7a2b47-d4e3-40be-b3cb-192b15916b69,Spatie\Multitenancy\Models\Tenant:4
9fbde0c5-8b53-427c-8833-01a21b5df6b3,Auth:2
9fbde0c6-3df8-4031-b5fa-ceea5e20ae98,Auth:2
9fbde0d6-8fec-46a9-96fc-7a4058bcf974,Auth:2
9fbde0d6-a05b-415e-9146-a2d43d137a38,Auth:2
9fd7e65c-935c-4706-a620-00fd496d77e0,Auth:1
9fd7e65c-c2be-4dae-ae2d-c6385be5366a,Auth:1
9fd7e68b-83be-4ab5-8caa-ff1fa0bc63dc,Auth:1
9fd7e68b-9638-43b2-a5b8-5f207da3ffbd,Auth:1
9fd7e690-b50f-4eda-94dc-f4fab973f50f,Auth:1
9fd7e690-c7b3-4078-a698-07928a8a16eb,Auth:1
9fd7e787-f57b-46a1-a158-376caf2dc291,Auth:1
9fd7e788-0673-4f45-aae7-d6db4e8ac82d,Auth:1
9fdca367-dfe7-48f8-83ce-fe6965255670,Auth:2
9fdca367-f727-4d59-aa20-8f703e6ce66a,Auth:2
9fdca3ab-0ad6-43a1-ab4b-41811884c1ae,Auth:2
9fdca3ab-299e-4d89-8492-7afcd96de43b,Auth:2