id,serial,user_id,coupon_id,payment_method_id,shipping_method_id,shipping_address_id,is_processed,created_at,updated_at
11,65dc567caf6a3,1,1,1,1,16,1,2024-02-26 12:44:36,2024-10-16 18:54:51
12,65dde6aa90184,2,,1,1,7,1,2024-02-27 17:12:02,2024-04-03 16:22:50
13,660d23cd2a4ff,13,,1,1,6,1,2024-04-03 13:09:25,2024-04-03 15:48:22
14,660d490f7704a,13,,2,1,6,0,2024-04-03 15:48:23,2025-06-27 20:34:55
15,660d5122c1605,2,,2,1,7,0,2024-04-03 16:22:50,2025-03-13 11:54:50
16,660d850c03780,14,,1,2,12,0,2024-04-03 20:04:20,2024-04-08 11:52:16
17,660d9bf71725a,16,,,,,0,2024-04-03 21:42:07,2024-04-03 21:42:07
18,660da1b8e4958,17,,1,1,9,0,2024-04-03 22:06:40,2024-04-03 22:47:40
19,660dff9a4d438,18,,,,,0,2024-04-04 04:47:14,2024-04-04 04:47:14
20,660e565fd1864,12,,1,2,10,1,2024-04-04 10:57:27,2024-04-04 11:08:24
21,660e58f1a83b5,12,3,1,2,10,1,2024-04-04 11:08:25,2025-02-12 14:46:13
22,660e5c8d05b4a,19,,2,2,11,1,2024-04-04 11:23:49,2025-07-16 22:41:13
23,660e86674ee2f,20,,,,,0,2024-04-04 14:22:23,2024-04-04 14:22:23
24,660ec8f32d6e7,21,,1,1,13,1,2024-04-04 19:06:19,2024-04-04 19:30:02
25,660ecbc7f1303,22,,,,,0,2024-04-04 19:18:23,2024-04-04 19:18:23
26,660ece8645653,21,,1,1,13,1,2024-04-04 19:30:06,2024-04-04 19:48:43
27,660ed2e70d5bc,21,,,,,0,2024-04-04 19:48:47,2024-04-04 19:48:47
28,660ee6f91fda9,23,,1,2,14,0,2024-04-04 21:14:25,2024-04-04 21:23:38
29,660ee8606c061,24,,,,,0,2024-04-04 21:20:24,2024-04-04 21:20:24
30,660f384cacca1,25,,1,1,15,1,2024-04-05 03:01:24,2024-04-05 03:08:53
31,660f3a116a996,25,,1,1,15,1,2024-04-05 03:08:57,2024-04-08 20:17:03
32,661118b666c40,26,,1,1,17,1,2024-04-06 13:11:10,2024-04-06 13:16:35
33,66111a0998c72,26,,,,,0,2024-04-06 13:16:49,2024-04-06 13:16:49
34,66111a4e32dae,27,,1,1,18,1,2024-04-06 13:17:58,2024-04-06 13:24:34
35,66111bddb3741,27,,,,,0,2024-04-06 13:24:37,2024-04-06 13:24:37
36,6611a27f80fea,28,,1,1,19,1,2024-04-06 22:59:03,2024-04-06 23:37:49
37,6611a65e25143,29,,,,,0,2024-04-06 23:15:34,2024-04-06 23:15:34
38,6611ab97afb79,28,,1,1,54,1,2024-04-06 23:37:51,2024-06-01 15:49:14
39,6612610f1c953,30,,,,,0,2024-04-07 12:32:07,2024-04-07 12:32:07
40,6612bc806df10,31,,1,1,20,1,2024-04-07 19:02:16,2024-04-07 19:09:39
41,6612be3ca354a,31,,1,1,40,1,2024-04-07 19:09:40,2024-04-27 18:15:46
42,66131ee85c4a7,32,,1,2,21,0,2024-04-08 02:02:08,2024-04-08 02:03:57
43,66139886f39fa,33,,,,,0,2024-04-08 10:41:02,2024-04-08 10:41:02
44,6613c9f80eb9a,34,,1,1,,0,2024-04-08 14:12:00,2024-04-08 14:12:52
45,6613ca95232cd,35,,1,2,22,1,2024-04-08 14:14:37,2024-04-08 14:27:44
46,6613cd8dc2eed,36,,,,,0,2024-04-08 14:27:17,2024-04-08 14:27:17
47,6613cda92ab33,35,,,,,0,2024-04-08 14:27:45,2024-04-08 14:27:45
48,6614149cc9aec,37,,1,1,23,1,2024-04-08 19:30:28,2024-04-11 15:42:13
49,66141f8b7c9e2,25,,,,,0,2024-04-08 20:17:07,2024-04-08 20:17:07
50,6615633399683,38,,1,1,24,1,2024-04-09 19:18:03,2024-04-09 19:20:38
51,661563cf21bb9,38,,1,1,24,1,2024-04-09 19:20:39,2024-07-23 01:53:08
52,6616847d61a34,39,,1,2,25,1,2024-04-10 15:52:21,2024-04-10 15:57:52
53,661685c9a4b8e,39,,,,,0,2024-04-10 15:57:53,2024-04-10 15:57:53
54,6617886052246,40,,1,1,27,1,2024-04-11 10:21:12,2024-04-11 10:31:07
55,66178abc3c833,40,,,,,0,2024-04-11 10:31:16,2024-04-11 10:31:16
56,661790f1d58e6,41,,1,1,28,0,2024-04-11 10:57:45,2024-04-11 11:04:00
57,6617a61cb656b,43,,1,1,29,1,2024-04-11 12:28:04,2024-04-11 12:33:44
58,6617a775536cc,43,,,,,0,2024-04-11 12:33:49,2024-04-11 12:33:49
59,6617d39ecd2e9,37,,,,,0,2024-04-11 15:42:14,2024-04-11 15:42:14
60,6618bbe1f0126,44,,2,2,95,0,2024-04-12 08:13:13,2024-10-17 17:50:09
61,661954c3bb461,45,,,,,0,2024-04-12 19:05:31,2024-04-12 19:05:31
62,66199cc230b4a,46,,,,,0,2024-04-13 00:12:42,2024-04-13 00:12:42
63,661ccb08b3a23,47,,1,1,30,1,2024-04-15 10:06:56,2024-04-15 12:48:50
64,661cf0fb2b2ba,47,,,,,0,2024-04-15 12:48:51,2024-04-15 12:48:51
65,661e65d5d38d6,48,,,,,0,2024-04-16 15:19:41,2024-04-16 15:19:41
66,661ea2e3d492a,49,,,,,0,2024-04-16 19:40:11,2024-04-16 19:40:11
67,661ec6d1d0d38,50,,1,1,31,1,2024-04-16 22:13:29,2024-04-16 22:30:09
68,661ecaba515c9,50,,,,,0,2024-04-16 22:30:10,2024-04-16 22:30:10
69,661f97b85e250,52,,,,,0,2024-04-17 13:04:48,2024-04-17 13:04:48
70,661fa847a8272,53,,1,1,32,0,2024-04-17 14:15:27,2024-06-18 17:11:17
71,6620f372d766b,54,,1,1,216,1,2024-04-18 13:48:26,2024-11-27 01:13:37
72,66211f98126f5,55,,1,1,35,1,2024-04-18 16:56:48,2024-04-20 10:42:58
73,66221580157b2,56,,1,1,33,1,2024-04-19 10:26:00,2024-04-19 11:02:37
74,66221e161a7c9,56,,,,,0,2024-04-19 11:02:38,2024-04-19 11:02:38
75,662262011e77f,57,,,,,0,2024-04-19 15:52:25,2024-04-19 15:52:25
76,6622be4cad4d0,58,,3,1,34,0,2024-04-19 22:26:12,2025-08-03 13:25:12
77,66236afda92db,55,,,,,0,2024-04-20 10:43:01,2024-04-20 10:43:01
78,66244ee386d14,59,,,,,0,2024-04-21 02:55:23,2024-04-21 02:55:23
79,66256597855f7,60,,1,1,36,1,2024-04-21 22:44:31,2024-04-21 22:53:11
80,662567a0c46c4,60,,,,,0,2024-04-21 22:53:12,2024-04-21 22:53:12
81,6626783558b50,61,,1,1,37,1,2024-04-22 18:16:13,2024-04-22 18:19:04
82,662678e1b6934,61,,,,,0,2024-04-22 18:19:05,2024-04-22 18:19:05
83,6626887282668,62,,,,,0,2024-04-22 19:25:30,2024-04-22 19:25:30
84,6627fac104fbc,63,,1,2,38,1,2024-04-23 21:45:29,2024-04-23 23:19:29
85,662810cec8eba,63,,,,,0,2024-04-23 23:19:34,2024-04-23 23:19:34
86,662abc9cd78c4,64,,1,1,39,1,2024-04-25 23:57:08,2024-05-31 21:55:09
87,662d0f9bece86,31,,2,2,463,1,2024-04-27 18:15:47,2025-03-20 13:54:30
88,663957c665cc2,65,,,,,0,2024-05-07 01:50:54,2024-05-07 01:50:54
89,6639fc1d541e0,66,,,,,0,2024-05-07 13:32:05,2024-05-07 13:32:05
90,663f1fb45e64e,67,,1,1,42,1,2024-05-11 11:05:16,2024-05-17 02:15:52
91,6641fb82703f9,68,,,,,0,2024-05-13 15:07:38,2024-05-13 15:07:38
92,66468ca19b478,67,,1,1,41,1,2024-05-17 02:15:53,2024-11-25 19:04:29
93,66471eb491022,69,,1,,,0,2024-05-17 12:39:08,2024-05-17 12:39:55
94,66485b84c9fc3,70,,1,1,43,1,2024-05-18 11:10:52,2024-05-18 11:14:10
95,66485c4c90438,70,,3,1,43,1,2024-05-18 11:14:12,2025-07-26 12:34:05
96,6648b00a67a5e,71,,1,1,44,1,2024-05-18 17:11:30,2024-05-18 19:57:56
97,6648d71025928,71,,,,,0,2024-05-18 19:58:00,2024-05-18 19:58:00
98,6649623531f6b,72,,,,,0,2024-05-19 05:51:41,2024-05-19 05:51:41
99,664b631e58b01,73,,,,,0,2024-05-20 18:20:06,2024-05-20 18:20:06
100,664bbb09076ce,74,,,,,0,2024-05-21 00:35:13,2024-05-21 00:35:13
101,664c931411bf2,75,,,,,0,2024-05-21 15:57:00,2024-05-21 15:57:00
102,664cf6a9637d0,76,,1,1,,0,2024-05-21 23:01:53,2024-05-21 23:06:09
103,6655be141ec3c,77,,1,1,46,1,2024-05-28 14:50:52,2024-05-28 15:00:56
104,6655c0718dfb0,77,,1,2,46,1,2024-05-28 15:00:57,2024-07-24 17:52:18
105,6656663b82ad0,79,,1,1,47,1,2024-05-29 02:48:19,2024-05-29 02:59:25
106,665849bc06def,80,,1,1,48,0,2024-05-30 13:11:16,2024-05-30 13:13:22
107,66586c34ef852,81,,1,1,49,1,2024-05-30 15:38:20,2024-05-30 15:44:28
108,66586da4ec2e6,81,,3,1,49,1,2024-05-30 15:44:28,2025-08-11 17:34:38
109,6658849c96aed,82,,3,2,591,1,2024-05-30 17:22:28,2025-09-14 13:26:24
110,6659378d69dca,83,,,,,0,2024-05-31 06:05:57,2024-05-31 06:05:57
111,66597e8a62a7d,78,,,,,0,2024-05-31 11:08:50,2024-05-31 11:08:50
112,66598fca518f4,84,,1,1,50,1,2024-05-31 12:22:26,2024-05-31 12:26:50
113,665990d33ad83,84,,,,,0,2024-05-31 12:26:51,2024-05-31 12:26:51
114,6659933ae9609,85,,,,,0,2024-05-31 12:37:06,2024-05-31 12:37:06
115,6659a537453da,86,,1,1,51,1,2024-05-31 13:53:51,2024-05-31 14:02:26
116,6659a73b318eb,86,,,,,0,2024-05-31 14:02:27,2024-05-31 14:02:27
117,6659b2c3bebdc,87,,1,1,52,1,2024-05-31 14:51:39,2024-05-31 15:00:16
118,6659b4ca28237,87,,1,1,52,1,2024-05-31 15:00:18,2024-10-27 19:51:09
119,665a1606a3fed,64,,2,1,39,0,2024-05-31 21:55:10,2024-11-28 22:15:03
120,665ae3c0bfac7,88,,1,1,53,1,2024-06-01 12:32:56,2024-06-01 12:37:04
121,665ae4b957405,88,,,,,0,2024-06-01 12:37:05,2024-06-01 12:37:05
122,665b11c3463f3,28,,,,,0,2024-06-01 15:49:15,2024-06-01 15:49:15
123,665b6a0076dee,90,,,,,0,2024-06-01 22:05:44,2024-06-01 22:05:44
124,665c5b22b9b04,91,,,,,0,2024-06-02 15:14:34,2024-06-02 15:14:34
125,665c6b96121c0,92,,1,1,439,1,2024-06-02 16:24:46,2025-02-24 21:30:32
126,665c7e4296f45,93,,1,1,55,1,2024-06-02 17:44:26,2024-06-02 18:48:09
127,665c8d330c407,93,,3,1,55,1,2024-06-02 18:48:11,2025-08-23 18:58:55
128,665d5a483238d,94,,1,1,56,1,2024-06-03 09:23:12,2024-06-03 14:33:48
129,665da3161f869,94,,2,2,56,0,2024-06-03 14:33:50,2025-10-09 20:33:35
130,665f3a15d75f6,95,,,,,0,2024-06-04 19:30:21,2024-06-04 19:30:21
131,666567af8bc57,96,,1,2,57,1,2024-06-09 11:58:31,2024-06-09 12:05:02
132,66656939e6a31,96,,1,2,57,1,2024-06-09 12:05:05,2024-06-15 19:30:12
133,6665aa2430ab9,97,,2,1,179,0,2024-06-09 16:42:04,2024-11-22 18:35:03
134,66695a9f6248f,98,,1,1,58,1,2024-06-12 11:51:51,2024-06-12 11:59:00
135,66695c5015502,98,,,,,0,2024-06-12 11:59:04,2024-06-12 11:59:04
136,66696467de84a,100,,1,2,60,1,2024-06-12 12:33:35,2024-06-15 11:35:24
137,666ae20ac222b,101,,1,2,59,1,2024-06-13 15:41:54,2024-06-13 15:55:52
138,666c0d005cd1c,102,,,,,0,2024-06-14 12:57:28,2024-06-14 12:57:28
139,666c94bb076dd,103,,,,,0,2024-06-14 22:36:35,2024-06-14 22:36:35
140,666cd17cb0b71,104,,1,1,62,1,2024-06-15 02:55:48,2024-06-17 20:43:50
141,666d4b45ef141,100,,,,,0,2024-06-15 11:35:25,2024-06-15 11:35:25
142,666d8259a799b,105,,1,1,61,1,2024-06-15 15:30:25,2024-06-15 15:37:16
143,666d83f5ea73c,105,,,,,0,2024-06-15 15:37:17,2024-06-15 15:37:17
144,666dba8d80e48,96,,,,,0,2024-06-15 19:30:13,2024-06-15 19:30:13
145,666f1a8aa4127,106,,,,,0,2024-06-16 20:32:02,2024-06-16 20:32:02
146,66706ecf26bd8,104,,,,,0,2024-06-17 20:43:51,2024-06-17 20:43:51
147,66746aec62613,107,,,,,0,2024-06-20 21:16:20,2024-06-20 21:16:20
148,667550966728d,108,,1,,,0,2024-06-21 13:36:14,2024-06-21 13:38:07
149,667ab290da2f7,109,,,,,0,2024-06-25 15:35:36,2024-06-25 15:35:36
150,667b3348c948c,110,,1,1,63,1,2024-06-26 00:44:48,2024-06-26 00:51:34
151,667b34dfd92c8,110,,2,1,63,1,2024-06-26 00:51:35,2024-11-23 17:15:39
152,667bd0733a12b,111,,1,1,64,1,2024-06-26 11:55:23,2024-06-26 12:04:43
153,667bd2a8cfba8,111,,,,,0,2024-06-26 12:04:48,2024-06-26 12:04:48
154,667cf3f14e446,113,,,1,,0,2024-06-27 08:39:05,2024-06-27 08:39:16
155,667d9f5600f48,114,,1,1,65,0,2024-06-27 20:50:22,2024-06-27 20:53:29
156,6682706a8310a,115,,1,1,66,1,2024-07-01 12:31:30,2024-07-01 22:22:25
157,6682d63c61514,116,,,,,0,2024-07-01 19:45:56,2024-07-01 19:45:56
158,6682faef60d95,115,,,,,0,2024-07-01 22:22:31,2024-07-01 22:22:31
159,668348b8dff62,117,,,,,0,2024-07-02 03:54:24,2024-07-02 03:54:24
160,66887ddc5065b,118,,,,,0,2024-07-06 02:42:28,2024-07-06 02:42:28
161,668a79658029a,119,,1,2,67,1,2024-07-07 14:47:57,2024-07-07 14:55:45
162,668a7b3a404d7,119,,1,2,67,1,2024-07-07 14:55:46,2024-11-19 13:50:54
163,668af106e3071,120,,1,1,68,1,2024-07-07 23:18:22,2024-07-07 23:22:18
164,668af1f500d06,120,,1,1,185,1,2024-07-07 23:22:21,2024-11-25 01:07:45
165,668af3beeb5da,121,,1,2,69,1,2024-07-07 23:29:58,2024-07-08 00:13:26
166,668afdef9c8bf,121,,2,2,69,1,2024-07-08 00:13:27,2025-08-25 11:57:03
167,66925c86b1261,122,,,,,0,2024-07-13 14:22:54,2024-07-13 14:22:54
168,6692f9fa11a49,123,,,,,0,2024-07-14 01:34:42,2024-07-14 01:34:42
169,6693066b826fd,124,,,,,0,2024-07-14 02:27:47,2024-07-14 02:27:47
170,6698cd8b83494,125,,1,2,70,1,2024-07-18 11:38:43,2024-07-18 11:40:46
171,6698ce07a9892,125,,,,,0,2024-07-18 11:40:47,2024-07-18 11:40:47
172,66994e38dc8bb,126,,1,1,73,1,2024-07-18 20:47:44,2024-07-22 00:33:37
173,669cfda8454b3,128,,1,1,71,1,2024-07-21 15:53:04,2024-07-21 16:17:50
174,669d0377824d9,128,,,,,0,2024-07-21 16:17:51,2024-07-21 16:17:51
175,669d36231bf37,129,,1,2,72,1,2024-07-21 19:54:03,2024-07-21 20:01:47
176,669d37f541f9a,129,,,,,0,2024-07-21 20:01:49,2024-07-21 20:01:49
177,669d74aaa2880,130,,,,,0,2024-07-22 00:20:50,2024-07-22 00:20:50
178,669d77aa5610c,126,,,,,0,2024-07-22 00:33:38,2024-07-22 00:33:38
179,669edbcdbf9ad,38,,1,1,24,1,2024-07-23 01:53:09,2025-02-26 16:30:01
180,66a10e1b61e89,77,,,,,0,2024-07-24 17:52:19,2024-07-24 17:52:19
181,66a2b7eb0e0af,131,,,,,0,2024-07-26 00:09:07,2024-07-26 00:09:07
182,66a7c444a8c35,132,,,,,0,2024-07-29 20:03:08,2024-07-29 20:03:08
183,66a8e0536c54d,133,,,1,,0,2024-07-30 16:15:07,2024-07-30 16:15:58
184,66ab95300b48f,134,,1,1,74,0,2024-08-01 17:31:20,2024-08-03 00:20:58
185,66ad05024bd35,135,,,,,0,2024-08-02 19:40:42,2024-08-02 19:40:42
186,66b365ebcc46d,136,,1,1,75,1,2024-08-07 15:47:47,2024-08-07 15:55:31
187,66b470ae0729a,139,,,,,0,2024-08-08 10:45:58,2024-08-08 10:45:58
188,66b78065e10e8,140,,1,1,76,0,2024-08-10 18:29:49,2024-08-10 18:31:42
189,66b8d8ead19bb,141,,,,,0,2024-08-11 18:59:46,2024-08-11 18:59:46
190,66c474466d6bb,142,,1,2,77,0,2024-08-20 14:17:34,2024-08-20 14:20:41
191,66c4e8f8a0969,143,,1,1,78,0,2024-08-20 22:35:28,2024-08-20 22:37:50
192,66ca627f4632a,144,,1,2,79,1,2024-08-25 02:15:19,2024-08-25 02:43:12
193,66ca693e07bc0,144,,1,1,79,1,2024-08-25 02:44:06,2025-01-09 15:43:58
194,66d38a3b4da14,145,,,,,0,2024-09-01 00:55:15,2024-09-01 00:55:15
195,66d4fb21c32c8,146,,,,,0,2024-09-02 03:09:13,2024-09-02 03:09:13
196,66db364fc3a2d,147,,1,1,80,1,2024-09-06 20:35:19,2024-09-06 20:47:21
197,66db3932b6771,147,,,,,0,2024-09-06 20:47:38,2024-09-06 20:47:38
198,66dc5dd2d7249,148,,1,1,87,0,2024-09-07 17:36:10,2024-09-15 14:31:34
199,66dd90df64d18,149,,1,1,81,1,2024-09-08 15:26:15,2024-09-08 15:30:43
200,66dd921979e05,149,,,,,0,2024-09-08 15:31:29,2024-09-08 15:31:29
201,66de041f2bd09,150,,1,2,82,0,2024-09-08 23:37:59,2024-09-08 23:41:45
202,66de058d9a338,151,,1,1,83,1,2024-09-08 23:44:05,2024-09-08 23:47:24
203,66de0660180c5,151,,2,1,83,1,2024-09-08 23:47:36,2024-12-29 23:53:52
204,66e1282c3eb63,152,,1,2,433,0,2024-09-11 08:48:36,2025-02-18 18:40:10
205,66e5218f166e1,153,,1,1,84,1,2024-09-14 09:09:27,2024-09-14 09:13:16
206,66e5638482770,154,,1,1,85,1,2024-09-14 13:50:52,2024-09-14 13:55:50
207,66e5d37035b56,155,,1,1,,0,2024-09-14 21:48:24,2024-09-14 21:51:34
208,66e5e60b5cfe5,156,,1,1,86,1,2024-09-14 23:07:47,2024-09-14 23:21:37
209,66e5e6d42d691,158,,,,,0,2024-09-14 23:11:08,2024-09-14 23:11:08
210,66e5e97755b6a,156,,1,1,436,1,2024-09-14 23:22:23,2025-02-20 16:54:24
211,66e6e3a623ede,159,,1,1,90,1,2024-09-15 17:09:50,2024-09-15 18:19:13
212,66e6f4a16f7c6,154,,,,,0,2024-09-15 18:22:17,2024-09-15 18:22:17
213,66e7a816c0ce8,153,,,,,0,2024-09-16 07:07:58,2024-09-16 07:07:58
214,66e81e47897a0,160,,2,1,102,0,2024-09-16 15:32:15,2024-10-19 08:32:55
215,66fd1f79de67a,161,,,,,0,2024-10-02 13:54:57,2024-10-02 13:54:57
216,670aeae91aa40,163,,2,2,91,0,2024-10-13 01:02:25,2024-10-13 01:10:49
217,670aed90dd54a,164,,,,,0,2024-10-13 01:13:44,2024-10-13 01:13:44
218,670cf062a7160,165,,2,1,,0,2024-10-14 13:50:18,2024-10-14 13:51:17
219,670fc602102a2,166,,2,2,113,1,2024-10-16 17:26:18,2024-10-23 12:13:32
220,670fdafc5a37d,1,1,1,1,16,1,2024-10-16 18:55:48,2024-10-16 19:00:49
221,670fde175fafa,1,1,1,1,16,1,2024-10-16 19:09:03,2024-10-16 19:12:21
222,670fdeddbba3e,1,1,2,1,16,1,2024-10-16 19:12:21,2024-10-17 11:55:12
223,6710c9e8ea953,1,4,2,2,16,0,2024-10-17 11:55:12,2025-11-09 11:10:40
224,6710d91857dc2,167,,,,,0,2024-10-17 13:00:00,2024-10-17 13:00:00
225,6710d9e11a922,168,,2,,,0,2024-10-17 13:03:21,2024-10-19 15:15:48
226,6710d9f2c8608,169,,1,1,114,1,2024-10-17 13:03:38,2024-10-23 15:50:09
227,6710e3a9ad5d6,170,,1,2,104,1,2024-10-17 13:45:05,2024-10-19 15:41:27
228,6710ec842daee,171,,2,1,,0,2024-10-17 14:22:52,2024-10-17 14:23:48
229,6711030b00a21,172,,2,1,93,0,2024-10-17 15:58:59,2024-10-17 16:00:55
230,67111a900b41b,173,,2,2,94,1,2024-10-17 17:39:20,2024-12-20 17:05:10
231,67113ddcbc564,174,,2,1,96,1,2024-10-17 20:09:56,2024-10-17 20:28:18
232,6711422ba2b4f,174,4,2,2,545,1,2024-10-17 20:28:19,2025-08-25 14:07:49
233,67114515b74a5,175,,2,1,97,1,2024-10-17 20:40:45,2025-01-21 17:21:37
234,671153c7c61c1,176,,,,,0,2024-10-17 21:43:27,2024-10-17 21:43:27
235,6711597ad075b,177,,1,1,98,1,2024-10-17 22:07:46,2024-11-01 16:15:29
236,67118682652b1,178,,2,2,99,1,2024-10-18 01:19:54,2025-07-29 16:14:54
237,67122b050043e,179,,2,1,100,1,2024-10-18 13:01:49,2024-10-18 13:06:11
238,67122bf76487e,181,,2,,,0,2024-10-18 13:05:51,2024-10-19 15:35:22
239,67122c0b730d1,179,,2,1,100,1,2024-10-18 13:06:11,2024-12-24 02:48:12
240,671230fb962b1,182,,1,1,101,1,2024-10-18 13:27:15,2024-10-18 13:34:31
241,6712325944c2e,183,,2,2,120,0,2024-10-18 13:33:05,2024-10-24 20:56:12
242,671232b17efd8,182,,,,,0,2024-10-18 13:34:33,2024-10-18 13:34:33
243,671259cdc3036,184,,,,,0,2024-10-18 16:21:25,2024-10-18 16:21:25
244,6712808f5cec9,185,,,,,0,2024-10-18 19:06:47,2024-10-18 19:06:47
245,6712a21a236b5,186,,2,1,573,1,2024-10-18 21:29:54,2025-08-22 22:43:32
246,67138fb4c8a02,188,,2,2,103,1,2024-10-19 14:23:40,2024-10-19 14:26:39
247,671390687f258,188,,1,2,103,1,2024-10-19 14:26:40,2024-11-27 19:32:04
248,6713908c3fcb1,189,,2,1,,0,2024-10-19 14:27:16,2024-10-19 14:27:53
249,6713a1c4b1ac3,191,,2,2,110,1,2024-10-19 15:40:44,2024-10-22 17:24:40
250,6713a1f0369ff,170,,1,2,104,1,2024-10-19 15:41:28,2024-10-26 12:36:39
251,6713b9c59b34f,192,,,,,0,2024-10-19 17:23:09,2024-10-19 17:23:09
252,6713c16dd3fb4,193,,2,1,105,0,2024-10-19 17:55:49,2024-10-19 17:59:18
253,671425962e6da,194,,,,,0,2024-10-20 01:03:10,2024-10-20 01:03:10
254,67142f3247c4f,195,,,,,0,2024-10-20 01:44:10,2024-10-20 01:44:10
255,6714bbad8299e,196,,2,2,139,0,2024-10-20 11:43:33,2024-10-29 18:16:58
256,67154cc34d9a7,197,,2,2,106,1,2024-10-20 22:02:35,2024-10-20 22:18:29
257,67155081d5e09,197,,2,2,106,1,2024-10-20 22:18:33,2024-10-23 01:01:39
258,6715a103cb744,198,,2,1,107,1,2024-10-21 04:02:03,2024-10-21 04:06:21
259,6715a20674168,198,,1,1,107,1,2024-10-21 04:06:22,2025-02-18 23:15:46
260,6716020dd1a92,200,,2,2,163,1,2024-10-21 10:56:05,2024-11-07 14:54:36
261,671658492901d,201,,2,2,,0,2024-10-21 17:04:01,2024-10-21 17:06:34
262,6716b0963bf7a,202,,,,,0,2024-10-21 23:20:46,2024-10-21 23:20:46
263,6716e3f0a126d,203,,1,2,109,1,2024-10-22 02:59:52,2024-10-22 03:04:52
264,6716e51ce4c92,203,,,,,0,2024-10-22 03:04:52,2024-10-22 03:04:52
265,6717aea1b6396,191,,1,2,110,1,2024-10-22 17:24:41,2025-01-08 00:19:09
266,6717d69fdaddb,205,,1,1,111,1,2024-10-22 20:15:19,2024-10-23 00:09:51
267,6717ffa1ef0b8,206,,1,1,112,1,2024-10-22 23:10:17,2024-10-22 23:21:32
268,6718025007ed1,206,,,,,0,2024-10-22 23:21:44,2024-10-22 23:21:44
269,67180d982c85f,205,,,,,0,2024-10-23 00:09:52,2024-10-23 00:09:52
270,671819bc7014a,197,,2,2,106,1,2024-10-23 01:01:40,2025-01-06 00:17:35
271,6718a30ec8d2a,207,,,,,0,2024-10-23 10:47:34,2024-10-23 10:47:34
272,6718ae4e301f6,209,,2,2,140,0,2024-10-23 11:35:34,2024-10-29 19:00:01
273,6718b7367105f,166,,2,2,113,1,2024-10-23 12:13:34,2024-11-20 09:41:00
274,6718d49db378e,204,,2,1,118,1,2024-10-23 14:19:01,2024-10-25 08:11:18
275,6718e9fa250fe,169,,2,1,114,1,2024-10-23 15:50:10,2024-12-25 16:21:08
276,6719261de2ab5,210,,1,1,123,1,2024-10-23 20:06:45,2024-10-25 19:51:05
277,671929a8bf0ed,211,,2,1,176,1,2024-10-23 20:21:52,2025-08-22 15:57:07
278,67193683d2983,212,,2,2,116,1,2024-10-23 21:16:43,2024-10-24 02:03:04
279,67194d11dedcf,214,,1,1,115,1,2024-10-23 22:52:57,2024-10-23 23:01:47
280,67194f2591de0,214,,,,,0,2024-10-23 23:01:49,2024-10-23 23:01:49
281,671979a193cea,212,,2,2,116,1,2024-10-24 02:03:05,2025-07-22 15:45:46
282,671a040e95a3b,215,,1,1,117,1,2024-10-24 11:53:42,2024-10-24 11:56:09
283,671a04a2eda81,215,,1,2,117,1,2024-10-24 11:56:10,2024-12-18 14:41:06
284,671a3d3f4b9f3,216,,2,1,119,1,2024-10-24 15:57:43,2024-10-24 16:05:35
285,671a3f18bb9a8,216,,,,,0,2024-10-24 16:05:36,2024-10-24 16:05:36
286,671a431cc3a96,217,,,,,0,2024-10-24 16:22:44,2024-10-24 16:22:44
287,671a591e02f83,218,,,,,0,2024-10-24 17:56:38,2024-10-24 17:56:38
288,671a7f8bd94f6,219,,2,1,190,1,2024-10-24 20:40:35,2024-11-30 18:14:10
289,671b216fb2965,204,,,,,0,2024-10-25 08:11:19,2024-10-25 08:11:19
290,671b965027458,220,,2,1,121,0,2024-10-25 16:30:00,2024-10-25 16:31:33
291,671b9ab653789,221,,,,,0,2024-10-25 16:48:46,2024-10-25 16:48:46
292,671bbe21ca39f,223,,,,,0,2024-10-25 19:19:53,2024-10-25 19:19:53
293,671bbe2b3dda8,222,,1,1,122,1,2024-10-25 19:20:03,2024-10-25 19:25:31
294,671bbf7516cc5,222,,,,,0,2024-10-25 19:25:33,2024-10-25 19:25:33
295,671bc572599e8,210,,1,1,123,1,2024-10-25 19:51:06,2025-03-07 12:55:51
296,671bd0bcc4676,224,,,,,0,2024-10-25 20:39:16,2024-10-25 20:39:16
297,671bd16955a7e,225,,1,2,124,1,2024-10-25 20:42:09,2024-10-25 21:33:14
298,671bdbcb9ffa7,226,,,,,0,2024-10-25 21:26:27,2024-10-25 21:26:27
299,671bdd63a7bea,225,,,,,0,2024-10-25 21:33:15,2024-10-25 21:33:15
300,671be0cff29cb,227,,,,,0,2024-10-25 21:47:51,2024-10-25 21:47:51
301,671be26ba421a,228,,2,1,,0,2024-10-25 21:54:43,2024-10-25 21:56:43
302,671be7d55dd12,229,,,,,0,2024-10-25 22:17:49,2024-10-25 22:17:49
303,671bfd8f03cbd,230,,,,,0,2024-10-25 23:50:31,2024-10-25 23:50:31
304,671bfdb764df2,231,,2,,,0,2024-10-25 23:51:11,2024-10-25 23:51:54
305,671c1c7f3bc66,232,,2,1,125,0,2024-10-26 02:02:31,2024-10-26 02:05:44
306,671c7c774f358,233,,1,1,177,1,2024-10-26 08:51:59,2024-11-20 20:53:29
307,671c8d2b2cc73,234,,,,,0,2024-10-26 10:03:15,2024-10-26 10:03:15
308,671ca533e6ffe,235,,2,1,126,0,2024-10-26 11:45:47,2024-12-03 22:32:02
309,671cb12031f58,170,,,,,0,2024-10-26 12:36:40,2024-10-26 12:36:40
310,671cfed904301,237,,2,1,127,1,2024-10-26 18:08:17,2024-10-26 20:29:18
311,671d1fe7633b4,237,,,,,0,2024-10-26 20:29:19,2024-10-26 20:29:19
312,671d28d9eaaad,238,,2,1,128,0,2024-10-26 21:07:29,2024-10-26 21:12:44
313,671e1f497ac30,239,,2,1,129,0,2024-10-27 14:38:57,2024-10-27 14:41:06
314,671e3c3c97f18,240,,2,1,130,0,2024-10-27 16:42:28,2024-10-27 16:47:27
315,671e68781f27f,87,,,,,0,2024-10-27 19:51:12,2024-10-27 19:51:12
316,671e779385886,241,,2,2,131,0,2024-10-27 20:55:39,2024-10-27 20:59:20
317,671e7997ce664,242,,1,1,137,1,2024-10-27 21:04:15,2024-10-31 00:41:23
318,671e7a3f844aa,243,,2,2,162,1,2024-10-27 21:07:03,2024-11-07 13:33:31
319,671e85cceaae7,244,,2,1,132,1,2024-10-27 21:56:20,2024-10-27 22:01:07
320,671e86eca838e,244,,,,,0,2024-10-27 22:01:08,2024-10-27 22:01:08
321,671e92996bcb3,245,,1,1,205,0,2024-10-27 22:50:57,2024-11-26 00:17:29
322,671e9e306e5b9,246,,1,1,133,1,2024-10-27 23:40:24,2024-10-27 23:44:58
323,671e9f43be0fd,246,,,,,0,2024-10-27 23:44:59,2024-10-27 23:44:59
324,671ea017c5cea,247,,2,2,134,0,2024-10-27 23:48:31,2024-10-27 23:51:32
325,671ea31e97999,248,,1,2,135,1,2024-10-28 00:01:26,2024-10-28 00:46:40
326,671ea9c7e7788,249,,2,1,146,0,2024-10-28 00:29:51,2024-10-31 13:31:33
327,671eadb94ef05,248,,,,,0,2024-10-28 00:46:41,2024-10-28 00:46:41
328,671f6d22ef1cd,251,,1,1,136,1,2024-10-28 14:23:22,2024-10-28 14:26:59
329,671f6dfc9abaf,251,,,,,0,2024-10-28 14:27:00,2024-10-28 14:27:00
330,671f898d5bdee,252,,2,2,,0,2024-10-28 16:24:37,2024-10-28 16:25:08
331,672014db3d2aa,253,,2,2,138,0,2024-10-29 02:18:59,2024-10-29 02:22:31
332,6720ad9989e22,255,,2,1,,0,2024-10-29 13:10:41,2024-10-29 13:10:57
333,6720ef1ad1f95,256,,1,2,209,0,2024-10-29 17:50:10,2024-11-26 16:51:47
334,67211f8114ef8,257,,2,1,141,0,2024-10-29 21:16:41,2024-10-29 21:20:24
335,672238b9491a1,258,,1,2,142,1,2024-10-30 17:16:33,2024-10-30 17:27:43
336,67223b5a678a7,258,,,,,0,2024-10-30 17:27:46,2024-10-30 17:27:46
337,672292e27fa3f,254,,1,2,309,1,2024-10-30 23:41:14,2024-12-20 21:46:23
338,6722a100aecfa,242,,2,,137,0,2024-10-31 00:41:28,2025-01-04 13:27:52
339,6722a3dbeb6f7,259,,2,1,143,1,2024-10-31 00:53:39,2024-10-31 00:56:24
340,6722a4818fe6d,259,,,,,0,2024-10-31 00:56:25,2024-10-31 00:56:25
341,6722bc05ce43d,260,,1,1,144,1,2024-10-31 02:36:45,2024-11-15 17:19:25
342,6723208d8cc06,261,,2,1,145,0,2024-10-31 09:45:41,2024-11-29 09:27:31
343,6723dabd90311,262,,2,1,147,0,2024-10-31 23:00:05,2024-10-31 23:20:11
344,672471e97c000,263,,2,1,148,0,2024-11-01 09:45:05,2024-11-01 09:47:00
345,6724a053bd5df,264,,2,2,149,1,2024-11-01 13:03:07,2024-11-01 13:10:00
346,6724a1f20e113,264,,1,2,149,0,2024-11-01 13:10:02,2025-02-15 14:49:18
347,6724cd6ae5514,177,,1,1,98,1,2024-11-01 16:15:30,2024-11-26 21:22:55
348,6724faaa538b3,265,,2,1,578,1,2024-11-01 19:28:34,2025-08-29 21:55:01
349,67260f487a6e1,266,,2,2,151,1,2024-11-02 15:08:48,2024-11-02 15:38:55
350,67261658e5dc7,266,,,,,0,2024-11-02 15:38:56,2024-11-02 15:38:56
351,67263d7b085e2,267,,1,1,152,1,2024-11-02 18:25:55,2024-11-02 18:41:59
352,6726414087c58,267,,,,,0,2024-11-02 18:42:00,2024-11-02 18:42:00
353,6726725c9a8c2,268,,1,2,153,0,2024-11-02 22:11:32,2024-11-03 14:18:27
354,6726889e00fef,269,,2,,,0,2024-11-02 23:46:30,2024-11-02 23:58:38
355,6726a0fa3dfd7,270,,2,1,,0,2024-11-03 01:30:26,2024-11-03 01:34:11
356,6727e9a1ba9d7,271,,2,1,161,1,2024-11-04 00:52:41,2024-11-06 18:23:51
357,672883a66c7aa,272,,1,2,198,0,2024-11-04 11:49:50,2024-11-25 20:49:38
358,67289d18e3c0c,273,,,,,0,2024-11-04 13:38:24,2024-11-04 13:38:24
359,6728e8c6834a5,274,,2,2,154,1,2024-11-04 19:01:18,2024-11-04 19:05:04
360,6728e9a9bdf60,274,,2,2,154,1,2024-11-04 19:05:05,2024-12-23 16:32:58
361,67290248d913f,275,,,,,0,2024-11-04 20:50:08,2024-11-04 20:50:08
362,672931ee8d24d,276,,,,,0,2024-11-05 00:13:26,2024-11-05 00:13:26
363,672934bbdbd1c,277,,2,1,155,1,2024-11-05 00:25:23,2024-11-05 00:37:22
364,6729378b7c93d,277,,2,1,155,1,2024-11-05 00:37:23,2025-08-19 13:51:49
365,6729738dcb6d4,278,,1,2,156,0,2024-11-05 04:53:25,2025-02-14 21:26:28
366,6729b715e547f,279,,,,157,0,2024-11-05 09:41:33,2024-11-05 09:47:11
367,6729cfe78cc93,280,,,,,0,2024-11-05 11:27:27,2024-11-05 11:27:27
368,6729e173f3bb5,281,,,,,0,2024-11-05 12:42:19,2024-11-05 12:42:19
369,672a22f2ddd23,282,,1,2,158,1,2024-11-05 17:21:46,2024-11-05 17:36:34
370,672a266b62002,282,,,,,0,2024-11-05 17:36:35,2024-11-05 17:36:35
371,672afa8588f3d,283,,2,2,159,1,2024-11-06 08:41:33,2024-11-06 12:45:23
372,672b33ac5ca93,283,,1,2,159,1,2024-11-06 12:45:24,2024-11-26 22:09:13
373,672b5f5a685b2,284,,1,2,160,1,2024-11-06 15:51:46,2024-11-06 16:05:18
374,672b628764d85,284,,,,,0,2024-11-06 16:05:19,2024-11-06 16:05:19
375,672b830039977,271,,,,,0,2024-11-06 18:23:52,2024-11-06 18:23:52
376,672c9073ebb22,243,,,,,0,2024-11-07 13:33:31,2024-11-07 13:33:31
377,672ca3758f3cc,200,,2,2,163,1,2024-11-07 14:54:37,2025-03-17 10:33:09
378,672d10ebadb6a,286,,,,,0,2024-11-07 22:41:39,2024-11-07 22:41:39
379,672e0337912b3,288,,2,1,165,1,2024-11-08 15:55:27,2024-11-08 16:03:17
380,672e050e7d88d,288,,1,1,165,1,2024-11-08 16:03:18,2024-11-27 13:28:12
381,672e3797cbd0d,289,,2,1,166,0,2024-11-08 19:38:55,2024-11-08 19:44:08
382,672e7c631c51d,290,,2,2,169,0,2024-11-09 00:32:27,2024-11-13 00:06:32
383,6730e143252e9,291,,,,,0,2024-11-10 20:07:23,2024-11-10 20:07:23
384,6730f1c93cc31,292,,1,2,425,0,2024-11-10 21:17:53,2025-02-14 18:15:07
385,6731bc2d23a1d,294,,,,,0,2024-11-11 11:41:25,2024-11-11 11:41:25
386,67332293ecad5,295,,2,2,167,1,2024-11-12 13:10:35,2024-11-12 13:54:26
387,67332cdadcfca,295,,,,,0,2024-11-12 13:54:26,2024-11-12 13:54:26
388,6733760c935f4,296,,2,1,168,1,2024-11-12 19:06:44,2024-11-12 19:19:20
389,6733790576309,296,,1,1,168,1,2024-11-12 19:19:25,2024-11-26 22:33:11
390,67347a015fdcc,297,,2,1,170,0,2024-11-13 13:35:53,2024-11-13 13:37:27
391,6735c70f724a9,298,,2,,,0,2024-11-14 13:16:55,2024-11-14 13:17:36
392,67360f0e6ccc0,299,,2,,,0,2024-11-14 18:24:06,2024-11-14 18:25:46
393,673633e980183,300,,2,2,172,1,2024-11-14 21:01:21,2024-11-16 17:44:47
394,673751666c9eb,260,,,,,0,2024-11-15 17:19:26,2024-11-15 17:19:26
395,673763f2530ba,301,,2,2,171,1,2024-11-15 18:38:34,2024-11-15 18:52:31
396,6737673d7787e,301,,,,,0,2024-11-15 18:52:37,2024-11-15 18:52:37
397,6737cb81d3ecf,302,,2,,,0,2024-11-16 02:00:25,2024-11-16 02:02:54
398,6738a8d95a9bc,300,,2,2,172,1,2024-11-16 17:44:49,2025-11-09 22:26:52
399,67390d0eb5ad2,303,,2,2,536,1,2024-11-17 00:52:22,2025-07-29 14:29:35
400,673b4cf3a2c31,304,,2,,,0,2024-11-18 17:49:31,2024-11-18 17:58:23
401,673b7d35bcf96,305,,2,1,278,1,2024-11-18 21:15:25,2024-12-04 01:52:13
402,673b98bac65b3,306,,2,2,174,1,2024-11-18 23:12:50,2024-11-18 23:21:17
403,673b9ab72140f,306,,2,,174,0,2024-11-18 23:21:19,2024-11-25 14:39:55
404,673ba28aa5372,307,,,,,0,2024-11-18 23:54:42,2024-11-18 23:54:42
405,673c26ccb6d84,308,,2,1,175,0,2024-11-19 09:19:00,2024-11-19 09:23:46
406,673c4f01a2be9,309,,2,,,0,2024-11-19 12:10:33,2024-11-19 12:10:50
407,673c668787f73,119,,1,2,67,1,2024-11-19 13:50:55,2024-11-19 14:37:59
408,673c718fbf7f5,119,,1,2,67,1,2024-11-19 14:37:59,2024-11-26 15:59:10
409,673d7d75e8f77,166,,2,2,113,1,2024-11-20 09:41:01,2024-12-22 21:58:01
410,673e1b12bf4d0,233,,,,,0,2024-11-20 20:53:30,2024-11-20 20:53:30
411,673ec894426f9,310,,2,1,178,1,2024-11-21 09:13:48,2024-11-21 09:36:31
412,673ecde8c4f9a,310,,2,1,178,1,2024-11-21 09:36:32,2025-01-01 11:23:23
413,673f70f0ef83e,311,,2,,,0,2024-11-21 21:12:08,2024-11-21 21:12:34
414,6740bbe866d1a,312,,2,1,180,0,2024-11-22 20:44:16,2024-11-22 20:45:18
415,6740c94d67955,313,,2,1,181,0,2024-11-22 21:41:25,2024-11-23 18:30:36
416,6740f9847d48d,314,,2,1,,0,2024-11-23 01:07:08,2025-11-14 01:06:14
417,6741ace82f651,315,,,,,0,2024-11-23 13:52:32,2024-11-23 13:52:32
418,6741dc8614bbe,110,,2,1,533,1,2024-11-23 17:15:42,2025-07-25 19:05:48
419,6741fcd1d4d72,316,,,,,0,2024-11-23 19:33:29,2024-11-23 19:33:29
420,6742847b8c592,317,,1,1,188,1,2024-11-24 05:12:19,2024-11-26 15:58:28
421,67430bfd442ad,318,,1,1,349,1,2024-11-24 14:50:29,2025-01-05 21:41:24
422,674319f1ba852,319,,2,1,182,1,2024-11-24 15:50:01,2024-11-24 15:55:11
423,67431b282f040,319,,1,2,182,0,2024-11-24 15:55:12,2024-11-26 05:50:03
424,67433d008e52c,322,,,,,0,2024-11-24 18:19:36,2024-11-24 18:19:36
425,67434687709e4,324,,1,1,189,1,2024-11-24 19:00:15,2024-11-25 18:47:24
426,67437a4940075,325,,2,1,183,0,2024-11-24 22:41:05,2024-11-24 22:45:21
427,67437d3316868,326,,1,1,184,1,2024-11-24 22:53:31,2024-11-24 22:55:56
428,67437dc5d9cd7,326,,,,,0,2024-11-24 22:55:57,2024-11-24 22:55:57
429,67439caa3bd3b,120,,2,1,235,1,2024-11-25 01:07:46,2024-11-28 23:13:17
430,674468443a8de,327,,1,2,186,1,2024-11-25 15:36:28,2024-11-25 15:45:45
431,67446a72bcad0,327,,,,,0,2024-11-25 15:45:46,2024-11-25 15:45:46
432,67447380a96f0,328,,1,2,197,1,2024-11-25 16:24:24,2024-11-26 12:40:20
433,67447a109a53e,329,,1,2,187,1,2024-11-25 16:52:24,2024-11-25 16:58:45
434,67447b90b67a5,329,,,,,0,2024-11-25 16:58:48,2024-11-25 16:58:48
435,6744817ed206a,330,,1,1,620,0,2024-11-25 17:24:06,2025-11-07 14:55:51
436,67448487acf47,331,,1,2,,0,2024-11-25 17:37:03,2024-11-25 17:38:04
437,67448602a136c,332,,1,2,,0,2024-11-25 17:43:22,2024-11-25 17:43:58
438,6744890c9e93f,333,,1,2,191,1,2024-11-25 17:56:20,2024-11-25 18:00:19
439,67448a012ed66,333,,,,,0,2024-11-25 18:00:25,2024-11-25 18:00:25
440,67448df47536d,335,,1,2,204,1,2024-11-25 18:17:16,2024-11-25 22:00:24
441,67448ef6e892e,336,,1,1,192,1,2024-11-25 18:21:34,2024-11-25 18:24:15
442,67448f986d675,336,,1,1,192,1,2024-11-25 18:24:16,2024-11-27 21:37:04
443,674491e2bca5b,337,,2,2,247,0,2024-11-25 18:34:02,2024-11-29 15:51:24
444,6744950a90d82,324,,1,1,450,1,2024-11-25 18:47:30,2025-03-08 17:55:53
445,674495fec4413,339,,1,1,194,1,2024-11-25 18:51:34,2024-11-27 22:24:59
446,67449650d85e6,338,,1,2,218,1,2024-11-25 18:52:56,2024-11-27 16:58:47
447,674498021df75,340,,1,1,,0,2024-11-25 19:00:10,2024-11-25 19:03:09
448,6744990618b1c,67,,1,1,42,1,2024-11-25 19:04:30,2024-11-27 22:55:03
449,6744994bb22f5,341,,1,1,195,0,2024-11-25 19:05:39,2024-11-25 19:10:58
450,67449aac85f76,342,,1,2,196,1,2024-11-25 19:11:32,2024-11-25 19:15:28
451,67449b9a8e282,342,,,,,0,2024-11-25 19:15:30,2024-11-25 19:15:30
452,6744a07cbe06d,343,,1,1,201,1,2024-11-25 19:36:20,2024-11-25 21:33:28
453,6744b15f9bf5a,345,,1,1,199,1,2024-11-25 20:48:23,2024-11-25 20:54:16
454,6744b2c0e7e68,345,,1,1,199,1,2024-11-25 20:54:16,2024-12-25 01:21:51
455,6744b98dc0a76,346,,2,1,200,1,2024-11-25 21:23:17,2025-02-03 15:44:42
456,6744baddc5a38,347,,2,2,202,0,2024-11-25 21:28:53,2024-11-28 10:20:50
457,6744bbf23c30c,343,,1,1,201,0,2024-11-25 21:33:30,2024-12-04 16:17:25
458,6744bdaa10429,348,,,,,0,2024-11-25 21:40:50,2024-11-25 21:40:50
459,6744bdcb8ddfb,349,,1,1,203,1,2024-11-25 21:41:23,2024-11-25 21:45:52
460,6744bed94f869,349,,,,,0,2024-11-25 21:45:53,2024-11-25 21:45:53
461,6744c241cc2f8,335,,1,2,204,1,2024-11-25 22:00:25,2024-12-07 03:24:29
462,6744c6232602f,350,,,,,0,2024-11-25 22:16:59,2024-11-25 22:16:59
463,67450ca914f1e,351,,1,1,206,1,2024-11-26 03:17:53,2024-11-26 03:30:15
464,67450f910d55d,351,,1,1,206,1,2024-11-26 03:30:17,2025-01-13 15:44:42
465,674541c2f1346,352,,1,2,207,1,2024-11-26 07:04:26,2024-11-26 07:16:57
466,674544b2623fb,352,,2,2,207,0,2024-11-26 07:16:58,2024-12-30 12:55:06
467,6745545ce9297,353,,2,,,0,2024-11-26 08:23:48,2024-12-30 12:54:25
468,674577c178c45,354,,,1,,0,2024-11-26 10:54:49,2024-11-26 10:55:04
469,6745907cc8987,328,,,,,0,2024-11-26 12:40:20,2024-11-26 12:40:20
470,67459405a40f7,355,,1,2,208,1,2024-11-26 12:55:25,2024-11-26 12:58:43
471,674594cc89207,355,,,,,0,2024-11-26 12:58:44,2024-11-26 12:58:44
472,6745beedc4b7c,317,,,,188,0,2024-11-26 15:58:29,2024-11-28 13:42:16
473,6745bf17cd886,119,,,,,0,2024-11-26 15:59:11,2024-11-26 15:59:11
474,6745e006b0a8e,357,,,,,0,2024-11-26 18:19:42,2024-11-26 18:19:42
475,6745e06b22131,356,,2,1,210,1,2024-11-26 18:21:23,2025-01-17 18:11:15
476,6745e73012be6,358,,1,2,211,1,2024-11-26 18:50:16,2024-11-26 18:54:17
477,6745e82296dd1,358,,,,,0,2024-11-26 18:54:18,2024-11-26 18:54:18
478,6745f12989980,359,,1,2,212,1,2024-11-26 19:32:49,2024-11-26 19:41:00
479,6745f315ad2a9,359,,,,,0,2024-11-26 19:41:01,2024-11-26 19:41:01
480,674602f059e8d,360,,1,1,213,1,2024-11-26 20:48:40,2024-11-26 21:08:36
481,6746034c2cdf6,361,,1,1,214,0,2024-11-26 20:50:12,2024-11-26 20:57:21
482,674607ae46925,360,,1,2,213,1,2024-11-26 21:08:54,2024-11-27 16:45:07
483,67460af8a914e,177,,3,1,98,1,2024-11-26 21:22:56,2025-06-26 09:53:31
484,674612f134d24,362,,2,1,215,1,2024-11-26 21:56:57,2024-12-19 14:46:08
485,674615d250921,283,,2,2,159,1,2024-11-26 22:09:14,2024-12-22 21:01:00
486,67461b7400ca6,296,,,,,0,2024-11-26 22:33:16,2024-11-26 22:33:16
487,6746410a6c029,54,,2,1,216,1,2024-11-27 01:13:38,2024-11-30 11:47:08
488,6746cb86cbf4b,363,,,,,0,2024-11-27 11:04:30,2024-11-27 11:04:30
489,6746e71410f6d,364,,,,,0,2024-11-27 13:02:04,2024-11-27 13:02:04
490,6746ed359aa0b,288,,2,1,165,1,2024-11-27 13:28:13,2025-04-15 00:32:37
491,6746eda1cfa55,365,,,,,0,2024-11-27 13:30:01,2024-11-27 13:30:01
492,674700ef045dc,366,,,,,0,2024-11-27 14:52:23,2024-11-27 14:52:23
493,6747016b4e8d2,367,,1,1,217,1,2024-11-27 14:54:27,2024-11-27 14:58:18
494,674702541a489,367,,,,,0,2024-11-27 14:58:20,2024-11-27 14:58:20
495,67471b5c839fe,360,,,,,0,2024-11-27 16:45:08,2024-11-27 16:45:08
496,67471f0e81d03,370,,1,2,219,0,2024-11-27 17:00:54,2024-11-27 18:21:10
497,67471fa0ee3fa,371,,,,,0,2024-11-27 17:03:20,2024-11-27 17:03:20
498,674721c6b369c,338,,1,2,218,1,2024-11-27 17:12:30,2025-02-03 17:07:09
499,67472df626047,373,,,,,0,2024-11-27 18:04:30,2024-11-27 18:04:30
500,67472e0ed7216,372,,1,1,221,0,2024-11-27 18:04:54,2024-11-27 18:30:26
501,67472f7fe497a,374,,2,1,220,1,2024-11-27 18:11:03,2024-11-28 09:37:19
502,67473b36e72df,375,,1,1,,0,2024-11-27 19:01:02,2024-11-27 19:07:58
503,6747427d9d593,188,,2,2,103,1,2024-11-27 19:32:05,2024-12-20 16:26:39
504,674744cf1e001,376,,,,,0,2024-11-27 19:41:59,2024-11-27 19:41:59
505,674749fdd6af5,377,,1,1,222,0,2024-11-27 20:04:05,2024-11-27 20:11:33
506,67474dde726ba,378,,1,1,223,0,2024-11-27 20:20:38,2024-11-27 20:24:09
507,67475cab15075,379,,2,1,224,1,2024-11-27 21:23:47,2024-11-28 09:53:04
508,67475fc8c6117,336,,3,1,192,1,2024-11-27 21:37:04,2025-07-01 18:05:24
509,67476576b03a2,381,,,,,0,2024-11-27 22:01:18,2024-11-27 22:01:18
510,6747664151acc,382,,1,2,225,0,2024-11-27 22:04:41,2024-11-27 22:24:18
511,67476b04cb5b5,339,,1,1,194,1,2024-11-27 22:25:00,2025-02-22 11:38:14
512,67476b6e1681e,383,,1,1,226,1,2024-11-27 22:26:46,2024-11-27 22:38:40
513,67476ed6d9778,383,,,,,0,2024-11-27 22:41:18,2024-11-27 22:41:18
514,674772114acfc,67,,3,1,42,1,2024-11-27 22:55:05,2025-08-20 12:04:25
515,6747780f2de32,384,,,,,0,2024-11-27 23:20:39,2024-11-27 23:20:39
516,67477f2a5d56d,385,,1,2,228,1,2024-11-27 23:50:58,2024-11-28 00:00:32
517,67478170eae9d,385,,,,,0,2024-11-28 00:00:40,2024-11-28 00:00:40
518,6747929149a6a,386,,,,,0,2024-11-28 01:13:45,2024-11-28 01:13:45
519,674797861e35e,380,,1,2,229,1,2024-11-28 01:34:54,2025-02-19 09:41:41
520,6747a422f3d11,387,,,,,0,2024-11-28 02:28:42,2024-11-28 02:28:42
521,6747aac770aaf,388,,2,2,230,1,2024-11-28 02:57:03,2024-11-30 09:07:12
522,67480832619c6,389,,,,,0,2024-11-28 09:35:38,2024-11-28 09:35:38
523,67480898624b5,374,,2,1,220,1,2024-11-28 09:37:20,2025-04-29 17:41:55
524,67480c493b7ce,379,,2,1,224,1,2024-11-28 09:53:05,2024-11-29 21:06:17
525,67481a4a0bbe0,390,,1,1,231,1,2024-11-28 10:52:50,2024-11-28 11:06:57
526,67481db6214c4,390,,,,,0,2024-11-28 11:07:26,2024-11-28 11:07:26
527,674843b787cc6,391,,,,,0,2024-11-28 13:49:35,2024-11-28 13:49:35
528,67485b36aa626,392,,2,1,,0,2024-11-28 15:29:50,2024-11-28 15:31:03
529,67486f635b115,393,,,,,0,2024-11-28 16:55:55,2024-11-28 16:55:55
530,6748a50a584fb,396,,2,1,232,1,2024-11-28 20:44:50,2024-11-29 21:50:44
531,6748a50a584ed,395,,,,,0,2024-11-28 20:44:50,2024-11-28 20:44:50
532,6748baf51221f,398,,2,1,233,0,2024-11-28 22:18:21,2024-11-28 22:22:11
533,6748bb1e32f97,399,,,,,0,2024-11-28 22:19:02,2024-11-28 22:19:02
534,6748bd5d14eeb,400,,,,,0,2024-11-28 22:28:37,2024-11-28 22:28:37
535,6748c567ec640,401,,2,1,234,1,2024-11-28 23:02:55,2024-11-29 18:55:12
536,6748c7d627a80,120,,2,1,68,1,2024-11-28 23:13:18,2025-03-17 15:43:35
537,6748c9d57890d,402,,2,1,237,0,2024-11-28 23:21:49,2024-11-29 08:55:50
538,6748ca33419f6,403,,,,,0,2024-11-28 23:23:23,2024-11-28 23:23:23
539,6748cf0610a3c,405,,2,,,0,2024-11-28 23:43:58,2024-11-28 23:44:10
540,6748d137b6a20,406,,,,,0,2024-11-28 23:53:19,2024-11-28 23:53:19
541,6748d466e42fc,407,,,,,0,2024-11-29 00:06:54,2024-11-29 00:06:54
542,6748e60e49ddd,409,,,,,0,2024-11-29 01:22:14,2024-11-29 01:22:14
543,6748ea75db0f7,410,,,,,0,2024-11-29 01:41:01,2024-11-29 01:41:01
544,6748ee1d9f1f0,412,,,,,0,2024-11-29 01:56:37,2024-11-29 01:56:37
545,6748ee87d48f2,413,,,,,0,2024-11-29 01:58:23,2024-11-29 01:58:23
546,6748f0a2dd4c6,414,,,,,0,2024-11-29 02:07:22,2024-11-29 02:07:22
547,6748f7962ac90,416,,,2,,0,2024-11-29 02:37:02,2024-11-29 02:37:25
548,6748fcec973b3,417,,,,,0,2024-11-29 02:59:48,2024-11-29 02:59:48
549,674911626cf11,418,,,,,0,2024-11-29 04:27:06,2024-11-29 04:27:06
550,67493425c79f9,419,,2,2,266,1,2024-11-29 06:55:25,2024-12-01 15:22:34
551,6749452eca9f4,420,,2,1,236,1,2024-11-29 08:08:06,2024-11-29 08:15:38
552,674946f36cda3,420,,2,1,236,1,2024-11-29 08:15:39,2024-11-29 08:19:36
553,674947e0c554e,420,,,,,0,2024-11-29 08:19:36,2024-11-29 08:19:36
554,67494d4a5fd2b,421,,,,,0,2024-11-29 08:42:42,2024-11-29 08:42:42
555,67495536b7f0e,422,,2,2,263,1,2024-11-29 09:16:30,2024-12-01 00:38:25
556,674955bd9cefa,423,,2,1,254,1,2024-11-29 09:18:45,2024-11-29 19:31:51
557,6749663555f8d,424,,,,,0,2024-11-29 10:29:01,2024-11-29 10:29:01
558,67496bc9530b7,425,,2,1,238,1,2024-11-29 10:52:49,2024-11-29 12:13:34
559,67496c266b100,426,,,,,0,2024-11-29 10:54:22,2024-11-29 10:54:22
560,67496db0725a2,427,,2,1,239,0,2024-11-29 11:00:56,2024-11-29 11:04:36
561,674975612d4bd,428,,2,1,240,0,2024-11-29 11:33:45,2024-11-29 11:37:53
562,674975d097229,429,,2,1,,0,2024-11-29 11:35:36,2024-11-29 11:37:05
563,67497ba3cadb0,430,,,,,0,2024-11-29 12:00:27,2024-11-29 12:00:27
564,67497eb765de1,425,,2,1,238,0,2024-11-29 12:13:35,2024-11-29 13:09:33
565,67497ed1f38c6,431,,2,,,0,2024-11-29 12:14:01,2024-11-29 12:14:28
566,6749812736106,432,,2,1,241,0,2024-11-29 12:23:59,2024-11-29 12:28:23
567,67498d2bd4ad7,433,,2,1,242,1,2024-11-29 13:15:15,2024-11-29 13:19:58
568,67498e46d7160,433,,2,1,242,1,2024-11-29 13:19:58,2024-12-22 09:15:09
569,674990f4278ea,434,,2,1,243,0,2024-11-29 13:31:24,2024-11-29 13:36:30
570,674992ecc7879,435,,,,,0,2024-11-29 13:39:48,2024-11-29 13:39:48
571,67499b08a9045,436,,2,2,244,1,2024-11-29 14:14:24,2024-11-29 20:20:07
572,67499f5c12c1c,437,,2,1,245,0,2024-11-29 14:32:52,2024-11-29 14:35:44
573,6749a04321e2c,438,,,,,0,2024-11-29 14:36:43,2024-11-29 14:36:43
574,6749a39751275,439,,2,,,0,2024-11-29 14:50:55,2024-11-29 14:51:21
575,6749ab26bc6a2,440,,2,1,246,0,2024-11-29 15:23:10,2024-11-29 15:30:04
576,6749b0df0d3f5,441,,,,,0,2024-11-29 15:47:35,2024-11-29 15:47:35
577,6749b67de642c,442,,1,1,248,0,2024-11-29 16:11:33,2024-11-29 16:19:12
578,6749b74183c1c,443,,2,2,249,0,2024-11-29 16:14:49,2024-11-29 16:17:57
579,6749bb00094af,444,,2,1,255,1,2024-11-29 16:30:48,2024-11-29 20:09:33
580,6749c27e2aa9c,445,,2,1,251,1,2024-11-29 17:02:46,2024-11-29 17:50:25
581,6749c6857b08c,446,,2,1,250,0,2024-11-29 17:19:57,2024-11-29 17:22:05
582,6749c70c1973c,447,,,,,0,2024-11-29 17:22:12,2024-11-29 17:22:12
583,6749c9600ab7e,449,,2,1,256,0,2024-11-29 17:32:08,2024-11-29 20:21:42
584,6749cdab3db67,445,,,,,0,2024-11-29 17:50:27,2024-11-29 17:50:27
585,6749ce899fac7,450,,,,,0,2024-11-29 17:54:09,2024-11-29 17:54:09
586,6749d4418ddab,451,,,,,0,2024-11-29 18:18:33,2024-11-29 18:18:33
587,6749d46a48694,452,,2,1,252,0,2024-11-29 18:19:14,2024-11-29 18:22:15
588,6749d59a03445,453,,2,1,260,0,2024-11-29 18:24:18,2024-11-30 02:18:36
589,6749dcd9c605b,401,,,,,0,2024-11-29 18:55:13,2024-11-29 18:55:13
590,6749dd3089f16,454,,2,,,0,2024-11-29 18:56:40,2024-11-29 18:58:02
591,6749e0810ee49,455,,2,1,,0,2024-11-29 19:10:49,2024-11-29 19:13:40
592,6749e31e2a3c1,456,,2,,,0,2024-11-29 19:21:58,2024-11-29 19:22:08
593,6749e53d39a34,457,,2,1,292,1,2024-11-29 19:31:01,2024-12-10 21:43:53
594,6749e570af31b,423,,,,,0,2024-11-29 19:31:52,2024-11-29 19:31:52
595,6749ee4d2cd01,444,,,,,0,2024-11-29 20:09:41,2024-11-29 20:09:41
596,6749f0bfe909c,436,,,,,0,2024-11-29 20:20:07,2024-11-29 20:20:07
597,6749f2a7bac3e,458,,2,1,257,1,2024-11-29 20:28:15,2024-11-29 20:39:23
598,6749f5442679a,458,,,,,0,2024-11-29 20:39:24,2024-11-29 20:39:24
599,6749fb2c5565e,459,,2,1,258,0,2024-11-29 21:04:36,2024-11-29 22:00:47
600,6749fbbb48b89,379,,2,1,224,1,2024-11-29 21:06:59,2025-05-08 18:18:23
601,674a02642f2fc,460,,,,,0,2024-11-29 21:35:24,2024-11-29 21:35:24
602,674a04d7d9416,461,,,,,0,2024-11-29 21:45:51,2024-11-29 21:45:51
603,674a05fde8fad,396,,,,,0,2024-11-29 21:50:45,2024-11-29 21:50:45
604,674a13ee9606a,462,,,,,0,2024-11-29 22:50:14,2024-11-29 22:50:14
605,674a146e245ec,463,,2,2,259,0,2024-11-29 22:52:22,2024-11-29 22:54:21
606,674a1ec1192ba,466,,,,,0,2024-11-29 23:36:25,2024-11-29 23:36:25
607,674a40547339e,467,,2,,,0,2024-11-30 01:59:40,2024-11-30 02:03:11
608,674aa4893c7f3,388,,,,,0,2024-11-30 09:07:13,2024-11-30 09:07:13
609,674ab6a66cb94,468,,,,,0,2024-11-30 10:24:30,2024-11-30 10:24:30
610,674aca057c6d6,54,,,,,0,2024-11-30 11:47:09,2024-11-30 11:47:09
611,674ada468738a,469,,2,1,262,1,2024-11-30 12:56:30,2024-11-30 13:02:28
612,674adbad28e0c,469,,2,1,262,1,2024-11-30 13:02:29,2025-07-05 23:07:35
613,674b070ce23ee,470,,,,,0,2024-11-30 16:07:32,2024-11-30 16:07:32
614,674b08565d585,471,,2,,,0,2024-11-30 16:13:02,2024-11-30 16:13:15
615,674b21545b0c6,472,,2,,,0,2024-11-30 17:59:40,2024-11-30 18:24:24
616,674b24bace546,219,,2,1,190,1,2024-11-30 18:14:10,2024-12-18 22:40:25
617,674b43b7908e4,473,,2,2,,0,2024-11-30 20:26:23,2024-11-30 20:27:51
618,674b4b68b69ab,474,,2,1,264,0,2024-11-30 20:59:12,2024-12-20 14:01:53
619,674b619b84e16,475,,2,1,272,1,2024-11-30 22:33:55,2024-12-03 13:47:29
620,674b6dd3e64e1,476,,,,,0,2024-11-30 23:26:03,2024-11-30 23:26:03
621,674b6dd6e7139,477,,,,,0,2024-11-30 23:26:06,2024-11-30 23:26:06
622,674b7eca12b6f,422,,,,,0,2024-12-01 00:38:26,2024-12-01 00:38:26
623,674ba153ef749,478,,,,,0,2024-12-01 03:05:47,2024-12-01 03:05:47
624,674bf99d61681,479,,2,,,0,2024-12-01 09:22:29,2024-12-01 09:22:54
625,674c39bc89a52,480,,2,,,0,2024-12-01 13:56:04,2024-12-01 13:56:22
626,674c449c0ea61,481,,2,2,265,1,2024-12-01 14:42:28,2024-12-01 14:51:01
627,674c469dea4af,481,,,,,0,2024-12-01 14:51:01,2024-12-01 14:51:01
628,674c4c030b46e,482,,2,2,269,1,2024-12-01 15:14:03,2024-12-01 20:14:16
629,674c4e0431960,419,,2,2,266,1,2024-12-01 15:22:36,2025-01-24 00:13:01
630,674c4fcfa22da,483,,2,1,267,0,2024-12-01 15:30:15,2024-12-01 15:35:04
631,674c52e6ac7a8,484,,2,1,268,0,2024-12-01 15:43:26,2024-12-01 15:54:54
632,674c6a4d53516,394,,,,,0,2024-12-01 17:23:17,2024-12-01 17:23:17
633,674c9261ed135,482,,2,2,269,0,2024-12-01 20:14:17,2025-02-02 20:48:33
634,674cabb88bcf3,485,,,,,0,2024-12-01 22:02:24,2024-12-01 22:02:24
635,674cc731a8f69,486,,2,2,270,0,2024-12-01 23:59:37,2024-12-02 00:02:28
636,674ccbd1b68a7,487,,,,,0,2024-12-02 00:19:21,2024-12-02 00:19:21
637,674d172eea9d6,488,,2,1,271,1,2024-12-02 05:40:54,2024-12-02 16:10:08
638,674d45138ed65,489,,2,1,,0,2024-12-02 08:56:43,2024-12-02 08:58:24
639,674da353ee947,490,,2,,,0,2024-12-02 15:38:51,2024-12-02 15:42:01
640,674daaa912d7a,488,,,,,0,2024-12-02 16:10:09,2024-12-02 16:10:09
641,674dd2aac06ac,491,,,,,0,2024-12-02 19:00:50,2024-12-02 19:00:50
642,674dd74c42b13,492,,2,,,0,2024-12-02 19:20:36,2024-12-02 19:20:45
643,674dfa975c2d5,493,,,,,0,2024-12-02 21:51:11,2024-12-02 21:51:11
644,674e079b450a1,494,,2,1,327,1,2024-12-02 22:46:43,2024-12-27 10:12:06
645,674e1d4fe9a16,495,,2,,,0,2024-12-03 00:19:19,2024-12-03 00:19:53
646,674e712c76d7a,496,,2,1,273,0,2024-12-03 06:17:08,2024-12-03 06:19:51
647,674ecc3e6ce4b,498,,2,2,274,0,2024-12-03 12:45:42,2024-12-03 12:51:52
648,674edabb2b8be,475,,,,,0,2024-12-03 13:47:31,2024-12-03 13:47:31
649,674f1d63e7bf1,499,2,2,1,275,0,2024-12-03 18:31:55,2024-12-03 18:37:37
650,674f64b12c8d5,500,,1,1,276,1,2024-12-03 23:36:09,2024-12-05 23:39:37
651,674f68a199728,501,,2,1,277,0,2024-12-03 23:52:57,2024-12-04 00:00:16
652,674f8496813b3,305,,,,,0,2024-12-04 01:52:14,2024-12-04 01:52:14
653,6750b6b51828a,503,,,,,0,2024-12-04 23:38:21,2024-12-04 23:38:21
654,6750e3f70e2d8,504,,2,1,280,1,2024-12-05 02:51:27,2024-12-07 01:59:48
655,675148d74d79d,505,,,,,0,2024-12-05 10:01:51,2024-12-05 10:01:51
656,67515da818871,506,,,1,,0,2024-12-05 11:30:40,2024-12-05 11:32:53
657,6751cdf4a29f0,507,,2,1,,0,2024-12-05 19:29:48,2024-12-05 19:30:56
658,6752088c3d827,500,,2,1,276,0,2024-12-05 23:39:48,2024-12-17 07:15:00
659,675227026c7a6,509,,2,,,0,2024-12-06 01:49:46,2024-12-06 01:50:04
660,67530aa9067b0,510,,2,2,282,1,2024-12-06 18:01:05,2024-12-10 10:18:57
661,67533d3dce05d,415,,2,2,281,1,2024-12-06 21:36:53,2024-12-07 12:34:00
662,67537addeae25,504,,,,,0,2024-12-07 01:59:49,2024-12-07 01:59:49
663,67538eb722ac8,335,,,,,0,2024-12-07 03:24:31,2024-12-07 03:24:31
664,67540f8228427,415,,2,2,614,1,2024-12-07 12:34:02,2025-10-27 11:59:48
665,6755680d9a257,511,,2,2,283,0,2024-12-08 13:04:05,2024-12-08 13:14:55
666,67559cde832ac,512,,,,,0,2024-12-08 16:49:26,2024-12-08 16:49:26
667,6755d25652806,513,,2,2,284,1,2024-12-08 20:37:34,2024-12-08 20:51:20
668,6755d590d4f01,513,,,,,0,2024-12-08 20:51:20,2024-12-08 20:51:20
669,6755f38f9f572,514,,2,1,286,1,2024-12-08 22:59:19,2024-12-09 00:29:26
670,675607ae08f8c,515,,,,,0,2024-12-09 00:25:10,2024-12-09 00:25:10
671,675608501b30d,516,,2,2,287,1,2024-12-09 00:27:52,2024-12-09 00:33:54
672,675608afa4de1,514,,,,,0,2024-12-09 00:29:27,2024-12-09 00:29:27
673,675609bbce9b0,516,,2,2,287,1,2024-12-09 00:33:55,2025-01-03 16:48:33
674,6756a03dc23e3,517,,2,2,291,1,2024-12-09 11:16:05,2024-12-10 13:09:49
675,675736b4b3262,518,,2,1,288,1,2024-12-09 21:58:04,2024-12-09 22:04:03
676,675738208c050,518,,,,,0,2024-12-09 22:04:08,2024-12-09 22:04:08
677,67573aa5a0f13,519,,,,,0,2024-12-09 22:14:53,2024-12-09 22:14:53
678,67576687c1f6d,521,,,,,0,2024-12-10 01:22:07,2024-12-10 01:22:07
679,6757682dcae5e,522,,2,1,289,1,2024-12-10 01:29:09,2024-12-10 01:33:24
680,6757692d26854,522,,,,,0,2024-12-10 01:33:25,2024-12-10 01:33:25
681,6757aa285501c,523,,2,1,290,1,2024-12-10 06:10:40,2024-12-10 06:22:01
682,6757acd2465a7,523,,2,1,290,1,2024-12-10 06:22:02,2024-12-21 03:28:34
683,6757e21601255,524,,2,,,0,2024-12-10 10:09:18,2024-12-10 10:11:58
684,6757e45a69bfd,510,4,2,2,282,0,2024-12-10 10:18:58,2025-08-05 22:10:30
685,67580c6602b27,517,,,,,0,2024-12-10 13:09:50,2024-12-10 13:09:50
686,675884e1c28a6,457,,,,,0,2024-12-10 21:43:53,2024-12-10 21:43:53
687,6758a7e099720,525,,,,,0,2024-12-11 00:13:12,2024-12-11 00:13:12
688,6759ed1f0efbb,526,,,,,0,2024-12-11 23:20:55,2024-12-11 23:20:55
689,675a3762d9635,527,,2,1,,0,2024-12-12 04:37:46,2024-12-12 04:39:00
690,675b1749db0a3,528,,,1,,0,2024-12-12 20:33:05,2024-12-12 20:34:19
691,675c61f7ddaef,529,,1,1,293,1,2024-12-13 20:03:59,2024-12-13 20:14:58
692,675c648ae71b4,529,,3,1,622,1,2024-12-13 20:14:58,2025-11-09 15:23:45
693,675c8be9489bf,530,,2,1,294,0,2024-12-13 23:02:57,2024-12-13 23:05:41
694,675f3a645cedf,531,,1,2,295,0,2024-12-15 23:51:56,2024-12-16 00:04:43
695,675f5162c563a,532,,1,2,299,1,2024-12-16 01:30:02,2024-12-17 01:07:57
696,675f58324734a,533,,1,1,297,1,2024-12-16 01:59:06,2024-12-16 09:48:52
697,675fc64ee6881,533,,,,,0,2024-12-16 09:48:54,2024-12-16 09:48:54
698,675ffd596a311,536,,2,1,298,0,2024-12-16 13:43:45,2024-12-16 13:46:40
699,67605d86e5244,537,,2,2,300,0,2024-12-16 20:34:06,2024-12-16 20:36:26
700,67609db883dd3,532,,,,,0,2024-12-17 01:08:00,2024-12-17 01:08:00
701,6761160a5306e,539,,,,,0,2024-12-17 09:41:22,2024-12-17 09:41:22
702,67613466eb182,540,,2,2,383,0,2024-12-17 11:50:54,2025-01-18 19:00:24
703,67615041b3f54,541,,,,,0,2024-12-17 13:49:45,2024-12-17 13:49:45
704,6762a06191ec8,542,,1,1,302,1,2024-12-18 13:43:53,2025-02-13 19:54:50
705,6762adcba5063,215,,3,1,117,1,2024-12-18 14:41:07,2025-10-08 17:59:14
706,67631e2200691,219,,2,1,511,1,2024-12-18 22:40:26,2025-07-07 13:56:58
707,67632287203ab,544,,1,1,446,0,2024-12-18 22:59:11,2025-03-10 16:43:13
708,6763cd9f53900,545,,2,1,303,1,2024-12-19 11:09:11,2024-12-19 11:13:36
709,6763cea96beb2,545,,2,1,303,1,2024-12-19 11:13:37,2024-12-19 15:24:50
710,6763f1609ea39,546,,2,1,304,1,2024-12-19 13:41:44,2024-12-19 13:47:58
711,6763f2d8187ea,546,,,,,0,2024-12-19 13:48:00,2024-12-19 13:48:00
712,6763f30d0f30b,547,,1,1,305,1,2024-12-19 13:48:53,2024-12-19 14:17:24
713,6763f9be3c647,547,,,,,0,2024-12-19 14:17:26,2024-12-19 14:17:26
714,6764007c0910f,362,,2,1,215,1,2024-12-19 14:46:12,2025-05-06 15:13:56
715,6764098b6be5b,545,,2,1,303,1,2024-12-19 15:24:51,2025-03-13 12:09:16
716,676426e937b5c,548,,2,1,306,1,2024-12-19 17:30:09,2024-12-19 17:46:44
717,67642ace30d93,548,4,2,1,555,1,2024-12-19 17:46:46,2025-08-11 22:09:36
718,67644de74b881,550,,2,1,,0,2024-12-19 20:16:31,2025-03-31 11:16:17
719,676475fa81373,551,,2,1,307,1,2024-12-19 23:07:30,2024-12-19 23:11:26
720,676476e717234,551,,2,1,307,1,2024-12-19 23:11:27,2024-12-19 23:22:27
721,676478eb4613c,552,,,,,0,2024-12-19 23:20:03,2024-12-19 23:20:03
722,6764797cc0d0b,551,4,,,,0,2024-12-19 23:22:28,2025-08-05 03:46:20
723,67647d262de6d,553,,1,1,379,1,2024-12-19 23:38:06,2025-01-17 20:41:50
724,6764c07108309,554,,2,2,,0,2024-12-20 04:25:13,2024-12-22 21:39:31
725,67652f7725984,555,,,,,0,2024-12-20 12:18:55,2024-12-20 12:18:55
726,67653eea4fb42,556,,2,,,0,2024-12-20 13:24:50,2024-12-20 13:27:12
727,67656987e237f,188,,2,2,103,1,2024-12-20 16:26:39,2025-04-18 22:55:49
728,6765728f0ea3c,173,,2,2,94,1,2024-12-20 17:05:11,2025-03-13 18:03:40
729,6765b478a3965,254,,1,2,308,1,2024-12-20 21:46:24,2025-02-13 17:28:57
730,6765b72c48025,557,,2,1,310,1,2024-12-20 21:57:56,2024-12-21 16:25:58
731,676604abb6f31,523,,2,1,290,1,2024-12-21 03:28:35,2025-04-15 13:40:06
732,676650b23c9b6,558,,1,1,311,1,2024-12-21 08:52:58,2024-12-21 09:16:45
733,67665645b1b15,558,,,,,0,2024-12-21 09:16:45,2024-12-21 09:16:45
734,6766638ca5bcd,559,,2,2,312,1,2024-12-21 10:13:24,2024-12-21 11:32:03
735,676675fce4e66,559,,2,2,312,1,2024-12-21 11:32:04,2024-12-21 12:49:57
736,6766883f1b2c9,559,,,,,0,2024-12-21 12:49:59,2024-12-21 12:49:59
737,6766a26000a75,560,,1,1,313,1,2024-12-21 14:41:28,2024-12-21 14:48:38
738,6766a413e6c00,560,,3,1,313,1,2024-12-21 14:48:43,2025-07-07 14:34:05
739,6766a71f21fc7,561,,2,2,314,1,2024-12-21 15:01:43,2024-12-21 15:04:30
740,6766a7c785b7b,561,,,,,0,2024-12-21 15:04:31,2024-12-21 15:04:31
741,6766badf93333,557,,,,,0,2024-12-21 16:25:59,2024-12-21 16:25:59
742,6767a2507d0d9,562,,,,,0,2024-12-22 08:53:28,2024-12-22 08:53:28
743,6767a766355be,433,,,,,0,2024-12-22 09:15:10,2024-12-22 09:15:10
744,6767faf7d0aea,563,,2,2,315,0,2024-12-22 15:11:43,2024-12-22 15:16:15
745,676831a705c17,564,,2,1,316,1,2024-12-22 19:05:03,2024-12-22 22:32:21
746,676847a148f6c,565,,2,2,317,1,2024-12-22 20:38:49,2024-12-22 20:56:43
747,67684bd4793b9,565,,,,,0,2024-12-22 20:56:44,2024-12-22 20:56:44
748,67684cd59aca3,283,,2,2,159,1,2024-12-22 21:01:01,2025-03-13 13:38:39
749,67685a33354eb,166,,1,1,113,1,2024-12-22 21:58:03,2024-12-31 16:39:20
750,6768623ecd5c1,564,,,,,0,2024-12-22 22:32:22,2024-12-22 22:32:22
751,6769203e3dcaf,566,,2,1,375,1,2024-12-23 12:03:02,2025-01-16 09:55:31
752,6769439f9ea9b,567,,1,1,318,1,2024-12-23 14:33:59,2024-12-23 14:46:13
753,6769467e5e294,567,,,,,0,2024-12-23 14:46:14,2024-12-23 14:46:14
754,67695f85856ec,274,4,2,2,154,1,2024-12-23 16:33:01,2025-08-05 16:43:00
755,6769c8010800b,568,,2,2,319,0,2024-12-23 23:58:49,2024-12-24 00:12:04
756,6769ca011d916,569,,2,1,328,1,2024-12-24 00:07:21,2024-12-27 15:54:13
757,6769d930b3307,570,,,,,0,2024-12-24 01:12:08,2024-12-24 01:12:08
758,6769e6e47c6d0,571,,2,1,320,0,2024-12-24 02:10:36,2024-12-24 02:12:53
759,6769efb500dd0,179,,,,,0,2024-12-24 02:48:13,2024-12-24 02:48:13
760,676a8e2020d42,572,,2,2,,0,2024-12-24 14:04:08,2024-12-24 14:06:25
761,676aa50894e0a,573,,2,1,322,0,2024-12-24 15:41:52,2024-12-24 17:13:04
762,676ab9e9069a8,574,,2,2,342,1,2024-12-24 17:10:57,2025-01-01 13:28:52
763,676ac170b413b,575,,2,2,323,1,2024-12-24 17:43:04,2024-12-24 18:48:16
764,676ad0b977c5d,575,,,,,0,2024-12-24 18:48:17,2024-12-24 18:48:17
765,676ae1dac4688,576,,1,1,384,1,2024-12-24 20:01:22,2025-01-18 22:47:35
766,676af561681be,577,,,,,0,2024-12-24 21:24:41,2024-12-24 21:24:41
767,676afd5135058,578,,1,1,339,1,2024-12-24 21:58:33,2024-12-30 22:48:12
768,676b0ba38e9ec,581,,,,,0,2024-12-24 22:59:39,2024-12-24 22:59:39
769,676b2cacc664c,582,,2,1,326,0,2024-12-25 01:20:36,2024-12-25 23:30:34
770,676b2cf845761,345,,,,,0,2024-12-25 01:21:52,2024-12-25 01:21:52
771,676be021d42e5,583,,,,,0,2024-12-25 14:06:17,2024-12-25 14:06:17
772,676bffbd014ef,169,,,,,0,2024-12-25 16:21:09,2024-12-25 16:21:09
773,676c5de9ddbf4,584,,2,1,325,1,2024-12-25 23:02:57,2024-12-26 00:38:07
774,676c743917ad6,584,,,,,0,2024-12-26 00:38:09,2024-12-26 00:38:09
775,676d408ce6c54,585,,,,,0,2024-12-26 15:09:56,2024-12-26 15:09:56
776,676dec992bb45,586,,,,,0,2024-12-27 03:24:01,2024-12-27 03:24:01
777,676e4c4429ce3,494,,2,1,327,1,2024-12-27 10:12:12,2025-07-25 23:20:18
778,676e9c6ee5e5b,569,,2,1,328,1,2024-12-27 15:54:14,2025-11-10 12:04:13
779,676ea975e31e0,588,,2,1,329,1,2024-12-27 16:49:49,2024-12-27 16:52:50
780,676eaa2b3c417,588,,2,1,329,1,2024-12-27 16:52:51,2025-01-01 22:45:27
781,676eada932c43,589,,2,1,330,1,2024-12-27 17:07:45,2024-12-27 17:12:05
782,676eaeaea3c56,589,,,,,0,2024-12-27 17:12:06,2024-12-27 17:12:06
783,676ebf55d022b,590,,2,1,,0,2024-12-27 18:23:09,2025-01-14 20:09:35
784,676ef8644d2fb,591,,1,1,331,1,2024-12-27 22:26:36,2024-12-27 22:31:42
785,676ef99698544,591,,,,,0,2024-12-27 22:31:42,2024-12-27 22:31:42
786,676fc709f09d4,592,,2,1,370,1,2024-12-28 13:08:17,2025-01-14 16:47:01
787,676fd3e50e453,593,,2,2,332,1,2024-12-28 14:03:09,2024-12-28 14:26:25
788,676fd95aba162,593,,,,,0,2024-12-28 14:26:26,2024-12-28 14:26:26
789,67704322b8653,594,,2,1,,0,2024-12-28 21:57:46,2024-12-28 21:58:11
790,67715d061467f,595,,,,,0,2024-12-29 18:00:30,2024-12-29 18:00:30
791,67715de0b7d95,596,,2,2,,0,2024-12-29 18:04:08,2024-12-29 18:04:58
792,67718499d9532,598,,1,1,334,1,2024-12-29 20:49:21,2024-12-29 22:16:26
793,67718a18810dc,599,,2,1,333,0,2024-12-29 21:12:48,2024-12-29 21:16:11
794,67719907c6107,598,,,,,0,2024-12-29 22:16:31,2024-12-29 22:16:31
795,6771afda58c32,151,,2,1,83,1,2024-12-29 23:53:54,2025-07-04 15:03:04
796,6771ce919ac0c,600,,2,2,347,1,2024-12-30 02:04:57,2025-01-05 20:55:40
797,67725ed22d1fe,601,,1,2,336,1,2024-12-30 12:20:26,2024-12-30 12:28:44
798,677260c57a9d1,601,,,,,0,2024-12-30 12:28:45,2024-12-30 12:28:45
799,6772669ae44f3,602,,2,1,337,1,2024-12-30 12:53:38,2024-12-30 12:57:55
800,6772679fb3897,602,,,,,0,2024-12-30 12:57:59,2024-12-30 12:57:59
801,6772b795a3357,603,,2,1,353,0,2024-12-30 18:39:09,2025-01-06 13:46:42
802,6772cf5086641,604,,2,1,338,1,2024-12-30 20:20:24,2024-12-30 20:26:47
803,6772d0d6aba6e,604,,,,,0,2024-12-30 20:26:54,2024-12-30 20:26:54
804,6772f1f606879,578,,,,,0,2024-12-30 22:48:14,2024-12-30 22:48:14
805,6773197f433d2,605,,,,,0,2024-12-31 01:36:55,2024-12-31 01:36:55
806,677319d65ea21,606,,2,2,557,1,2024-12-31 01:38:22,2025-08-17 10:41:23
807,6773a1b9e697f,607,,2,1,376,1,2024-12-31 11:18:09,2025-01-16 21:47:45
808,6773ed0202e09,166,,2,2,92,1,2024-12-31 16:39:22,2025-03-23 12:44:42
809,67743439319df,608,,2,1,341,1,2024-12-31 21:43:13,2024-12-31 21:47:54
810,6774355373963,608,,2,1,341,1,2024-12-31 21:47:55,2025-03-31 15:47:28
811,67743c6650de7,609,,,,,0,2024-12-31 22:18:06,2024-12-31 22:18:06
812,6774f474b7f1e,310,,2,1,178,1,2025-01-01 11:23:24,2025-01-05 11:41:21
813,677511dd7c617,574,,,,,0,2025-01-01 13:28:53,2025-01-01 13:28:53
814,677546aa298f6,610,,1,1,343,1,2025-01-01 17:14:10,2025-01-02 07:08:45
815,67757752e728b,611,,,,,0,2025-01-01 20:41:46,2025-01-01 20:41:46
816,6775945054263,588,,,,,0,2025-01-01 22:45:28,2025-01-01 22:45:28
817,67760a45ab273,610,,1,1,343,1,2025-01-02 07:08:45,2025-01-11 13:07:54
818,67766ae8a98e7,612,,2,1,351,1,2025-01-02 14:01:04,2025-01-06 11:08:00
819,6777e3aab109a,516,,,,,0,2025-01-03 16:48:34,2025-01-03 16:48:34
820,67786eafcea91,613,,1,1,344,1,2025-01-04 02:41:43,2025-01-04 02:46:39
821,67786fd93f34d,613,,,,,0,2025-01-04 02:46:41,2025-01-04 02:46:41
822,6778b9d9988f4,614,,2,,,0,2025-01-04 08:02:25,2025-01-04 08:02:43
823,6779692c81bba,615,,2,2,,0,2025-01-04 20:30:28,2025-01-04 20:33:29
824,6779c33922adf,617,,2,1,346,1,2025-01-05 02:54:41,2025-01-05 03:15:07
825,6779c435cce98,618,,2,,,0,2025-01-05 02:58:53,2025-01-05 02:59:49
826,6779c804c7679,617,,,,,0,2025-01-05 03:15:08,2025-01-05 03:15:08
827,677a3eaa948dc,310,,,,,0,2025-01-05 11:41:22,2025-01-05 11:41:22
828,677a82e9b08ea,619,,2,1,506,0,2025-01-05 16:32:33,2025-08-20 16:54:27
829,677aa2d26069b,620,,2,1,348,1,2025-01-05 18:48:42,2025-01-05 21:40:04
830,677abd92c3d7a,621,,2,1,,0,2025-01-05 20:42:50,2025-01-05 20:43:28
831,677ac09585b56,600,,,,,0,2025-01-05 20:55:41,2025-01-05 20:55:41
832,677acafe7d134,620,,2,1,348,1,2025-01-05 21:40:06,2025-01-08 17:06:58
833,677acb4e09fde,318,,,,,0,2025-01-05 21:41:26,2025-01-05 21:41:26
834,677ae22a58136,622,,1,1,350,1,2025-01-05 23:18:58,2025-01-05 23:34:26
835,677ae5cbd8247,622,,,,,0,2025-01-05 23:34:27,2025-01-05 23:34:27
836,677aefe968649,197,,2,2,106,1,2025-01-06 00:17:37,2025-01-06 01:01:51
837,677afa486208a,197,,2,2,106,1,2025-01-06 01:01:52,2025-05-26 10:38:01
838,677b8859d3d10,612,,2,1,351,1,2025-01-06 11:08:01,2025-04-01 17:36:38
839,677b905762e3a,624,,2,1,352,1,2025-01-06 11:42:07,2025-01-06 12:06:48
840,677b9624c76e7,624,,2,1,352,1,2025-01-06 12:06:52,2025-01-15 21:22:15
841,677c2441aba0f,626,,2,2,458,1,2025-01-06 22:13:13,2025-03-15 19:56:22
842,677d096abf76c,627,,2,1,354,1,2025-01-07 14:30:58,2025-01-07 14:33:57
843,677d0a1ee928d,627,,,,,0,2025-01-07 14:33:58,2025-01-07 14:33:58
844,677d60430be0f,628,,2,2,355,1,2025-01-07 20:41:31,2025-01-07 20:51:17
845,677d62913d08c,628,,,,,0,2025-01-07 20:51:21,2025-01-07 20:51:21
846,677d9346a4f26,191,,2,2,110,1,2025-01-08 00:19:10,2025-07-15 14:59:18
847,677e321775db0,629,,2,2,356,1,2025-01-08 11:36:47,2025-01-08 11:41:23
848,677e332cdf7f5,629,,,,,0,2025-01-08 11:41:24,2025-01-08 11:41:24
849,677e7f7b2eea0,620,,2,2,348,1,2025-01-08 17:06:59,2025-09-19 21:55:38
850,677f99cfd909f,630,,,,,0,2025-01-09 13:11:35,2025-01-09 13:11:35
851,677fa5c63c4a1,631,,,,,0,2025-01-09 14:02:38,2025-01-09 14:02:38
852,677fbd86e4179,144,,1,2,79,1,2025-01-09 15:43:58,2025-02-15 12:15:01
853,677fcbcaab67d,632,,2,1,366,0,2025-01-09 16:44:50,2025-01-12 08:02:44
854,677fe33d0292f,633,,2,1,357,0,2025-01-09 18:24:53,2025-01-09 19:36:46
855,67803258e36f4,634,,2,1,358,1,2025-01-10 00:02:24,2025-01-10 00:47:39
856,67803a9561562,635,,2,2,359,1,2025-01-10 00:37:33,2025-01-10 00:51:22
857,67803cf4080da,634,,2,1,377,0,2025-01-10 00:47:40,2025-01-16 17:34:13
858,67803dd358440,635,,,,,0,2025-01-10 00:51:23,2025-01-10 00:51:23
859,678049b4dcb05,636,,2,2,,0,2025-01-10 01:42:04,2025-01-10 01:43:21
860,6780b2244f690,637,,1,2,420,1,2025-01-10 09:07:40,2025-02-13 20:39:51
861,6780fbb3179ce,638,,,,,0,2025-01-10 14:21:31,2025-01-10 14:21:31
862,678134403c529,639,,2,1,362,1,2025-01-10 18:22:48,2025-01-10 21:44:41
863,67816391ec544,639,,,,,0,2025-01-10 21:44:41,2025-01-10 21:44:41
864,678192fa9987a,640,,2,1,363,1,2025-01-11 01:06:58,2025-01-11 01:17:19
865,6781957597fcd,640,,,,,0,2025-01-11 01:17:33,2025-01-11 01:17:33
866,6781a60650148,641,,2,1,364,1,2025-01-11 02:28:14,2025-01-11 02:32:25
867,6781a702b3b7e,641,,,,,0,2025-01-11 02:32:26,2025-01-11 02:32:26
868,67822b40db017,642,,,,,0,2025-01-11 11:56:40,2025-01-11 11:56:40
869,67823bf393a6d,610,,2,1,343,1,2025-01-11 13:07:55,2025-01-30 15:46:28
870,67824ff661b92,643,,2,2,365,1,2025-01-11 14:33:18,2025-01-11 16:53:34
871,678270d753c1b,643,,2,1,365,1,2025-01-11 16:53:35,2025-01-14 17:56:44
872,6782c3766ea5e,644,,,,,0,2025-01-11 22:46:06,2025-01-11 22:46:06
873,6782e071bf5c8,645,,,,,0,2025-01-12 00:49:45,2025-01-12 00:49:45
874,6784163bd321d,646,,,,,0,2025-01-12 22:51:31,2025-01-12 22:51:31
875,678503b371356,351,,,,,0,2025-01-13 15:44:43,2025-01-13 15:44:43
876,67850c7314091,647,,2,1,368,1,2025-01-13 16:22:03,2025-01-13 16:36:15
877,67850fcbc4f07,647,,2,1,492,1,2025-01-13 16:36:19,2025-05-10 23:59:04
878,67865c26b56ec,648,,2,1,369,1,2025-01-14 16:14:22,2025-01-14 16:40:37
879,6786624f0e9ca,648,,,,,0,2025-01-14 16:40:39,2025-01-14 16:40:39
880,678663cf2c697,592,,,,,0,2025-01-14 16:47:03,2025-01-14 16:47:03
881,6786742510291,643,,,,,0,2025-01-14 17:56:45,2025-01-14 17:56:45
882,678695fbf0efa,649,,2,1,371,1,2025-01-14 20:21:07,2025-01-14 23:33:27
883,6786c3100d753,649,,,,371,0,2025-01-14 23:33:28,2025-11-09 13:34:02
884,6787bf489fac4,651,,,1,,0,2025-01-15 17:29:36,2025-01-15 17:31:07
885,6787c640c1454,653,,1,2,372,1,2025-01-15 17:59:20,2025-01-15 18:23:11
886,6787cbd836f9c,653,,,,,0,2025-01-15 18:23:12,2025-01-15 18:23:12
887,6787f5d01abe1,624,,,,,0,2025-01-15 21:22:16,2025-01-15 21:22:16
888,678805030402c,650,,2,1,373,1,2025-01-15 22:27:07,2025-01-15 22:37:40
889,6788077ee6ec7,650,,,,,0,2025-01-15 22:37:42,2025-01-15 22:37:42
890,6788128c0055e,654,,1,2,374,1,2025-01-15 23:24:52,2025-01-15 23:33:43
891,678814a0e8281,654,,1,2,374,1,2025-01-15 23:33:44,2025-01-16 16:06:45
892,6788a65c7a86e,566,,,,,0,2025-01-16 09:55:32,2025-01-16 09:55:32
893,6788fd5e36844,654,,,,,0,2025-01-16 16:06:46,2025-01-16 16:06:46
894,67894d4dc7e32,607,,,,,0,2025-01-16 21:47:49,2025-01-16 21:47:49
895,678a593a37571,655,,1,1,378,1,2025-01-17 16:50:58,2025-01-17 18:08:58
896,678a6b82e7df3,655,,,,,0,2025-01-17 18:08:58,2025-01-17 18:08:58
897,678a7a03b63bf,656,,2,,,0,2025-01-17 19:10:51,2025-01-17 19:15:24
898,678a8f57cb168,553,,1,1,379,1,2025-01-17 20:41:51,2025-01-31 17:25:40
899,678ab0adc4dbe,657,,2,2,380,0,2025-01-17 23:04:05,2025-01-17 23:12:04
900,678b6e0042fbb,658,,2,1,381,1,2025-01-18 12:31:52,2025-01-18 13:14:59
901,678b781bd62ca,658,,,,,0,2025-01-18 13:14:59,2025-01-18 13:14:59
902,678b87864fe24,659,,2,1,382,1,2025-01-18 14:20:46,2025-01-18 14:37:12
903,678b8b6162599,659,,2,1,382,1,2025-01-18 14:37:13,2025-03-30 21:40:43
904,678bc9a70c45e,660,,,,,0,2025-01-18 19:02:55,2025-01-18 19:02:55
905,678bf089ae9fe,661,,2,,,0,2025-01-18 21:48:49,2025-01-31 01:32:44
906,678bfe50a2dbe,576,,1,1,384,1,2025-01-18 22:47:36,2025-02-13 16:38:51
907,678c15801784b,662,,2,,,0,2025-01-19 00:26:32,2025-01-19 00:26:51
908,678c228fef15f,663,,2,1,,0,2025-01-19 01:22:15,2025-02-03 19:45:29
909,678c40d1a4e57,664,,2,1,535,1,2025-01-19 03:31:21,2025-07-28 02:48:51
910,678c9f86bd19d,665,,,,,0,2025-01-19 10:15:26,2025-01-19 10:15:26
911,678d44b3539b4,666,,2,2,385,1,2025-01-19 22:00:11,2025-01-19 22:51:42
912,678d4d36b4395,667,,1,1,386,1,2025-01-19 22:36:30,2025-01-19 22:41:34
913,678d4e739f5ef,667,,,,,0,2025-01-19 22:41:47,2025-01-19 22:41:47
914,678d50c7dc838,666,,,,,0,2025-01-19 22:51:43,2025-01-19 22:51:43
915,678d525ff19f4,668,,2,2,387,1,2025-01-19 22:58:31,2025-01-19 23:01:56
916,678d532d9bd97,668,,,,,0,2025-01-19 23:01:57,2025-01-19 23:01:57
917,678d566c91204,669,,2,2,388,1,2025-01-19 23:15:48,2025-01-19 23:30:09
918,678d59c9e2025,669,,,,,0,2025-01-19 23:30:09,2025-01-19 23:30:09
919,678fa66ae8148,175,,2,1,97,1,2025-01-21 17:21:38,2025-05-17 14:11:46
920,678fbc4f96567,671,,1,1,390,1,2025-01-21 18:55:03,2025-01-22 01:10:02
921,678fe9f205447,672,,1,2,389,1,2025-01-21 22:09:46,2025-01-24 15:17:40
922,678ff94266458,673,,,,,0,2025-01-21 23:15:06,2025-01-21 23:15:06
923,67901433b4e0d,671,,,,,0,2025-01-22 01:10:03,2025-01-22 01:10:03
924,67903b198e66e,674,,2,2,391,1,2025-01-22 03:56:01,2025-01-22 04:02:50
925,67903cb2d368e,674,,2,,391,0,2025-01-22 04:02:50,2025-11-03 03:06:40
926,679091280eafb,675,,1,1,392,1,2025-01-22 10:03:12,2025-01-22 10:15:26
927,6790940b8fb08,675,,,,,0,2025-01-22 10:15:31,2025-01-22 10:15:31
928,679149bfb576a,677,,,,,0,2025-01-22 23:10:47,2025-01-22 23:10:47
929,6791595c38eb8,678,,,,,0,2025-01-23 00:17:24,2025-01-23 00:17:24
930,67918cd9377db,679,,,,,0,2025-01-23 03:57:05,2025-01-23 03:57:05
931,67924568864dc,680,,2,2,422,1,2025-01-23 17:04:32,2025-08-20 18:51:39
932,67928596b4831,681,,2,,,0,2025-01-23 21:38:22,2025-01-23 21:38:41
933,67928ace1db8f,682,,,,,0,2025-01-23 22:00:38,2025-01-23 22:00:38
934,67928f86c2dcc,683,,2,1,393,0,2025-01-23 22:20:46,2025-01-23 22:26:45
935,6792a9d6b6ea0,419,,,,,0,2025-01-24 00:13:02,2025-01-24 00:13:02
936,679372b25bb21,684,,2,2,394,0,2025-01-24 14:30:02,2025-01-24 14:32:46
937,67937ddd07333,672,,,,,0,2025-01-24 15:17:41,2025-01-24 15:17:41
938,6794c1c69575e,685,,2,1,395,0,2025-01-25 14:19:42,2025-01-25 14:23:16
939,679506d758c7c,686,,1,2,396,1,2025-01-25 19:14:23,2025-01-25 19:19:14
940,679507fb4cfa2,686,,,,,0,2025-01-25 19:19:15,2025-01-25 19:19:15
941,679537d5810b2,687,,2,1,397,1,2025-01-25 22:43:25,2025-01-25 22:48:47
942,6795391a94bd8,687,,,,,0,2025-01-25 22:48:50,2025-01-25 22:48:50
943,679555f898420,688,,2,1,399,1,2025-01-26 00:52:00,2025-01-26 01:07:55
944,679559b4e0a0e,688,,2,1,399,1,2025-01-26 01:07:56,2025-07-31 21:28:40
945,6796ccde73389,689,,2,2,407,1,2025-01-27 03:31:34,2025-01-28 12:22:00
946,6797649c0a6be,690,,,,,0,2025-01-27 14:19:00,2025-01-27 14:19:00
947,679766b15ee18,691,,1,1,400,0,2025-01-27 14:27:53,2025-01-27 14:32:52
948,6797820b87d4b,692,,2,1,401,1,2025-01-27 16:24:35,2025-01-28 01:04:56
949,67978d184d8b2,693,,2,1,402,0,2025-01-27 17:11:44,2025-01-27 18:45:42
950,6797a5510d046,694,,2,1,403,0,2025-01-27 18:55:05,2025-01-27 18:56:45
951,6797e9fa14c20,695,,2,1,404,1,2025-01-27 23:48:02,2025-01-28 00:02:39
952,6797ed6858fc6,695,,,,,0,2025-01-28 00:02:40,2025-01-28 00:02:40
953,6797f671e2f76,696,,2,1,405,0,2025-01-28 00:41:13,2025-04-25 00:01:38
954,6797fc020c9c5,692,,,,,0,2025-01-28 01:04:58,2025-01-28 01:04:58
955,679804800b80b,697,,1,1,406,1,2025-01-28 01:41:12,2025-01-29 12:26:43
956,67980a266fd06,698,,,,,0,2025-01-28 02:05:18,2025-01-28 02:05:18
957,67989ab1ccc0f,689,,,,,0,2025-01-28 12:22:01,2025-01-28 12:22:01
958,67990f7f91fc6,699,,2,1,408,1,2025-01-28 20:40:23,2025-01-28 20:45:33
959,679910bdbd8f5,699,,,,,0,2025-01-28 20:45:41,2025-01-28 20:45:41
960,6799db23399ea,700,,2,2,409,1,2025-01-29 11:09:15,2025-01-29 11:44:40
961,6799e37195ba5,700,,,,,0,2025-01-29 11:44:41,2025-01-29 11:44:41
962,6799ed501fc1b,697,,2,1,571,0,2025-01-29 12:26:48,2025-08-22 16:11:44
963,679a015bd438b,701,,,,,0,2025-01-29 13:52:19,2025-01-29 13:52:19
964,679a980b0c21e,702,,2,1,410,1,2025-01-30 00:35:15,2025-01-30 00:40:27
965,679a99445d992,702,,,,,0,2025-01-30 00:40:28,2025-01-30 00:40:28
966,679b11c0b84c8,703,,1,1,411,1,2025-01-30 09:14:32,2025-01-30 10:37:26
967,679b252f23246,703,,,,,0,2025-01-30 10:37:27,2025-01-30 10:37:27
968,679b53146c77c,704,,,,,0,2025-01-30 13:53:16,2025-01-30 13:53:16
969,679b6d9ce49b9,610,,1,1,430,0,2025-01-30 15:46:28,2025-02-17 09:49:52
970,679b729aa990e,705,,1,2,429,1,2025-01-30 16:07:46,2025-02-16 14:10:29
971,679b94d379a76,706,,,,,0,2025-01-30 18:33:47,2025-01-30 18:33:47
972,679bd73304fa4,707,,2,,,0,2025-01-30 23:16:59,2025-01-30 23:19:27
973,679cb73d6cde3,708,,2,1,412,0,2025-01-31 15:12:53,2025-01-31 15:16:24
974,679cd65e5b94c,553,,,,,0,2025-01-31 17:25:42,2025-01-31 17:25:42
975,679cd868db0b4,709,,2,1,625,1,2025-01-31 17:34:24,2025-11-11 21:49:02
976,679d5d7dbb927,710,,2,1,413,1,2025-02-01 03:02:13,2025-02-01 03:09:56
977,679d5f50bd75b,710,,,,,0,2025-02-01 03:10:00,2025-02-01 03:10:00
978,679de4d21cb5f,711,,1,1,414,1,2025-02-01 12:39:38,2025-02-02 01:11:39
979,679e95148b917,711,,,,,0,2025-02-02 01:11:40,2025-02-02 01:11:40
980,679e9cd745f85,712,,2,1,415,0,2025-02-02 01:44:47,2025-02-02 01:46:23
981,679fcb95225a3,713,,2,2,,0,2025-02-02 23:16:29,2025-02-02 23:18:10
982,67a0b333e1ca7,346,,,,,0,2025-02-03 15:44:43,2025-02-03 15:44:43
983,67a0c6861c4a9,338,,,,,0,2025-02-03 17:07:10,2025-02-03 17:07:10
984,67a0da570fd21,714,,1,1,417,1,2025-02-03 18:31:43,2025-02-03 18:49:58
985,67a0de9f7d346,714,,,,,0,2025-02-03 18:49:59,2025-02-03 18:49:59
986,67ab6ae0976b9,715,,1,1,419,1,2025-02-11 18:51:04,2025-02-13 04:37:26
987,67ac82fe0c1d7,12,,1,1,10,1,2025-02-12 14:46:14,2025-03-06 14:14:18
988,67acf72894306,716,,,,,0,2025-02-12 23:01:52,2025-02-12 23:01:52
989,67ad17209098b,717,,1,1,423,1,2025-02-13 01:18:16,2025-02-13 16:33:42
990,67ad1b64ef224,718,,1,1,421,1,2025-02-13 01:36:28,2025-02-13 09:49:03
991,67ad45d1608b5,715,,,,,0,2025-02-13 04:37:29,2025-02-13 04:37:29
992,67ad8ed892c64,718,,,,,0,2025-02-13 09:49:04,2025-02-13 09:49:04
993,67adb2338c284,719,,,,,0,2025-02-13 12:19:55,2025-02-13 12:19:55
994,67adb71fd5a21,720,,,,,0,2025-02-13 12:40:55,2025-02-13 12:40:55
995,67adc8f1cd999,721,,2,1,508,1,2025-02-13 13:56:57,2025-06-27 22:16:30
996,67add86507d60,722,,,,,0,2025-02-13 15:02:53,2025-02-13 15:02:53
997,67adedb13566f,717,,,,,0,2025-02-13 16:33:45,2025-02-13 16:33:45
998,67adeee85a870,576,,,,,0,2025-02-13 16:38:56,2025-02-13 16:38:56
999,67adfaa469232,254,,1,2,308,1,2025-02-13 17:29:00,2025-02-14 23:14:18
1000,67ae1cd35c97b,542,,,,,0,2025-02-13 19:54:51,2025-02-13 19:54:51
1001,67ae1dd5da5bf,723,,,1,,0,2025-02-13 19:59:09,2025-02-13 19:59:54
1002,67ae2760ae1ba,637,,,,,0,2025-02-13 20:39:52,2025-02-13 20:39:52
1003,67ae39b23ee2b,724,,,,,0,2025-02-13 21:58:02,2025-02-13 21:58:02
1004,67af1919b9f12,725,,1,1,424,1,2025-02-14 13:51:13,2025-02-14 13:56:50
1005,67af1ab137c97,725,,,,,0,2025-02-14 13:58:01,2025-02-14 13:58:01
1006,67af9b04c3d9f,727,,1,1,449,1,2025-02-14 23:05:32,2025-03-08 13:30:54
1007,67af9d1323dd8,254,,,,,0,2025-02-14 23:14:19,2025-02-14 23:14:19
1008,67b06b76d2ddf,728,,1,2,426,1,2025-02-15 13:54:54,2025-02-17 10:31:41
1009,67b07542ef26a,729,,1,1,427,0,2025-02-15 14:36:42,2025-02-15 14:40:27
1010,67b10417246f3,730,,1,2,428,1,2025-02-16 00:46:07,2025-02-16 00:49:38
1011,67b104eb60172,730,,,,,0,2025-02-16 00:49:39,2025-02-16 00:49:39
1012,67b1c09f35758,705,,3,2,429,1,2025-02-16 14:10:31,2025-07-13 11:27:28
1013,67b2ded6614a3,728,,,,,0,2025-02-17 10:31:42,2025-02-17 10:31:42
1014,67b4350aa4764,731,,1,1,432,1,2025-02-18 10:51:46,2025-02-18 10:57:13
1015,67b43652ab9fe,731,,,,,0,2025-02-18 10:57:14,2025-02-18 10:57:14
1016,67b4e386eaeac,198,,2,1,107,1,2025-02-18 23:16:14,2025-04-19 03:30:37
1017,67b5761eefd21,380,,2,2,431,0,2025-02-19 09:41:42,2025-05-09 14:57:34
1018,67b5a856a5039,732,,1,2,,0,2025-02-19 13:15:58,2025-02-19 22:50:55
1019,67b6ddb2943e3,733,,,,,0,2025-02-20 11:15:54,2025-02-20 11:15:54
1020,67b6f7f685db5,734,,1,1,435,1,2025-02-20 13:07:58,2025-02-20 13:19:38
1021,67b6fab3ced3d,734,,,,,0,2025-02-20 13:19:39,2025-02-20 13:19:39
1022,67b72d20ccf7d,156,,2,1,436,0,2025-02-20 16:54:48,2025-10-14 19:48:58
1023,67b766f7973f2,735,,1,1,437,1,2025-02-20 21:01:35,2025-02-20 21:19:16
1024,67b76b1ecf29c,735,,,,,0,2025-02-20 21:19:18,2025-02-20 21:19:18
1025,67b88946e23d3,736,,,,,0,2025-02-21 17:40:14,2025-02-21 17:40:14
1026,67b901c28185b,737,4,1,2,,0,2025-02-22 02:14:18,2025-08-03 16:59:06
1027,67b985eed29a5,339,,2,1,194,1,2025-02-22 11:38:14,2025-04-02 17:54:49
1028,67ba36607dffa,739,,,,,0,2025-02-23 00:11:04,2025-02-23 00:11:04
1029,67ba58b08dae0,740,,,,,0,2025-02-23 02:37:28,2025-02-23 02:37:28
1030,67bac9fb95d65,741,,1,1,,0,2025-02-23 10:40:51,2025-02-23 10:41:47
1031,67baf9b433ba7,742,,,,,0,2025-02-23 14:04:28,2025-02-23 14:04:28
1032,67bb41ac56be9,743,,,,,0,2025-02-23 19:11:32,2025-02-23 19:11:32
1033,67bc234da5df0,744,,,,,0,2025-02-24 11:14:13,2025-02-24 11:14:13
1034,67bc8da5a1209,745,,1,2,438,1,2025-02-24 18:47:57,2025-02-24 18:53:53
1035,67bc8f0cde805,745,,,,,0,2025-02-24 18:53:56,2025-02-24 18:53:56
1036,67bcb3c1800e5,92,,,,,0,2025-02-24 21:30:33,2025-02-24 21:30:33
1037,67befd07a1a95,748,,1,2,440,1,2025-02-26 15:07:43,2025-02-26 15:16:09
1038,67beff065ee73,748,,,,,0,2025-02-26 15:16:14,2025-02-26 15:16:14
1039,67bf1051d0ec0,38,,3,1,24,1,2025-02-26 16:30:01,2025-06-28 01:14:53
1040,67bf1cbf3b232,749,,1,2,441,1,2025-02-26 17:23:03,2025-02-26 17:36:18
1041,67bf1fdb3bc44,749,,,,,0,2025-02-26 17:36:19,2025-02-26 17:36:19
1042,67c09fdde681c,750,,1,1,442,0,2025-02-27 20:54:45,2025-02-27 20:59:50
1043,67c35d4cebafe,751,,3,1,443,1,2025-03-01 22:47:32,2025-08-20 19:16:36
1044,67c43a1ba451d,754,,1,1,444,0,2025-03-02 14:29:39,2025-03-02 14:33:01
1045,67c483ab08986,755,,1,2,445,0,2025-03-02 19:43:31,2025-03-02 19:47:16
1046,67c5872f3c15a,756,,1,1,447,0,2025-03-03 14:10:47,2025-03-03 14:11:13
1047,67c97c8500029,12,,2,2,10,0,2025-03-06 14:14:21,2025-04-29 10:32:59
1048,67c9b470b8a0e,757,,1,,,0,2025-03-06 18:12:56,2025-03-06 18:13:19
1049,67caa6526515c,759,,1,1,448,1,2025-03-07 11:24:58,2025-03-07 11:33:48
1050,67caa86580bac,759,,,,,0,2025-03-07 11:33:49,2025-03-07 11:33:49
1051,67cabba026253,210,,,,,0,2025-03-07 12:55:52,2025-03-07 12:55:52
1052,67cc15573b22d,727,,,,,0,2025-03-08 13:30:55,2025-03-08 13:30:55
1053,67cc5372d1020,324,,,,,0,2025-03-08 17:55:54,2025-03-08 17:55:54
1054,67ccecb6bc95c,760,,,,,0,2025-03-09 04:49:50,2025-03-09 04:49:50
1055,67cdeaa41e46c,761,,1,1,452,0,2025-03-09 22:53:16,2025-03-10 16:13:49
1056,67ce918ce01c3,762,,1,1,451,0,2025-03-10 10:45:24,2025-03-10 10:46:01
1057,67d081e704209,763,,1,1,453,1,2025-03-11 22:03:11,2025-03-11 22:10:45
1058,67d083ae49ba4,763,,,,,0,2025-03-11 22:10:46,2025-03-11 22:10:46
1059,67d299b4dc943,545,,2,1,303,1,2025-03-13 12:09:16,2025-06-11 20:04:44
1060,67d29af33116c,764,,2,1,476,0,2025-03-13 12:14:35,2025-04-13 14:11:49
1061,67d2aea891cec,283,,2,2,159,1,2025-03-13 13:38:40,2025-04-13 15:44:03
1062,67d2b0d71300e,765,,2,2,454,0,2025-03-13 13:47:59,2025-03-13 13:51:25
1063,67d2ecc81fd03,173,,2,2,94,1,2025-03-13 18:03:44,2025-08-20 12:15:54
1064,67d33cbd55407,766,,1,1,455,1,2025-03-13 23:44:53,2025-03-14 00:00:53
1065,67d3407e1f1ba,766,,3,1,455,1,2025-03-14 00:00:54,2025-04-15 17:15:32
1066,67d3f1f9a573f,767,,2,2,456,0,2025-03-14 12:38:09,2025-03-14 12:39:33
1067,67d5644cca219,768,,2,,,0,2025-03-15 14:58:12,2025-03-15 14:58:37
1068,67d5720a26159,769,,1,1,457,0,2025-03-15 15:56:50,2025-03-15 17:06:29
1069,67d5aa2f5d11e,626,,2,2,458,1,2025-03-15 19:56:23,2025-08-07 14:00:40
1070,67d5e75b49b01,320,,,,,0,2025-03-16 00:17:23,2025-03-16 00:17:23
1071,67d6419dd6022,770,,2,1,459,1,2025-03-16 06:42:29,2025-03-16 07:01:55
1072,67d6419dd611e,770,,,,,0,2025-03-16 06:42:29,2025-03-16 06:42:29
1073,67d6419de15d6,770,,,,,0,2025-03-16 06:42:29,2025-03-16 06:42:29
1074,67d6841313b11,771,,1,1,460,1,2025-03-16 11:26:03,2025-03-16 11:35:02
1075,67d684131416b,771,,,,,0,2025-03-16 11:26:03,2025-03-16 11:26:03
1076,67d7c92eee78a,200,,,,,0,2025-03-17 10:33:10,2025-03-17 10:33:10
1077,67d811f0a7b68,120,,2,1,235,1,2025-03-17 15:43:36,2025-05-27 11:01:37
1078,67d8174f8d7f7,772,,2,1,461,1,2025-03-17 16:06:31,2025-03-20 22:38:59
1079,67d99e5abd665,773,,2,1,462,1,2025-03-18 19:54:58,2025-03-18 20:18:06
1080,67d9a3c85eaad,773,,3,1,462,1,2025-03-18 20:18:08,2025-04-18 04:57:16
1081,67dbecdf5d9e1,31,,,,,0,2025-03-20 13:54:31,2025-03-20 13:54:31
1082,67dc67cd10afc,772,,,,,0,2025-03-20 22:39:01,2025-03-20 22:39:01
1083,67dfd103c9f31,166,,2,2,92,1,2025-03-23 12:44:43,2025-06-28 08:58:14
1084,67dfdab0d845f,774,,3,1,464,1,2025-03-23 13:26:00,2025-03-23 13:34:41
1085,67dfdcba413e3,774,,,,,0,2025-03-23 13:34:42,2025-03-23 13:34:42
1086,67e06f223d3c2,775,,,,,0,2025-03-23 23:59:22,2025-03-23 23:59:22
1087,67e2a72942156,776,,2,,,0,2025-03-25 16:22:57,2025-03-25 16:27:06
1088,67e506f881bd2,777,,2,2,465,1,2025-03-27 11:36:16,2025-03-28 03:27:59
1089,67e5e60881185,777,,,,,0,2025-03-28 03:28:00,2025-03-28 03:28:00
1090,67e91bca557d9,778,,,,,0,2025-03-30 13:54:10,2025-03-30 13:54:10
1091,67e937c4d226e,779,,,,,0,2025-03-30 15:53:32,2025-03-30 15:53:32
1092,67e98924ba9b8,659,,2,2,382,1,2025-03-30 21:40:44,2025-06-28 14:09:39
1093,67e9f5902c813,356,,2,1,210,1,2025-03-31 05:23:20,2025-03-31 05:25:11
1094,67e9f601f25a6,356,,,,,0,2025-03-31 05:25:13,2025-03-31 05:25:13
1095,67ea37fc7ca05,780,,3,2,466,1,2025-03-31 10:06:44,2025-03-31 10:12:31
1096,67ea39590592b,780,,,,,0,2025-03-31 10:12:33,2025-03-31 10:12:33
1097,67ea87d92d56c,608,,2,1,341,1,2025-03-31 15:47:29,2025-08-12 02:11:02
1098,67ea91e8c0ade,781,,2,1,467,1,2025-03-31 16:30:24,2025-03-31 16:35:38
1099,67ea93246a41c,781,,2,1,,0,2025-03-31 16:35:40,2025-04-05 02:23:08
1100,67ea94a1a4db1,782,,,,,0,2025-03-31 16:42:01,2025-03-31 16:42:01
1101,67eab88d96f3f,783,,2,2,468,1,2025-03-31 19:15:17,2025-03-31 19:36:58
1102,67eabd2490d4e,784,,,,,0,2025-03-31 19:34:52,2025-03-31 19:34:52
1103,67eabda29761a,783,,2,2,468,1,2025-03-31 19:36:58,2025-04-06 09:06:52
1104,67eb1b3d3dde6,785,,,,,0,2025-04-01 02:16:21,2025-04-01 02:16:21
1105,67eb1c57c8b8f,786,,,,,0,2025-04-01 02:21:03,2025-04-01 02:21:03
1106,67eb28ed71ebc,787,,3,1,478,1,2025-04-01 03:14:45,2025-04-15 01:33:09
1107,67ebf2ef988c4,612,,,,,0,2025-04-01 17:36:39,2025-04-01 17:36:39
1108,67ec020e93d52,788,,3,2,469,1,2025-04-01 18:41:10,2025-04-01 18:56:09
1109,67ec0594eacc5,788,,,,,0,2025-04-01 18:56:12,2025-04-01 18:56:12
1110,67ed1b04a717e,789,,3,1,470,1,2025-04-02 14:39:56,2025-04-02 16:52:52
1111,67ed3a2d2acab,789,,3,1,470,1,2025-04-02 16:52:53,2025-05-02 19:04:27
1112,67ed48b1e3009,339,,,,,0,2025-04-02 17:54:49,2025-04-02 17:54:49
1113,67efde5b13af3,790,,3,1,471,1,2025-04-04 16:57:55,2025-04-04 23:19:31
1114,67f037cbedba2,790,,,,,0,2025-04-04 23:19:31,2025-04-04 23:19:31
1115,67f116482b48b,791,,2,1,472,0,2025-04-05 15:08:48,2025-04-05 15:52:59
1116,67f212f4c59f5,783,,,,,0,2025-04-06 09:06:52,2025-04-06 09:06:52
1117,67f387f01bd8f,792,,2,1,473,1,2025-04-07 11:38:16,2025-04-07 11:46:24
1118,67f389d9d4f67,792,,,,,0,2025-04-07 11:46:25,2025-04-07 11:46:25
1119,67f58686d8a13,793,,3,1,474,1,2025-04-08 23:56:46,2025-04-09 00:15:50
1120,67f58b02cfb96,793,,,,,0,2025-04-09 00:15:54,2025-04-09 00:15:54
1121,67f909a5f3be2,794,,3,1,475,1,2025-04-11 15:53:01,2025-04-11 16:07:27
1122,67f90d145bec8,794,,,,475,0,2025-04-11 16:07:40,2025-04-15 22:27:12
1123,67fb958216aeb,795,,3,1,477,1,2025-04-13 14:14:18,2025-04-13 14:16:38
1124,67fb960f42ef6,795,,,,,0,2025-04-13 14:16:39,2025-04-13 14:16:39
1125,67fbaa8c71cab,283,,2,2,159,1,2025-04-13 15:44:04,2025-11-03 12:04:29
1126,67fbadfb2ae60,796,,,,,0,2025-04-13 15:58:43,2025-04-13 15:58:43
1127,67fd127111369,799,,2,1,479,0,2025-04-14 17:19:37,2025-04-14 17:20:52
1128,67fd46372331e,800,,,,,0,2025-04-14 21:00:31,2025-04-14 21:00:31
1129,67fd77ef64f0a,288,,2,1,576,1,2025-04-15 00:32:39,2025-08-25 23:11:51
1130,67fd7da9b5f2e,801,,2,1,480,0,2025-04-15 00:57:05,2025-04-15 01:00:40
1131,67fd861fc2cad,787,,2,1,611,1,2025-04-15 01:33:11,2025-10-16 23:14:52
1132,67fde797a26dd,802,,2,1,498,1,2025-04-15 08:29:03,2025-05-26 20:04:10
1133,67fe306af1bb3,803,,2,1,481,1,2025-04-15 13:39:46,2025-04-15 13:53:01
1134,67fe308075821,523,,2,1,290,1,2025-04-15 13:40:08,2025-04-17 01:09:32
1135,67fe33867cf38,803,,,,,0,2025-04-15 13:53:02,2025-04-15 13:53:02
1136,67fe50908f4c9,804,,2,,,0,2025-04-15 15:56:56,2025-04-15 15:58:39
1137,67fe52a31a66e,805,,,,,0,2025-04-15 16:05:47,2025-04-15 16:05:47
1138,67fe62fcdda83,766,,3,1,455,1,2025-04-15 17:15:32,2025-04-27 18:37:59
1139,680023958448a,523,,2,1,290,1,2025-04-17 01:09:33,2025-05-06 14:14:51
1140,6801aa796e7f8,773,,2,1,462,0,2025-04-18 04:57:21,2025-09-07 20:18:39
1141,68022db27a50a,807,,,,,0,2025-04-18 14:17:14,2025-04-18 14:17:14
1142,68027455e7049,808,,2,1,483,0,2025-04-18 19:18:37,2025-04-18 19:39:23
1143,6802a73e34fe4,188,,,,,0,2025-04-18 22:55:50,2025-04-18 22:55:50
1144,6802e7a764a9f,198,,2,1,107,1,2025-04-19 03:30:39,2025-04-29 11:05:53
1145,68070bea22ca8,809,,2,2,,0,2025-04-22 06:54:26,2025-04-22 06:55:18
1146,68080c9dc29f4,810,,3,1,484,1,2025-04-23 01:09:41,2025-04-23 01:12:16
1147,68080d399f941,810,,2,2,484,1,2025-04-23 01:12:17,2025-09-11 12:59:52
1148,680ad3678f7ba,811,,2,1,528,0,2025-04-25 03:42:23,2025-07-15 22:01:07
1149,680de61c20b23,812,,3,1,485,1,2025-04-27 11:39:00,2025-04-27 11:50:10
1150,680de8bc58ae4,812,,,,,0,2025-04-27 11:50:12,2025-04-27 11:50:12
1151,680e4850712ad,766,,2,1,455,0,2025-04-27 18:38:00,2025-05-06 14:16:55
1152,680e8899b45c0,813,,,,,0,2025-04-27 23:12:17,2025-04-27 23:12:17
1153,680f2b1f78467,814,,,,,0,2025-04-28 10:45:43,2025-04-28 10:45:43
1154,6810815ad9f7e,198,,3,1,107,1,2025-04-29 11:05:54,2025-07-01 02:51:02
1155,6810de2c233a1,374,,2,1,220,1,2025-04-29 17:41:56,2025-11-05 13:01:41
1156,6812805f9b058,815,,3,1,595,1,2025-04-30 23:26:15,2025-09-15 15:41:44
1157,68130a8b293f0,816,,,,,0,2025-05-01 09:15:47,2025-05-01 09:15:47
1158,6814e6043e890,789,,,,,0,2025-05-02 19:04:28,2025-05-02 19:04:28
1159,681683186456d,817,,,,,0,2025-05-04 00:26:56,2025-05-04 00:26:56
1160,6817305089b9b,818,,2,2,486,0,2025-05-04 12:46:00,2025-05-04 14:37:59
1161,68174bac74cd6,819,,2,2,487,1,2025-05-04 14:42:44,2025-05-04 15:13:28
1162,681752e116a75,819,,,,,0,2025-05-04 15:13:29,2025-05-04 15:13:29
1163,681781a6128f1,820,,2,1,488,0,2025-05-04 18:33:02,2025-05-04 18:39:19
1164,6819d337427d2,822,,2,2,489,1,2025-05-06 12:45:35,2025-05-06 12:49:07
1165,6819d40bcd11e,822,,,,,0,2025-05-06 12:49:07,2025-05-06 12:49:07
1166,6819e8241756c,523,,,,,0,2025-05-06 14:14:52,2025-05-06 14:14:52
1167,6819f5fde91ff,362,,,,491,0,2025-05-06 15:13:57,2025-05-07 10:18:16
1168,681a071c1c635,823,,2,1,490,0,2025-05-06 16:27:00,2025-05-06 16:28:46
1169,681cc43860d08,379,,,,,0,2025-05-08 18:18:24,2025-05-08 18:18:24
1170,681fb7114927f,647,,,,,0,2025-05-10 23:59:05,2025-05-10 23:59:05
1171,6822fd1f25ff5,824,,2,1,493,0,2025-05-13 11:34:47,2025-05-13 11:37:10
1172,6825fbe4ea5a0,826,,3,,,0,2025-05-15 18:06:20,2025-05-15 18:07:13
1173,682867eb2d74b,175,,2,1,97,1,2025-05-17 14:11:47,2025-05-24 15:58:00
1174,6828d94ba20ca,827,,3,2,494,1,2025-05-17 22:15:31,2025-05-17 22:20:58
1175,6828da9488f48,827,,,,,0,2025-05-17 22:21:00,2025-05-17 22:21:00
1176,683085bcd2504,828,,3,1,495,1,2025-05-23 17:57:08,2025-05-23 18:01:19
1177,683086b878e09,828,,,,,0,2025-05-23 18:01:20,2025-05-23 18:01:20
1178,6831bb5248f34,175,,2,1,619,1,2025-05-24 15:58:02,2025-11-06 13:56:28
1179,68328a15d6862,829,,2,1,,0,2025-05-25 06:40:13,2025-05-25 06:44:36
1180,68341352af1fa,197,,,,,0,2025-05-26 10:38:02,2025-05-26 10:38:02
1181,683498042ceaf,802,,,,,0,2025-05-26 20:04:12,2025-05-26 20:04:12
1182,68356a5b39c42,120,,2,1,235,1,2025-05-27 11:01:39,2025-07-29 14:18:08
1183,6835e79b39a37,830,,3,1,499,1,2025-05-27 19:56:03,2025-05-28 23:33:28
1184,68376c1156b5b,830,,,,,0,2025-05-28 23:33:29,2025-05-28 23:33:29
1185,68398bac4dc94,831,,2,1,500,1,2025-05-30 14:12:52,2025-05-30 14:50:53
1186,6839949605941,831,,,,,0,2025-05-30 14:50:54,2025-05-30 14:50:54
1187,683ac0bc437f5,832,,,,,0,2025-05-31 12:11:32,2025-05-31 12:11:32
1188,683ac2169cc7c,833,,3,2,,0,2025-05-31 12:17:18,2025-05-31 12:17:33
1189,683c0bad9bac9,837,,,,,0,2025-06-01 11:43:33,2025-06-01 11:43:33
1190,683c12056da9a,838,,2,1,501,1,2025-06-01 12:10:37,2025-06-01 12:15:50
1191,683c133f23fe9,838,,2,1,501,1,2025-06-01 12:15:51,2025-07-12 10:40:01
1192,683c748840146,839,,,,,0,2025-06-01 19:10:56,2025-06-01 19:10:56
1193,683d5cea1c46d,841,,3,2,502,1,2025-06-02 11:42:26,2025-06-02 12:21:54
1194,683d662c60362,841,,,,,0,2025-06-02 12:21:56,2025-06-02 12:21:56
1195,683d691dd2c64,842,,2,2,503,1,2025-06-02 12:34:29,2025-06-02 12:44:24
1196,683d6b715fd16,842,,,,,0,2025-06-02 12:44:25,2025-06-02 12:44:25
1197,683da6d8b3d29,843,,2,,,0,2025-06-02 16:57:52,2025-06-02 16:58:14
1198,683e0796a3b7c,844,,,,,0,2025-06-02 23:50:38,2025-06-02 23:50:38
1199,683e98745a8df,845,,,,,0,2025-06-03 10:08:44,2025-06-03 10:08:44
1200,683fd79e3d17c,847,,2,2,504,1,2025-06-04 08:50:30,2025-06-04 08:55:26
1201,683fd8c7cb160,847,,,,,0,2025-06-04 08:55:27,2025-06-04 08:55:27
1202,6844b17d4996f,848,,,,,0,2025-06-08 01:09:09,2025-06-08 01:09:09
1203,6847f84560581,850,,2,1,505,1,2025-06-10 12:47:57,2025-06-10 12:56:11
1204,6847fa341cacc,850,,,,,0,2025-06-10 12:56:12,2025-06-10 12:56:12
1205,684987ef37fe5,851,,3,2,507,1,2025-06-11 17:13:11,2025-06-11 17:18:31
1206,684989310a92a,851,,,,,0,2025-06-11 17:18:33,2025-06-11 17:18:33
1207,6849b025300b8,545,,2,1,303,1,2025-06-11 20:04:45,2025-06-11 20:21:31
1208,6849b41404a4e,545,,2,1,303,1,2025-06-11 20:21:32,2025-07-07 23:33:40
1209,685ce76518b41,177,,,,,0,2025-06-26 09:53:33,2025-06-26 09:53:33
1210,685d699ec4ba7,852,,2,1,521,1,2025-06-26 19:09:10,2025-08-03 14:20:24
1211,685ee7087270e,721,,,,,0,2025-06-27 22:16:32,2025-06-27 22:16:32
1212,685ef639270bf,853,,2,,,0,2025-06-27 23:21:21,2025-06-27 23:21:33
1213,685f10d698224,38,4,,,,0,2025-06-28 01:14:54,2025-08-03 17:05:54
1214,685f7d70cee3c,166,,2,2,92,1,2025-06-28 08:58:16,2025-07-01 12:52:09
1215,685fc66d9bf87,659,,,,,0,2025-06-28 14:09:41,2025-06-28 14:09:41
1216,685fcbdaecdf6,854,,3,1,509,1,2025-06-28 14:32:50,2025-06-28 14:38:37
1217,685fcd36d3789,854,,,,,0,2025-06-28 14:38:38,2025-06-28 14:38:38
1218,6861922918889,855,,,,,0,2025-06-29 22:51:13,2025-06-29 22:51:13
1219,6861c38e5c492,856,,,,,0,2025-06-30 02:21:58,2025-06-30 02:21:58
1220,68621b2d12966,857,,3,1,514,1,2025-06-30 08:35:49,2025-07-05 10:21:57
1221,6863067538857,858,,2,1,510,1,2025-07-01 01:19:41,2025-07-01 01:24:45
1222,686307a794b0c,858,,2,1,510,1,2025-07-01 01:24:47,2025-08-21 05:31:44
1223,68631bdfd4453,198,,3,1,107,1,2025-07-01 02:51:03,2025-10-25 20:14:59
1224,6863a8c643caa,166,,2,2,92,1,2025-07-01 12:52:14,2025-07-27 10:26:47
1225,6863f22dd3577,336,,3,1,192,1,2025-07-01 18:05:25,2025-08-21 12:52:50
1226,686575c194677,859,,2,,,0,2025-07-02 21:39:05,2025-08-02 15:38:07
1227,68667340d1035,861,,3,1,512,1,2025-07-03 15:40:40,2025-07-03 16:06:30
1228,68667954c8a7f,861,,,,,0,2025-07-03 16:06:36,2025-07-03 16:06:36
1229,6866a46fd18c7,862,,2,1,,0,2025-07-03 19:10:31,2025-07-03 19:15:53
1230,6866b265bb735,863,,2,1,588,1,2025-07-03 20:10:05,2025-09-12 16:23:11
1231,6866b41b3d26d,864,,2,2,513,1,2025-07-03 20:17:23,2025-07-03 20:25:26
1232,6866b5ff4b19c,864,,,,,0,2025-07-03 20:25:27,2025-07-03 20:25:27
1233,6867bc0165ce7,151,,2,1,83,1,2025-07-04 15:03:21,2025-07-04 16:58:50
1234,6867d723b1cc7,151,,,,,0,2025-07-04 16:59:07,2025-07-04 16:59:07
1235,6868a314e15ac,865,,,,,0,2025-07-05 07:29:16,2025-07-05 07:29:16
1236,6868cb91a628b,857,,,,,0,2025-07-05 10:22:01,2025-07-05 10:22:01
1237,68697f007d649,469,,,,,0,2025-07-05 23:07:36,2025-07-05 23:07:36
1238,686abe64607a6,866,,3,2,515,1,2025-07-06 21:50:20,2025-07-06 21:53:34
1239,686ad9675fefa,867,,3,1,517,1,2025-07-06 23:45:35,2025-07-07 23:03:21
1240,686b9d79c3825,868,,2,1,516,1,2025-07-07 13:42:09,2025-07-07 14:02:25
1241,686ba0f5ea26d,219,,2,1,190,1,2025-07-07 13:57:01,2025-08-20 13:51:26
1242,686ba23aac382,868,,,,,0,2025-07-07 14:02:26,2025-07-07 14:02:26
1243,686ba9abc12d4,560,,,,313,0,2025-07-07 14:34:11,2025-07-22 10:14:16
1244,686c210492346,867,,,,,0,2025-07-07 23:03:24,2025-07-07 23:03:24
1245,686c281ee3d46,545,,2,1,303,1,2025-07-07 23:33:42,2025-08-22 01:04:13
1246,6870397a5c4d7,869,,3,1,520,1,2025-07-11 01:36:50,2025-07-11 18:41:24
1247,68710f75d4866,870,,3,1,522,1,2025-07-11 16:49:49,2025-07-11 16:55:33
1248,687110cf54e6f,870,,2,1,522,1,2025-07-11 16:55:35,2025-07-21 20:34:32
1249,6871299dab202,869,,,,,0,2025-07-11 18:41:25,2025-07-11 18:41:25
1250,68720a4b2d5b4,838,,2,1,501,1,2025-07-12 10:40:03,2025-08-22 17:42:56
1251,68723719d8866,871,,3,1,524,1,2025-07-12 13:51:13,2025-07-12 22:17:26
1252,68728dbb1e082,872,,3,1,523,1,2025-07-12 20:00:51,2025-07-12 20:13:37
1253,687290bb10f23,872,,,,,0,2025-07-12 20:13:39,2025-07-12 20:13:39
1254,6872adc0a1692,871,,,,,0,2025-07-12 22:17:28,2025-07-12 22:17:28
1255,687366201dc67,873,,,,,0,2025-07-13 11:24:08,2025-07-13 11:24:08
1256,687366ead1b44,705,,,,,0,2025-07-13 11:27:30,2025-07-13 11:27:30
1257,6874273894342,874,,3,1,525,1,2025-07-14 01:08:00,2025-07-14 01:11:42
1258,68742818d04f9,874,,,,,0,2025-07-14 01:11:44,2025-07-14 01:11:44
1259,6874ee2f69e62,875,,3,2,526,1,2025-07-14 15:16:55,2025-07-14 15:23:32
1260,6874efc0e2f4c,875,,,,,0,2025-07-14 15:23:36,2025-07-14 15:23:36
1261,68760546770e8,876,,2,1,527,0,2025-07-15 11:07:42,2025-07-15 17:29:03
1262,68763b8f97757,191,,3,2,110,1,2025-07-15 14:59:19,2025-08-22 16:55:43
1263,6877f952dceaf,19,4,,2,11,0,2025-07-16 22:41:14,2025-08-04 14:36:36
1264,6878037db0c62,877,,,,,0,2025-07-16 23:24:37,2025-07-16 23:24:37
1265,687b80f57c5b0,879,,,,,0,2025-07-19 14:56:45,2025-07-19 14:56:45
1266,687b90d7c41b9,880,,,,,0,2025-07-19 16:04:31,2025-07-19 16:04:31
1267,687bd19a1408b,881,,2,2,530,1,2025-07-19 20:40:50,2025-07-19 20:47:57
1268,687bd347af6e3,881,,,,,0,2025-07-19 20:47:59,2025-07-19 20:47:59
1269,687d12a7551f4,882,,2,1,,0,2025-07-20 19:30:39,2025-07-20 19:33:11
1270,687e73223ae6c,870,,,,,0,2025-07-21 20:34:34,2025-07-21 20:34:34
1271,687e81f050bb5,884,,,,,0,2025-07-21 21:37:44,2025-07-21 21:37:44
1272,687e83de3aebe,885,,,1,531,0,2025-07-21 21:45:58,2025-07-21 21:48:11
1273,687f80f4bff80,212,,2,2,116,1,2025-07-22 15:45:48,2025-07-22 15:49:23
1274,687f81cdc6f18,212,,2,2,116,1,2025-07-22 15:49:25,2025-09-16 17:11:05
1275,68822647f0a3c,887,,,,,0,2025-07-24 15:55:43,2025-07-24 15:55:43
1276,6882b9d418f17,888,,3,1,534,1,2025-07-25 02:25:16,2025-07-25 02:31:32
1277,6882bb52db165,888,,2,1,534,1,2025-07-25 02:31:38,2025-10-30 01:27:23
1278,6883a4570cb6e,110,,,,,0,2025-07-25 19:05:51,2025-07-25 19:05:51
1279,6883dffc11ead,494,,,,,0,2025-07-25 23:20:20,2025-07-25 23:20:20
1280,68849a06abc31,70,4,3,1,43,1,2025-07-26 12:34:06,2025-08-05 19:27:07
1281,6885cdb088a2d,166,,2,2,92,1,2025-07-27 10:26:48,2025-08-20 14:30:19
1282,6886b44d0ad85,664,,,,,0,2025-07-28 02:50:45,2025-07-28 02:50:45
1283,6888a6ea273d1,120,,2,1,235,1,2025-07-29 14:18:10,2025-08-28 16:43:44
1284,6888a99b060cb,303,,,,,0,2025-07-29 14:29:39,2025-07-29 14:29:39
1285,6888c2484b57f,178,4,2,2,99,1,2025-07-29 16:14:56,2025-08-04 14:26:34
1286,68892827e9168,889,,3,1,537,1,2025-07-29 23:29:35,2025-07-30 10:24:39
1287,6889c1b313a68,889,,,,,0,2025-07-30 10:24:43,2025-07-30 10:24:43
1288,688baed1b67b4,688,,2,1,399,1,2025-07-31 21:28:41,2025-08-25 01:51:15
1289,688dfa300013d,890,,3,2,538,1,2025-08-02 15:14:48,2025-08-02 15:17:54
1290,688dfaec4764e,890,,,,,0,2025-08-02 15:17:56,2025-08-02 15:17:56
1291,688ef7c54b550,891,,,,,0,2025-08-03 09:16:45,2025-08-03 09:16:45
1292,688f2742d9474,892,,2,1,539,1,2025-08-03 12:39:22,2025-08-03 12:47:12
1293,688f2919b5e51,892,,3,1,539,1,2025-08-03 12:47:13,2025-10-16 12:14:19
1294,688f3ab8e4d6c,893,,,,,0,2025-08-03 14:02:24,2025-08-03 14:02:24
1295,688f3d4949ed2,894,,,,,0,2025-08-03 14:13:21,2025-08-03 14:13:21
1296,688f3e2e67be1,895,,,,,0,2025-08-03 14:17:10,2025-08-03 14:17:10
1297,688f3ef2718ea,852,4,2,2,521,1,2025-08-03 14:20:26,2025-10-08 00:07:32
1298,688f410d8dde5,896,,,,,0,2025-08-03 14:29:25,2025-08-03 14:29:25
1299,688f41322088a,897,,,2,,0,2025-08-03 14:30:02,2025-08-03 14:32:22
1300,688f58fc184d1,886,,,,,0,2025-08-03 16:11:32,2025-08-03 16:11:32
1301,688f594798773,899,4,3,1,541,1,2025-08-03 16:12:47,2025-08-03 17:28:48
1302,688f6a94619a8,900,4,2,2,542,1,2025-08-03 17:26:36,2025-08-03 18:13:11
1303,688f7582c9a92,900,,,,,0,2025-08-03 18:13:14,2025-08-03 18:13:14
1304,688f75ed4a6c7,901,4,,1,,0,2025-08-03 18:15:01,2025-08-03 18:15:49
1305,688f77da5a2b3,902,4,,,,0,2025-08-03 18:23:14,2025-08-03 18:23:31
1306,688fbc48eef5a,905,4,,,,0,2025-08-03 23:15:12,2025-08-03 23:15:37
1307,688fbe812fcb4,906,,3,2,581,1,2025-08-03 23:24:41,2025-09-11 13:23:56
1308,688fcb37cf3b9,907,,,1,,0,2025-08-04 00:18:55,2025-08-04 00:20:22
1309,688fd0147edce,908,4,3,2,550,0,2025-08-04 00:39:40,2025-08-06 12:29:26
1310,688fd70070661,909,4,,1,,0,2025-08-04 01:09:12,2025-08-04 01:12:27
1311,688fd7d040886,910,4,3,1,544,0,2025-08-04 01:12:40,2025-08-04 01:27:27
1312,688fe020a6c26,911,4,3,1,548,1,2025-08-04 01:48:08,2025-08-04 18:33:21
1313,68904719ebc69,912,4,,,,0,2025-08-04 09:07:29,2025-08-04 09:07:56
1314,689050a78df8a,913,,,,,0,2025-08-04 09:48:15,2025-08-04 09:49:25
1315,68907ffbb1b7d,914,4,2,1,,0,2025-08-04 13:10:11,2025-08-04 17:03:09
1316,689091e3bd991,178,,,,,0,2025-08-04 14:26:35,2025-08-04 14:26:35
1317,6890cbba42c97,911,,,,,0,2025-08-04 18:33:22,2025-08-04 18:33:22
1318,6890fe99db53a,915,4,3,1,549,1,2025-08-04 22:10:25,2025-08-04 22:34:45
1319,689104516276c,915,,,,,0,2025-08-04 22:34:49,2025-08-04 22:34:49
1320,6892035eec56e,274,,,,,0,2025-08-05 16:43:02,2025-08-05 16:43:02
1321,689229d4ecd8f,70,,,,,0,2025-08-05 19:27:08,2025-08-05 19:27:08
1322,68927cb399f78,916,,,,,0,2025-08-06 01:20:43,2025-08-06 01:20:43
1323,6893939b0ed57,918,4,3,1,551,1,2025-08-06 21:10:43,2025-08-06 21:19:15
1324,6893959ca5330,918,,,,,0,2025-08-06 21:19:16,2025-08-06 21:19:16
1325,68948051e38b8,626,,,,,0,2025-08-07 14:00:41,2025-08-07 14:00:41
1326,6896e0777a2ac,919,,2,1,552,1,2025-08-09 09:15:27,2025-08-09 09:35:36
1327,6896e5329c1b8,919,,,,,0,2025-08-09 09:35:38,2025-08-09 09:35:38
1328,689787cd5d1f3,920,,2,2,563,1,2025-08-09 21:09:25,2025-08-20 16:25:03
1329,6898c4af7395c,922,,3,1,553,1,2025-08-10 19:41:27,2025-08-10 19:55:24
1330,6898c7f5943bd,922,,3,1,553,1,2025-08-10 19:55:25,2025-09-22 19:13:36
1331,6899b512b3425,923,,3,1,554,1,2025-08-11 12:47:06,2025-08-11 14:11:29
1332,6899c8df0018e,923,,,,,0,2025-08-11 14:11:35,2025-08-11 14:11:35
1333,6899f87845940,81,,,,,0,2025-08-11 17:34:40,2025-08-11 17:34:40
1334,689a38ecbe688,548,,2,1,555,1,2025-08-11 22:09:40,2025-09-11 13:02:42
1335,689a718030b2a,608,,2,1,341,0,2025-08-12 02:11:04,2025-10-13 16:54:55
1336,689adc2f59571,924,,3,,,0,2025-08-12 09:46:15,2025-08-12 09:46:40
1337,689c6c7684385,925,,2,1,556,1,2025-08-13 14:14:06,2025-08-13 14:24:43
1338,689c6ef69c96a,925,,,,,0,2025-08-13 14:24:46,2025-08-13 14:24:46
1339,689f0ad1bb1be,927,,,,,0,2025-08-15 13:54:17,2025-08-15 13:54:17
1340,68a0aa33c3a3a,899,,,,,0,2025-08-16 19:26:35,2025-08-16 19:26:35
1341,68a1809d59e66,606,,,,,0,2025-08-17 10:41:25,2025-08-17 10:41:25
1342,68a193fd942d2,928,,3,1,558,1,2025-08-17 12:04:05,2025-08-17 12:15:47
1343,68a196c19056c,928,,3,1,558,1,2025-08-17 12:15:53,2025-09-15 10:36:41
1344,68a33a51d6b66,929,,2,1,566,1,2025-08-18 18:06:01,2025-08-20 20:36:26
1345,68a4503ea0001,277,,,,,0,2025-08-19 13:51:50,2025-08-19 13:51:50
1346,68a57f4372c29,866,,2,2,515,1,2025-08-20 11:24:43,2025-08-20 19:28:17
1347,68a58893a0b71,67,,,,,0,2025-08-20 12:04:27,2025-08-20 12:04:27
1348,68a58b442d2b0,173,,,,,0,2025-08-20 12:15:56,2025-08-20 12:15:56
1349,68a592e5e9b0d,930,,3,1,560,1,2025-08-20 12:48:29,2025-08-20 12:52:39
1350,68a593e241bf3,930,,2,1,560,1,2025-08-20 12:52:42,2025-09-17 13:44:00
1351,68a59453f4153,931,,3,1,561,1,2025-08-20 12:54:35,2025-08-20 13:29:09
1352,68a59c6e9b9da,931,,,,,0,2025-08-20 13:29:10,2025-08-20 13:29:10
1353,68a5a1a99f67a,219,,,,,0,2025-08-20 13:51:29,2025-08-20 13:51:29
1354,68a5aac5a36cd,166,,,,,0,2025-08-20 14:30:21,2025-08-20 14:30:21
1355,68a5ae7009279,932,,2,2,562,1,2025-08-20 14:46:00,2025-09-11 20:47:12
1356,68a5c5a95d346,920,,,,,0,2025-08-20 16:25:05,2025-08-20 16:25:05
1357,68a5d8f1792bf,933,,3,1,565,1,2025-08-20 17:47:21,2025-08-20 18:33:57
1358,68a5e3de569bc,933,,,,,0,2025-08-20 18:33:58,2025-08-20 18:33:58
1359,68a5e804c5e1f,680,,,,,0,2025-08-20 18:51:40,2025-08-20 18:51:40
1360,68a5edde171c4,751,,,,,0,2025-08-20 19:16:38,2025-08-20 19:16:38
1361,68a5f09bb5ef9,866,,,,,0,2025-08-20 19:28:19,2025-08-20 19:28:19
1362,68a5fc3f5e94f,934,,,,,0,2025-08-20 20:17:59,2025-08-20 20:17:59
1363,68a60093ec859,929,,,,,0,2025-08-20 20:36:27,2025-08-20 20:36:27
1364,68a636e4ad7a0,935,,,,,0,2025-08-21 00:28:12,2025-08-21 00:28:12
1365,68a648d64e838,936,,3,1,567,1,2025-08-21 01:44:46,2025-08-21 01:54:19
1366,68a64b1dc553a,936,,,,,0,2025-08-21 01:54:29,2025-08-21 01:54:29
1367,68a67e0b1847a,858,,,,,0,2025-08-21 05:31:47,2025-08-21 05:31:47
1368,68a6b2edc7c45,937,,3,2,568,1,2025-08-21 09:17:25,2025-08-21 09:21:23
1369,68a6b3dcaa067,937,,,,,0,2025-08-21 09:21:24,2025-08-21 09:21:24
1370,68a6ceda474b8,938,,2,2,569,1,2025-08-21 11:16:34,2025-08-21 11:21:17
1371,68a6cff714273,938,,,,,0,2025-08-21 11:21:19,2025-08-21 11:21:19
1372,68a6e56c13275,336,,2,1,192,1,2025-08-21 12:52:52,2025-10-21 05:17:01
1373,68a7233939a94,939,,2,1,570,1,2025-08-21 17:16:33,2025-08-21 17:40:51
1374,68a723393abff,939,,3,1,570,1,2025-08-21 17:16:33,2025-08-22 16:16:16
1375,68a74e83ab919,940,,3,2,574,1,2025-08-21 20:21:15,2025-08-23 23:38:03
1376,68a790d72326c,545,,2,1,303,1,2025-08-22 01:04:15,2025-09-11 21:29:23
1377,68a8621ce56d9,211,,,,,0,2025-08-22 15:57:08,2025-08-22 15:57:08
1378,68a8669e9f0c2,939,,3,1,585,1,2025-08-22 16:16:22,2025-09-12 02:43:58
1379,68a86fd92d490,191,,,,,0,2025-08-22 16:55:45,2025-08-22 16:55:45
1380,68a87aef75a62,838,,,,,0,2025-08-22 17:43:03,2025-08-22 17:43:03
1381,68a8c16288f37,186,,,,,0,2025-08-22 22:43:38,2025-08-22 22:43:38
1382,68a9de39cb093,93,,3,1,55,1,2025-08-23 18:58:57,2025-08-24 19:50:31
1383,68aa1fa52a243,940,,,,,0,2025-08-23 23:38:05,2025-08-23 23:38:05
1384,68aad59b769c5,942,,,,,0,2025-08-24 12:34:27,2025-08-24 12:34:27
1385,68ab3bd4f26af,93,,,,,0,2025-08-24 19:50:36,2025-08-24 19:50:36
1386,68ab9065eda56,688,,,,,0,2025-08-25 01:51:25,2025-08-25 01:51:25
1387,68ac1e590befa,121,,,,,0,2025-08-25 11:57:05,2025-08-25 11:57:05
1388,68ac3cffd8e98,174,,,,,0,2025-08-25 14:07:51,2025-08-25 14:07:51
1389,68aca50b0dee2,945,,2,2,575,1,2025-08-25 21:31:47,2025-08-25 21:40:57
1390,68aca73390dcd,945,,,,,0,2025-08-25 21:40:59,2025-08-25 21:40:59
1391,68acbc861dc82,288,,2,1,576,1,2025-08-25 23:11:58,2025-10-31 20:28:17
1392,68acbcf935c38,946,,2,1,577,1,2025-08-25 23:13:53,2025-08-26 00:02:45
1393,68acc86f3c5ed,946,,,,,0,2025-08-26 00:02:47,2025-08-26 00:02:47
1394,68b0560a247ec,120,,2,1,235,0,2025-08-28 16:43:46,2025-10-31 01:42:25
1395,68b14e9eeaacf,949,,3,1,583,1,2025-08-29 10:24:22,2025-09-11 18:55:36
1396,68b1f07e81e7d,265,,,,578,0,2025-08-29 21:55:02,2025-08-29 22:10:34
1397,68b4e6ad2c7c2,950,,2,1,,0,2025-09-01 03:49:57,2025-09-01 03:50:24
1398,68b5d944a89e9,952,,3,1,579,1,2025-09-01 21:05:00,2025-09-01 21:09:57
1399,68b5da813a3f8,952,,,,,0,2025-09-01 21:10:17,2025-09-01 21:10:17
1400,68b8d04fcafd4,953,,,,,0,2025-09-04 03:03:35,2025-09-04 03:03:35
1401,68bc55accc70f,954,,3,1,580,1,2025-09-06 19:09:24,2025-09-06 21:33:41
1402,68bc777e3ed65,954,,3,1,580,1,2025-09-06 21:33:42,2025-09-14 15:56:02
1403,68c296920a2b2,810,,,,,0,2025-09-11 12:59:54,2025-09-11 12:59:54
1404,68c2973cdf09a,548,,2,1,555,1,2025-09-11 13:02:44,2025-09-14 18:31:14
1405,68c299d72e9ea,955,,3,1,582,1,2025-09-11 13:13:51,2025-09-11 15:16:50
1406,68c29c35d9455,906,,,,,0,2025-09-11 13:23:57,2025-09-11 13:23:57
1407,68c2b6ac440a2,955,,,,,0,2025-09-11 15:16:52,2025-09-11 15:16:52
1408,68c2e9f251237,949,,,,,0,2025-09-11 18:55:38,2025-09-11 18:55:38
1409,68c3041971af7,932,,,,,0,2025-09-11 20:47:13,2025-09-11 20:47:13
1410,68c308e2e2e78,956,,3,2,584,1,2025-09-11 21:07:38,2025-09-11 21:16:55
1411,68c30b10c76a6,956,,,,,0,2025-09-11 21:16:56,2025-09-11 21:16:56
1412,68c30c71437ac,957,,3,1,589,0,2025-09-11 21:22:49,2025-09-12 23:32:37
1413,68c30dfd286c2,545,,,,,0,2025-09-11 21:29:25,2025-09-11 21:29:25
1414,68c357b82d035,939,,,,,0,2025-09-12 02:44:00,2025-09-12 02:44:00
1415,68c3d52b1bb25,958,,,,,0,2025-09-12 11:39:15,2025-09-12 11:39:15
1416,68c3e894c45bc,959,,3,1,586,1,2025-09-12 13:02:04,2025-09-12 13:07:16
1417,68c3e9ce389cc,959,,,,,0,2025-09-12 13:07:18,2025-09-12 13:07:18
1418,68c403c77ac46,960,,3,2,587,1,2025-09-12 14:58:07,2025-09-12 15:02:16
1419,68c404c302f5a,960,,,,,0,2025-09-12 15:02:19,2025-09-12 15:02:19
1420,68c417bc1ca5e,863,,2,1,588,0,2025-09-12 16:23:16,2025-09-17 09:47:02
1421,68c59e2f001d4,961,,2,1,590,1,2025-09-13 20:09:11,2025-09-13 21:45:44
1422,68c5b4d18b166,961,,,,590,0,2025-09-13 21:45:45,2025-10-17 12:45:13
1423,68c69149e906d,82,,,,,0,2025-09-14 13:26:25,2025-09-14 13:26:25
1424,68c6aec922e5d,962,,2,1,592,1,2025-09-14 15:32:17,2025-09-14 15:52:21
1425,68c6b37f17206,962,,,,,0,2025-09-14 15:52:23,2025-09-14 15:52:23
1426,68c6b45ae34c8,954,,,,,0,2025-09-14 15:56:02,2025-09-14 15:56:02
1427,68c6d0cb77dc6,963,,2,1,593,1,2025-09-14 17:57:23,2025-09-14 18:35:33
1428,68c6d8bc296bf,548,,,,,0,2025-09-14 18:31:16,2025-09-14 18:31:16
1429,68c6d9c0f0bfd,963,,,,,0,2025-09-14 18:35:36,2025-09-14 18:35:36
1430,68c6fbaa8b503,964,,3,1,594,1,2025-09-14 21:00:18,2025-09-14 21:33:35
1431,68c7037968e6a,964,,3,1,594,1,2025-09-14 21:33:37,2025-09-15 17:21:53
1432,68c7bb06c804a,928,,,,,0,2025-09-15 10:36:46,2025-09-15 10:36:46
1433,68c80283117be,815,,,,,0,2025-09-15 15:41:47,2025-09-15 15:41:47
1434,68c819fc7164f,964,,,,,0,2025-09-15 17:21:56,2025-09-15 17:21:56
1435,68c83f7c3812c,965,,2,1,596,1,2025-09-15 20:01:56,2025-09-15 20:23:29
1436,68c8448b1fd45,965,,,,,0,2025-09-15 20:23:31,2025-09-15 20:23:31
1437,68c8686c3bd28,966,,,,,0,2025-09-15 22:56:36,2025-09-15 22:56:36
1438,68c91ea02788f,967,,2,2,597,1,2025-09-16 11:54:00,2025-09-17 00:50:00
1439,68c968f4af859,212,,,,,0,2025-09-16 17:11:08,2025-09-16 17:11:08
1440,68c9b9fe94150,968,,,,,0,2025-09-16 22:56:54,2025-09-16 22:56:54
1441,68c9d4778b537,969,,2,2,599,1,2025-09-17 00:49:51,2025-09-20 02:26:09
1442,68c9d482b3552,967,,,,,0,2025-09-17 00:50:02,2025-09-17 00:50:02
1443,68ca6e58a9a55,970,,,,,0,2025-09-17 11:46:24,2025-09-17 11:46:24
1444,68ca89ea6bebe,930,,,,,0,2025-09-17 13:44:02,2025-09-17 13:44:02
1445,68cac3de15e76,971,,,1,,0,2025-09-17 17:51:18,2025-09-17 17:51:43
1446,68ccc5b8cd708,972,,,,,0,2025-09-19 06:23:44,2025-09-19 06:23:44
1447,68cd3b9a0e615,144,,3,2,617,1,2025-09-19 14:46:42,2025-11-03 23:58:01
1448,68cd49b702781,973,,2,2,598,1,2025-09-19 15:46:55,2025-09-19 17:31:11
1449,68cd6229229f3,973,,,,,0,2025-09-19 17:31:13,2025-09-19 17:31:13
1450,68cda02bc2bed,620,,,,,0,2025-09-19 21:55:47,2025-09-19 21:55:47
1451,68cddf8b338dc,969,,,,599,0,2025-09-20 02:26:11,2025-10-01 10:49:55
1452,68d16eab0bd25,922,,3,1,553,1,2025-09-22 19:13:39,2025-10-07 20:04:51
1453,68d820d0383e3,975,,,,,0,2025-09-27 21:07:20,2025-09-27 21:07:20
1454,68d88008832d3,976,,2,,,0,2025-09-28 03:53:36,2025-09-28 03:54:08
1455,68db1c20cd3e2,977,,3,1,600,1,2025-09-30 03:24:08,2025-09-30 03:27:38
1456,68db738b9fdcb,978,,,1,,0,2025-09-30 09:37:07,2025-09-30 09:37:20
1457,68e1629892c53,979,,3,2,601,1,2025-10-04 21:38:24,2025-10-05 00:21:44
1458,68e18e9e8674e,979,,,,,0,2025-10-05 00:46:14,2025-10-05 00:46:14
1459,68e3758f79364,980,,3,2,610,1,2025-10-06 11:23:51,2025-10-16 13:39:00
1460,68e40cf3839ec,981,,2,2,603,1,2025-10-06 22:09:47,2025-10-06 22:16:16
1461,68e40ef4b3a44,981,,,,,0,2025-10-06 22:18:20,2025-10-06 22:18:20
1462,68e57a2506258,852,,,,,0,2025-10-08 00:07:57,2025-10-08 00:07:57
1463,68e67550a5c67,215,,,,,0,2025-10-08 17:59:36,2025-10-08 17:59:36
1464,68e6abaf827d5,983,,,,,0,2025-10-08 21:51:35,2025-10-08 21:51:35
1465,68e6bf6e17dc0,984,,,,,0,2025-10-08 23:15:50,2025-10-08 23:15:50
1466,68e76f7254273,985,,2,2,604,0,2025-10-09 11:46:50,2025-10-09 11:49:45
1467,68ea54632a293,982,,,,,0,2025-10-11 16:28:11,2025-10-11 16:28:11
1468,68eb8b042c0b2,988,,3,1,605,1,2025-10-12 14:33:32,2025-10-12 15:22:38
1469,68eb9687edf82,988,,,,,0,2025-10-12 15:22:39,2025-10-12 15:22:39
1470,68ebac7861237,989,,2,1,,0,2025-10-12 16:56:16,2025-10-12 16:56:37
1471,68ec31110bd02,990,,2,2,606,1,2025-10-13 02:22:01,2025-10-13 02:26:55
1472,68ec3238105cd,990,,,,,0,2025-10-13 02:26:56,2025-10-13 02:26:56
1473,68ef66441e5e5,991,,2,2,608,1,2025-10-15 12:45:48,2025-10-15 12:49:32
1474,68ef67a867560,991,,,,,0,2025-10-15 12:51:44,2025-10-15 12:51:44
1475,68efb779c76d2,992,,3,2,609,1,2025-10-15 18:32:17,2025-10-15 18:41:39
1476,68efb9ac5e727,992,,,,,0,2025-10-15 18:41:40,2025-10-15 18:41:40
1477,68efcd7b08e6b,993,,,,,0,2025-10-15 20:06:11,2025-10-15 20:06:11
1478,68efef515be23,994,,,,,0,2025-10-15 22:30:33,2025-10-15 22:30:33
1479,68f020803f5bb,995,,,,,0,2025-10-16 02:00:24,2025-10-16 02:00:24
1480,68f0b06518e3c,892,,3,1,539,1,2025-10-16 12:14:21,2025-10-21 12:47:38
1481,68f0c453ee026,980,,,,,0,2025-10-16 13:39:23,2025-10-16 13:39:23
1482,68f14b5750677,787,,,,,0,2025-10-16 23:15:27,2025-10-16 23:15:27
1483,68f2cf692650d,997,,3,1,613,1,2025-10-18 02:51:13,2025-10-22 06:03:18
1484,68f40107b2056,998,,3,1,612,1,2025-10-19 00:35:11,2025-10-19 01:05:01
1485,68f4084fdf42a,998,,,,,0,2025-10-19 01:06:15,2025-10-19 01:06:15
1486,68f7519386f89,892,,,,,0,2025-10-21 12:55:39,2025-10-21 12:55:39
1487,68f8426f9807e,997,,,,,0,2025-10-22 06:03:19,2025-10-22 06:03:19
1488,68fcfeab44b05,198,,,,,0,2025-10-25 20:15:31,2025-10-25 20:15:31
1489,68ff02341d358,1000,,,,,0,2025-10-27 08:55:08,2025-10-27 08:55:08
1490,68ff507c3f185,1003,,2,2,,0,2025-10-27 14:29:08,2025-10-27 20:49:19
1491,69004e8ed4cca,1004,,2,1,615,1,2025-10-28 08:33:10,2025-10-28 09:07:24
1492,69005695b9ffc,1004,,,,,0,2025-10-28 09:07:25,2025-10-28 09:07:25
1493,6900c591465c9,1005,,,,,0,2025-10-28 17:00:57,2025-10-28 17:00:57
1494,690241fc90d92,1007,,3,2,616,1,2025-10-29 20:04:04,2025-10-29 20:15:54
1495,69028dc8945f1,888,,,,,0,2025-10-30 01:27:28,2025-10-30 01:27:28
1496,6902a357083cf,1007,,,,,0,2025-10-30 02:59:27,2025-10-30 02:59:27
1497,6904eac380732,288,,,,,0,2025-10-31 20:28:43,2025-10-31 20:28:43
1498,690610ac06aa9,1008,,2,2,,0,2025-11-01 17:22:44,2025-11-01 17:23:17
1499,690738fb5f3e5,1009,,,,,0,2025-11-02 14:26:59,2025-11-02 14:26:59
1500,690738fb5f2fe,1009,,,,,0,2025-11-02 14:26:59,2025-11-02 14:26:59
1501,69086925ea357,283,,,,,0,2025-11-03 12:04:45,2025-11-03 12:04:45
1502,6908baf18f324,1011,,2,2,618,1,2025-11-03 17:53:45,2025-11-04 17:53:32
1503,6908dad2c493a,415,,,,,0,2025-11-03 20:09:46,2025-11-03 20:09:46
1504,690a0c8b2d920,1011,,,,,0,2025-11-04 17:54:11,2025-11-04 17:54:11
1505,690b197deee6b,374,,,,,0,2025-11-05 13:01:41,2025-11-05 13:01:41
1506,690c4b2b92fa6,1012,,,,,0,2025-11-06 10:45:55,2025-11-06 10:45:55
1507,690c77fe0e7b8,175,,2,1,619,0,2025-11-06 13:57:10,2025-11-07 11:46:21
1508,690ee3066b660,1013,,2,1,621,1,2025-11-08 09:58:22,2025-11-08 10:07:34
1509,690ee52f7666b,1013,,,,,0,2025-11-08 10:07:35,2025-11-08 10:07:35
1510,6910570bebaa2,1014,,,,,0,2025-11-09 12:25:39,2025-11-09 12:25:39
1511,691080de0bf55,529,,3,1,293,0,2025-11-09 15:24:06,2025-11-12 21:02:21
1512,6910874f1cd9f,1015,,,,,0,2025-11-09 15:51:35,2025-11-09 15:51:35
1513,691094ae873ae,1016,,2,1,,0,2025-11-09 16:48:38,2025-11-09 16:53:09
1514,6910e42bb7e1d,300,,,,,0,2025-11-09 22:27:47,2025-11-09 22:27:47
1515,6911a39bacbe3,569,,,,,0,2025-11-10 12:04:35,2025-11-10 12:04:35
1516,6912231ad93b4,1017,,3,1,624,1,2025-11-10 21:08:34,2025-11-10 21:17:01
1517,6912253550c2a,1017,,,,,0,2025-11-10 21:17:33,2025-11-10 21:17:33
1518,69139468d3ccd,709,,,,,0,2025-11-11 23:24:16,2025-11-11 23:24:16
1519,6915c88732b71,1018,,,,,0,2025-11-13 15:31:11,2025-11-13 15:31:11