id,serial,sale_channel,user_id,coupon_id,status,transaction_id,snapp_check,snapp_trx_id,payment_token,cart_id,shipping_method_id,shipping_address_id,payment_method_id,total_payed,total_price,total_discount,total_shipping,attributes,use_wallet,wallet_amount_payed,created_at,updated_at
5,660d249f12e51,website,13,,pending,,,,,13,1,6,1,3695000,3640000,0,55000,,0,0,2024-04-03 13:12:55,2024-04-03 13:12:55
6,660d3d39b2d64,website,13,,pending,039034e,,,,13,1,6,1,3640000,3640000,0,0,,0,0,2024-04-03 14:57:53,2024-04-03 14:57:54
7,660d3e6c119be,website,13,,pending,ba22106,,,,13,1,6,1,3640000,3640000,0,0,,0,0,2024-04-03 15:03:00,2024-04-03 15:03:00
8,660d424ab1db2,website,13,,pending,8a880bc,,,,13,1,6,1,3640000,3640000,0,0,,0,0,2024-04-03 15:19:30,2024-04-03 15:19:31
9,660d4265d4bd6,website,13,,pending,d58ee93,,,,13,1,6,1,3640000,3640000,0,0,,0,0,2024-04-03 15:19:57,2024-04-03 15:19:58
10,660d43572ea01,website,13,,pending,60d8e40,,,,13,1,6,1,3640000,3640000,0,0,,0,0,2024-04-03 15:23:59,2024-04-03 15:23:59
11,660d43f5c12ba,website,13,,pending,8b4a513,,,,13,1,6,1,3640000,3640000,0,0,,0,0,2024-04-03 15:26:37,2024-04-03 15:26:38
12,660d4542dc937,website,13,,pending,,,,,13,1,6,1,3640000,3640000,0,0,,0,0,2024-04-03 15:32:10,2024-04-03 15:32:10
13,660d46870db74,website,13,,declined,df68457,,,,13,1,6,1,2000,2000,0,0,تراكنش توسط شما لغو شد,0,0,2024-04-03 15:37:35,2024-04-03 15:43:16
14,660d48dcd230b,website,13,,cancelled,bc2067c,,,,13,1,6,1,2000,2000,0,0,{},0,0,2024-04-03 15:47:32,2024-04-03 15:54:12
15,660d4a17c4809,website,13,,pending,,,,,14,1,6,1,2380000,2380000,0,0,,0,0,2024-04-03 15:52:47,2024-04-03 15:52:47
16,660d4a2e34dd1,website,13,,pending,,,,,14,1,6,1,2380000,2380000,0,0,,0,0,2024-04-03 15:53:10,2024-04-03 15:53:10
17,660d4b09e418c,website,13,,declined,2aee80e,,,,14,1,6,1,2380000,2380000,0,0,تراكنش توسط شما لغو شد,0,0,2024-04-03 15:56:49,2024-04-03 15:57:00
18,660d4b79d07f0,website,13,,declined,737e507,,,,14,1,6,1,2380000,2380000,0,0,تراكنش توسط شما لغو شد,0,0,2024-04-03 15:58:41,2024-04-03 15:58:48
19,660d4c1775966,website,13,,declined,60d50a5,,,,14,1,6,1,2380000,2380000,0,0,تراكنش توسط شما لغو شد,0,0,2024-04-03 16:01:19,2024-04-03 16:01:28
20,660d4d211758b,website,13,,declined,e03a7d2,,,,14,1,6,1,2380000,2380000,0,0,تراكنش توسط شما لغو شد,0,0,2024-04-03 16:05:45,2024-04-03 16:05:54
21,660d50cda80c0,website,2,,declined,cd9ac33,,,,12,1,7,1,790000,790000,0,0,این تراکنش قبلا تایید شده است,0,0,2024-04-03 16:21:25,2024-04-04 11:13:57
22,660d55d463ce3,website,13,,declined,b4148e1,,,,14,1,6,1,2380000,2380000,0,0,تراكنش توسط شما لغو شد,0,0,2024-04-03 16:42:52,2024-04-03 16:42:56
23,660d85bae094d,website,14,,pending,15d5843,,,,16,2,8,1,930000,930000,0,0,,0,0,2024-04-03 20:07:14,2024-04-03 20:07:15
24,660d85cda6b8f,website,14,,pending,2eae074,,,,16,2,8,1,930000,930000,0,0,,0,0,2024-04-03 20:07:33,2024-04-03 20:07:33
25,660e5850b09b4,website,12,,completed,0b08906,,,,20,2,10,1,1260000,1260000,0,0,{},0,0,2024-04-04 11:05:44,2024-04-04 11:08:24
26,660e8aa339a40,website,14,,pending,d35ac14,,,,16,2,12,1,930000,930000,0,0,,0,0,2024-04-04 14:40:27,2024-04-04 14:40:27
27,660e8ac59fe35,website,14,,pending,bac0170,,,,16,2,12,1,930000,930000,0,0,,0,0,2024-04-04 14:41:01,2024-04-04 14:41:01
28,660e909ddcb2c,website,14,,pending,6d60bc7,,,,16,2,12,1,930000,930000,0,0,,0,0,2024-04-04 15:05:57,2024-04-04 15:05:58
29,660ecdff65721,website,21,,pending,7a933ba,,,,24,1,13,1,1580000,1580000,0,0,,0,0,2024-04-04 19:27:51,2024-04-04 19:27:52
30,660ece186dff4,website,21,,completed,c511e29,,,,24,1,13,1,1580000,1580000,0,0,{},0,0,2024-04-04 19:28:16,2024-04-04 19:30:01
31,660ed294a028c,website,21,,completed,1ad22fb,,,,26,1,13,1,1260000,1260000,0,0,{},0,0,2024-04-04 19:47:24,2024-04-04 19:48:43
32,660ee92b0fa65,website,23,,pending,88a524d,,,,28,2,14,1,930000,930000,0,0,,0,0,2024-04-04 21:23:47,2024-04-04 21:23:47
33,660eeb31307e6,website,23,,pending,4745ffc,,,,28,2,14,1,930000,930000,0,0,,0,0,2024-04-04 21:32:25,2024-04-04 21:32:25
34,660f39c7b03a7,website,25,,completed,3abd4d9,,,,30,1,15,1,1770000,1770000,0,0,{},0,0,2024-04-05 03:07:43,2024-04-05 03:08:52
35,660fdcfb09a75,website,1,,completed,5f56a86,,,,11,2,16,1,0,4020000,0,0,,1,4020000,2024-04-05 14:44:03,2024-05-17 14:27:10
36,6610442ab9536,website,14,,pending,e134018,,,,16,2,12,1,930000,930000,0,0,,0,0,2024-04-05 22:04:18,2024-04-05 22:04:19
37,661044c0c3f9c,website,14,,pending,d8a1dc3,,,,16,2,12,1,930000,930000,0,0,,0,0,2024-04-05 22:06:48,2024-04-05 22:06:49
38,661119b1840dd,website,26,,completed,aae3601,,,,32,1,17,1,890000,890000,0,0,{},0,0,2024-04-06 13:15:21,2024-04-06 13:16:35
39,66111ba34ad77,website,27,,completed,48b35cb,,,,34,1,18,1,890000,890000,0,0,{},0,0,2024-04-06 13:23:39,2024-06-01 10:00:55
40,66117d508e869,website,14,,pending,a073aa1,,,,16,2,12,1,930000,930000,0,0,,0,0,2024-04-06 20:20:24,2024-04-06 20:20:24
41,6611ab605e9c9,website,28,,completed,cfd9ddb,,,,36,1,19,1,890000,890000,0,0,{},0,0,2024-04-06 23:36:56,2024-04-06 23:37:48
42,66129a713b499,website,14,,pending,ca3ff4f,,,,16,2,12,1,930000,930000,0,0,,0,0,2024-04-07 16:36:57,2024-04-07 16:36:57
43,6612a057cc794,website,14,,pending,d8c7a69,,,,16,2,12,1,930000,930000,0,0,,0,0,2024-04-07 17:02:07,2024-04-07 17:02:08
44,6612bdf6bb945,website,31,,completed,9647350,,,,40,1,20,1,850000,850000,0,0,{},0,0,2024-04-07 19:08:30,2024-04-07 19:09:38
45,66131f57609e3,website,32,,pending,3a0f07f,,,,42,2,21,1,980000,980000,0,0,,0,0,2024-04-08 02:03:59,2024-04-08 02:04:00
46,6613a939e14c8,website,14,,pending,9eaae29,,,,16,2,12,1,930000,930000,0,0,,0,0,2024-04-08 11:52:17,2024-04-08 11:52:19
47,6613bd99b27b4,website,14,,pending,b371147,,,,16,2,12,1,930000,930000,0,0,,0,0,2024-04-08 13:19:13,2024-04-08 13:19:14
48,6613bde12fc64,website,14,,pending,3a40aa4,,,,16,2,12,1,930000,930000,0,0,,0,0,2024-04-08 13:20:25,2024-04-08 13:20:26
49,6613be1345010,website,14,,pending,0247694,,,,16,2,12,1,930000,930000,0,0,,0,0,2024-04-08 13:21:15,2024-04-08 13:21:15
50,6613cd8472985,website,35,,completed,bd2e9ba,,,,45,2,22,1,3330000,3330000,0,0,{},0,0,2024-04-08 14:27:08,2024-04-08 14:27:43
51,6613d4bb8e40e,website,14,,pending,bccafbf,,,,16,2,12,1,930000,930000,0,0,,0,0,2024-04-08 14:57:55,2024-04-08 14:57:55
52,66141f52cdcb1,website,25,,completed,4e516a7,,,,31,1,15,1,2170000,2170000,0,0,{},0,0,2024-04-08 20:16:10,2024-04-08 20:17:03
53,66143122ed427,website,37,,pending,01a2945,,,,48,1,23,1,890000,890000,0,0,,0,0,2024-04-08 21:32:10,2024-04-08 21:32:11
54,661563a60d4fa,website,38,,completed,b474d2f,,,,50,1,24,1,980000,980000,0,0,{},0,0,2024-04-09 19:19:58,2024-04-09 19:20:37
55,6616857f12d2a,website,39,,completed,7af8083,,,,52,2,25,1,1260000,1260000,0,0,{},0,0,2024-04-10 15:56:39,2024-04-10 15:57:52
56,66178a752bd40,website,40,,completed,c9d296b,,,,54,1,27,1,890000,890000,0,0,{},0,0,2024-04-11 10:30:05,2024-04-11 10:31:06
57,6617926bdc548,website,41,,pending,817dfd6,,,,56,1,28,1,890000,890000,0,0,,0,0,2024-04-11 11:04:03,2024-04-11 11:04:04
58,6617a7378e7d3,website,43,,completed,f0e90a3,,,,57,1,29,1,1580000,1580000,0,0,{},0,0,2024-04-11 12:32:47,2024-04-11 12:33:43
59,6617d369c76bf,website,37,,completed,e9392cc,,,,48,1,23,1,890000,890000,0,0,{},0,0,2024-04-11 15:41:21,2024-04-11 15:42:13
60,661ccb5ba006e,website,47,,pending,aebb0f4,,,,63,1,30,1,890000,890000,0,0,,0,0,2024-04-15 10:08:19,2024-04-15 10:08:20
61,661cf0b921197,website,47,,completed,2ba8b09,,,,63,1,30,1,890000,890000,0,0,{},0,0,2024-04-15 12:47:45,2024-04-15 12:48:49
62,661eca955b1ea,website,50,,completed,5d179f0,,,,67,1,31,1,3640000,3640000,0,0,{},0,0,2024-04-16 22:29:33,2024-04-16 22:30:08
63,6622180d70975,website,56,,pending,4998645,,,,73,1,33,1,790000,790000,0,0,,0,0,2024-04-19 10:36:53,2024-04-19 10:36:53
64,66221dec97fb2,website,56,,completed,c456751,,,,73,1,33,1,790000,790000,0,0,{},0,0,2024-04-19 11:01:56,2024-04-19 11:02:36
65,6622bed43917c,website,58,,pending,72a8226,,,,76,1,34,1,890000,890000,0,0,,0,0,2024-04-19 22:28:28,2024-04-19 22:28:28
66,66236a339637a,website,55,,completed,f0e1220,,,,72,1,35,1,890000,890000,0,0,{},0,0,2024-04-20 10:39:39,2024-04-20 10:42:58
67,662566c89b48c,website,60,,completed,b01ba46,,,,79,1,36,1,790000,790000,0,0,{},0,0,2024-04-21 22:49:36,2024-04-21 22:53:10
68,662678a744975,website,61,,completed,115a366,,,,81,1,37,1,1780000,1780000,0,0,{},0,0,2024-04-22 18:18:07,2024-04-22 18:19:02
69,6628107d99d0b,website,63,,completed,ffeb784,,,,84,2,38,1,1260000,1260000,0,0,{},0,0,2024-04-23 23:18:13,2024-04-23 23:19:29
70,662d0f737ad17,website,31,,completed,ca838bc,,,,41,1,40,1,890000,890000,0,0,{},0,0,2024-04-27 18:15:07,2024-04-27 18:15:46
71,66468c6a056ad,website,67,,completed,d822531,,,,90,1,42,1,1480000,1480000,0,0,{},0,0,2024-05-17 02:14:58,2024-05-17 02:15:51
72,66485c1db375c,website,70,,completed,f1dda46,,,,94,1,43,1,1180000,1180000,0,0,{},0,0,2024-05-18 11:13:25,2024-05-19 06:02:49
73,6648d6e72121a,website,71,,completed,a696cd8,,,,96,1,44,1,2160000,2160000,0,0,{},0,0,2024-05-18 19:57:19,2024-05-19 06:05:32
74,6655c01f47721,website,77,,completed,036338e,,,,103,1,46,1,1480000,1480000,0,0,{},0,0,2024-05-28 14:59:35,2024-06-15 11:40:26
75,6656685a1afa9,website,79,,completed,ee6068e,,,,105,1,47,1,980000,980000,0,0,{},0,0,2024-05-29 02:57:22,2024-06-15 11:40:21
76,66586d5e7be12,website,81,,pending,c6227e8,,,,107,1,49,1,1710000,2280000,570000,0,,0,0,2024-05-30 15:43:18,2024-05-30 15:43:18
77,66586d80c63be,website,81,,completed,a490848,,,,107,1,49,1,1710000,2280000,570000,0,{},0,0,2024-05-30 15:43:52,2024-06-06 10:56:12
78,66599096ec982,website,84,,completed,ec47126,,,,112,1,50,1,1110000,1480000,370000,0,{},0,0,2024-05-31 12:25:50,2024-06-15 11:40:16
79,6659a673e8e5c,website,86,,completed,162cb8b,,,,115,1,51,1,735000,980000,245000,0,{},0,0,2024-05-31 13:59:07,2024-06-15 11:40:10
80,6659b4891a039,website,87,,completed,334b404,,,,117,1,52,1,1845000,2460000,615000,0,{},0,0,2024-05-31 14:59:13,2024-06-06 11:01:10
81,665a15a46bba4,website,64,,completed,1ade84e,,,,86,1,39,1,735000,980000,245000,0,{},0,0,2024-05-31 21:53:32,2024-06-15 11:40:06
82,665ae4482b60e,website,88,,completed,21b1040,,,,120,1,53,1,735000,980000,245000,0,{},0,0,2024-06-01 12:35:12,2024-06-15 11:40:02
83,665b1168c170f,website,28,,declined,5a85673,,,,38,1,54,1,885000,1180000,295000,0,تراكنش توسط شما لغو شد,0,0,2024-06-01 15:47:44,2024-06-01 15:48:04
84,665b119ed1805,website,28,,completed,d840e58,,,,38,1,54,1,885000,1180000,295000,0,{},0,0,2024-06-01 15:48:38,2024-06-15 11:39:55
85,665c8cfdde238,website,93,,completed,944f47b,,,,126,1,55,1,667500,890000,222500,0,{},0,0,2024-06-02 18:47:17,2024-06-06 11:00:55
86,665d5bb21c157,website,94,,pending,ab39435,,,,128,1,56,1,1777500,2370000,592500,0,,0,0,2024-06-03 09:29:14,2024-06-03 09:29:14
87,665da24d06c61,website,94,,pending,c5d21b9,,,,128,1,56,1,1777500,2370000,592500,0,,0,0,2024-06-03 14:30:29,2024-06-03 14:30:29
88,665da2e5bb513,website,94,,completed,79b3c94,,,,128,1,56,1,1777500,2370000,592500,0,{},0,0,2024-06-03 14:33:01,2024-06-15 11:40:45
89,666568cdb9760,website,96,,completed,3e2565b,,,,131,2,57,1,890000,890000,0,0,{},0,0,2024-06-09 12:03:17,2024-06-15 11:39:39
90,66695c0966c6e,website,98,,completed,5021cec,,,,134,1,58,1,1480000,1480000,0,0,{},0,0,2024-06-12 11:57:53,2024-06-17 13:21:31
91,6669ecedc32a3,website,13,,pending,,,,,14,1,6,1,7530000,7530000,0,0,,0,0,2024-06-12 22:16:05,2024-06-12 22:16:05
92,6669ed374f8a8,website,13,,pending,c892757,,,,14,1,6,1,7530000,7530000,0,0,,0,0,2024-06-12 22:17:19,2024-06-12 22:17:19
93,666a08976bcd5,website,13,,pending,,,,,14,1,6,1,7530000,7530000,0,0,,0,0,2024-06-13 00:14:07,2024-06-13 00:14:07
94,666a08b7cd958,website,13,,pending,,,,,14,1,6,1,7530000,7530000,0,0,,0,0,2024-06-13 00:14:39,2024-06-13 00:14:39
95,666a09d5565bc,website,13,,pending,03dc67f,,,,14,1,6,1,7530000,7530000,0,0,,0,0,2024-06-13 00:19:25,2024-06-13 00:19:25
96,666a09eb310d3,website,13,,pending,55d2ac7,,,,14,1,6,1,7530000,7530000,0,0,,0,0,2024-06-13 00:19:47,2024-06-13 00:19:47
97,666a0a35ef18e,website,13,,declined,2a67c5f,,,,14,1,6,1,7530000,7530000,0,0,تراكنش توسط شما لغو شد,0,0,2024-06-13 00:21:01,2024-06-13 00:21:07
98,666ae4f647458,website,101,,completed,ffd5cb5,,,,137,2,59,1,980000,980000,0,0,{},0,0,2024-06-13 15:54:22,2024-06-17 13:45:16
99,666d4b043a1e0,website,100,,completed,a653c41,,,,136,2,60,1,1180000,1180000,0,0,{},0,0,2024-06-15 11:34:20,2024-06-17 13:20:45
100,666d83a424693,website,105,,completed,4d710f2,,,,142,1,61,1,1480000,1480000,0,0,{},0,0,2024-06-15 15:35:56,2024-06-17 13:20:22
101,666dba1c26f6c,website,96,,completed,fe8d01d,,,,132,2,57,1,890000,890000,0,0,{},0,0,2024-06-15 19:28:20,2024-06-17 13:19:58
102,66706dc744667,website,104,,pending,b361d97,,,,140,1,62,1,1480000,1480000,0,0,,0,0,2024-06-17 20:39:27,2024-06-17 20:39:27
103,66706e77043ec,website,104,,completed,2c5681b,,,,140,1,62,1,1480000,1480000,0,0,{},0,0,2024-06-17 20:42:23,2024-06-19 09:14:08
104,6675507f8ba35,website,2,,pending,1e4ab41,,,,15,2,7,1,3260000,3260000,0,0,,0,0,2024-06-21 13:35:51,2024-06-21 13:35:52
105,667b34a2b3135,website,110,,completed,d68ab52,,,,150,1,63,1,2660000,2660000,0,0,{},0,0,2024-06-26 00:50:34,2024-07-08 11:29:08
106,667bd1ef41597,website,111,,completed,0935174,,,,152,1,64,1,3270000,3270000,0,0,{},0,0,2024-06-26 12:01:43,2024-07-08 11:28:36
107,667da02739c59,website,114,,pending,69f0f54,,,,155,1,65,1,1480000,1480000,0,0,,0,0,2024-06-27 20:53:51,2024-06-27 20:53:51
108,6682fa3d2475a,website,115,,completed,d82e721,,,,156,1,66,1,1890000,1890000,0,0,{},0,0,2024-07-01 22:19:33,2024-07-08 11:28:13
109,668a7a8e43814,website,119,,completed,5b0e7b5,,,,161,2,67,1,2660000,2660000,0,0,{},0,0,2024-07-07 14:52:54,2024-07-16 23:58:24
110,668af1bcc67f8,website,120,,completed,d5faec9,,,,163,1,68,1,890000,890000,0,0,{},0,0,2024-07-07 23:21:24,2024-07-20 08:27:12
111,668afd32021a9,website,121,,completed,c80387f,,,,165,2,69,1,2660000,2660000,0,0,{},0,0,2024-07-08 00:10:18,2024-07-20 08:26:57
112,6698cde5060fd,website,125,,completed,70b924e,,,,170,2,70,1,1380000,1380000,0,0,"""{}""",0,0,2024-07-18 11:40:13,2024-07-28 11:48:53
113,669d03175fce3,website,128,,completed,c45fee2,,,,173,1,71,1,3370000,3370000,0,0,"""{}""",0,0,2024-07-21 16:16:15,2024-07-28 11:53:07
114,669d3766e2c9b,website,129,,completed,942959d,,,,175,2,72,1,2280000,2280000,0,0,"""{}""",0,0,2024-07-21 19:59:26,2024-07-26 19:12:22
115,669d706216333,website,126,,pending,551c583,,,,172,1,73,1,2860000,2860000,0,0,,0,0,2024-07-22 00:02:34,2024-07-22 00:02:35
116,669d772f09d32,website,126,,pending,659b9aa,,,,172,1,73,1,2860000,2860000,0,0,,0,0,2024-07-22 00:31:35,2024-07-22 00:31:35
117,669d778626df5,website,126,,completed,f47b9bd,,,,172,1,73,1,2860000,2860000,0,0,"""{}""",0,0,2024-07-22 00:33:02,2024-07-28 11:53:55
118,669edb5e3e7d1,website,38,,pending,028b7a2,,,,51,1,24,1,1480000,1480000,0,0,,0,0,2024-07-23 01:51:18,2024-07-23 01:51:18
119,669edba3c43d5,website,38,,completed,5da7622,,,,51,1,24,1,1480000,1480000,0,0,"""{}""",0,0,2024-07-23 01:52:27,2024-07-28 11:54:14
120,66a10dcad4c96,website,77,,pending,8de4f81,,,,104,1,46,1,1480000,1480000,0,0,,0,0,2024-07-24 17:50:58,2024-07-24 17:50:59
121,66a10de58fddb,website,77,,completed,4318351,,,,104,2,46,1,1480000,1480000,0,0,"""{}""",0,0,2024-07-24 17:51:25,2024-07-28 12:00:00
122,66ad46b5f3122,website,134,,pending,973d0da,,,,184,1,74,1,980000,980000,0,0,,0,0,2024-08-03 00:21:01,2024-08-03 00:21:03
123,66b3675a03961,website,136,,completed,422da65,,,,186,1,75,1,3850000,3850000,0,0,"""{}""",0,0,2024-08-07 15:53:54,2024-10-27 17:32:52
124,66b39f92e7c99,website,134,,pending,c90f662,,,,184,1,74,1,1180000,1180000,0,0,,0,0,2024-08-07 19:53:46,2024-08-07 19:53:47
125,66b780da24112,website,140,,declined,c9bcbda,,,,188,1,76,1,980000,980000,0,0,"""\u062a\u0631\u0627\u0643\u0646\u0634 \u062a\u0648\u0633\u0637 \u0634\u0645\u0627 \u0644\u063a\u0648 \u0634\u062f""",0,0,2024-08-10 18:31:46,2024-08-10 18:31:50
126,66c46e8714212,website,13,,declined,1199c19,,,,14,1,6,1,6640000,6640000,0,0,"""\u062a\u0631\u0627\u0643\u0646\u0634 \u062a\u0648\u0633\u0637 \u0634\u0645\u0627 \u0644\u063a\u0648 \u0634\u062f""",0,0,2024-08-20 13:53:03,2024-08-20 13:53:07
127,66c474e9d05c0,website,142,,pending,e707c4d,,,,190,2,77,1,1480000,1480000,0,0,,0,0,2024-08-20 14:20:17,2024-08-20 14:20:18
128,66c4e98de0055,website,143,,pending,8c90649,,,,191,1,78,1,1180000,1180000,0,0,,0,0,2024-08-20 22:37:57,2024-08-20 22:37:58
129,66ca68cc1f672,website,144,,declined,9c7b96a,,,,192,2,79,1,3070000,3070000,0,0,"""\u0627\u06cc\u0646 \u062a\u0631\u0627\u06a9\u0646\u0634 \u0642\u0628\u0644\u0627 \u062a\u0627\u06cc\u06cc\u062f \u0634\u062f\u0647 \u0627\u0633\u062a""",0,0,2024-08-25 02:42:12,2024-08-25 02:44:21
130,66db38a83f3bb,website,147,,completed,0c6f50b,,,,196,1,80,1,5140000,5140000,0,0,"""{}""",0,0,2024-09-06 20:45:20,2024-10-27 17:32:44
131,66dd916cd3a04,website,149,,completed,883cee6,,,,199,1,81,1,885000,1180000,295000,0,"""{}""",0,0,2024-09-08 15:28:36,2024-10-27 17:32:07
132,66ddadb51ab2b,website,1,,completed,6aae74c,,,,11,1,16,1,896000,1280000,384000,0,,0,896000,2024-09-08 17:29:17,2024-10-27 17:31:57
133,66de050bb5e33,website,150,,completed,478ef9f,,,,201,2,82,1,885000,1180000,295000,0,"""\u0627\u0631\u062a\u0628\u0627\u0637 \u0628\u0627 \u062f\u0631\u06af\u0627\u0647 \u0628\u0631\u0642\u0631\u0627\u0631 \u0646\u0634\u062f\u060c \u0645\u062c\u062f\u062f\u0627 \u062a\u0644\u0627\u0634 \u06a9\u0646\u06cc\u062f""",0,0,2024-09-08 23:41:55,2024-10-27 17:31:48
134,66de06094e70c,website,151,,completed,500c3c1,,,,202,1,83,1,1110000,1480000,370000,0,"""\u0627\u06cc\u0646 \u062a\u0631\u0627\u06a9\u0646\u0634 \u0642\u0628\u0644\u0627 \u062a\u0627\u06cc\u06cc\u062f \u0634\u062f\u0647 \u0627\u0633\u062a""",0,0,2024-09-08 23:46:09,2024-10-27 17:31:42
135,66de119d52ee6,website,1,,declined,54684ef,,,,11,2,16,1,896000,1280000,384000,0,"""\u062a\u0631\u0627\u0643\u0646\u0634 \u062a\u0648\u0633\u0637 \u0634\u0645\u0627 \u0644\u063a\u0648 \u0634\u062f""",0,0,2024-09-09 00:35:33,2024-09-09 00:35:39
136,66e5223a6dee2,website,153,,completed,89f222c,,,,205,1,84,1,885000,1180000,295000,0,"""\u0627\u06cc\u0646 \u062a\u0631\u0627\u06a9\u0646\u0634 \u0642\u0628\u0644\u0627 \u062a\u0627\u06cc\u06cc\u062f \u0634\u062f\u0647 \u0627\u0633\u062a""",0,0,2024-09-14 09:12:18,2024-09-14 09:13:37
137,66e5647512b6d,website,154,,completed,1a6e61b,,,,206,1,85,1,885000,1180000,295000,0,"""{}""",0,0,2024-09-14 13:54:53,2024-10-27 17:31:30
138,66e5e75ea9571,website,156,,pending,dad56f9,,,,208,1,86,1,885000,1180000,295000,0,,0,0,2024-09-14 23:13:26,2024-09-14 23:13:27
139,66e5e7a0721b0,website,156,,pending,cabf34c,,,,208,1,86,1,885000,1180000,295000,0,,0,0,2024-09-14 23:14:32,2024-09-14 23:14:33
140,66e5e91bd9dfc,website,156,,completed,99f594f,,,,208,1,86,1,885000,1180000,295000,0,"""{}""",0,0,2024-09-14 23:20:51,2024-10-27 17:32:38
141,66e6be934be33,website,148,,pending,d60da5d,,,,198,1,87,1,735000,980000,245000,0,,0,0,2024-09-15 14:31:39,2024-09-15 14:31:40
142,66e6e5304168c,website,159,,pending,28fbe11,,,,211,1,88,1,1995000,2660000,665000,0,,0,0,2024-09-15 17:16:24,2024-09-15 17:16:24
143,66e6f3a239e85,website,159,,completed,9d926f3,,,,211,1,90,1,1995000,2660000,665000,0,"""{}""",0,0,2024-09-15 18:18:02,2024-10-27 17:33:01
144,6563357579,website,1,,pending,,,,,11,1,16,2,2460000,2460000,0,0,,0,0,2024-10-12 14:24:12,2024-10-12 14:24:12
145,3797727158,website,1,,pending,,,,,11,1,16,2,2460000,2460000,0,0,,0,0,2024-10-12 14:27:03,2024-10-12 14:27:03
146,2913837133,website,1,,pending,,,,,11,1,16,2,2460000,2460000,0,0,,0,0,2024-10-12 14:33:18,2024-10-12 14:33:18
147,9608596274,website,1,,pending,,,,,11,1,16,2,2460000,2460000,0,0,,0,0,2024-10-12 15:22:36,2024-10-12 15:22:36
148,4647036687,website,1,,pending,,,,,11,1,16,2,2460000,2460000,0,0,,0,0,2024-10-12 15:22:52,2024-10-12 15:22:52
149,8556132710,website,1,,pending,,,,,11,2,16,2,2460000,2460000,0,0,,0,0,2024-10-12 15:31:08,2024-10-12 15:31:08
150,6388650072,website,1,,pending,,,,,11,1,16,2,2460000,2460000,0,0,,0,0,2024-10-12 15:35:17,2024-10-12 15:35:17
151,4480025013,website,1,,pending,,,,,11,2,16,2,2460000,2460000,0,0,,0,0,2024-10-12 15:42:00,2024-10-12 15:42:00
152,7568201754,website,1,,pending,,,,,11,2,16,2,2460000,2460000,0,0,,0,0,2024-10-12 15:43:34,2024-10-12 15:43:34
153,4174974234,website,1,,pending,,,,,11,2,16,2,2460000,2460000,0,0,,0,0,2024-10-12 15:44:32,2024-10-12 15:44:32
154,9849576985,website,1,,pending,,,,,11,2,16,2,2460000,2460000,0,0,,0,0,2024-10-12 15:47:45,2024-10-12 15:47:45
155,8939385781,website,1,,pending,,,,,11,2,16,2,2460000,2460000,0,0,,0,0,2024-10-12 15:49:12,2024-10-12 15:49:12
156,7287205762,website,1,,pending,,,,,11,1,16,2,2460000,2460000,0,0,,0,0,2024-10-12 15:51:25,2024-10-12 15:51:25
157,9378969495,website,1,,pending,,,,,11,2,16,2,2460000,2460000,0,0,,0,0,2024-10-12 15:52:19,2024-10-12 15:52:19
158,8315854311,website,1,,pending,,,,,11,2,16,2,2460000,2460000,0,0,,0,0,2024-10-12 15:58:10,2024-10-12 15:58:10
159,2709734145,website,1,,pending,,,,,11,2,16,2,2460000,2460000,0,0,,0,0,2024-10-12 16:13:14,2024-10-12 16:13:14
160,9484075353,website,1,,pending,,,,,11,2,16,2,2460000,2460000,0,0,,0,0,2024-10-12 16:13:26,2024-10-12 16:13:26
161,8585532729,website,1,,pending,,,,,11,1,16,2,2460000,2460000,0,0,,0,0,2024-10-12 16:16:12,2024-10-12 16:16:12
162,7516056794,website,1,,pending,,,,,11,1,16,2,2460000,2460000,0,0,,0,0,2024-10-12 16:16:20,2024-10-12 16:16:20
163,6124260539,website,1,,pending,,,,,11,2,16,2,2460000,2460000,0,0,,0,0,2024-10-12 16:17:27,2024-10-12 16:17:27
164,5711117632,website,163,,pending,,,,,216,2,91,2,1980000,1980000,0,0,,0,0,2024-10-13 01:10:57,2024-10-13 01:10:57
165,6070671700,website,163,,pending,,,,,216,2,91,2,1980000,1980000,0,0,,0,0,2024-10-13 01:11:14,2024-10-13 01:11:14
166,8965888151,website,163,,pending,,,,,216,2,91,2,1980000,1980000,0,0,,0,0,2024-10-13 01:11:56,2024-10-13 01:11:56
167,2059381511,website,163,,pending,,,,,216,2,91,2,1980000,1980000,0,0,,0,0,2024-10-13 01:15:29,2024-10-13 01:15:29
168,4208427940,website,1,,pending,,,,,11,1,16,2,2460000,2460000,0,0,,0,0,2024-10-13 22:23:21,2024-10-13 22:23:21
169,5574112436,website,1,,pending,,,,,11,1,16,2,3440000,3440000,0,0,,0,0,2024-10-15 10:49:26,2024-10-15 10:49:26
170,7356793979,website,1,,declined,7356793979,,,69d22f02-4efa-4c4c-aff8-38b3179d4d35,11,1,16,2,3440000,3440000,0,0,"""{\""gt\"":\""{\\\""status\\\"":\\\""error\\\"",\\\""successful\\\"":false,\\\""statusCode\\\"":400,\\\""message\\\"":\\\""\\\\u0648\\\\u0636\\\\u0639\\\\u06cc\\\\u062a \\\\u062a\\\\u0631\\\\u0627\\\\u06a9\\\\u0646\\\\u0634 \\\\u0628\\\\u0631\\\\u0627\\\\u06cc \\\\u0639\\\\u0645\\\\u0644\\\\u06cc\\\\u0627\\\\u062a \\\\u0645\\\\u0648\\\\u0631\\\\u062f\\\\u0646\\\\u0638\\\\u0631 \\\\u0646\\\\u0627\\\\u0645\\\\u0646\\\\u0627\\\\u0633\\\\u0628 \\\\u0627\\\\u0633\\\\u062a.\\\"",\\\""url\\\"":\\\""https:\\\\\\\/\\\\\\\/api.snapppay.ir\\\\\\\/api\\\\\\\/online\\\\\\\/payment\\\\\\\/v1\\\\\\\/verify\\\"",\\\""args\\\"":{\\\""method\\\"":\\\""POST\\\"",\\\""body\\\"":\\\""{\\\\\\\""paymentToken\\\\\\\"":\\\\\\\""69d22f02-4efa-4c4c-aff8-38b3179d4d35\\\\\\\""}\\\"",\\\""headers\\\"":{\\\""Authorization\\\"":\\\""Authorization: Bearer eyJhbGciOiJSUzI1NiIsInR5cCI6IkpXVCJ9.eyJ1c2VyX25hbWUiOiJtb3VoZXItd2Vhci1wdXJjaGFzZSIsInNjb3BlIjpbIm9ubGluZS1tZXJjaGFudCJdLCJleHAiOjE3MjkxMTE0MzEsImlhdCI6MTcyOTA2ODIzMSwiYXV0aG9yaXRpZXMiOlsiUk9MRV9VU0VSIl0sImp0aSI6IlJiMmtLNjNnTVBYR0JLY1lxNUt0dkQ4SEVUVSIsImNsaWVudF9pZCI6Im1vdWhlci13ZWFyIn0.kuf4Dz4919UN1tt1OBi_3rbZpxsRlqGTAWsJIiMeXT8PfFxHT_r8JE0vIJdtthZY4OCd9oscYYS1-CORT70j32RkZmrWV_R-jp8De2KHH_aKdcMNnhLpF3soDck2oozi98UoBjOGdVB_mYZneJCFVwVlxym1Jn2PPD8qP4opW1OfN3hqYmrRw1Z35LnaVHGxyTmvI0zuHPwPN4yWCkKUpdNg0l8GDr7OzTFisWPe04UsH-367gkJp1P1IR6xmXzHcKtkR1S0XOJnI1G9Xxc0f_U25ysI6r9-AHn1DSi6qRptBEB0mrScp4JPmXywCUhje5wZqFfJCJl5o1bH3DnnCw\\\"",\\\""Content-Type\\\"":\\\""Content-Type: application\\\\\\\/json\\\"",\\\""user-agent\\\"":\\\""SnappPay, mouher-wear\\\""}}}\""}""",0,0,2024-10-16 12:12:16,2024-10-16 12:13:52
171,7587273310,website,166,,pending,26615c3,,,,219,2,92,1,980000,980000,0,0,,0,0,2024-10-16 17:35:07,2024-10-16 17:35:11
172,2304410899,website,166,,completed,2816ee9,,,,219,2,92,1,980000,980000,0,0,"""\u0627\u06cc\u0646 \u062a\u0631\u0627\u06a9\u0646\u0634 \u0642\u0628\u0644\u0627 \u062a\u0627\u06cc\u06cc\u062f \u0634\u062f\u0647 \u0627\u0633\u062a""",0,0,2024-10-16 17:36:35,2024-10-27 17:33:17
173,7081019525,website,1,1,declined,6b4c90f,,,,11,1,16,1,9800,980000,970200,0,"""\u0627\u06cc\u0646 \u062a\u0631\u0627\u06a9\u0646\u0634 \u0642\u0628\u0644\u0627 \u062a\u0627\u06cc\u06cc\u062f \u0634\u062f\u0647 \u0627\u0633\u062a""",0,0,2024-10-16 17:51:37,2024-10-16 18:02:46
174,6615878572,website,1,1,pending,b7611d2,,,,11,1,16,1,9800,980000,970200,0,,0,0,2024-10-16 18:03:22,2024-10-16 18:03:23
175,6515132102,website,1,1,declined,f87bc60,,,,11,1,16,1,9800,980000,970200,0,"""\u0627\u06cc\u0646 \u062a\u0631\u0627\u06a9\u0646\u0634 \u0642\u0628\u0644\u0627 \u062a\u0627\u06cc\u06cc\u062f \u0634\u062f\u0647 \u0627\u0633\u062a""",0,0,2024-10-16 18:09:05,2024-10-16 18:54:01
176,4672010324,website,1,1,declined,44f8930,{},,,11,1,16,1,9800,980000,970200,0,"""\u0627\u06cc\u0646 \u062a\u0631\u0627\u06a9\u0646\u0634 \u0642\u0628\u0644\u0627 \u062a\u0627\u06cc\u06cc\u062f \u0634\u062f\u0647 \u0627\u0633\u062a""",0,0,2024-10-16 18:54:18,2024-10-16 18:55:47
177,7121619792,website,1,1,declined,a69f213,{},,,220,1,16,1,9800,980000,970200,0,"""\u0627\u06cc\u0646 \u062a\u0631\u0627\u06a9\u0646\u0634 \u0642\u0628\u0644\u0627 \u062a\u0627\u06cc\u06cc\u062f \u0634\u062f\u0647 \u0627\u0633\u062a""",0,0,2024-10-16 19:00:15,2024-10-16 19:09:02
178,5865123142,website,1,1,cancelled,513efca,{},,,221,1,16,1,9800,980000,970200,0,"{""notes"":null}",0,0,2024-10-16 19:11:41,2024-10-16 19:12:55
179,2380461798,website,1,1,pending,2380461798,,,d39b0b9d-136c-465d-a807-d69a72d7ef6f,222,1,16,2,59000,1180000,1121000,0,,0,0,2024-10-17 11:21:19,2024-10-17 11:21:20
180,2257506518,website,1,1,pending,2257506518,,,00b84865-4954-41fc-9d43-6b006a480ce1,222,1,16,2,59000,1180000,1121000,0,,0,0,2024-10-17 11:23:59,2024-10-17 11:24:00
181,2114696878,website,1,1,pending,2114696878,,,197b9008-406e-417d-888d-b55077b9562d,222,1,16,2,59000,1180000,1121000,0,,0,0,2024-10-17 11:26:59,2024-10-17 11:27:00
182,3276478927,website,1,1,pending,3276478927,,,6cebba83-3979-4189-a7a4-6f6405b9666a,222,1,16,2,59000,1180000,1121000,0,,0,0,2024-10-17 11:52:16,2024-10-17 11:52:18
183,5480262947,website,1,1,completed,5480262947,"{""successful"":true,""response"":{""transactionId"":""5480262947""}}",,592b48ad-78b5-4578-8056-09b8d0ceb687,222,1,16,2,59000,1180000,1121000,0,"""{\""successful\"":true,\""response\"":{\""transactionId\"":\""5480262947\""}}""",0,0,2024-10-17 11:52:57,2024-10-19 08:04:49
184,3029946745,website,172,,pending,3029946745,,,0bb73bcc-8f5f-4b13-b60e-f1a54c7da4fe,229,1,93,2,1980000,1980000,0,0,,0,0,2024-10-17 16:01:00,2024-10-17 16:01:01
185,8186868725,website,173,,pending,8186868725,,,e41d8b7c-1562-4dff-bcab-78862d9fffed,230,2,94,2,1480000,1480000,0,0,,0,0,2024-10-17 17:43:03,2024-10-17 17:43:04
186,1143945781,website,44,,pending,1143945781,,,988f65fa-367a-490f-92b7-2710b97df7d7,60,2,95,2,1880000,1880000,0,0,,0,0,2024-10-17 17:50:15,2024-10-17 17:50:16
187,7184268330,website,174,,pending,7184268330,,,91d26776-5938-4d1f-90a4-de70eaca03b7,231,1,96,2,8100000,8100000,0,0,,0,0,2024-10-17 20:16:34,2024-10-17 20:16:35
188,9530774213,website,174,,completed,9530774213,"{""successful"":true,""response"":{""transactionId"":""9530774213""}}",,f6ad210f-2d68-4f3a-9f84-9e48588fe630,231,1,96,2,4740000,4740000,0,0,"""{\""successful\"":true,\""response\"":{\""transactionId\"":\""9530774213\""}}""",0,0,2024-10-17 20:26:57,2024-10-27 17:33:25
189,6984830058,website,175,,pending,6984830058,,,9fb1ef70-c31d-482c-b9d3-d057ba0af56d,233,1,97,2,5640000,5640000,0,0,,0,0,2024-10-17 21:03:59,2024-10-17 21:04:00
190,5235713289,website,179,,completed,5235713289,"{""successful"":true,""response"":{""transactionId"":""5235713289""}}",,e65df38d-2878-44fd-bc07-f354f14bd15a,237,1,100,2,1980000,1980000,0,0,"""{\""successful\"":true,\""response\"":{\""transactionId\"":\""5235713289\""}}""",0,0,2024-10-18 13:04:37,2024-10-27 17:34:33
191,3404702449,website,182,,completed,ca2ae4a,{},,,240,1,101,1,2760000,2760000,0,0,"""{}""",0,0,2024-10-18 13:33:42,2024-10-19 18:12:36
192,1023941288,website,160,,declined,1023941288,,,5a8b0305-e7e2-404f-8621-feaaaccba416,214,1,102,2,2760000,2760000,0,0,"""{\""gt\"":\""{\\\""status\\\"":\\\""error\\\"",\\\""successful\\\"":false,\\\""statusCode\\\"":400,\\\""message\\\"":\\\""\\\\u0648\\\\u0636\\\\u0639\\\\u06cc\\\\u062a \\\\u062a\\\\u0631\\\\u0627\\\\u06a9\\\\u0646\\\\u0634 \\\\u0628\\\\u0631\\\\u0627\\\\u06cc \\\\u0639\\\\u0645\\\\u0644\\\\u06cc\\\\u0627\\\\u062a \\\\u0645\\\\u0648\\\\u0631\\\\u062f\\\\u0646\\\\u0638\\\\u0631 \\\\u0646\\\\u0627\\\\u0645\\\\u0646\\\\u0627\\\\u0633\\\\u0628 \\\\u0627\\\\u0633\\\\u062a.\\\"",\\\""url\\\"":\\\""https:\\\\\\\/\\\\\\\/api.snapppay.ir\\\\\\\/api\\\\\\\/online\\\\\\\/payment\\\\\\\/v1\\\\\\\/verify\\\"",\\\""args\\\"":{\\\""method\\\"":\\\""POST\\\"",\\\""body\\\"":\\\""{\\\\\\\""paymentToken\\\\\\\"":\\\\\\\""5a8b0305-e7e2-404f-8621-feaaaccba416\\\\\\\""}\\\"",\\\""headers\\\"":{\\\""Authorization\\\"":\\\""Authorization: Bearer eyJhbGciOiJSUzI1NiIsInR5cCI6IkpXVCJ9.eyJ1c2VyX25hbWUiOiJtb3VoZXItd2Vhci1wdXJjaGFzZSIsInNjb3BlIjpbIm9ubGluZS1tZXJjaGFudCJdLCJleHAiOjE3MjkzNTc0MjgsImlhdCI6MTcyOTMxNDIyOCwiYXV0aG9yaXRpZXMiOlsiUk9MRV9VU0VSIl0sImp0aSI6IjJGUklPSXpuWXFXSHRUeGgxR3FTU0RQZFJMRSIsImNsaWVudF9pZCI6Im1vdWhlci13ZWFyIn0.MsZZv2PsL5MIXHxbLgtV2UvC2IyLkD5fZMlLIO-n1oU3yfbl0f_abw60Ij_s11J-q0pM3IEHJLMY9N9Hs5PstmxtBNIt6vnm9fOLHnzPLrT_B5XHopLWzlzLIr2MhAwG3KCzrMFpg9v838ielYfl9GJmh-QdWTlLreGylhcUzXfS7r2dxSFdQu5WwwnQ3oqOErtw6-zmhF3U8fpWZCodYZfJHzPQHUogshK_NIgGzqiCCp_yFgglyMHoUpGVdohiDlz1571vfaSH68M31Do57InJnnYfwx0L41B3dP86ixmRWymhtqnBJVKHMVen1TrhHOwHv5l00zJ4e-kLzkMCpA\\\"",\\\""Content-Type\\\"":\\\""Content-Type: application\\\\\\\/json\\\"",\\\""user-agent\\\"":\\\""SnappPay, mouher-wear\\\""}}}\""}""",0,0,2024-10-19 08:33:00,2024-10-19 08:33:48
193,2344772159,website,188,,completed,2344772159,"{""successful"":true,""response"":{""transactionId"":""2344772159""}}",,13b8f564-5f88-48b2-8bdd-764d91dff764,246,2,103,2,1980000,1980000,0,0,"""{\""successful\"":true,\""response\"":{\""transactionId\"":\""2344772159\""}}""",0,0,2024-10-19 14:25:30,2024-10-28 10:21:50
194,8794879046,website,170,,completed,359fa01,{},,,227,2,104,1,1680000,1680000,0,0,"""{}""",0,0,2024-10-19 15:40:30,2024-10-19 17:58:06
195,4489608749,website,193,,pending,4489608749,,,44688eff-bd6d-441d-8375-3db7e731175c,252,1,105,2,1980000,1980000,0,0,,0,0,2024-10-19 17:59:29,2024-10-19 17:59:30
196,5620616885,website,31,,pending,5620616885,,,c67a82f8-3c2f-40db-a1b5-8646447c248a,87,2,40,2,1890000,1890000,0,0,,0,0,2024-10-20 11:45:33,2024-10-20 11:45:34
197,2041329401,website,197,,pending,2041329401,,,97917c56-c2a1-4946-ada8-21f7c30c2a90,256,2,106,2,3960000,3960000,0,0,,0,0,2024-10-20 22:13:33,2024-10-20 22:13:35
198,1466329637,website,197,,completed,1466329637,"{""successful"":true,""response"":{""transactionId"":""1466329637""}}",,0d2159af-035f-48e9-84d5-000b5828676e,256,2,106,2,1980000,1980000,0,0,"""{\""successful\"":true,\""response\"":{\""transactionId\"":\""1466329637\""}}""",0,0,2024-10-20 22:14:10,2024-10-28 10:21:40
199,6665490653,website,198,,completed,6665490653,"{""successful"":true,""response"":{""transactionId"":""6665490653""}}",,9517e75f-c71d-480f-817e-0c81132d9c32,258,1,107,2,1380000,1380000,0,0,"""{\""successful\"":true,\""response\"":{\""transactionId\"":\""6665490653\""}}""",0,0,2024-10-21 04:03:33,2024-10-23 10:11:01
200,7616166899,website,203,,completed,929dce2,{},,,263,2,109,1,4740000,4740000,0,0,"""{}""",0,0,2024-10-22 03:04:00,2024-10-27 17:53:26
201,7075341685,website,191,,declined,7075341685,,,fde7536b-1e73-47da-9748-46de4d8f7323,249,2,110,2,8320000,8320000,0,0,"""{\""gt\"":\""{\\\""status\\\"":\\\""error\\\"",\\\""successful\\\"":false,\\\""statusCode\\\"":400,\\\""message\\\"":\\\""\\\\u0648\\\\u0636\\\\u0639\\\\u06cc\\\\u062a \\\\u062a\\\\u0631\\\\u0627\\\\u06a9\\\\u0646\\\\u0634 \\\\u0628\\\\u0631\\\\u0627\\\\u06cc \\\\u0639\\\\u0645\\\\u0644\\\\u06cc\\\\u0627\\\\u062a \\\\u0645\\\\u0648\\\\u0631\\\\u062f\\\\u0646\\\\u0638\\\\u0631 \\\\u0646\\\\u0627\\\\u0645\\\\u0646\\\\u0627\\\\u0633\\\\u0628 \\\\u0627\\\\u0633\\\\u062a.\\\"",\\\""url\\\"":\\\""https:\\\\\\\/\\\\\\\/api.snapppay.ir\\\\\\\/api\\\\\\\/online\\\\\\\/payment\\\\\\\/v1\\\\\\\/verify\\\"",\\\""args\\\"":{\\\""method\\\"":\\\""POST\\\"",\\\""body\\\"":\\\""{\\\\\\\""paymentToken\\\\\\\"":\\\\\\\""fde7536b-1e73-47da-9748-46de4d8f7323\\\\\\\""}\\\"",\\\""headers\\\"":{\\\""Authorization\\\"":\\\""Authorization: Bearer eyJhbGciOiJSUzI1NiIsInR5cCI6IkpXVCJ9.eyJ1c2VyX25hbWUiOiJtb3VoZXItd2Vhci1wdXJjaGFzZSIsInNjb3BlIjpbIm9ubGluZS1tZXJjaGFudCJdLCJleHAiOjE3Mjk2NDgzNzksImlhdCI6MTcyOTYwNTE3OSwiYXV0aG9yaXRpZXMiOlsiUk9MRV9VU0VSIl0sImp0aSI6Im9DU2JaNHB0VkFkeUc5YWNvcVRfWjRRWVRtMCIsImNsaWVudF9pZCI6Im1vdWhlci13ZWFyIn0.ft-4mC0jJPEnRrWRPKEAqpc5mLYrQSrXXQNi7xKXzPdtD9oBO7eWRD6-YHcsP6KgC6fTUIX8vq1YvOzxm5BhOGswGaD3IIn7-jS77Y-CpZbipefpJq5HEqowjuqlxkaF-8nkt0zNAEHyiCWKWAuNpOC9M9oDIXAlbxAWwZjfSq0t9FyqIE4f3DCT_iiy5h3VNrBe5xgoOVuSYqkK891AqnjxWOMNxtAElIIIt2aqI_phILu_1rTaFehyd2afvyeGB58I-Z7HYCTTp7f5RYtpBBogv6DbCID1Z3fCJaHRSyZD8k5wGCWDkRBfxI4KjmDG8PNfW_CHOPVb_428VDmDkQ\\\"",\\\""Content-Type\\\"":\\\""Content-Type: application\\\\\\\/json\\\"",\\\""user-agent\\\"":\\\""SnappPay, mouher-wear\\\""}}}\""}""",0,0,2024-10-22 17:19:15,2024-10-22 17:22:59
202,8029515876,website,191,,completed,8029515876,"{""successful"":true,""response"":{""transactionId"":""8029515876""}}",,8ce9bcaf-ba76-4093-b7e3-06e56d2cd45e,249,2,110,2,8320000,8320000,0,0,"""{\""successful\"":true,\""response\"":{\""transactionId\"":\""8029515876\""}}""",0,0,2024-10-22 17:23:15,2024-10-27 18:59:41
203,1267855866,website,205,,declined,1267855866,,,cf7fc66b-bee3-4750-a24b-9cb0b5b5a182,266,1,111,2,1480000,1480000,0,0,"""{\""gt\"":\""{\\\""status\\\"":\\\""error\\\"",\\\""successful\\\"":false,\\\""statusCode\\\"":400,\\\""message\\\"":\\\""\\\\u0648\\\\u0636\\\\u0639\\\\u06cc\\\\u062a \\\\u062a\\\\u0631\\\\u0627\\\\u06a9\\\\u0646\\\\u0634 \\\\u0628\\\\u0631\\\\u0627\\\\u06cc \\\\u0639\\\\u0645\\\\u0644\\\\u06cc\\\\u0627\\\\u062a \\\\u0645\\\\u0648\\\\u0631\\\\u062f\\\\u0646\\\\u0638\\\\u0631 \\\\u0646\\\\u0627\\\\u0645\\\\u0646\\\\u0627\\\\u0633\\\\u0628 \\\\u0627\\\\u0633\\\\u062a.\\\"",\\\""url\\\"":\\\""https:\\\\\\\/\\\\\\\/api.snapppay.ir\\\\\\\/api\\\\\\\/online\\\\\\\/payment\\\\\\\/v1\\\\\\\/verify\\\"",\\\""args\\\"":{\\\""method\\\"":\\\""POST\\\"",\\\""body\\\"":\\\""{\\\\\\\""paymentToken\\\\\\\"":\\\\\\\""cf7fc66b-bee3-4750-a24b-9cb0b5b5a182\\\\\\\""}\\\"",\\\""headers\\\"":{\\\""Authorization\\\"":\\\""Authorization: Bearer eyJhbGciOiJSUzI1NiIsInR5cCI6IkpXVCJ9.eyJ1c2VyX25hbWUiOiJtb3VoZXItd2Vhci1wdXJjaGFzZSIsInNjb3BlIjpbIm9ubGluZS1tZXJjaGFudCJdLCJleHAiOjE3Mjk2NTkzNzIsImlhdCI6MTcyOTYxNjE3MiwiYXV0aG9yaXRpZXMiOlsiUk9MRV9VU0VSIl0sImp0aSI6IkE2UHZTajNkTW1KbUpYenIxVkdkb1AwUUlZbyIsImNsaWVudF9pZCI6Im1vdWhlci13ZWFyIn0.Gbmm5n4v2hNhKOblBl3FFh54LaMvSj4pfKjjb6nGU5ACfweVoKCqrOm41ryGZGHdxX5eY62q1KkQCXw3TbcffRfKAfpHWHL09N0tu51Rg1JNQ4KCmsvtXoAdGLjLcQ_sHdSfFXebjjOmSqR3S--Fk4Q9SOOuSsYdlnFXEpiJiAIWfEp_GB4tsKxJvCeaCAoGnbNMly6pquE6wRRDYlx5B5wRtZO3xh_5r8nhq1RwHUjAr8zA70KaZFn2RgpVA4jgWj2j4SCOJeDRQJqK1eUZ31TB_8r0MBb1G7Y-hImkqt16demfi0IzDQ9UfpU_JVyi-6zE6TSpA8vNPoDngzP_tQ\\\"",\\\""Content-Type\\\"":\\\""Content-Type: application\\\\\\\/json\\\"",\\\""user-agent\\\"":\\\""SnappPay, mouher-wear\\\""}}}\""}""",0,0,2024-10-22 20:25:10,2024-10-22 20:26:12
204,3372410407,website,205,,pending,3372410407,,,203afd3a-7b71-4737-a71a-3aa70654c1ce,266,1,111,2,1480000,1480000,0,0,,0,0,2024-10-22 20:26:42,2024-10-22 20:26:43
205,8484794449,website,205,,pending,8484794449,,,ac11de4b-986f-4141-92e0-3036fbba02d7,266,1,111,2,1480000,1480000,0,0,,0,0,2024-10-22 20:50:51,2024-10-22 20:50:53
206,8748119177,website,206,,completed,8832aa0,{},,,267,1,112,1,1980000,1980000,0,0,"""{}""",0,0,2024-10-22 23:20:11,2024-10-28 10:28:29
207,7680716508,website,205,,completed,1c3bcd8,{},,,266,1,111,1,1480000,1480000,0,0,"""{}""",0,0,2024-10-23 00:08:43,2024-10-28 20:18:19
208,9904820907,website,197,,pending,9904820907,,,c93a085c-f0c4-4cda-b33e-5066cf6d4215,257,2,106,2,1980000,1980000,0,0,,0,0,2024-10-23 00:48:20,2024-10-23 00:48:21
209,5280600706,website,197,,declined,5280600706,,,d022cfce-64f3-4237-8df0-374129e0e5f8,257,2,106,2,1980000,1980000,0,0,"""{\""gt\"":\""{\\\""status\\\"":\\\""error\\\"",\\\""successful\\\"":false,\\\""statusCode\\\"":400,\\\""message\\\"":\\\""\\\\u0648\\\\u0636\\\\u0639\\\\u06cc\\\\u062a \\\\u062a\\\\u0631\\\\u0627\\\\u06a9\\\\u0646\\\\u0634 \\\\u0628\\\\u0631\\\\u0627\\\\u06cc \\\\u0639\\\\u0645\\\\u0644\\\\u06cc\\\\u0627\\\\u062a \\\\u0645\\\\u0648\\\\u0631\\\\u062f\\\\u0646\\\\u0638\\\\u0631 \\\\u0646\\\\u0627\\\\u0645\\\\u0646\\\\u0627\\\\u0633\\\\u0628 \\\\u0627\\\\u0633\\\\u062a.\\\"",\\\""url\\\"":\\\""https:\\\\\\\/\\\\\\\/api.snapppay.ir\\\\\\\/api\\\\\\\/online\\\\\\\/payment\\\\\\\/v1\\\\\\\/verify\\\"",\\\""args\\\"":{\\\""method\\\"":\\\""POST\\\"",\\\""body\\\"":\\\""{\\\\\\\""paymentToken\\\\\\\"":\\\\\\\""d022cfce-64f3-4237-8df0-374129e0e5f8\\\\\\\""}\\\"",\\\""headers\\\"":{\\\""Authorization\\\"":\\\""Authorization: Bearer eyJhbGciOiJSUzI1NiIsInR5cCI6IkpXVCJ9.eyJ1c2VyX25hbWUiOiJtb3VoZXItd2Vhci1wdXJjaGFzZSIsInNjb3BlIjpbIm9ubGluZS1tZXJjaGFudCJdLCJleHAiOjE3Mjk2NzUyODIsImlhdCI6MTcyOTYzMjA4MiwiYXV0aG9yaXRpZXMiOlsiUk9MRV9VU0VSIl0sImp0aSI6IjU0akRya2xBc09pRk9kS191eUxSZHpJTmViRSIsImNsaWVudF9pZCI6Im1vdWhlci13ZWFyIn0.KRzsXxWbmzDbNLjXUtO4iE96H8PLd6SrbiJjoQIx9v4_mQyHqDFmHzGl6Xg0kq3KaX-jXC8Uufo_vxBo6KY9lgOOHviY2s3-5IBh8DvEYFg2WFeNlvOhFpMG1NATVxiPehPdH7_k4r1MkHxxyNDxxfV92kfd3d38JsgNN9cGYB6P83afxU5g69ReqyLKffTbwPSSEDzV8K17wwMewDlTKmSmEsRwNdQ890HRd9AfGDFx6Ts0pPU4jSBV8G9kJKqDK12doJJNegMzWhQiyVYwBEwuKRVnS9Bh-mVKG-fiybo9W7H9tJhN63VC4ki1loEsff5-Nr0oSVNRTgyxJb4oOA\\\"",\\\""Content-Type\\\"":\\\""Content-Type: application\\\\\\\/json\\\"",\\\""user-agent\\\"":\\\""SnappPay, mouher-wear\\\""}}}\""}""",0,0,2024-10-23 00:50:54,2024-10-23 00:51:22
210,4714209881,website,197,,completed,4714209881,"{""successful"":true,""response"":{""transactionId"":""4714209881""}}",,affb78cb-1790-413f-b487-fbd1c7fa8fef,257,2,106,2,1980000,1980000,0,0,"""{\""successful\"":true,\""response\"":{\""transactionId\"":\""4714209881\""}}""",0,0,2024-10-23 01:00:18,2024-11-02 23:54:37
211,1450326524,website,166,,completed,1450326524,"{""successful"":true,""response"":{""transactionId"":""1450326524""}}",,571ba081-3195-484c-8279-73c6af4d60f7,219,2,113,2,1890000,1890000,0,0,"""{\""successful\"":true,\""response\"":{\""transactionId\"":\""1450326524\""}}""",0,0,2024-10-23 12:10:03,2024-11-05 09:19:15
212,7010293174,website,169,,completed,2a80861,{},,,226,1,114,1,4370000,4370000,0,0,"""{}""",0,0,2024-10-23 15:49:17,2024-11-05 13:03:28
213,6477718652,website,214,,completed,24f1741,{},,,279,1,115,1,1890000,1890000,0,0,"""{}""",0,0,2024-10-23 23:00:26,2024-11-02 23:58:13
214,9468290022,website,212,,completed,9468290022,"{""successful"":true,""response"":{""transactionId"":""9468290022""}}",,ab3333d0-f8f1-4791-ab02-79abc3f080d2,278,2,116,2,1980000,1980000,0,0,"""{\""successful\"":true,\""response\"":{\""transactionId\"":\""9468290022\""}}""",0,0,2024-10-24 02:01:51,2024-10-28 20:28:48
215,8544133592,website,215,,completed,329d8ea,{},,,282,1,117,1,1890000,1890000,0,0,"""{}""",0,0,2024-10-24 11:55:19,2024-11-03 00:01:23
216,9742288431,website,204,,pending,9742288431,,,1b4517a5-ae44-48d9-ad21-30653e1a6adc,274,1,118,2,1980000,1980000,0,0,,0,0,2024-10-24 11:57:01,2024-10-24 11:57:03
217,5376678150,website,204,,declined,5376678150,,,2b55d692-dcb5-4692-a4b3-3f16dbc0377f,274,1,118,2,1980000,1980000,0,0,"""{\""gt\"":\""{\\\""status\\\"":\\\""error\\\"",\\\""successful\\\"":false,\\\""statusCode\\\"":400,\\\""message\\\"":\\\""\\\\u0648\\\\u0636\\\\u0639\\\\u06cc\\\\u062a \\\\u062a\\\\u0631\\\\u0627\\\\u06a9\\\\u0646\\\\u0634 \\\\u0628\\\\u0631\\\\u0627\\\\u06cc \\\\u0639\\\\u0645\\\\u0644\\\\u06cc\\\\u0627\\\\u062a \\\\u0645\\\\u0648\\\\u0631\\\\u062f\\\\u0646\\\\u0638\\\\u0631 \\\\u0646\\\\u0627\\\\u0645\\\\u0646\\\\u0627\\\\u0633\\\\u0628 \\\\u0627\\\\u0633\\\\u062a.\\\"",\\\""url\\\"":\\\""https:\\\\\\\/\\\\\\\/api.snapppay.ir\\\\\\\/api\\\\\\\/online\\\\\\\/payment\\\\\\\/v1\\\\\\\/verify\\\"",\\\""args\\\"":{\\\""method\\\"":\\\""POST\\\"",\\\""body\\\"":\\\""{\\\\\\\""paymentToken\\\\\\\"":\\\\\\\""2b55d692-dcb5-4692-a4b3-3f16dbc0377f\\\\\\\""}\\\"",\\\""headers\\\"":{\\\""Authorization\\\"":\\\""Authorization: Bearer eyJhbGciOiJSUzI1NiIsInR5cCI6IkpXVCJ9.eyJ1c2VyX25hbWUiOiJtb3VoZXItd2Vhci1wdXJjaGFzZSIsInNjb3BlIjpbIm9ubGluZS1tZXJjaGFudCJdLCJleHAiOjE3Mjk4MDI1MzEsImlhdCI6MTcyOTc1OTMzMSwiYXV0aG9yaXRpZXMiOlsiUk9MRV9VU0VSIl0sImp0aSI6IkZ2bmlocmJsRjZQdlJpUlZBeXlsN3hNckczMCIsImNsaWVudF9pZCI6Im1vdWhlci13ZWFyIn0.EdekcLHL2KboNfSUA6AMoj9GhUaeGQp5mcq7sR2Ov2L5_qzP8byZP9KxgZONEfTlR-43eu14eeTxANVZ9e-piu8t7TBjYXY3VunwKxFf29khMaPiaD0IbypaL_hn23zlMLiTNRXKELoz2ZgmRAS22V5USenNFC3Fnv8eNwxDaFvutxCr7vGZimU-RlQ7Ny_xhbifcpYpPXDC34gqhgPc0nPzhZby8sJ2FlBN-8Bvp9qWoweT288cOcViGFY5HIaPXAjwyJqUOQCivTKQCenkco0bsN23154uP9SuMfewCgHJLS693CrFJGIF9Ju28_LDGB06YLV1fISNXph9ZCau4A\\\"",\\\""Content-Type\\\"":\\\""Content-Type: application\\\\\\\/json\\\"",\\\""user-agent\\\"":\\\""SnappPay, mouher-wear\\\""}}}\""}""",0,0,2024-10-24 12:06:19,2024-10-24 12:12:12
218,9370131468,website,204,,pending,9370131468,,,945bf62f-08aa-475c-886c-3edb0436a2a6,274,1,118,2,1980000,1980000,0,0,,0,0,2024-10-24 12:13:52,2024-10-24 12:13:54
219,8296497379,website,204,,pending,8296497379,,,9b7bcb15-2e8d-4323-9855-32976c33ba9d,274,1,118,2,1980000,1980000,0,0,,0,0,2024-10-24 14:14:21,2024-10-24 14:14:22
220,9879558334,website,204,,pending,9879558334,,,97fcb616-4bcd-47f4-9605-2ca4cd5fa2c7,274,1,118,2,1980000,1980000,0,0,,0,0,2024-10-24 14:18:06,2024-10-24 14:18:08
221,4397152457,website,204,,pending,4397152457,,,179fd18c-f11e-42d3-8d68-23588f7a7b9f,274,1,118,2,1980000,1980000,0,0,,0,0,2024-10-24 14:20:33,2024-10-24 14:20:34
222,2276981021,website,216,,completed,2276981021,"{""successful"":true,""response"":{""transactionId"":""2276981021""}}",,7794f4f2-2c8a-4807-ab5d-1ebf50f12816,284,1,119,2,1890000,1890000,0,0,"""{\""successful\"":true,\""response\"":{\""transactionId\"":\""2276981021\""}}""",0,0,2024-10-24 16:01:27,2024-11-05 13:03:20
223,8674554375,website,204,,pending,8674554375,,,75540371-13cc-4d96-8a7f-0948bb01f714,274,1,118,2,1980000,1980000,0,0,,0,0,2024-10-24 16:36:10,2024-10-24 16:36:15
224,1877947732,website,204,,pending,1877947732,,,332bb242-884b-440e-b35f-0e5dd504bf7a,274,1,118,2,1980000,1980000,0,0,,0,0,2024-10-24 18:03:01,2024-10-24 18:03:03
225,9174003517,website,183,,pending,9174003517,,,60ce6fa9-c7b8-4226-8eb9-c344096b5ad4,241,2,120,2,1380000,1380000,0,0,,0,0,2024-10-24 20:56:20,2024-10-24 20:56:22
226,6630195488,website,204,,declined,6630195488,,,76b34745-c26d-4432-a500-917e150aa5e9,274,1,118,2,1980000,1980000,0,0,"""{\""gt\"":\""{\\\""status\\\"":\\\""error\\\"",\\\""successful\\\"":false,\\\""statusCode\\\"":400,\\\""message\\\"":\\\""\\\\u0648\\\\u0636\\\\u0639\\\\u06cc\\\\u062a \\\\u062a\\\\u0631\\\\u0627\\\\u06a9\\\\u0646\\\\u0634 \\\\u0628\\\\u0631\\\\u0627\\\\u06cc \\\\u0639\\\\u0645\\\\u0644\\\\u06cc\\\\u0627\\\\u062a \\\\u0645\\\\u0648\\\\u0631\\\\u062f\\\\u0646\\\\u0638\\\\u0631 \\\\u0646\\\\u0627\\\\u0645\\\\u0646\\\\u0627\\\\u0633\\\\u0628 \\\\u0627\\\\u0633\\\\u062a.\\\"",\\\""url\\\"":\\\""https:\\\\\\\/\\\\\\\/api.snapppay.ir\\\\\\\/api\\\\\\\/online\\\\\\\/payment\\\\\\\/v1\\\\\\\/verify\\\"",\\\""args\\\"":{\\\""method\\\"":\\\""POST\\\"",\\\""body\\\"":\\\""{\\\\\\\""paymentToken\\\\\\\"":\\\\\\\""76b34745-c26d-4432-a500-917e150aa5e9\\\\\\\""}\\\"",\\\""headers\\\"":{\\\""Authorization\\\"":\\\""Authorization: Bearer eyJhbGciOiJSUzI1NiIsInR5cCI6IkpXVCJ9.eyJ1c2VyX25hbWUiOiJtb3VoZXItd2Vhci1wdXJjaGFzZSIsInNjb3BlIjpbIm9ubGluZS1tZXJjaGFudCJdLCJleHAiOjE3Mjk4NzM0MjcsImlhdCI6MTcyOTgzMDIyNywiYXV0aG9yaXRpZXMiOlsiUk9MRV9VU0VSIl0sImp0aSI6Ii1nQkRlWGh1NzZfendGQWdmOXZPUGp5bGEyVSIsImNsaWVudF9pZCI6Im1vdWhlci13ZWFyIn0.i04ms0MnOdFkGugFE0lskl6MzuGCsstrf9JUrmaM2UrIT361PtsnzXd8gHV06Wrd43NuWo6soTdq_Loaj-U8kbvfjW76FP96GVJrlVdOFCd2kIgshUyoDdh1XkCpeFfB9Rj6TwiArixUxVhwDUgYpk_OKtdPYqqoTUFYnKTrJ1S_ozs6OTW2H2I3zAnjzEhoFlOoKXxnDoFi_khdAbqRFk00QPTNUzDInlaty2aF6bxblQP5PMVfsrq8IXkTd4G7rqfnTo_Uwo1G5HeJFwWENq4ZHhJ-CNLmWwhpvGLRXXOV9afYpuBhkHSVIU8fdH-l8JboUdcBKcXXEUtmp4seOQ\\\"",\\\""Content-Type\\\"":\\\""Content-Type: application\\\\\\\/json\\\"",\\\""user-agent\\\"":\\\""SnappPay, mouher-wear\\\""}}}\""}""",0,0,2024-10-25 07:47:44,2024-10-25 07:53:47
227,7304299756,website,204,,pending,7304299756,,,11974c37-3a7d-4ad0-aa0c-5c479cfaac2d,274,1,118,2,1980000,1980000,0,0,,0,0,2024-10-25 07:47:49,2024-10-25 07:47:51
228,2145341460,website,204,,completed,2145341460,"{""successful"":true,""response"":{""transactionId"":""2145341460""}}",,3c6708ec-1a81-4c86-9f31-452cf012b740,274,1,118,2,1980000,1980000,0,0,"""{\""successful\"":true,\""response\"":{\""transactionId\"":\""2145341460\""}}""",0,0,2024-10-25 07:54:14,2024-10-28 20:28:00
229,5250741575,website,220,,pending,5250741575,,,fd447155-d2ab-4bb9-8f9b-3f44e84ecf27,290,1,121,2,1980000,1980000,0,0,,0,0,2024-10-25 16:31:37,2024-10-25 16:31:39
230,4107781267,website,222,,completed,327bac1,{},,,293,1,122,1,2880000,2880000,0,0,"""{}""",0,0,2024-10-25 19:24:05,2024-10-28 20:27:33
231,4255626863,website,210,,completed,e2f42aa,{},,,276,1,123,1,1980000,1980000,0,0,"""{}""",0,0,2024-10-25 19:50:03,2024-10-28 20:27:09
232,1451641346,website,225,,pending,1451641346,,,d2ea5714-99a8-4f67-a32d-a32efd4a31d4,297,2,124,2,9110000,9110000,0,0,,0,0,2024-10-25 21:29:52,2024-10-25 21:29:53
233,5891286124,website,225,,completed,f4a2e57,{},,,297,2,124,1,9110000,9110000,0,0,"""{}""",0,0,2024-10-25 21:31:32,2024-11-05 09:17:58
234,2487148218,website,232,,pending,2487148218,,,7eae9d21-1173-4433-b3ba-682ccd5b8112,305,1,125,2,6250000,6250000,0,0,,0,0,2024-10-26 02:05:49,2024-10-26 02:05:51
235,1954627822,website,235,,pending,1954627822,,,d66148b1-4f4e-4aca-8f74-a484203c7564,308,1,126,2,2880000,2880000,0,0,,0,0,2024-10-26 11:56:48,2024-10-26 11:56:49
236,9520713217,website,170,,completed,38f4e82,{},,,250,2,104,1,1980000,1980000,0,0,"""{}""",0,0,2024-10-26 12:34:50,2024-10-28 20:29:21
237,9916177218,website,237,,pending,9916177218,,,79f2c46e-6d39-43ed-bd56-cea705f6b957,310,1,127,2,1980000,1980000,0,0,,0,0,2024-10-26 18:11:34,2024-10-26 18:11:35
238,7652327491,website,237,,pending,7652327491,,,a1af82f8-93d9-4d6e-8d23-9963e724c50e,310,1,127,2,1980000,1980000,0,0,,0,0,2024-10-26 18:16:06,2024-10-26 18:16:07
239,2832123375,website,237,,completed,2832123375,"{""successful"":true,""response"":{""transactionId"":""2832123375""}}",,6ba31def-f4cb-4b55-b0b8-15f79eca43fa,310,1,127,2,1980000,1980000,0,0,"""{\""successful\"":true,\""response\"":{\""transactionId\"":\""2832123375\""}}""",0,0,2024-10-26 20:28:15,2024-10-28 10:28:10
240,8967431062,website,238,,pending,8967431062,,,d914759e-3600-45ff-a2ea-cb092fbb9861,312,1,128,2,1980000,1980000,0,0,,0,0,2024-10-26 21:13:26,2024-10-26 21:13:28
241,1572817155,website,238,,declined,1572817155,,,db9eaabc-e108-4344-827f-16fe88a1cc5d,312,1,128,2,1980000,1980000,0,0,"""{\""gt\"":\""{\\\""status\\\"":\\\""error\\\"",\\\""successful\\\"":false,\\\""statusCode\\\"":400,\\\""message\\\"":\\\""\\\\u0648\\\\u0636\\\\u0639\\\\u06cc\\\\u062a \\\\u062a\\\\u0631\\\\u0627\\\\u06a9\\\\u0646\\\\u0634 \\\\u0628\\\\u0631\\\\u0627\\\\u06cc \\\\u0639\\\\u0645\\\\u0644\\\\u06cc\\\\u0627\\\\u062a \\\\u0645\\\\u0648\\\\u0631\\\\u062f\\\\u0646\\\\u0638\\\\u0631 \\\\u0646\\\\u0627\\\\u0645\\\\u0646\\\\u0627\\\\u0633\\\\u0628 \\\\u0627\\\\u0633\\\\u062a.\\\"",\\\""url\\\"":\\\""https:\\\\\\\/\\\\\\\/api.snapppay.ir\\\\\\\/api\\\\\\\/online\\\\\\\/payment\\\\\\\/v1\\\\\\\/verify\\\"",\\\""args\\\"":{\\\""method\\\"":\\\""POST\\\"",\\\""body\\\"":\\\""{\\\\\\\""paymentToken\\\\\\\"":\\\\\\\""db9eaabc-e108-4344-827f-16fe88a1cc5d\\\\\\\""}\\\"",\\\""headers\\\"":{\\\""Authorization\\\"":\\\""Authorization: Bearer eyJhbGciOiJSUzI1NiIsInR5cCI6IkpXVCJ9.eyJ1c2VyX25hbWUiOiJtb3VoZXItd2Vhci1wdXJjaGFzZSIsInNjb3BlIjpbIm9ubGluZS1tZXJjaGFudCJdLCJleHAiOjE3MzAwMDgxMzgsImlhdCI6MTcyOTk2NDkzOCwiYXV0aG9yaXRpZXMiOlsiUk9MRV9VU0VSIl0sImp0aSI6Il9FSXhsSnJWbzRzVmU3U3NhSWxlcTNhZk5UWSIsImNsaWVudF9pZCI6Im1vdWhlci13ZWFyIn0.b9m0UMr0rYiqbMQcgOcyP6SpijweUXDhBeOpRL4PV6O6BMVS0BQse17aNVVj9DCICATXN_o9U7QV2L0Air_VhAT06frQ_2dqWvva-vucjAjGI7zyzu3s_GmX3KI8J5ZRHtiV9HpH3NhNhuQZkqYBsv-uEoz5WTS6e88X9lsE6FYgI8wEa5xy9aNjR81WWCbNyR95XEkSkGZhnKWrUK792QfqVg2_iCdkg-TUHZ5vHhYP8OR4T91DAMDosi_7KhU4Y0lkJPegGPTNgqdpki4OmPWPZx7vn-PGdprkwwIcppxlPk_M7GoWCfpezDfSiNceLA8RZPpbNuHCQYGr_U_QgQ\\\"",\\\""Content-Type\\\"":\\\""Content-Type: application\\\\\\\/json\\\"",\\\""user-agent\\\"":\\\""SnappPay, mouher-wear\\\""}}}\""}""",0,0,2024-10-26 21:18:31,2024-10-26 21:18:58
242,4335452596,website,238,,pending,4335452596,,,8e94aff0-27d5-4e2d-bb18-ce88d9885b12,312,1,128,2,1980000,1980000,0,0,,0,0,2024-10-26 22:19:35,2024-10-26 22:19:36
243,3006775531,website,239,,pending,3006775531,,,8a78bf3b-bcb8-4691-bef1-6878632fa47c,313,1,129,2,1980000,1980000,0,0,,0,0,2024-10-27 14:41:14,2024-10-27 14:41:15
244,2180664614,website,240,,declined,2180664614,,,f6c206a5-6618-4217-8b27-3f66855a37ca,314,1,130,2,1980000,1980000,0,0,"""{\""gt\"":\""{\\\""status\\\"":\\\""error\\\"",\\\""successful\\\"":false,\\\""statusCode\\\"":400,\\\""message\\\"":\\\""\\\\u0648\\\\u0636\\\\u0639\\\\u06cc\\\\u062a \\\\u062a\\\\u0631\\\\u0627\\\\u06a9\\\\u0646\\\\u0634 \\\\u0628\\\\u0631\\\\u0627\\\\u06cc \\\\u0639\\\\u0645\\\\u0644\\\\u06cc\\\\u0627\\\\u062a \\\\u0645\\\\u0648\\\\u0631\\\\u062f\\\\u0646\\\\u0638\\\\u0631 \\\\u0646\\\\u0627\\\\u0645\\\\u0646\\\\u0627\\\\u0633\\\\u0628 \\\\u0627\\\\u0633\\\\u062a.\\\"",\\\""url\\\"":\\\""https:\\\\\\\/\\\\\\\/api.snapppay.ir\\\\\\\/api\\\\\\\/online\\\\\\\/payment\\\\\\\/v1\\\\\\\/verify\\\"",\\\""args\\\"":{\\\""method\\\"":\\\""POST\\\"",\\\""body\\\"":\\\""{\\\\\\\""paymentToken\\\\\\\"":\\\\\\\""f6c206a5-6618-4217-8b27-3f66855a37ca\\\\\\\""}\\\"",\\\""headers\\\"":{\\\""Authorization\\\"":\\\""Authorization: Bearer eyJhbGciOiJSUzI1NiIsInR5cCI6IkpXVCJ9.eyJ1c2VyX25hbWUiOiJtb3VoZXItd2Vhci1wdXJjaGFzZSIsInNjb3BlIjpbIm9ubGluZS1tZXJjaGFudCJdLCJleHAiOjE3MzAwNzgzMzEsImlhdCI6MTczMDAzNTEzMSwiYXV0aG9yaXRpZXMiOlsiUk9MRV9VU0VSIl0sImp0aSI6ImxpQzF2UjdBaG9YN1F6N05qaFVpb2g4SWFDRSIsImNsaWVudF9pZCI6Im1vdWhlci13ZWFyIn0.Rw25BTYB7B6f-c1Wu1dGUNl6GA8PwWqewDNWV0kFs4Cfxcug4zQ1WVol3AJu-CUUbEASC-2yWHnM7_ubRs8VqZq3WT7obbi48_Zc1wk1cKt7XaXzDxeEtkysZgac-7wuA7J98qzCwA86Q9B-IkvMEj-Mu_B3SW-jPa5FZcYfODINMw9_Fue7cSPv6rxbaQoCCpQvvgvchUUMfYBxWB80aEcrAJveSeQmaf4E3liNx1eR550gZpLSKbv0aGlG2ftn9dAjg6q1Zj9Jg5ZSv7qDYNNp3l7FOMUBwOnjXumPgf6OWYZBZiLkkqLihCLF9JVYkehjrW9lWiBD7oeCaIi3KQ\\\"",\\\""Content-Type\\\"":\\\""Content-Type: application\\\\\\\/json\\\"",\\\""user-agent\\\"":\\\""SnappPay, mouher-wear\\\""}}}\""}""",0,0,2024-10-27 16:47:30,2024-10-27 16:48:51
245,6634294642,website,240,,pending,6634294642,,,1347469f-d3c8-4c6f-b3aa-8c830e3aa334,314,1,130,2,1980000,1980000,0,0,,0,0,2024-10-27 16:49:59,2024-10-27 16:50:00
246,5352480469,website,240,,pending,5352480469,,,d39e65e3-bf7d-4983-87c4-abbdb3cee94d,314,1,130,2,1980000,1980000,0,0,,0,0,2024-10-27 16:52:44,2024-10-27 16:52:45
247,2315522143,website,175,,pending,2315522143,,,d3e79d49-4e99-45e9-8d63-f77b4533666c,233,1,97,2,5640000,5640000,0,0,,0,0,2024-10-27 17:09:42,2024-10-27 17:09:44
248,5014235339,website,240,,pending,5014235339,,,b02bc8cd-0f37-4ce4-863c-caf2b061f7b2,314,1,130,2,1980000,1980000,0,0,,0,0,2024-10-27 19:28:34,2024-10-27 19:28:35
249,8676679904,website,240,,declined,8676679904,,,817c8fa4-bf9f-46fd-b0b4-95725c24d017,314,1,130,2,1980000,1980000,0,0,"""{\""gt\"":\""{\\\""status\\\"":\\\""error\\\"",\\\""successful\\\"":false,\\\""statusCode\\\"":400,\\\""message\\\"":\\\""\\\\u0648\\\\u0636\\\\u0639\\\\u06cc\\\\u062a \\\\u062a\\\\u0631\\\\u0627\\\\u06a9\\\\u0646\\\\u0634 \\\\u0628\\\\u0631\\\\u0627\\\\u06cc \\\\u0639\\\\u0645\\\\u0644\\\\u06cc\\\\u0627\\\\u062a \\\\u0645\\\\u0648\\\\u0631\\\\u062f\\\\u0646\\\\u0638\\\\u0631 \\\\u0646\\\\u0627\\\\u0645\\\\u0646\\\\u0627\\\\u0633\\\\u0628 \\\\u0627\\\\u0633\\\\u062a.\\\"",\\\""url\\\"":\\\""https:\\\\\\\/\\\\\\\/api.snapppay.ir\\\\\\\/api\\\\\\\/online\\\\\\\/payment\\\\\\\/v1\\\\\\\/verify\\\"",\\\""args\\\"":{\\\""method\\\"":\\\""POST\\\"",\\\""body\\\"":\\\""{\\\\\\\""paymentToken\\\\\\\"":\\\\\\\""817c8fa4-bf9f-46fd-b0b4-95725c24d017\\\\\\\""}\\\"",\\\""headers\\\"":{\\\""Authorization\\\"":\\\""Authorization: Bearer eyJhbGciOiJSUzI1NiIsInR5cCI6IkpXVCJ9.eyJ1c2VyX25hbWUiOiJtb3VoZXItd2Vhci1wdXJjaGFzZSIsInNjb3BlIjpbIm9ubGluZS1tZXJjaGFudCJdLCJleHAiOjE3MzAwODgxNzksImlhdCI6MTczMDA0NDk3OSwiYXV0aG9yaXRpZXMiOlsiUk9MRV9VU0VSIl0sImp0aSI6ImVTY3ZmbE8xRTdqMUVkOGpZSEdxdnI4a1ZrQSIsImNsaWVudF9pZCI6Im1vdWhlci13ZWFyIn0.MxZQBAtzLbgMl6ytIhHNeaEb68QE3GR5jxj4OIVP2gKe2HWG_pY1ESZiCt-g33zlYINP4F5A7gzco2ADAps-p8EGFKwA_FWMO1sH_zCX-4sMHjGtoINtpKfLRQvqz4-r74X1t-RYznRoOaKn7FyDhWQThwOEzBVBGYJo5Io0Lfv-reOpvhukvwree5RwyieMi5atbMdlWV_dSZHHz_RVVrTNTBtGF2HUp7V3lDI15jiYUNKKY-9eGod8Mba0Bcol4aBITWyC4MRLNhz91vIGuzs-0KmYXH2nq_d_2dIjFn1FHcwLGHwPLvUV09VhMupz8P4hU2gOebUy-bI1JHvz8A\\\"",\\\""Content-Type\\\"":\\\""Content-Type: application\\\\\\\/json\\\"",\\\""user-agent\\\"":\\\""SnappPay, mouher-wear\\\""}}}\""}""",0,0,2024-10-27 19:28:56,2024-10-27 19:32:59
250,9359726158,website,240,,pending,9359726158,,,330e3e0c-da36-4dc7-b5e9-fc39f677324c,314,1,130,2,1980000,1980000,0,0,,0,0,2024-10-27 19:33:39,2024-10-27 19:33:41
251,6909180989,website,87,,completed,62b14be,{},,,118,1,52,1,2480000,2480000,0,0,"""{}""",0,0,2024-10-27 19:50:16,2024-11-05 13:04:13
252,8822233433,website,241,,pending,8822233433,,,f58421e3-c143-406c-ada7-cbbdc7fd6bf0,316,2,131,2,1980000,1980000,0,0,,0,0,2024-10-27 20:59:40,2024-10-27 20:59:42
253,9034575393,website,244,,completed,9034575393,"{""successful"":true,""response"":{""transactionId"":""9034575393""}}",,c4b859a8-921d-4d88-bb70-1176adc85617,319,1,132,2,1980000,1980000,0,0,"""{\""successful\"":true,\""response\"":{\""transactionId\"":\""9034575393\""}}""",0,0,2024-10-27 21:59:44,2024-10-28 18:37:43
254,6216649227,website,246,,completed,941aec3,{},,,322,1,133,1,1980000,1980000,0,0,"""{}""",0,0,2024-10-27 23:44:21,2024-11-07 08:57:06
255,7727839739,website,248,,completed,b02cb9f,{},,,325,2,135,1,2880000,2880000,0,0,"""{}""",0,0,2024-10-28 00:45:26,2024-10-30 16:25:32
256,5100401603,website,251,,completed,48f045f,{},,,328,1,136,1,1890000,1890000,0,0,"""{}""",0,0,2024-10-28 14:26:15,2024-11-05 12:59:58
257,5994926765,website,242,,declined,5994926765,,,6b281836-3316-4c20-9018-46fc81701c10,317,1,137,2,2880000,2880000,0,0,"""{\""gt\"":\""{\\\""status\\\"":\\\""error\\\"",\\\""successful\\\"":false,\\\""statusCode\\\"":400,\\\""message\\\"":\\\""\\\\u0648\\\\u0636\\\\u0639\\\\u06cc\\\\u062a \\\\u062a\\\\u0631\\\\u0627\\\\u06a9\\\\u0646\\\\u0634 \\\\u0628\\\\u0631\\\\u0627\\\\u06cc \\\\u0639\\\\u0645\\\\u0644\\\\u06cc\\\\u0627\\\\u062a \\\\u0645\\\\u0648\\\\u0631\\\\u062f\\\\u0646\\\\u0638\\\\u0631 \\\\u0646\\\\u0627\\\\u0645\\\\u0646\\\\u0627\\\\u0633\\\\u0628 \\\\u0627\\\\u0633\\\\u062a.\\\"",\\\""url\\\"":\\\""https:\\\\\\\/\\\\\\\/api.snapppay.ir\\\\\\\/api\\\\\\\/online\\\\\\\/payment\\\\\\\/v1\\\\\\\/verify\\\"",\\\""args\\\"":{\\\""method\\\"":\\\""POST\\\"",\\\""body\\\"":\\\""{\\\\\\\""paymentToken\\\\\\\"":\\\\\\\""6b281836-3316-4c20-9018-46fc81701c10\\\\\\\""}\\\"",\\\""headers\\\"":{\\\""Authorization\\\"":\\\""Authorization: Bearer eyJhbGciOiJSUzI1NiIsInR5cCI6IkpXVCJ9.eyJ1c2VyX25hbWUiOiJtb3VoZXItd2Vhci1wdXJjaGFzZSIsInNjb3BlIjpbIm9ubGluZS1tZXJjaGFudCJdLCJleHAiOjE3MzAxNzM2NjQsImlhdCI6MTczMDEzMDQ2NCwiYXV0aG9yaXRpZXMiOlsiUk9MRV9VU0VSIl0sImp0aSI6ImowY2xGQ2FZenNoblFnVXQ2TGwxaGo4MFFPVSIsImNsaWVudF9pZCI6Im1vdWhlci13ZWFyIn0.gG-wMbNFcPMqwGZtImlA34uOaSMmBMHY_thd_5wDqurHMD4v7TGQf17cXqHr1Glq__EzwgdYnGrBl71QGpi5jy_NajbARv1EkTRAmD52kNfxJNj-ePUDjz5rj8LBtGI3KzSGWe8y_5BZpr04G6dwa4Sx3Ten10mMm1ZRIU9XPyi_FiJC_1wcwSptyhbNixjg3xcFc1X8uYeKityWajo7XmYA4uy3_RzJ93H-CMfB-4gOVeqSrWHLBsuIyM9Fjl3TFChYS0hoPaiz69DO73lnEuiWnexIWH-LGDI7-XWzboDifwLoGAgpDTJmTLVY5TNVCfLprRSnt8Ce0N1u6wOMcg\\\"",\\\""Content-Type\\\"":\\\""Content-Type: application\\\\\\\/json\\\"",\\\""user-agent\\\"":\\\""SnappPay, mouher-wear\\\""}}}\""}""",0,0,2024-10-28 19:09:29,2024-10-28 19:17:45
258,5213068349,website,242,,pending,5213068349,,,7ce53875-c61a-496e-8317-8be1abafae27,317,1,137,2,2880000,2880000,0,0,,0,0,2024-10-28 19:18:12,2024-10-28 19:18:13
259,2388357089,website,253,,pending,2388357089,,,984ec689-05df-4c3c-bac1-a76c12957e55,331,2,138,2,1980000,1980000,0,0,,0,0,2024-10-29 02:22:46,2024-10-29 02:22:48
260,8831827140,website,209,,pending,8831827140,,,f3db2f6d-c398-4dd8-b7cc-eb7cc6d05710,272,2,140,2,2480000,2480000,0,0,,0,0,2024-10-29 19:00:11,2024-10-29 19:00:13
261,2660905160,website,257,,declined,2660905160,,,3b17ee38-6843-410d-9951-da6771320afe,334,1,141,2,2280000,2280000,0,0,"""{\""gt\"":\""{\\\""status\\\"":\\\""error\\\"",\\\""successful\\\"":false,\\\""statusCode\\\"":400,\\\""message\\\"":\\\""\\\\u0648\\\\u0636\\\\u0639\\\\u06cc\\\\u062a \\\\u062a\\\\u0631\\\\u0627\\\\u06a9\\\\u0646\\\\u0634 \\\\u0628\\\\u0631\\\\u0627\\\\u06cc \\\\u0639\\\\u0645\\\\u0644\\\\u06cc\\\\u0627\\\\u062a \\\\u0645\\\\u0648\\\\u0631\\\\u062f\\\\u0646\\\\u0638\\\\u0631 \\\\u0646\\\\u0627\\\\u0645\\\\u0646\\\\u0627\\\\u0633\\\\u0628 \\\\u0627\\\\u0633\\\\u062a.\\\"",\\\""url\\\"":\\\""https:\\\\\\\/\\\\\\\/api.snapppay.ir\\\\\\\/api\\\\\\\/online\\\\\\\/payment\\\\\\\/v1\\\\\\\/verify\\\"",\\\""args\\\"":{\\\""method\\\"":\\\""POST\\\"",\\\""body\\\"":\\\""{\\\\\\\""paymentToken\\\\\\\"":\\\\\\\""3b17ee38-6843-410d-9951-da6771320afe\\\\\\\""}\\\"",\\\""headers\\\"":{\\\""Authorization\\\"":\\\""Authorization: Bearer eyJhbGciOiJSUzI1NiIsInR5cCI6IkpXVCJ9.eyJ1c2VyX25hbWUiOiJtb3VoZXItd2Vhci1wdXJjaGFzZSIsInNjb3BlIjpbIm9ubGluZS1tZXJjaGFudCJdLCJleHAiOjE3MzA0NDE5NzQsImlhdCI6MTczMDM5ODc3NCwiYXV0aG9yaXRpZXMiOlsiUk9MRV9VU0VSIl0sImp0aSI6IktKZVFsamJwTWRQaURTUmFjT29iNEt5WEtoMCIsImNsaWVudF9pZCI6Im1vdWhlci13ZWFyIn0.dzpfe3IyWxNLV0gqxMwVUe9XlIo49uWml8Ku6EAtzMWBPhryrAKDacO0yGLpUIpl0jMOOyL0y8IFCYodURLUjAMSYLynXFOsDuEH0JvTKNIlW0T4bfRPhqYiQj0KEWouNrlrlfAUcx-6lrxXHvL8b6yzGVA_A2jmK3WNOqEN1GYMebWFExGA_TFQSTiOjqjUsZkI6aXF_PePPzsft5xXmvE-Lshn0HViMsJFfoofdXhIUVn7kMKV9dC1feIrCmF82i7hlHJzHo241zu497LRYWgSPzDxdHxfFgRqjo3VSu9vPfqpxhMOzt5NwJkWWe3V72x4S0SVIEenHJFWyqSs9Q\\\"",\\\""Content-Type\\\"":\\\""Content-Type: application\\\\\\\/json\\\"",\\\""user-agent\\\"":\\\""SnappPay, mouher-wear\\\""}}}\""}""",0,0,2024-10-29 21:20:32,2024-10-31 21:49:34
262,4902038565,website,258,,completed,ea51465,{},,,335,2,142,1,1980000,1980000,0,0,"""{}""",0,0,2024-10-30 17:27:01,2024-11-07 08:57:01
263,5738751334,website,242,,completed,7bb43f0,{},,,317,1,137,1,2880000,2880000,0,0,"""{}""",0,0,2024-10-31 00:39:48,2024-11-07 08:56:55
264,6782917711,website,259,,completed,6782917711,"{""successful"":true,""response"":{""transactionId"":""6782917711""}}",,eb06a94d-2aa0-4262-8de7-a09901bad91e,339,1,143,2,1480000,1480000,0,0,"""{\""successful\"":true,\""response\"":{\""transactionId\"":\""6782917711\""}}""",0,0,2024-10-31 00:55:23,2024-11-07 08:56:48
265,8501980184,website,260,,pending,8501980184,,,548b308c-eb20-48c3-8abc-93eb57be8bdb,341,1,144,2,8620000,8620000,0,0,,0,0,2024-10-31 02:43:52,2024-10-31 02:43:54
266,1410794522,website,175,,pending,1410794522,,,6e5339ae-acfe-4f0b-9f3a-8b9897afb482,233,1,97,2,9700000,9700000,0,0,,0,0,2024-10-31 08:56:19,2024-10-31 08:56:20
267,9110049330,website,175,,pending,9110049330,,,fc9b2716-64a9-4f26-b9d3-7d67601976dd,233,1,97,2,8020000,8020000,0,0,,0,0,2024-10-31 09:36:55,2024-10-31 09:36:57
268,2309180256,website,260,,pending,2309180256,,,8329b32d-4530-4806-9ba7-0851f16f4d5e,341,1,144,2,8620000,8620000,0,0,,0,0,2024-10-31 09:57:05,2024-10-31 09:57:07
269,9672366752,website,261,,pending,9672366752,,,f9968002-72bb-4865-8339-f369bf4cf1f3,342,1,145,2,8020000,8020000,0,0,,0,0,2024-10-31 09:58:13,2024-10-31 09:58:15
270,1571312518,website,261,,declined,1571312518,,,344765fd-6d49-4a6f-97cc-a957c4fc46c0,342,1,145,2,8020000,8020000,0,0,"""{\""gt\"":\""{\\\""status\\\"":\\\""error\\\"",\\\""successful\\\"":false,\\\""statusCode\\\"":400,\\\""message\\\"":\\\""\\\\u0648\\\\u0636\\\\u0639\\\\u06cc\\\\u062a \\\\u062a\\\\u0631\\\\u0627\\\\u06a9\\\\u0646\\\\u0634 \\\\u0628\\\\u0631\\\\u0627\\\\u06cc \\\\u0639\\\\u0645\\\\u0644\\\\u06cc\\\\u0627\\\\u062a \\\\u0645\\\\u0648\\\\u0631\\\\u062f\\\\u0646\\\\u0638\\\\u0631 \\\\u0646\\\\u0627\\\\u0645\\\\u0646\\\\u0627\\\\u0633\\\\u0628 \\\\u0627\\\\u0633\\\\u062a.\\\"",\\\""url\\\"":\\\""https:\\\\\\\/\\\\\\\/api.snapppay.ir\\\\\\\/api\\\\\\\/online\\\\\\\/payment\\\\\\\/v1\\\\\\\/verify\\\"",\\\""args\\\"":{\\\""method\\\"":\\\""POST\\\"",\\\""body\\\"":\\\""{\\\\\\\""paymentToken\\\\\\\"":\\\\\\\""344765fd-6d49-4a6f-97cc-a957c4fc46c0\\\\\\\""}\\\"",\\\""headers\\\"":{\\\""Authorization\\\"":\\\""Authorization: Bearer eyJhbGciOiJSUzI1NiIsInR5cCI6IkpXVCJ9.eyJ1c2VyX25hbWUiOiJtb3VoZXItd2Vhci1wdXJjaGFzZSIsInNjb3BlIjpbIm9ubGluZS1tZXJjaGFudCJdLCJleHAiOjE3MzA0MTI1MzYsImlhdCI6MTczMDM2OTMzNiwiYXV0aG9yaXRpZXMiOlsiUk9MRV9VU0VSIl0sImp0aSI6Il96Z0tTV2pKSXA0TlVmbTlOV1BzRnNDLUo4QSIsImNsaWVudF9pZCI6Im1vdWhlci13ZWFyIn0.lSl_R0XB3iqyykp_8yFZoxmS6enKm7PiuFdZ6iYrEhl7QACFuDwbKK6XW1T8NyGs0l8Xm1MpuMHt44tBoGii0fJsKtKGw7z3jUe4h5T8nu1cmJcu_HqSG51ZqVRBCKDlhwquRdQNG2KBfo1njukkA_HiOSVn6KU7c096hoPCVuovFdEgN216b_LNkAjr1vJLp8BLv8xGiEA80Oi14wL8FpJJGQ1mmRf7WuucDH1RmESE3uQKbPr_EWx6HpAyEgKrJyz3RMfkpmt4JqiRhzg2AqGAzenMXgCTq0WsUTaPGe22ZpipxIlMHpCWjPkpkyL2HBOGoBYSqGSB4u9nfKxduQ\\\"",\\\""Content-Type\\\"":\\\""Content-Type: application\\\\\\\/json\\\"",\\\""user-agent\\\"":\\\""SnappPay, mouher-wear\\\""}}}\""}""",0,0,2024-10-31 13:31:15,2024-10-31 13:38:57
271,7602159435,website,249,,declined,7602159435,,,d29d2cca-589c-4fb3-89a4-a2964020dcea,326,1,146,2,2280000,2280000,0,0,"""{\""gt\"":\""{\\\""status\\\"":\\\""error\\\"",\\\""successful\\\"":false,\\\""statusCode\\\"":200,\\\""message\\\"":\\\""\\\\u062b\\\\u0628\\\\u062a \\\\u062f\\\\u0631\\\\u062e\\\\u0648\\\\u0627\\\\u0633\\\\u062a \\\\u062c\\\\u062f\\\\u06cc\\\\u062f \\\\u0645\\\\u0645\\\\u06a9\\\\u0646 \\\\u0646\\\\u06cc\\\\u0633\\\\u062a. \\\\u0644\\\\u0637\\\\u0641\\\\u0627\\\\u064b \\\\u0686\\\\u0646\\\\u062f \\\\u0644\\\\u062d\\\\u0638\\\\u0647\\\\u0654 \\\\u062f\\\\u06cc\\\\u06af\\\\u0631 \\\\u062f\\\\u0648\\\\u0628\\\\u0627\\\\u0631\\\\u0647 \\\\u062a\\\\u0644\\\\u0627\\\\u0634 \\\\u06a9\\\\u0646\\\\u06cc\\\\u062f.\\\"",\\\""url\\\"":\\\""https:\\\\\\\/\\\\\\\/api.snapppay.ir\\\\\\\/api\\\\\\\/online\\\\\\\/payment\\\\\\\/v1\\\\\\\/verify\\\"",\\\""args\\\"":{\\\""method\\\"":\\\""POST\\\"",\\\""body\\\"":\\\""{\\\\\\\""paymentToken\\\\\\\"":\\\\\\\""d29d2cca-589c-4fb3-89a4-a2964020dcea\\\\\\\""}\\\"",\\\""headers\\\"":{\\\""Authorization\\\"":\\\""Authorization: Bearer eyJhbGciOiJSUzI1NiIsInR5cCI6IkpXVCJ9.eyJ1c2VyX25hbWUiOiJtb3VoZXItd2Vhci1wdXJjaGFzZSIsInNjb3BlIjpbIm9ubGluZS1tZXJjaGFudCJdLCJleHAiOjE3MzA0MTIxNjQsImlhdCI6MTczMDM2ODk2NCwiYXV0aG9yaXRpZXMiOlsiUk9MRV9VU0VSIl0sImp0aSI6Im1aajhjTlRVNUxtQmZwZ3lwV3NybnVHY19fZyIsImNsaWVudF9pZCI6Im1vdWhlci13ZWFyIn0.YjNCo2WBZITmJHaXiUx8m_tlVHjXa2vCy2cWzYUFSeHbltg4udrCDhJXFo9Q57MFvnhuM5IMOAPWHu7pk7d-sI0wUU8NXZHzmS_o9LabnCXEeeLNekPM4PDFurEOfvYaFDGaMEwWJ4SFd_WypSIsgu-4OdSeoQJXy_2NaCj0w5OoITkNNy9SOpvwoXrIHh1RfsI5uavOgI5D52RfR72SHVx32muybdLn4Q9g9Ys8ZON7GrRe5lH_3LBQjizJieClTHQkSDrnwCB-4bH-GYDXCSfDnp61KQp57WaVx0r9JQUqQkMMcFFR94f62Y6SoCoZ1MX5sUo7Zn96P2qVgfAV0Q\\\"",\\\""Content-Type\\\"":\\\""Content-Type: application\\\\\\\/json\\\"",\\\""user-agent\\\"":\\\""SnappPay, mouher-wear\\\""}}}\""}""",0,0,2024-10-31 13:31:41,2024-10-31 13:32:44
272,7356427603,website,260,,pending,7356427603,,,5e09dd72-2100-48b0-a4d3-4cc19334a008,341,1,144,2,6640000,6640000,0,0,,0,0,2024-10-31 14:27:51,2024-10-31 14:27:53
273,8142687057,website,262,,declined,8142687057,,,92b68f03-fd57-4044-8d9c-183161e2b17a,343,1,147,2,2280000,2280000,0,0,"""{\""gt\"":\""{\\\""status\\\"":\\\""error\\\"",\\\""successful\\\"":false,\\\""statusCode\\\"":400,\\\""message\\\"":\\\""\\\\u0648\\\\u0636\\\\u0639\\\\u06cc\\\\u062a \\\\u062a\\\\u0631\\\\u0627\\\\u06a9\\\\u0646\\\\u0634 \\\\u0628\\\\u0631\\\\u0627\\\\u06cc \\\\u0639\\\\u0645\\\\u0644\\\\u06cc\\\\u0627\\\\u062a \\\\u0645\\\\u0648\\\\u0631\\\\u062f\\\\u0646\\\\u0638\\\\u0631 \\\\u0646\\\\u0627\\\\u0645\\\\u0646\\\\u0627\\\\u0633\\\\u0628 \\\\u0627\\\\u0633\\\\u062a.\\\"",\\\""url\\\"":\\\""https:\\\\\\\/\\\\\\\/api.snapppay.ir\\\\\\\/api\\\\\\\/online\\\\\\\/payment\\\\\\\/v1\\\\\\\/verify\\\"",\\\""args\\\"":{\\\""method\\\"":\\\""POST\\\"",\\\""body\\\"":\\\""{\\\\\\\""paymentToken\\\\\\\"":\\\\\\\""92b68f03-fd57-4044-8d9c-183161e2b17a\\\\\\\""}\\\"",\\\""headers\\\"":{\\\""Authorization\\\"":\\\""Authorization: Bearer eyJhbGciOiJSUzI1NiIsInR5cCI6IkpXVCJ9.eyJ1c2VyX25hbWUiOiJtb3VoZXItd2Vhci1wdXJjaGFzZSIsInNjb3BlIjpbIm9ubGluZS1tZXJjaGFudCJdLCJleHAiOjE3MzA0NDc0NjIsImlhdCI6MTczMDQwNDI2MiwiYXV0aG9yaXRpZXMiOlsiUk9MRV9VU0VSIl0sImp0aSI6Ik5TbUp5UDlXbGRZNXExOGItSGJvVzFBaU51cyIsImNsaWVudF9pZCI6Im1vdWhlci13ZWFyIn0.L7iI_sxkj0Bh9rNSUsk8EGpmd5zaweLqYSdI_xkC_i5Dux8FgIFzrEMReXtJhDISDc3KUTZgoe_iehO3NzIVTAWW70-BNhGTx3IytARENAgXH0lqlC_g6tpnoZG8jPUgOYhHqEuqN0ZHyvgJJuyc0gbap66NjbXECgaGZ5pS9VaYLbvg9BEe1CVzL4JqZqB5St-4vIqDxtV3DoDTPErln2fzpZXWl91DY_q1NGKEctxckJWhs4-JX5_-442m4uzTfZo0M7m1LXQntm2ExV4wfX6ceXa9y6r30JKlT2cAH7CkG1SC9fqsNanKYdl66o9KvhMJvzMTGNawK0UPql5v6w\\\"",\\\""Content-Type\\\"":\\\""Content-Type: application\\\\\\\/json\\\"",\\\""user-agent\\\"":\\\""SnappPay, mouher-wear\\\""}}}\""}""",0,0,2024-10-31 23:20:17,2024-10-31 23:21:02
274,1060278414,website,177,,declined,1060278414,,,6377b324-1732-4105-b190-5e01b69877d6,235,1,98,2,2280000,2280000,0,0,"""{\""gt\"":\""{\\\""status\\\"":\\\""error\\\"",\\\""successful\\\"":false,\\\""statusCode\\\"":400,\\\""message\\\"":\\\""\\\\u0648\\\\u0636\\\\u0639\\\\u06cc\\\\u062a \\\\u062a\\\\u0631\\\\u0627\\\\u06a9\\\\u0646\\\\u0634 \\\\u0628\\\\u0631\\\\u0627\\\\u06cc \\\\u0639\\\\u0645\\\\u0644\\\\u06cc\\\\u0627\\\\u062a \\\\u0645\\\\u0648\\\\u0631\\\\u062f\\\\u0646\\\\u0638\\\\u0631 \\\\u0646\\\\u0627\\\\u0645\\\\u0646\\\\u0627\\\\u0633\\\\u0628 \\\\u0627\\\\u0633\\\\u062a.\\\"",\\\""url\\\"":\\\""https:\\\\\\\/\\\\\\\/api.snapppay.ir\\\\\\\/api\\\\\\\/online\\\\\\\/payment\\\\\\\/v1\\\\\\\/verify\\\"",\\\""args\\\"":{\\\""method\\\"":\\\""POST\\\"",\\\""body\\\"":\\\""{\\\\\\\""paymentToken\\\\\\\"":\\\\\\\""6377b324-1732-4105-b190-5e01b69877d6\\\\\\\""}\\\"",\\\""headers\\\"":{\\\""Authorization\\\"":\\\""Authorization: Bearer eyJhbGciOiJSUzI1NiIsInR5cCI6IkpXVCJ9.eyJ1c2VyX25hbWUiOiJtb3VoZXItd2Vhci1wdXJjaGFzZSIsInNjb3BlIjpbIm9ubGluZS1tZXJjaGFudCJdLCJleHAiOjE3MzA0ODE5ODksImlhdCI6MTczMDQzODc4OSwiYXV0aG9yaXRpZXMiOlsiUk9MRV9VU0VSIl0sImp0aSI6Im9lOHlUOUI4d2ctRTcxdHJXOU00N094TmJaOCIsImNsaWVudF9pZCI6Im1vdWhlci13ZWFyIn0.aCdhE6kKGwr-bZr2KF0Ho_8dybQ72YKuILkN1zxaFsifvjBeBztV2HtozxWBtJ7GB9hshtwws044l5CvuhgrrMp1VQ8X6dEpxxzsaCt_OcGQLhAGvO-w49x-NcGQHol7ULtxrCshLSVou_AZv96VBTrYSP9rtNDgLKAE_CukKodFRN66hDnzdHIxrzt1LLu2UdP1uFcnVlwpITcYTA17Yri5GHyvs9Zn66nbYh8g_JIRGq2HwTu6KIlz37Zj_FY5dhBKXfAj_FBvoODzZCJWl_f5X-keQ9SviE_iPBL72OVHfh0eyPfMK_qf4ljKuf4yVJ5cxwc1QhM5ajdo7aKB5Q\\\"",\\\""Content-Type\\\"":\\\""Content-Type: application\\\\\\\/json\\\"",\\\""user-agent\\\"":\\\""SnappPay, mouher-wear\\\""}}}\""}""",0,0,2024-11-01 08:54:32,2024-11-01 08:56:29
275,9204714322,website,177,,declined,9204714322,,,432ba019-baa7-42f4-8aba-f0df6dcca1af,235,1,98,2,2280000,2280000,0,0,"""{\""gt\"":\""{\\\""status\\\"":\\\""error\\\"",\\\""successful\\\"":false,\\\""statusCode\\\"":200,\\\""message\\\"":\\\""\\\\u062b\\\\u0628\\\\u062a \\\\u062f\\\\u0631\\\\u062e\\\\u0648\\\\u0627\\\\u0633\\\\u062a \\\\u062c\\\\u062f\\\\u06cc\\\\u062f \\\\u0645\\\\u0645\\\\u06a9\\\\u0646 \\\\u0646\\\\u06cc\\\\u0633\\\\u062a. \\\\u0644\\\\u0637\\\\u0641\\\\u0627\\\\u064b \\\\u0686\\\\u0646\\\\u062f \\\\u0644\\\\u062d\\\\u0638\\\\u0647\\\\u0654 \\\\u062f\\\\u06cc\\\\u06af\\\\u0631 \\\\u062f\\\\u0648\\\\u0628\\\\u0627\\\\u0631\\\\u0647 \\\\u062a\\\\u0644\\\\u0627\\\\u0634 \\\\u06a9\\\\u0646\\\\u06cc\\\\u062f.\\\"",\\\""url\\\"":\\\""https:\\\\\\\/\\\\\\\/api.snapppay.ir\\\\\\\/api\\\\\\\/online\\\\\\\/payment\\\\\\\/v1\\\\\\\/verify\\\"",\\\""args\\\"":{\\\""method\\\"":\\\""POST\\\"",\\\""body\\\"":\\\""{\\\\\\\""paymentToken\\\\\\\"":\\\\\\\""432ba019-baa7-42f4-8aba-f0df6dcca1af\\\\\\\""}\\\"",\\\""headers\\\"":{\\\""Authorization\\\"":\\\""Authorization: Bearer eyJhbGciOiJSUzI1NiIsInR5cCI6IkpXVCJ9.eyJ1c2VyX25hbWUiOiJtb3VoZXItd2Vhci1wdXJjaGFzZSIsInNjb3BlIjpbIm9ubGluZS1tZXJjaGFudCJdLCJleHAiOjE3MzA0ODIyMzQsImlhdCI6MTczMDQzOTAzNCwiYXV0aG9yaXRpZXMiOlsiUk9MRV9VU0VSIl0sImp0aSI6IjZtTjI5NDZ2cUFGRHYwMUhLMEJ4b1lxakE0NCIsImNsaWVudF9pZCI6Im1vdWhlci13ZWFyIn0.N2G-LMVC1PwOv6Ygrdmcr30QdJ_cniLZmgRFcnF7ANCtk6slWXtjrCOYg564Ctq0D4lPF7jMsBFSNjoClkaGWz9vA9Fub-xQAldNPZ_e-pXznpU3lHR_tHQn11SL6yxr_X5MeFfF0G6HFuGBm6G8rO7f9Gu7F_SJb3xJ-Vg7n8a-IMovIlcB7YhnGk2-Nji4yQEz7TWfy04hXP3hSigD5g3FH95zOrbOL7C_2nLfErwvsoRUlUCqKOcGZlnMT7u-6Hsx5b37vAjIqsZETGv7E-MXqKGt2VhWbVSelkv9sXwl_a6ce13u1lZnox1Wg-_Wnjlq8BSp-2ib_PQBNtZ4zw\\\"",\\\""Content-Type\\\"":\\\""Content-Type: application\\\\\\\/json\\\"",\\\""user-agent\\\"":\\\""SnappPay, mouher-wear\\\""}}}\""}""",0,0,2024-11-01 08:58:07,2024-11-01 09:00:34
276,8841171744,website,177,,declined,8841171744,,,d1907819-08f5-47b0-8412-c28c791230c1,235,1,98,2,2280000,2280000,0,0,"""{\""gt\"":\""{\\\""status\\\"":\\\""error\\\"",\\\""successful\\\"":false,\\\""statusCode\\\"":400,\\\""message\\\"":\\\""\\\\u0648\\\\u0636\\\\u0639\\\\u06cc\\\\u062a \\\\u062a\\\\u0631\\\\u0627\\\\u06a9\\\\u0646\\\\u0634 \\\\u0628\\\\u0631\\\\u0627\\\\u06cc \\\\u0639\\\\u0645\\\\u0644\\\\u06cc\\\\u0627\\\\u062a \\\\u0645\\\\u0648\\\\u0631\\\\u062f\\\\u0646\\\\u0638\\\\u0631 \\\\u0646\\\\u0627\\\\u0645\\\\u0646\\\\u0627\\\\u0633\\\\u0628 \\\\u0627\\\\u0633\\\\u062a.\\\"",\\\""url\\\"":\\\""https:\\\\\\\/\\\\\\\/api.snapppay.ir\\\\\\\/api\\\\\\\/online\\\\\\\/payment\\\\\\\/v1\\\\\\\/verify\\\"",\\\""args\\\"":{\\\""method\\\"":\\\""POST\\\"",\\\""body\\\"":\\\""{\\\\\\\""paymentToken\\\\\\\"":\\\\\\\""d1907819-08f5-47b0-8412-c28c791230c1\\\\\\\""}\\\"",\\\""headers\\\"":{\\\""Authorization\\\"":\\\""Authorization: Bearer eyJhbGciOiJSUzI1NiIsInR5cCI6IkpXVCJ9.eyJ1c2VyX25hbWUiOiJtb3VoZXItd2Vhci1wdXJjaGFzZSIsInNjb3BlIjpbIm9ubGluZS1tZXJjaGFudCJdLCJleHAiOjE3MzA0ODI1MzUsImlhdCI6MTczMDQzOTMzNSwiYXV0aG9yaXRpZXMiOlsiUk9MRV9VU0VSIl0sImp0aSI6ImpRX0VMN3hzOFpOSUtjYV95SWpzcFJFeFg4WSIsImNsaWVudF9pZCI6Im1vdWhlci13ZWFyIn0.DKGRGFNfOdP7TpIACDGvmIZQ7yl0foAmqFIZ5t7QFSMQ-pxR57N7fWra8B4xTguTsGYCKdsHYTxa2CvOmo2i1LhtV7sNN56P6cU3SNAXcT89VmrIf6AnB7poVNgtABnT_Jfc1R2xZZXTAxD5250RNobtiRf7JZHIcmoRvee80KRSSmF-U9e5Vko1v9gRqNwuqr6diotGQ056hTwQpaAqcsW1AN74936GnvlWLhsU5dr9cAuOdH_T3AhY5i8kYDB-NWbpbG0PtsNnV8k11p23htCXbzQs1eoZCg8Vt_VGGp6AJaib8VlfP-1PE8cVlZr6A2cJx1sFbplA_-CyyFIZsA\\\"",\\\""Content-Type\\\"":\\\""Content-Type: application\\\\\\\/json\\\"",\\\""user-agent\\\"":\\\""SnappPay, mouher-wear\\\""}}}\""}""",0,0,2024-11-01 09:04:38,2024-11-01 09:05:35
277,1936928668,website,177,,pending,1936928668,,,0fc70bdb-38dd-47b9-a876-a251ad26f62c,235,1,98,2,2280000,2280000,0,0,,0,0,2024-11-01 09:06:25,2024-11-01 09:06:26
278,1983337239,website,177,,pending,1983337239,,,eaedacd9-0ab3-4b2d-806d-59188c6951c3,235,1,98,2,2280000,2280000,0,0,,0,0,2024-11-01 09:16:53,2024-11-01 09:16:55
279,8373332497,website,263,,pending,8373332497,,,e67e1200-93e6-485a-ae09-70feef58e549,344,1,148,2,2280000,2280000,0,0,,0,0,2024-11-01 09:47:02,2024-11-01 09:47:04
280,4196864645,website,2,,pending,4196864645,,,5f108cb5-63c9-490f-8b23-4287f318f5a1,15,1,7,2,2280000,2280000,0,0,,0,0,2024-11-01 10:32:28,2024-11-01 10:32:30
281,3848538588,website,264,,completed,3848538588,"{""successful"":true,""response"":{""transactionId"":""3848538588""}}",,514a1391-fe6d-4368-8626-9dede0131a6b,345,2,149,2,2280000,2280000,0,0,"""{\""successful\"":true,\""response\"":{\""transactionId\"":\""3848538588\""}}""",0,0,2024-11-01 13:08:37,2024-11-06 08:58:29
282,8323015247,website,177,,pending,d2e7eae,,,,235,1,98,1,2280000,2280000,0,0,,0,0,2024-11-01 16:13:51,2024-11-01 16:13:52
283,7958721788,website,177,,completed,81251d8,{},,,235,1,98,1,2280000,2280000,0,0,"""{}""",0,0,2024-11-01 16:14:25,2024-11-06 12:42:01
284,4401051669,website,265,,pending,4401051669,,,231e9c53-770f-4365-99ba-34cb38ca78dd,348,1,150,2,2380000,2380000,0,0,,0,0,2024-11-01 19:35:43,2024-11-01 19:35:44
285,7917975715,website,265,,declined,7917975715,,,9d6c5b01-d324-4046-9d06-7a2918d8a4bc,348,1,150,2,2380000,2380000,0,0,"""{\""gt\"":\""{\\\""status\\\"":\\\""error\\\"",\\\""successful\\\"":false,\\\""statusCode\\\"":400,\\\""message\\\"":\\\""\\\\u0648\\\\u0636\\\\u0639\\\\u06cc\\\\u062a \\\\u062a\\\\u0631\\\\u0627\\\\u06a9\\\\u0646\\\\u0634 \\\\u0628\\\\u0631\\\\u0627\\\\u06cc \\\\u0639\\\\u0645\\\\u0644\\\\u06cc\\\\u0627\\\\u062a \\\\u0645\\\\u0648\\\\u0631\\\\u062f\\\\u0646\\\\u0638\\\\u0631 \\\\u0646\\\\u0627\\\\u0645\\\\u0646\\\\u0627\\\\u0633\\\\u0628 \\\\u0627\\\\u0633\\\\u062a.\\\"",\\\""url\\\"":\\\""https:\\\\\\\/\\\\\\\/api.snapppay.ir\\\\\\\/api\\\\\\\/online\\\\\\\/payment\\\\\\\/v1\\\\\\\/verify\\\"",\\\""args\\\"":{\\\""method\\\"":\\\""POST\\\"",\\\""body\\\"":\\\""{\\\\\\\""paymentToken\\\\\\\"":\\\\\\\""9d6c5b01-d324-4046-9d06-7a2918d8a4bc\\\\\\\""}\\\"",\\\""headers\\\"":{\\\""Authorization\\\"":\\\""Authorization: Bearer eyJhbGciOiJSUzI1NiIsInR5cCI6IkpXVCJ9.eyJ1c2VyX25hbWUiOiJtb3VoZXItd2Vhci1wdXJjaGFzZSIsInNjb3BlIjpbIm9ubGluZS1tZXJjaGFudCJdLCJleHAiOjE3MzA1MjE1NTIsImlhdCI6MTczMDQ3ODM1MiwiYXV0aG9yaXRpZXMiOlsiUk9MRV9VU0VSIl0sImp0aSI6InduV1YzUUVyU3B6Mlc5NmxJTGxOV05kQTl3NCIsImNsaWVudF9pZCI6Im1vdWhlci13ZWFyIn0.N7vUCKzzi0neJTAlNiu-NdDNj1YE99sCSebtYNKO1s8Loqn6jLKHzYL7P7tf7Ig2AIpKTVk5xiK5QU0CEy7_Z5ab9PrpHf3W8gY0qDTVS_vcGwUfoSj4IVtg9Nz6vdIjHyQiGdD3ohmNVmdCMFjo05XNR5VxcovI7AIaVzDl0T9swevoA3mxwVOQ6Arh27iy0IqePye7UukcjDtysKjAPfaS1YBedIMlDD9It4X9m5FaC8cSOa324QVS7EfLFtvywDWBOC0ou9p7GvJ88dQRIIhyWIs34G29NvoI-UV2JKE21Ks0Mq-zLg4SxRQYdRPkV0OudZbXxZDZ9yvYKYMYLg\\\"",\\\""Content-Type\\\"":\\\""Content-Type: application\\\\\\\/json\\\"",\\\""user-agent\\\"":\\\""SnappPay, mouher-wear\\\""}}}\""}""",0,0,2024-11-01 19:50:12,2024-11-01 19:55:52
286,5215279261,website,266,,declined,5215279261,,,a67e08d4-be3c-4c97-bed7-3465eaeeb1b7,349,2,151,2,1480000,1480000,0,0,"""{\""gt\"":\""{\\\""status\\\"":\\\""error\\\"",\\\""successful\\\"":false,\\\""statusCode\\\"":400,\\\""message\\\"":\\\""\\\\u0648\\\\u0636\\\\u0639\\\\u06cc\\\\u062a \\\\u062a\\\\u0631\\\\u0627\\\\u06a9\\\\u0646\\\\u0634 \\\\u0628\\\\u0631\\\\u0627\\\\u06cc \\\\u0639\\\\u0645\\\\u0644\\\\u06cc\\\\u0627\\\\u062a \\\\u0645\\\\u0648\\\\u0631\\\\u062f\\\\u0646\\\\u0638\\\\u0631 \\\\u0646\\\\u0627\\\\u0645\\\\u0646\\\\u0627\\\\u0633\\\\u0628 \\\\u0627\\\\u0633\\\\u062a.\\\"",\\\""url\\\"":\\\""https:\\\\\\\/\\\\\\\/api.snapppay.ir\\\\\\\/api\\\\\\\/online\\\\\\\/payment\\\\\\\/v1\\\\\\\/verify\\\"",\\\""args\\\"":{\\\""method\\\"":\\\""POST\\\"",\\\""body\\\"":\\\""{\\\\\\\""paymentToken\\\\\\\"":\\\\\\\""a67e08d4-be3c-4c97-bed7-3465eaeeb1b7\\\\\\\""}\\\"",\\\""headers\\\"":{\\\""Authorization\\\"":\\\""Authorization: Bearer eyJhbGciOiJSUzI1NiIsInR5cCI6IkpXVCJ9.eyJ1c2VyX25hbWUiOiJtb3VoZXItd2Vhci1wdXJjaGFzZSIsInNjb3BlIjpbIm9ubGluZS1tZXJjaGFudCJdLCJleHAiOjE3MzA1OTIwOTgsImlhdCI6MTczMDU0ODg5OCwiYXV0aG9yaXRpZXMiOlsiUk9MRV9VU0VSIl0sImp0aSI6IlZfZ0dGb3Z0c1BhUlFyMVRjaTZabFgwdUZVUSIsImNsaWVudF9pZCI6Im1vdWhlci13ZWFyIn0.Ur6__X7RvSDRHIdqD43I-Xe5K0NtGOcpZgjXxntd5HmeErRvqfIXm6tu9nl7IxsMEfiA155_1NPbXyQkdlW5hYuErSYwBdHFeTPmNgY-Ani5h5dT1zYXNFiHY51KbPVygv89BjLOsDvgY2q1zkz6dmAJO5jR4C5YcApelAjDPbSLdqodqrxYQ3ZnD8vgYPt5AzOhBguvOUXx8zVZERwb3LgQZGs2ix8fyYweLU56T1xwnZqZ0FgguMnDSTINcXntUn9gvkSH0yDClYekDXlV6VgPgaFZPpMU2BhgwG6k8eCXdWe_4vzT5-ft6AtPuwwiEXlI5lHJpBtNwEDjkgT_Cg\\\"",\\\""Content-Type\\\"":\\\""Content-Type: application\\\\\\\/json\\\"",\\\""user-agent\\\"":\\\""SnappPay, mouher-wear\\\""}}}\""}""",0,0,2024-11-02 15:16:33,2024-11-02 15:31:38
287,2511216365,website,266,,completed,2511216365,"{""successful"":true,""response"":{""transactionId"":""2511216365""}}",,62a1d79a-b01a-4b93-872a-bf38abaa46c6,349,2,151,2,1480000,1480000,0,0,"""{\""successful\"":true,\""response\"":{\""transactionId\"":\""2511216365\""}}""",0,0,2024-11-02 15:37:32,2024-11-07 08:56:41
288,5685885089,website,267,,completed,96ed29b,{},,,351,1,152,1,2880000,2880000,0,0,"""{}""",0,0,2024-11-02 18:38:49,2024-11-07 08:56:35
289,4090011148,website,268,,pending,514a426,,,,353,2,153,1,4460000,4460000,0,0,,0,0,2024-11-03 14:18:33,2024-11-03 14:18:36
290,6434757590,website,260,,pending,6434757590,,,011b8d48-b299-44d6-ac99-dc3d176ee03f,341,1,144,2,6640000,6640000,0,0,,0,0,2024-11-04 12:40:53,2024-11-04 12:40:54
291,4727233479,website,253,,pending,4727233479,,,5e0bab77-97a8-4250-8352-1a8caa656221,331,2,138,2,1980000,1980000,0,0,,0,0,2024-11-04 16:25:58,2024-11-04 16:26:00
292,1658124963,website,253,,pending,1658124963,,,210bbf54-26d0-492f-b79b-05e56a6ac6ee,331,2,138,2,1980000,1980000,0,0,,0,0,2024-11-04 17:06:33,2024-11-04 17:06:34
293,6066210954,website,274,,completed,6066210954,"{""successful"":true,""response"":{""transactionId"":""6066210954""}}",,22df2992-2906-4c09-91d2-543504ec005a,359,2,154,2,1480000,1480000,0,0,"""{\""successful\"":true,\""response\"":{\""transactionId\"":\""6066210954\""}}""",0,0,2024-11-04 19:03:01,2024-11-07 08:56:20
294,8830047356,website,277,,completed,8830047356,"{""successful"":true,""response"":{""transactionId"":""8830047356""}}",,36b73236-e72d-41d1-80fc-976c1ce87375,363,1,155,2,1780000,1780000,0,0,"""{\""successful\"":true,\""response\"":{\""transactionId\"":\""8830047356\""}}""",0,0,2024-11-05 00:32:53,2024-11-07 08:56:08
295,5459884291,website,278,,pending,5459884291,,,52f0b4ff-16b9-429b-a3db-9b51791aa6b1,365,1,156,2,2280000,2280000,0,0,,0,0,2024-11-05 04:56:02,2024-11-05 04:56:04
296,8040989981,website,261,,declined,8040989981,,,18567ed9-650c-488d-9a65-bab0384eaff2,342,1,145,2,10300000,10300000,0,0,"""{\""gt\"":\""{\\\""status\\\"":\\\""error\\\"",\\\""successful\\\"":false,\\\""statusCode\\\"":400,\\\""message\\\"":\\\""\\\\u0648\\\\u0636\\\\u0639\\\\u06cc\\\\u062a \\\\u062a\\\\u0631\\\\u0627\\\\u06a9\\\\u0646\\\\u0634 \\\\u0628\\\\u0631\\\\u0627\\\\u06cc \\\\u0639\\\\u0645\\\\u0644\\\\u06cc\\\\u0627\\\\u062a \\\\u0645\\\\u0648\\\\u0631\\\\u062f\\\\u0646\\\\u0638\\\\u0631 \\\\u0646\\\\u0627\\\\u0645\\\\u0646\\\\u0627\\\\u0633\\\\u0628 \\\\u0627\\\\u0633\\\\u062a.\\\"",\\\""url\\\"":\\\""https:\\\\\\\/\\\\\\\/api.snapppay.ir\\\\\\\/api\\\\\\\/online\\\\\\\/payment\\\\\\\/v1\\\\\\\/verify\\\"",\\\""args\\\"":{\\\""method\\\"":\\\""POST\\\"",\\\""body\\\"":\\\""{\\\\\\\""paymentToken\\\\\\\"":\\\\\\\""18567ed9-650c-488d-9a65-bab0384eaff2\\\\\\\""}\\\"",\\\""headers\\\"":{\\\""Authorization\\\"":\\\""Authorization: Bearer eyJhbGciOiJSUzI1NiIsInR5cCI6IkpXVCJ9.eyJ1c2VyX25hbWUiOiJtb3VoZXItd2Vhci1wdXJjaGFzZSIsInNjb3BlIjpbIm9ubGluZS1tZXJjaGFudCJdLCJleHAiOjE3MzA4NDcxMjIsImlhdCI6MTczMDgwMzkyMiwiYXV0aG9yaXRpZXMiOlsiUk9MRV9VU0VSIl0sImp0aSI6IlY4bi0wWS1VTUhxcm5rVEpYRTZWdzRrTWViQSIsImNsaWVudF9pZCI6Im1vdWhlci13ZWFyIn0.R_TpXVKCmIAeQDCLj252TbfJgLVmj3OHoQyyTaAYs2duHb2WQ1WZUXVNK9Ldds_x96aTAdxlpbI9TBjh8hG2bC2Q89i9BiGlmJDRbUHY2rpIAPzHZgLsdD3hZjXZRrNRGrjvK8TXGVaZB3itbg5bVdfziGTAM4ady1Vr4JtJ85dqhl8eDLkHbLvyZ2kMQ497z1iVcH_IJHBcjLFa-Up2ca7MzR8EGp9yGGxEUDcSYaAncDhZ0AQ90wekeHTgZFfZz2Ai2Zhw1wwet8DV9z2n-pTGNwZTzZ-CrhhP_bBhOzN66Es8uU6d61yIuhtieaZN62JITv7CUl67qe9G6LB-dA\\\"",\\\""Content-Type\\\"":\\\""Content-Type: application\\\\\\\/json\\\"",\\\""user-agent\\\"":\\\""SnappPay, mouher-wear\\\""}}}\""}""",0,0,2024-11-05 14:20:16,2024-11-05 14:22:02
297,9901132677,website,282,,completed,026518d,{},,,369,2,158,1,2880000,2880000,0,0,"""{}""",0,0,2024-11-05 17:35:40,2024-11-07 08:55:55
298,6562903900,website,283,,declined,6562903900,,,41f8c30a-d6c1-4684-bfb9-a93c0ea64bdb,371,2,159,2,3460000,3460000,0,0,"""{\""gt\"":\""{\\\""status\\\"":\\\""error\\\"",\\\""successful\\\"":false,\\\""statusCode\\\"":400,\\\""message\\\"":\\\""\\\\u0648\\\\u0636\\\\u0639\\\\u06cc\\\\u062a \\\\u062a\\\\u0631\\\\u0627\\\\u06a9\\\\u0646\\\\u0634 \\\\u0628\\\\u0631\\\\u0627\\\\u06cc \\\\u0639\\\\u0645\\\\u0644\\\\u06cc\\\\u0627\\\\u062a \\\\u0645\\\\u0648\\\\u0631\\\\u062f\\\\u0646\\\\u0638\\\\u0631 \\\\u0646\\\\u0627\\\\u0645\\\\u0646\\\\u0627\\\\u0633\\\\u0628 \\\\u0627\\\\u0633\\\\u062a.\\\"",\\\""url\\\"":\\\""https:\\\\\\\/\\\\\\\/api.snapppay.ir\\\\\\\/api\\\\\\\/online\\\\\\\/payment\\\\\\\/v1\\\\\\\/verify\\\"",\\\""args\\\"":{\\\""method\\\"":\\\""POST\\\"",\\\""body\\\"":\\\""{\\\\\\\""paymentToken\\\\\\\"":\\\\\\\""41f8c30a-d6c1-4684-bfb9-a93c0ea64bdb\\\\\\\""}\\\"",\\\""headers\\\"":{\\\""Authorization\\\"":\\\""Authorization: Bearer eyJhbGciOiJSUzI1NiIsInR5cCI6IkpXVCJ9.eyJ1c2VyX25hbWUiOiJtb3VoZXItd2Vhci1wdXJjaGFzZSIsInNjb3BlIjpbIm9ubGluZS1tZXJjaGFudCJdLCJleHAiOjE3MzA5MTMzODUsImlhdCI6MTczMDg3MDE4NSwiYXV0aG9yaXRpZXMiOlsiUk9MRV9VU0VSIl0sImp0aSI6IlR2ZWttclh6YzkyVE5GT0Fha1YyV0VnY0NaQSIsImNsaWVudF9pZCI6Im1vdWhlci13ZWFyIn0.Tnw0VjtrRfQ_lZnWrSOeDd6Wg-JsDtFnL--p6o_aNnD9xN9RZXJ2DCWLpMIApdqac5Fxy1v0ck4uRoBemD0l7NHI-0f8veV0hPixDeXI_uiXHQ4DHfsPVgu1rxxa-doQR1dMsIrAqxIJireRSSnJBw8qA8YwligcTAAkRAW6LFIAq4_tF8aAA45f195-jJruJemz7jpo6Fsbq3lzYf3SprA9OV_ugUviLUyVMUUwsBHutJZxn33nm42Jp1jBfEuNtFntut5d8wP69bJGG0jr9CqJ4N_4xPyOY7H0T_qVx0_1PmO1fJAQA1RNtiX26glGdQRSxQ9hu3lwMvgQHB4u2A\\\"",\\\""Content-Type\\\"":\\\""Content-Type: application\\\\\\\/json\\\"",\\\""user-agent\\\"":\\\""SnappPay, mouher-wear\\\""}}}\""}""",0,0,2024-11-06 08:45:24,2024-11-06 08:46:25
299,9955636096,website,283,,pending,9955636096,,,33d12ff5-1425-42bf-8265-4444e794f20f,371,2,159,2,3460000,3460000,0,0,,0,0,2024-11-06 08:46:45,2024-11-06 08:46:47
300,8987835854,website,283,,pending,8987835854,,,1ebafa96-62f8-4644-96e1-33163f443591,371,2,159,2,3460000,3460000,0,0,,0,0,2024-11-06 08:47:45,2024-11-06 08:47:47
301,3883837535,website,283,,pending,3883837535,,,f8c4dccf-7da4-4f66-8dd9-bfb57ff783b3,371,2,159,2,3460000,3460000,0,0,,0,0,2024-11-06 08:54:15,2024-11-06 08:54:16
302,5833789864,website,283,,completed,5833789864,"{""successful"":true,""response"":{""transactionId"":""5833789864""}}",,fcfb4902-fddf-4c3a-80ab-eb237b85da29,371,2,159,2,3460000,3460000,0,0,"""{\""successful\"":true,\""response\"":{\""transactionId\"":\""5833789864\""}}""",0,0,2024-11-06 12:44:15,2024-11-07 08:55:34
303,2480321986,website,265,,declined,2480321986,,,74ec8fa0-3397-4149-a55b-19ef5c464074,348,1,150,2,2380000,2380000,0,0,"""{\""gt\"":\""{\\\""status\\\"":\\\""error\\\"",\\\""successful\\\"":false,\\\""statusCode\\\"":400,\\\""message\\\"":\\\""\\\\u0648\\\\u0636\\\\u0639\\\\u06cc\\\\u062a \\\\u062a\\\\u0631\\\\u0627\\\\u06a9\\\\u0646\\\\u0634 \\\\u0628\\\\u0631\\\\u0627\\\\u06cc \\\\u0639\\\\u0645\\\\u0644\\\\u06cc\\\\u0627\\\\u062a \\\\u0645\\\\u0648\\\\u0631\\\\u062f\\\\u0646\\\\u0638\\\\u0631 \\\\u0646\\\\u0627\\\\u0645\\\\u0646\\\\u0627\\\\u0633\\\\u0628 \\\\u0627\\\\u0633\\\\u062a.\\\"",\\\""url\\\"":\\\""https:\\\\\\\/\\\\\\\/api.snapppay.ir\\\\\\\/api\\\\\\\/online\\\\\\\/payment\\\\\\\/v1\\\\\\\/verify\\\"",\\\""args\\\"":{\\\""method\\\"":\\\""POST\\\"",\\\""body\\\"":\\\""{\\\\\\\""paymentToken\\\\\\\"":\\\\\\\""74ec8fa0-3397-4149-a55b-19ef5c464074\\\\\\\""}\\\"",\\\""headers\\\"":{\\\""Authorization\\\"":\\\""Authorization: Bearer eyJhbGciOiJSUzI1NiIsInR5cCI6IkpXVCJ9.eyJ1c2VyX25hbWUiOiJtb3VoZXItd2Vhci1wdXJjaGFzZSIsInNjb3BlIjpbIm9ubGluZS1tZXJjaGFudCJdLCJleHAiOjE3MzA5MzU0MTUsImlhdCI6MTczMDg5MjIxNSwiYXV0aG9yaXRpZXMiOlsiUk9MRV9VU0VSIl0sImp0aSI6Ik5ndF85N19IallkWEZDcHFqQ0U5TXJ6NnNPVSIsImNsaWVudF9pZCI6Im1vdWhlci13ZWFyIn0.hvbf2zsSI_V9q4DSmNmnglRxs8S49fPh9agerl-HlA16lrVk0Dw19hWG_ZEcm01jAquqo1YzgoODTVfN2MM6SaXijyv1kPMJGz8zTSj2uO9G1flP4EtkKQzVo14cBnOZDTI8MKrjNZL22OIQnx4lNv4Rl6Envdl8hMFgbMi-XDTBoUsSW46wlJPHzlzy_pxKqQ6J2iRIDvj3z5z6krJZmCaIM8hCZj9NQblfu7EGG2mzYe7-a1MvR4kiU1xPwLWL4xAAts81ZPqDZyNGKzO-ulUXs6IbVoxBjXbFeOf4Pt-dDLrgKEGrK5Pgm9ISZPU-Hv2krBS_4YlPeyOfKiTFSw\\\"",\\\""Content-Type\\\"":\\\""Content-Type: application\\\\\\\/json\\\"",\\\""user-agent\\\"":\\\""SnappPay, mouher-wear\\\""}}}\""}""",0,0,2024-11-06 14:52:48,2024-11-06 14:53:35
304,4207008552,website,284,,declined,517f223,,,,373,2,160,1,2280000,2280000,0,0,"""\u062a\u0631\u0627\u0643\u0646\u0634 \u062a\u0648\u0633\u0637 \u0634\u0645\u0627 \u0644\u063a\u0648 \u0634\u062f""",0,0,2024-11-06 15:57:56,2024-11-06 16:02:22
305,8062853120,website,284,,pending,1825f7f,,,,373,2,160,1,2280000,2280000,0,0,,0,0,2024-11-06 16:03:23,2024-11-06 16:03:23
306,8697436527,website,284,,completed,823e463,{},,,373,2,160,1,2280000,2280000,0,0,"""{}""",0,0,2024-11-06 16:04:27,2024-11-11 18:21:38
307,6961486763,website,271,,declined,6961486763,,,ebb10ed9-bdd5-462e-b6f0-ffd66b5c7785,356,1,161,2,3960000,3960000,0,0,"""{\""gt\"":\""{\\\""status\\\"":\\\""error\\\"",\\\""successful\\\"":false,\\\""statusCode\\\"":200,\\\""message\\\"":\\\""\\\\u062b\\\\u0628\\\\u062a \\\\u062f\\\\u0631\\\\u062e\\\\u0648\\\\u0627\\\\u0633\\\\u062a \\\\u062c\\\\u062f\\\\u06cc\\\\u062f \\\\u0645\\\\u0645\\\\u06a9\\\\u0646 \\\\u0646\\\\u06cc\\\\u0633\\\\u062a. \\\\u0644\\\\u0637\\\\u0641\\\\u0627\\\\u064b \\\\u0686\\\\u0646\\\\u062f \\\\u0644\\\\u062d\\\\u0638\\\\u0647\\\\u0654 \\\\u062f\\\\u06cc\\\\u06af\\\\u0631 \\\\u062f\\\\u0648\\\\u0628\\\\u0627\\\\u0631\\\\u0647 \\\\u062a\\\\u0644\\\\u0627\\\\u0634 \\\\u06a9\\\\u0646\\\\u06cc\\\\u062f.\\\"",\\\""url\\\"":\\\""https:\\\\\\\/\\\\\\\/api.snapppay.ir\\\\\\\/api\\\\\\\/online\\\\\\\/payment\\\\\\\/v1\\\\\\\/verify\\\"",\\\""args\\\"":{\\\""method\\\"":\\\""POST\\\"",\\\""body\\\"":\\\""{\\\\\\\""paymentToken\\\\\\\"":\\\\\\\""ebb10ed9-bdd5-462e-b6f0-ffd66b5c7785\\\\\\\""}\\\"",\\\""headers\\\"":{\\\""Authorization\\\"":\\\""Authorization: Bearer eyJhbGciOiJSUzI1NiIsInR5cCI6IkpXVCJ9.eyJ1c2VyX25hbWUiOiJtb3VoZXItd2Vhci1wdXJjaGFzZSIsInNjb3BlIjpbIm9ubGluZS1tZXJjaGFudCJdLCJleHAiOjE3MzA5NDM4MDUsImlhdCI6MTczMDkwMDYwNSwiYXV0aG9yaXRpZXMiOlsiUk9MRV9VU0VSIl0sImp0aSI6Ilk0TnROZXlWZnBlUFdUNzRkWlN0VWR3eWRIYyIsImNsaWVudF9pZCI6Im1vdWhlci13ZWFyIn0.fJoGkwPv1NveoijDA15bjZHq5X8lDB_4QwOvwSH-g10Rl6Y8nE8nsqBpkxpqWSPYy61aXk-JYZl_RFvtoroSM5iwYVgBjUEP9VwMRs_kcc6nUNWAq2ZAzXRrdUTiSfu-O3aaOVAbvueXqVGSKbo5EWohlDbJlS_7jUTXgUGr01eeuy_XvtbceCi1q2TJd1CWW0iXyPbr2_cv3ef3D1CrA34wxwUpaqRXsThcEtDv7zspcABoZ1bnR2f1WbLN1L6CUUGiPlfNuL2O1ggQOErwtGbTp0YONSnxU4sltM0zolcoNoqKn94LsGO291gc49RNEr99UMN-MKHgHSSw8Mf-Uw\\\"",\\\""Content-Type\\\"":\\\""Content-Type: application\\\\\\\/json\\\"",\\\""user-agent\\\"":\\\""SnappPay, mouher-wear\\\""}}}\""}""",0,0,2024-11-06 17:12:06,2024-11-06 17:13:25
308,9421291458,website,271,,declined,9421291458,,,b49ae915-1675-436c-8ca9-f67ec3d62882,356,1,161,2,3960000,3960000,0,0,"""{\""gt\"":\""{\\\""status\\\"":\\\""error\\\"",\\\""successful\\\"":false,\\\""statusCode\\\"":400,\\\""message\\\"":\\\""\\\\u0648\\\\u0636\\\\u0639\\\\u06cc\\\\u062a \\\\u062a\\\\u0631\\\\u0627\\\\u06a9\\\\u0646\\\\u0634 \\\\u0628\\\\u0631\\\\u0627\\\\u06cc \\\\u0639\\\\u0645\\\\u0644\\\\u06cc\\\\u0627\\\\u062a \\\\u0645\\\\u0648\\\\u0631\\\\u062f\\\\u0646\\\\u0638\\\\u0631 \\\\u0646\\\\u0627\\\\u0645\\\\u0646\\\\u0627\\\\u0633\\\\u0628 \\\\u0627\\\\u0633\\\\u062a.\\\"",\\\""url\\\"":\\\""https:\\\\\\\/\\\\\\\/api.snapppay.ir\\\\\\\/api\\\\\\\/online\\\\\\\/payment\\\\\\\/v1\\\\\\\/verify\\\"",\\\""args\\\"":{\\\""method\\\"":\\\""POST\\\"",\\\""body\\\"":\\\""{\\\\\\\""paymentToken\\\\\\\"":\\\\\\\""b49ae915-1675-436c-8ca9-f67ec3d62882\\\\\\\""}\\\"",\\\""headers\\\"":{\\\""Authorization\\\"":\\\""Authorization: Bearer eyJhbGciOiJSUzI1NiIsInR5cCI6IkpXVCJ9.eyJ1c2VyX25hbWUiOiJtb3VoZXItd2Vhci1wdXJjaGFzZSIsInNjb3BlIjpbIm9ubGluZS1tZXJjaGFudCJdLCJleHAiOjE3MzA5NDM4NzAsImlhdCI6MTczMDkwMDY3MCwiYXV0aG9yaXRpZXMiOlsiUk9MRV9VU0VSIl0sImp0aSI6Ilo1V1JKU0FaTDRORGtiM09iZVdPQ1lWRTZHZyIsImNsaWVudF9pZCI6Im1vdWhlci13ZWFyIn0.TXFD5nQ-Xdq0v2IrIdpbD1qh71pZ6PfVbNuSdC0haH1dgySPOIyQkkpo7vMrL1u23C78zaKwDU41cgfCiV1LNUsPOVFwQ13SNGQrLpQIcpWfR-0ICJjivTnks46G8dnfguYhWzKGk6ULR0gXLPSe0pwKqiAdBU_okG2MT_XkCWbpbWLDcsocRVcc1ADNFjJiHpjtov0Rj5sAFt5YganYcH7Xl88D4mHaSTXTlQrsYpTgGYvUWOHgZwTFpC7NK6pxHuIZfMdzU23KZM04FPRmBLJ6H0kP7_L6svXojXvcGBENhPeyUOBE8z2EAjPHo7NHbNbFVx498f3ULL--umwPsA\\\"",\\\""Content-Type\\\"":\\\""Content-Type: application\\\\\\\/json\\\"",\\\""user-agent\\\"":\\\""SnappPay, mouher-wear\\\""}}}\""}""",0,0,2024-11-06 17:14:04,2024-11-06 17:14:31
309,7526658981,website,271,,pending,7526658981,,,984938f8-58af-4051-80e1-63563647e4e9,356,2,161,2,3960000,3960000,0,0,,0,0,2024-11-06 17:14:50,2024-11-06 17:14:51
310,4639149630,website,271,,completed,4639149630,"{""successful"":true,""response"":{""transactionId"":""4639149630""}}",,a19fbe73-f3db-4f60-a913-1c74dbb8664b,356,1,161,2,3960000,3960000,0,0,"""{\""successful\"":true,\""response\"":{\""transactionId\"":\""4639149630\""}}""",0,0,2024-11-06 18:22:28,2024-11-10 10:32:56
311,5275549203,website,243,,completed,5275549203,"{""successful"":true,""response"":{""transactionId"":""5275549203""}}",,498ce89e-8dd5-4139-9acd-9fafda92c218,318,2,162,2,9220000,9220000,0,0,"""{\""successful\"":true,\""response\"":{\""transactionId\"":\""5275549203\""}}""",0,0,2024-11-07 13:31:28,2024-11-11 12:38:22
312,8532051931,website,200,,completed,8532051931,"{""successful"":true,""response"":{""transactionId"":""8532051931""}}",,6b4b56e3-21d0-4600-b659-9099380f0c50,260,2,163,2,1980000,1980000,0,0,"""{\""successful\"":true,\""response\"":{\""transactionId\"":\""8532051931\""}}""",0,0,2024-11-07 14:50:08,2024-11-08 23:14:54
313,3185679254,website,288,,pending,3185679254,,,7bdc63f3-e0a6-4431-b89c-8278a605d534,379,1,164,2,1980000,1980000,0,0,,0,0,2024-11-08 15:57:40,2024-11-08 15:57:41
314,3434182912,website,288,,declined,3434182912,,,287ed760-a1cd-4a5c-bcba-ccf591adcd05,379,1,165,2,1980000,1980000,0,0,"""{\""gt\"":\""{\\\""status\\\"":\\\""error\\\"",\\\""successful\\\"":false,\\\""statusCode\\\"":400,\\\""message\\\"":\\\""\\\\u0648\\\\u0636\\\\u0639\\\\u06cc\\\\u062a \\\\u062a\\\\u0631\\\\u0627\\\\u06a9\\\\u0646\\\\u0634 \\\\u0628\\\\u0631\\\\u0627\\\\u06cc \\\\u0639\\\\u0645\\\\u0644\\\\u06cc\\\\u0627\\\\u062a \\\\u0645\\\\u0648\\\\u0631\\\\u062f\\\\u0646\\\\u0638\\\\u0631 \\\\u0646\\\\u0627\\\\u0645\\\\u0646\\\\u0627\\\\u0633\\\\u0628 \\\\u0627\\\\u0633\\\\u062a.\\\"",\\\""url\\\"":\\\""https:\\\\\\\/\\\\\\\/api.snapppay.ir\\\\\\\/api\\\\\\\/online\\\\\\\/payment\\\\\\\/v1\\\\\\\/verify\\\"",\\\""args\\\"":{\\\""method\\\"":\\\""POST\\\"",\\\""body\\\"":\\\""{\\\\\\\""paymentToken\\\\\\\"":\\\\\\\""287ed760-a1cd-4a5c-bcba-ccf591adcd05\\\\\\\""}\\\"",\\\""headers\\\"":{\\\""Authorization\\\"":\\\""Authorization: Bearer eyJhbGciOiJSUzI1NiIsInR5cCI6IkpXVCJ9.eyJ1c2VyX25hbWUiOiJtb3VoZXItd2Vhci1wdXJjaGFzZSIsInNjb3BlIjpbIm9ubGluZS1tZXJjaGFudCJdLCJleHAiOjE3MzExMTIzMDEsImlhdCI6MTczMTA2OTEwMSwiYXV0aG9yaXRpZXMiOlsiUk9MRV9VU0VSIl0sImp0aSI6IlhrbjhrR2J1azlVTTZIR2NPNnVweUtLVVpMUSIsImNsaWVudF9pZCI6Im1vdWhlci13ZWFyIn0.fAkEHO3t2r8WQ-VcQIB6Xb_anAMf2dYnjdiPnEIi5WDCK8GYSGLKkjo6FJctM7PrJGCw1u_z3vTP9NITb1WJ_y6435keZjUvQY6lVuy6s0fCmcrwNDmEJIfH5dyN9dwF_Yk0yKTyGp888QaG4P5gRpZz3y_Yn9PLsxLdE9evPDYXeRdL5zFKRcYY0ckq1hvsN0yxej5D1DlxmFTAcTJlrkhJY3F83YVh31mxaWlo1z4L6EfNJBopgoRYAW26OudmNCnx3fk2n1lL9AI1O9sNgCWPWJqU654lYlrZbE1V01DMITcdJWXa4twKErjRniD8rHN4Q-BZAnm01TdvDMUjqg\\\"",\\\""Content-Type\\\"":\\\""Content-Type: application\\\\\\\/json\\\"",\\\""user-agent\\\"":\\\""SnappPay, mouher-wear\\\""}}}\""}""",0,0,2024-11-08 15:59:31,2024-11-08 16:01:41
315,5729031807,website,288,,completed,5729031807,"{""successful"":true,""response"":{""transactionId"":""5729031807""}}",,155bb080-fac8-423b-82e1-8d7fa512ba0a,379,1,165,2,1980000,1980000,0,0,"""{\""successful\"":true,\""response\"":{\""transactionId\"":\""5729031807\""}}""",0,0,2024-11-08 16:02:08,2024-11-10 10:25:33
316,6236865666,website,289,,declined,6236865666,,,39d44b92-457f-4bb6-85f5-49b3387778e8,381,1,166,2,2880000,2880000,0,0,"""{\""gt\"":\""{\\\""status\\\"":\\\""error\\\"",\\\""successful\\\"":false,\\\""statusCode\\\"":400,\\\""message\\\"":\\\""\\\\u0648\\\\u0636\\\\u0639\\\\u06cc\\\\u062a \\\\u062a\\\\u0631\\\\u0627\\\\u06a9\\\\u0646\\\\u0634 \\\\u0628\\\\u0631\\\\u0627\\\\u06cc \\\\u0639\\\\u0645\\\\u0644\\\\u06cc\\\\u0627\\\\u062a \\\\u0645\\\\u0648\\\\u0631\\\\u062f\\\\u0646\\\\u0638\\\\u0631 \\\\u0646\\\\u0627\\\\u0645\\\\u0646\\\\u0627\\\\u0633\\\\u0628 \\\\u0627\\\\u0633\\\\u062a.\\\"",\\\""url\\\"":\\\""https:\\\\\\\/\\\\\\\/api.snapppay.ir\\\\\\\/api\\\\\\\/online\\\\\\\/payment\\\\\\\/v1\\\\\\\/verify\\\"",\\\""args\\\"":{\\\""method\\\"":\\\""POST\\\"",\\\""body\\\"":\\\""{\\\\\\\""paymentToken\\\\\\\"":\\\\\\\""39d44b92-457f-4bb6-85f5-49b3387778e8\\\\\\\""}\\\"",\\\""headers\\\"":{\\\""Authorization\\\"":\\\""Authorization: Bearer eyJhbGciOiJSUzI1NiIsInR5cCI6IkpXVCJ9.eyJ1c2VyX25hbWUiOiJtb3VoZXItd2Vhci1wdXJjaGFzZSIsInNjb3BlIjpbIm9ubGluZS1tZXJjaGFudCJdLCJleHAiOjE3MzExMjYwMjUsImlhdCI6MTczMTA4MjgyNSwiYXV0aG9yaXRpZXMiOlsiUk9MRV9VU0VSIl0sImp0aSI6IjdwcjhqeTBNcmZEMWxBV2FSNll6MXQ4cjVENCIsImNsaWVudF9pZCI6Im1vdWhlci13ZWFyIn0.BwsIrN9uGhTztKiqaMf9JNYDuCFSWwtcwu7t6HWirljdik1lll8JMGGhhHDTF1Yh4EMf4CrOKyda4HkwKbS_oxvNpReO1IidedYM_Ad8TlGJ2qOCHFL-ULbTOczAyNOGqi1Uk-cSy_rCzyd6SI-1MkvkJtLAtwfBD_6S0kwg86WL745j8ASwPqoWjof6RgSsdspuHeuOxVupcRgAksqGHPtQDZPUbIm3sD8ISPd0DcLXZzLzTx5JxZw0fMAmrPxg_B8NhlR1Pvf7TaM1nnfeNZLYN8-9qUXSqoUh3f_X7SMhZnSIMp94x3cybFB-WKVl4KYHzGtH6bR8UoLu4osSaQ\\\"",\\\""Content-Type\\\"":\\\""Content-Type: application\\\\\\\/json\\\"",\\\""user-agent\\\"":\\\""SnappPay, mouher-wear\\\""}}}\""}""",0,0,2024-11-08 19:44:15,2024-11-08 19:50:25
317,1512735195,website,295,,pending,1512735195,,,89e8d2ab-5838-465e-95d6-0b63409a19c0,386,2,167,2,6340000,6340000,0,0,,0,0,2024-11-12 13:41:25,2024-11-12 13:41:26
318,2420940320,website,295,,completed,2420940320,"{""successful"":true,""response"":{""transactionId"":""2420940320""}}",,0f12a177-729b-4444-bd8f-eac84de2ac65,386,2,167,2,4860000,4860000,0,0,"""{\""successful\"":true,\""response\"":{\""transactionId\"":\""2420940320\""}}""",0,0,2024-11-12 13:50:11,2024-11-14 12:25:16
319,7042924486,website,296,,completed,7042924486,"{""successful"":true,""response"":{""transactionId"":""7042924486""}}",,c1b4d6e8-84e9-41e6-b5f4-c8531b032281,388,1,168,2,1980000,1980000,0,0,"""{\""successful\"":true,\""response\"":{\""transactionId\"":\""7042924486\""}}""",0,0,2024-11-12 19:14:28,2024-11-14 12:25:11
320,1893832706,website,290,,pending,1893832706,,,f5d54fc9-f38e-4a7d-bc43-5f13d60cc879,382,2,169,2,1880000,1880000,0,0,,0,0,2024-11-13 00:06:37,2024-11-13 00:06:38
321,3944154709,website,297,,declined,3944154709,,,577552b3-d735-4973-802c-7d3a1f8fff05,390,1,170,2,2380000,2380000,0,0,"""{\""gt\"":\""{\\\""status\\\"":\\\""error\\\"",\\\""successful\\\"":false,\\\""statusCode\\\"":400,\\\""message\\\"":\\\""\\\\u0648\\\\u0636\\\\u0639\\\\u06cc\\\\u062a \\\\u062a\\\\u0631\\\\u0627\\\\u06a9\\\\u0646\\\\u0634 \\\\u0628\\\\u0631\\\\u0627\\\\u06cc \\\\u0639\\\\u0645\\\\u0644\\\\u06cc\\\\u0627\\\\u062a \\\\u0645\\\\u0648\\\\u0631\\\\u062f\\\\u0646\\\\u0638\\\\u0631 \\\\u0646\\\\u0627\\\\u0645\\\\u0646\\\\u0627\\\\u0633\\\\u0628 \\\\u0627\\\\u0633\\\\u062a.\\\"",\\\""url\\\"":\\\""https:\\\\\\\/\\\\\\\/api.snapppay.ir\\\\\\\/api\\\\\\\/online\\\\\\\/payment\\\\\\\/v1\\\\\\\/verify\\\"",\\\""args\\\"":{\\\""method\\\"":\\\""POST\\\"",\\\""body\\\"":\\\""{\\\\\\\""paymentToken\\\\\\\"":\\\\\\\""577552b3-d735-4973-802c-7d3a1f8fff05\\\\\\\""}\\\"",\\\""headers\\\"":{\\\""Authorization\\\"":\\\""Authorization: Bearer eyJhbGciOiJSUzI1NiIsInR5cCI6IkpXVCJ9.eyJ1c2VyX25hbWUiOiJtb3VoZXItd2Vhci1wdXJjaGFzZSIsInNjb3BlIjpbIm9ubGluZS1tZXJjaGFudCJdLCJleHAiOjE3MzE1MzU2ODQsImlhdCI6MTczMTQ5MjQ4NCwiYXV0aG9yaXRpZXMiOlsiUk9MRV9VU0VSIl0sImp0aSI6ImU5c1hudGRvVzFsT181WVJodmc4WGdrMkhiTSIsImNsaWVudF9pZCI6Im1vdWhlci13ZWFyIn0.jrTgfHUA78VxVKTHRZE8RoHXElJ7ju-3qwCgv1NiWOCLlQbBdtLrM87d9MPuZfkDKAht7JObB0UC69WnaEenchnCe-rQgRbpgXunV26HQV06ZuGHXyo54DSp0Xx_-v_meNYxZO36C2CDLuRFY8KefSobHM3SumVfJAQ-B9vjrPzwvAHa5h1UPun-p9TmoUhtXbwJxJfZeYEaXjJTNtU8OHTu09Miw7ucCLASP-ZUR1R2KGQjJ-Xlju622x0y50qmFhfC3kH102Wu1PnHPsNWltN1xN87gODOMJs5005PSMPx6Mp24yMspUdxxpvi9CQUHGkPPnr-HvY2CJ4dkCKkbA\\\"",\\\""Content-Type\\\"":\\\""Content-Type: application\\\\\\\/json\\\"",\\\""user-agent\\\"":\\\""SnappPay, mouher-wear\\\""}}}\""}""",0,0,2024-11-13 13:37:32,2024-11-13 13:38:04
322,7627654760,website,260,,declined,7627654760,,,30d56709-dbf5-432e-a659-cc6fe812ddd5,341,1,144,2,2280000,2280000,0,0,"""{\""gt\"":\""{\\\""status\\\"":\\\""error\\\"",\\\""successful\\\"":false,\\\""statusCode\\\"":400,\\\""message\\\"":\\\""\\\\u0648\\\\u0636\\\\u0639\\\\u06cc\\\\u062a \\\\u062a\\\\u0631\\\\u0627\\\\u06a9\\\\u0646\\\\u0634 \\\\u0628\\\\u0631\\\\u0627\\\\u06cc \\\\u0639\\\\u0645\\\\u0644\\\\u06cc\\\\u0627\\\\u062a \\\\u0645\\\\u0648\\\\u0631\\\\u062f\\\\u0646\\\\u0638\\\\u0631 \\\\u0646\\\\u0627\\\\u0645\\\\u0646\\\\u0627\\\\u0633\\\\u0628 \\\\u0627\\\\u0633\\\\u062a.\\\"",\\\""url\\\"":\\\""https:\\\\\\\/\\\\\\\/api.snapppay.ir\\\\\\\/api\\\\\\\/online\\\\\\\/payment\\\\\\\/v1\\\\\\\/verify\\\"",\\\""args\\\"":{\\\""method\\\"":\\\""POST\\\"",\\\""body\\\"":\\\""{\\\\\\\""paymentToken\\\\\\\"":\\\\\\\""30d56709-dbf5-432e-a659-cc6fe812ddd5\\\\\\\""}\\\"",\\\""headers\\\"":{\\\""Authorization\\\"":\\\""Authorization: Bearer eyJhbGciOiJSUzI1NiIsInR5cCI6IkpXVCJ9.eyJ1c2VyX25hbWUiOiJtb3VoZXItd2Vhci1wdXJjaGFzZSIsInNjb3BlIjpbIm9ubGluZS1tZXJjaGFudCJdLCJleHAiOjE3MzE2NjgxMTMsImlhdCI6MTczMTYyNDkxMywiYXV0aG9yaXRpZXMiOlsiUk9MRV9VU0VSIl0sImp0aSI6InZzZ1lkNnB4NmNvcXpNV3NhOGRzdVJkWWtWTSIsImNsaWVudF9pZCI6Im1vdWhlci13ZWFyIn0.dhcznufN6PKpsFpsUYUr-MMHjjgy33su4BOSCwyDpywgwkRhpQvSfdUG4AV9wF_oQS6JlukX1SSSDl3p5NPNyRwVc6L62lYr12gjITZu1vX-rrJQchD00LKqL3UPDYejnOvdcA0bBd0ucmudTGUKo2f-2gNZdJSjLjr9UEzGCx5OKmL96JcQGKrw4dTxfaD-EygJREAqBy0s9x19p-aAk290O4h3iLNVG2o-mJEOoCkBzhmt8MarYy7wOmpk-jpuL_dSeI966ZLcj_QOBalU5Z0VpOjuChxTHbPBdIWY8IeiOC1QwPQMQNbjCedicIJi8yt9m-b75572wi4QSSc5lw\\\"",\\\""Content-Type\\\"":\\\""Content-Type: application\\\\\\\/json\\\"",\\\""user-agent\\\"":\\\""SnappPay, mouher-wear\\\""}}}\""}""",0,0,2024-11-15 02:22:53,2024-11-15 02:25:13
323,6640664828,website,260,,pending,4fbe6ab,,,,341,1,144,1,2280000,2280000,0,0,,0,0,2024-11-15 02:25:50,2024-11-15 02:25:52
324,4269841017,website,260,,pending,11fbef6,,,,341,1,144,1,2280000,2280000,0,0,,0,0,2024-11-15 17:16:55,2024-11-15 17:16:56
325,1263671535,website,260,,pending,7ba17c4,,,,341,1,144,1,2280000,2280000,0,0,,0,0,2024-11-15 17:17:47,2024-11-15 17:17:48
326,5605185814,website,260,,completed,8821b8f,{},,,341,1,144,1,2280000,2280000,0,0,"""{}""",0,0,2024-11-15 17:18:42,2024-11-19 12:30:54
327,9107651663,website,301,,pending,9107651663,,,9d2e26ad-9816-4229-b9a4-9534cbe4b4ed,395,2,171,2,2880000,2880000,0,0,,0,0,2024-11-15 18:50:36,2024-11-15 18:50:38
328,2632387454,website,301,,completed,2632387454,"{""successful"":true,""response"":{""transactionId"":""2632387454""}}",,8763d9dd-976d-4e0c-8e16-2c9ed9862895,395,2,171,2,2880000,2880000,0,0,"""{\""successful\"":true,\""response\"":{\""transactionId\"":\""2632387454\""}}""",0,0,2024-11-15 18:51:42,2024-11-16 19:22:23
329,6492716737,website,300,,completed,6492716737,"{""successful"":true,""response"":{""transactionId"":""6492716737""}}",,e5017c22-38e7-4389-be5b-c7065935f56e,393,2,172,2,1480000,1480000,0,0,"""{\""successful\"":true,\""response\"":{\""transactionId\"":\""6492716737\""}}""",0,0,2024-11-16 17:43:01,2024-11-16 19:20:06
330,5063703772,website,163,,declined,5063703772,,,4e8a00b6-e704-4697-a911-b53a15702a8f,216,2,91,2,1980000,1980000,0,0,"""{\""gt\"":\""{\\\""status\\\"":\\\""error\\\"",\\\""successful\\\"":false,\\\""statusCode\\\"":400,\\\""message\\\"":\\\""\\\\u0648\\\\u0636\\\\u0639\\\\u06cc\\\\u062a \\\\u062a\\\\u0631\\\\u0627\\\\u06a9\\\\u0646\\\\u0634 \\\\u0628\\\\u0631\\\\u0627\\\\u06cc \\\\u0639\\\\u0645\\\\u0644\\\\u06cc\\\\u0627\\\\u062a \\\\u0645\\\\u0648\\\\u0631\\\\u062f\\\\u0646\\\\u0638\\\\u0631 \\\\u0646\\\\u0627\\\\u0645\\\\u0646\\\\u0627\\\\u0633\\\\u0628 \\\\u0627\\\\u0633\\\\u062a.\\\"",\\\""url\\\"":\\\""https:\\\\\\\/\\\\\\\/api.snapppay.ir\\\\\\\/api\\\\\\\/online\\\\\\\/payment\\\\\\\/v1\\\\\\\/verify\\\"",\\\""args\\\"":{\\\""method\\\"":\\\""POST\\\"",\\\""body\\\"":\\\""{\\\\\\\""paymentToken\\\\\\\"":\\\\\\\""4e8a00b6-e704-4697-a911-b53a15702a8f\\\\\\\""}\\\"",\\\""headers\\\"":{\\\""Authorization\\\"":\\\""Authorization: Bearer eyJhbGciOiJSUzI1NiIsInR5cCI6IkpXVCJ9.eyJ1c2VyX25hbWUiOiJtb3VoZXItd2Vhci1wdXJjaGFzZSIsInNjb3BlIjpbIm9ubGluZS1tZXJjaGFudCJdLCJleHAiOjE3MzE5MTEwNjEsImlhdCI6MTczMTg2Nzg2MSwiYXV0aG9yaXRpZXMiOlsiUk9MRV9VU0VSIl0sImp0aSI6Ijkyb3YwTTBmb2JyWnNIZUVQd0ZFdHd3MEh6ZyIsImNsaWVudF9pZCI6Im1vdWhlci13ZWFyIn0.HY7ej7xX-Ku-_LyCObmWvQMioYw3PE4o1f8W2s-OtNFRmec6pCO4-Krml2GwGUREJmmnuczsL6O_QfrTOjZ60IW41z0SXTgLdZk53oW9FootLHhTBlolMghNgg3A6WxCxHMcAobdobJfvqNXLM9Dudd5FufRbrO5yzwPmmZ5j705CHESdgdTrfw9izEK5NgGSlIAAP_Zpk0QIGRJKUp9MMMQf0euPfW2jiYXkb2elGo7MbphIBxNpRnuK4B7Abv527ULjSw4SwdaDEkXbTeVqzdOfv1VejaQac5NgnztI4cVX4qeli5QZYjMtdSQKhz0Fquq-Mw28G9P4qV5aQZxIQ\\\"",\\\""Content-Type\\\"":\\\""Content-Type: application\\\\\\\/json\\\"",\\\""user-agent\\\"":\\\""SnappPay, mouher-wear\\\""}}}\""}""",0,0,2024-11-17 21:52:49,2024-11-17 21:54:21
331,4112808700,website,272,,pending,4112808700,,,fac5ce43-d37e-4a97-a4cf-28ed15af72a7,357,2,173,2,2380000,2380000,0,0,,0,0,2024-11-18 22:00:18,2024-11-18 22:00:19
332,7952568483,website,306,,completed,7952568483,"{""successful"":true,""response"":{""transactionId"":""7952568483""}}",,2ede8696-3fcf-4a8b-81bd-718bb6e6510e,402,2,174,2,2480000,2480000,0,0,"""{\""successful\"":true,\""response\"":{\""transactionId\"":\""7952568483\""}}""",0,0,2024-11-18 23:19:50,2024-11-26 12:00:16
333,5246790415,website,308,,pending,5246790415,,,7e10eae7-bf6b-4555-96a0-20e0339a5db7,405,1,175,2,3460000,3460000,0,0,,0,0,2024-11-19 09:23:47,2024-11-19 09:23:48
334,1906752261,website,119,,completed,2dbac84,{},,,162,2,67,1,2880000,2880000,0,0,"""{}""",0,0,2024-11-19 13:48:37,2024-11-19 22:24:13
335,4734933196,website,119,,completed,75e7947,{},,,407,2,67,1,1980000,1980000,0,0,"""{}""",0,0,2024-11-19 14:36:53,2024-11-19 22:23:58
336,5599657083,website,211,,pending,5599657083,,,f5889dcf-2874-45e0-8a09-293185b68b7d,277,1,176,2,1480000,1480000,0,0,,0,0,2024-11-19 23:42:58,2024-11-19 23:43:00
337,4485379659,website,211,,pending,a50dfb8,,,,277,1,176,1,1480000,1480000,0,0,,0,0,2024-11-19 23:54:03,2024-11-19 23:54:04
338,2525970483,website,166,,completed,2525970483,"{""successful"":true,""response"":{""transactionId"":""2525970483""}}",,e472274b-64fd-48b7-9112-ff5c55941dcc,273,2,113,2,2480000,2480000,0,0,"""{\""successful\"":true,\""response\"":{\""transactionId\"":\""2525970483\""}}""",0,0,2024-11-20 09:38:02,2024-11-26 12:00:29
339,4175827945,website,233,,completed,14bd1b5,{},,,306,1,177,1,2880000,2880000,0,0,"""{}""",0,0,2024-11-20 20:52:20,2024-11-24 12:16:00
340,1596665634,website,310,,pending,1596665634,,,86e9754b-508f-477a-b13d-4e34928022ff,411,1,178,2,2880000,2880000,0,0,,0,0,2024-11-21 09:16:27,2024-11-21 09:16:28
341,2780120829,website,310,,completed,2780120829,"{""successful"":true,""response"":{""transactionId"":""2780120829""}}",,1156ab0f-1c47-4c37-b511-57e03d2452f4,411,1,178,2,2880000,2880000,0,0,"""{\""successful\"":true,\""response\"":{\""transactionId\"":\""2780120829\""}}""",0,0,2024-11-21 09:31:34,2024-11-24 12:18:18
342,1699391401,website,110,,pending,1699391401,,,ac1e2aec-94ed-482d-86d4-a9104a92d20e,151,1,63,2,4760000,4760000,0,0,,0,0,2024-11-21 17:51:07,2024-11-21 17:51:08
343,8915166996,website,261,,declined,8915166996,,,1f8c273a-a7e9-4cd8-801b-372bda981b85,342,1,145,2,17340000,17340000,0,0,"""{\""gt\"":\""{\\\""status\\\"":\\\""error\\\"",\\\""successful\\\"":false,\\\""statusCode\\\"":400,\\\""message\\\"":\\\""\\\\u0648\\\\u0636\\\\u0639\\\\u06cc\\\\u062a \\\\u062a\\\\u0631\\\\u0627\\\\u06a9\\\\u0646\\\\u0634 \\\\u0628\\\\u0631\\\\u0627\\\\u06cc \\\\u0639\\\\u0645\\\\u0644\\\\u06cc\\\\u0627\\\\u062a \\\\u0645\\\\u0648\\\\u0631\\\\u062f\\\\u0646\\\\u0638\\\\u0631 \\\\u0646\\\\u0627\\\\u0645\\\\u0646\\\\u0627\\\\u0633\\\\u0628 \\\\u0627\\\\u0633\\\\u062a.\\\"",\\\""url\\\"":\\\""https:\\\\\\\/\\\\\\\/api.snapppay.ir\\\\\\\/api\\\\\\\/online\\\\\\\/payment\\\\\\\/v1\\\\\\\/verify\\\"",\\\""args\\\"":{\\\""method\\\"":\\\""POST\\\"",\\\""body\\\"":\\\""{\\\\\\\""paymentToken\\\\\\\"":\\\\\\\""1f8c273a-a7e9-4cd8-801b-372bda981b85\\\\\\\""}\\\"",\\\""headers\\\"":{\\\""Authorization\\\"":\\\""Authorization: Bearer eyJhbGciOiJSUzI1NiIsInR5cCI6IkpXVCJ9.eyJ1c2VyX25hbWUiOiJtb3VoZXItd2Vhci1wdXJjaGFzZSIsInNjb3BlIjpbIm9ubGluZS1tZXJjaGFudCJdLCJleHAiOjE3MzIyNTE1OTcsImlhdCI6MTczMjIwODM5NywiYXV0aG9yaXRpZXMiOlsiUk9MRV9VU0VSIl0sImp0aSI6IlBWa0xVZ05PV01GQnJkVFFGUi1nOGZ4ekgzQSIsImNsaWVudF9pZCI6Im1vdWhlci13ZWFyIn0.c5dfSuuyT-19Ny1vMnfxH7DUmgbTbI3oGSZTuBsNSYsS5lrI9vlGlRn-OVxahog_7SdN1Z1wI_swPJISifXGtVNabNxnMYue2Rkh7GRnbubw4txP7bMBmsw96YICXS4GQaJyVI3hCv0OQea59mNwlYYEP4xDUOEZveF2NT9nJL1j-DuRSN8MLhAED-YURUc4pLSNOe8OH3YPteSFjlKkXloPeGhtUqGCMOUAxRYa3KFAmobb_5f971GK7jDJOxUd_bKhy1A5YdUmkNCrXT6sWDcvmuHjktbXjF2NzztuzhImKIhX37FTN1G2UkxEShKl-7TlDm4DMxl_jg-dPcrqog\\\"",\\\""Content-Type\\\"":\\\""Content-Type: application\\\\\\\/json\\\"",\\\""user-agent\\\"":\\\""SnappPay, mouher-wear\\\""}}}\""}""",0,0,2024-11-21 20:29:06,2024-11-21 20:29:58
344,2491772053,website,97,,declined,2491772053,,,baf0eb67-6a24-48d1-9d71-7f9900e2a680,133,1,179,2,3760000,3760000,0,0,"""{\""gt\"":\""{\\\""status\\\"":\\\""error\\\"",\\\""successful\\\"":false,\\\""statusCode\\\"":200,\\\""message\\\"":\\\""\\\\u062b\\\\u0628\\\\u062a \\\\u062f\\\\u0631\\\\u062e\\\\u0648\\\\u0627\\\\u0633\\\\u062a \\\\u062c\\\\u062f\\\\u06cc\\\\u062f \\\\u0645\\\\u0645\\\\u06a9\\\\u0646 \\\\u0646\\\\u06cc\\\\u0633\\\\u062a. \\\\u0644\\\\u0637\\\\u0641\\\\u0627\\\\u064b \\\\u0686\\\\u0646\\\\u062f \\\\u0644\\\\u062d\\\\u0638\\\\u0647\\\\u0654 \\\\u062f\\\\u06cc\\\\u06af\\\\u0631 \\\\u062f\\\\u0648\\\\u0628\\\\u0627\\\\u0631\\\\u0647 \\\\u062a\\\\u0644\\\\u0627\\\\u0634 \\\\u06a9\\\\u0646\\\\u06cc\\\\u062f.\\\"",\\\""url\\\"":\\\""https:\\\\\\\/\\\\\\\/api.snapppay.ir\\\\\\\/api\\\\\\\/online\\\\\\\/payment\\\\\\\/v1\\\\\\\/verify\\\"",\\\""args\\\"":{\\\""method\\\"":\\\""POST\\\"",\\\""body\\\"":\\\""{\\\\\\\""paymentToken\\\\\\\"":\\\\\\\""baf0eb67-6a24-48d1-9d71-7f9900e2a680\\\\\\\""}\\\"",\\\""headers\\\"":{\\\""Authorization\\\"":\\\""Authorization: Bearer eyJhbGciOiJSUzI1NiIsInR5cCI6IkpXVCJ9.eyJ1c2VyX25hbWUiOiJtb3VoZXItd2Vhci1wdXJjaGFzZSIsInNjb3BlIjpbIm9ubGluZS1tZXJjaGFudCJdLCJleHAiOjE3MzIzMzM1MDIsImlhdCI6MTczMjI5MDMwMiwiYXV0aG9yaXRpZXMiOlsiUk9MRV9VU0VSIl0sImp0aSI6Ii16MEtxQ0lwWnN6eEVwQ2RQb2dkdlF5R3M3NCIsImNsaWVudF9pZCI6Im1vdWhlci13ZWFyIn0.YayuVPaJrHiiF-7zWSMqtNwX0ubW8vL6G6AQeD__e4JPTJ-SYRqkLY_MKTRzgviO0ddUFuqu8G5u7dpigUTyGZmlXDFEkLO35Ws4urOdJyZPIy4V6goEiXvUkpHbTHTI0VzvN1exvUSK3LCfoRZ3A0x_Nbz99IH5OGNbkLU4PZRrDaVSvlPBlXGfm3GbSJRb3DtY-2IvjpndBht3KU56_TaIxmLwTKGASvCH1KtYMklrxDZXoZh7Hbbwz7wEqUYyyrXlo4qb_syGxTFTn8qy_xh4OSqiTteQkGwQ9YEv2CLAgPvqNuYDfJScGh0yKFgx2BwrxanSKGLesJOsqkCPyg\\\"",\\\""Content-Type\\\"":\\\""Content-Type: application\\\\\\\/json\\\"",\\\""user-agent\\\"":\\\""SnappPay, mouher-wear\\\""}}}\""}""",0,0,2024-11-22 18:35:10,2024-11-22 19:15:02
345,2039533109,website,235,,pending,2039533109,,,8cc79c75-949b-423b-bef4-fdfe7e850382,308,1,126,2,2880000,2880000,0,0,,0,0,2024-11-22 19:11:48,2024-11-22 19:11:50
346,4302004209,website,312,,declined,4302004209,,,cf5b2c91-b0db-426a-87b8-e8e6f61e73de,414,1,180,2,4760000,4760000,0,0,"""{\""gt\"":\""{\\\""status\\\"":\\\""error\\\"",\\\""successful\\\"":false,\\\""statusCode\\\"":400,\\\""message\\\"":\\\""\\\\u0648\\\\u0636\\\\u0639\\\\u06cc\\\\u062a \\\\u062a\\\\u0631\\\\u0627\\\\u06a9\\\\u0646\\\\u0634 \\\\u0628\\\\u0631\\\\u0627\\\\u06cc \\\\u0639\\\\u0645\\\\u0644\\\\u06cc\\\\u0627\\\\u062a \\\\u0645\\\\u0648\\\\u0631\\\\u062f\\\\u0646\\\\u0638\\\\u0631 \\\\u0646\\\\u0627\\\\u0645\\\\u0646\\\\u0627\\\\u0633\\\\u0628 \\\\u0627\\\\u0633\\\\u062a.\\\"",\\\""url\\\"":\\\""https:\\\\\\\/\\\\\\\/api.snapppay.ir\\\\\\\/api\\\\\\\/online\\\\\\\/payment\\\\\\\/v1\\\\\\\/verify\\\"",\\\""args\\\"":{\\\""method\\\"":\\\""POST\\\"",\\\""body\\\"":\\\""{\\\\\\\""paymentToken\\\\\\\"":\\\\\\\""cf5b2c91-b0db-426a-87b8-e8e6f61e73de\\\\\\\""}\\\"",\\\""headers\\\"":{\\\""Authorization\\\"":\\\""Authorization: Bearer eyJhbGciOiJSUzI1NiIsInR5cCI6IkpXVCJ9.eyJ1c2VyX25hbWUiOiJtb3VoZXItd2Vhci1wdXJjaGFzZSIsInNjb3BlIjpbIm9ubGluZS1tZXJjaGFudCJdLCJleHAiOjE3MzIzMzg5NTksImlhdCI6MTczMjI5NTc1OSwiYXV0aG9yaXRpZXMiOlsiUk9MRV9VU0VSIl0sImp0aSI6ImE4dnJybDNnbTRtNkhzS1kyeDc2eFFNcE4xdyIsImNsaWVudF9pZCI6Im1vdWhlci13ZWFyIn0.L5dBxGzjagngFgc0Dl_cfdTtgDNgl252oXzeuUrdPycifF40n2fdzpsOCCdhPhpRJncuwGVoSf6vSR7NnQ_LHP8ljAuFbOxHtNpbbJzLzt4hY769lf-KxJxw7EK06yPAk12iB8Vfzo6dVR5BJD0UdOEs6TX97K6Ndgr12reHDRktcqkZE8J5_behX5wruUtjOOq7zeuzCqfcFmwZQUxorF1HQgTPc7X3D2bc1KohgTyCKlCg7xpFXKuoRyFmtL6YjP6rWrsNp078FA9AtOC_2MXsYZOkCTB4Fay_BaOaG9-benmr85heSQzLB1LpGSFZniu-9uRgLtwgA0dgUOIn0w\\\"",\\\""Content-Type\\\"":\\\""Content-Type: application\\\\\\\/json\\\"",\\\""user-agent\\\"":\\\""SnappPay, mouher-wear\\\""}}}\""}""",0,0,2024-11-22 20:45:21,2024-11-22 20:46:00
347,9331190316,website,272,,pending,9331190316,,,2e48139c-984d-433c-a00a-c68b3eb0b344,357,2,173,2,2380000,2380000,0,0,,0,0,2024-11-22 21:01:25,2024-11-22 21:01:26
348,8820591157,website,313,,pending,8820591157,,,b874bf1d-f468-495a-8acd-5ab6c37e691c,415,1,181,2,2280000,2280000,0,0,,0,0,2024-11-22 21:43:04,2024-11-22 21:43:06
349,7086041691,website,110,,completed,7086041691,"{""successful"":true,""response"":{""transactionId"":""7086041691""}}",,bd46005b-95a4-4311-9011-ae151e7c0332,151,1,63,2,4760000,4760000,0,0,"""{\""successful\"":true,\""response\"":{\""transactionId\"":\""7086041691\""}}""",0,0,2024-11-23 17:01:16,2024-12-03 00:08:22
350,1975121031,website,313,,declined,1975121031,,,3f6ea997-0221-420f-bde2-a9c0c98b3acc,415,1,181,2,2280000,2280000,0,0,"""{\""gt\"":\""{\\\""status\\\"":\\\""error\\\"",\\\""successful\\\"":false,\\\""statusCode\\\"":400,\\\""message\\\"":\\\""\\\\u0648\\\\u0636\\\\u0639\\\\u06cc\\\\u062a \\\\u062a\\\\u0631\\\\u0627\\\\u06a9\\\\u0646\\\\u0634 \\\\u0628\\\\u0631\\\\u0627\\\\u06cc \\\\u0639\\\\u0645\\\\u0644\\\\u06cc\\\\u0627\\\\u062a \\\\u0645\\\\u0648\\\\u0631\\\\u062f\\\\u0646\\\\u0638\\\\u0631 \\\\u0646\\\\u0627\\\\u0645\\\\u0646\\\\u0627\\\\u0633\\\\u0628 \\\\u0627\\\\u0633\\\\u062a.\\\"",\\\""url\\\"":\\\""https:\\\\\\\/\\\\\\\/api.snapppay.ir\\\\\\\/api\\\\\\\/online\\\\\\\/payment\\\\\\\/v1\\\\\\\/verify\\\"",\\\""args\\\"":{\\\""method\\\"":\\\""POST\\\"",\\\""body\\\"":\\\""{\\\\\\\""paymentToken\\\\\\\"":\\\\\\\""3f6ea997-0221-420f-bde2-a9c0c98b3acc\\\\\\\""}\\\"",\\\""headers\\\"":{\\\""Authorization\\\"":\\\""Authorization: Bearer eyJhbGciOiJSUzI1NiIsInR5cCI6IkpXVCJ9.eyJ1c2VyX25hbWUiOiJtb3VoZXItd2Vhci1wdXJjaGFzZSIsInNjb3BlIjpbIm9ubGluZS1tZXJjaGFudCJdLCJleHAiOjE3MzI0MTcyNjUsImlhdCI6MTczMjM3NDA2NSwiYXV0aG9yaXRpZXMiOlsiUk9MRV9VU0VSIl0sImp0aSI6InVKUmFJcEotUThVM0xNU00tZGxwaVJkeVR4SSIsImNsaWVudF9pZCI6Im1vdWhlci13ZWFyIn0.DlWcAgUeLhOVtJwo9nBSflja-lOlpZ34CZ1md_2Zx74km3n1KIM-AE1kt60alBl3FUTAD6whGiHdtSb_HZumumKeE5OvAqL030BwsW58IodKbJvmh3OYdRDI-iLkkmUyx1UADdCx8CfQovguS6fdpP4j3Aoqw4-QUMq2C0aABaa-ZaRlRUtN6d2qD27WROfrgYSdULkup-WPFh10gm3n7o3gb6701BHkBAkxsARBIuTGvSu3WNrhn04sVeg-2xSrop1_bRsQ0tAdsFEDjixRi3WZXBui-Lb3gGXEXypMun1aUN0fd3Lr2Obp-e2sRtxze_9HObbG9RDRQ9gVY-g_HQ\\\"",\\\""Content-Type\\\"":\\\""Content-Type: application\\\\\\\/json\\\"",\\\""user-agent\\\"":\\\""SnappPay, mouher-wear\\\""}}}\""}""",0,0,2024-11-23 18:30:43,2024-11-23 18:31:05
351,3324438164,website,313,,pending,3324438164,,,5af51fa9-c0cf-4435-8b61-61c0e40305f1,415,1,181,2,2280000,2280000,0,0,,0,0,2024-11-23 18:31:35,2024-11-23 18:31:36
352,6392370774,website,313,,pending,6392370774,,,8a7c1cfb-2b61-4ccc-9a12-c3ef34397e00,415,1,181,2,2280000,2280000,0,0,,0,0,2024-11-23 18:39:16,2024-11-23 18:39:17
353,3997289656,website,319,,completed,3997289656,"{""successful"":true,""response"":{""transactionId"":""3997289656""}}",,af3ca18e-8e2a-4033-a0be-226be34f25d2,422,1,182,2,1480000,1480000,0,0,"""{\""successful\"":true,\""response\"":{\""transactionId\"":\""3997289656\""}}""",0,0,2024-11-24 15:53:57,2024-12-03 00:09:16
354,5354385693,website,325,,pending,5354385693,,,7ad3b7c2-3e15-40eb-89d5-8ef70ee10e24,426,1,183,2,2880000,2880000,0,0,,0,0,2024-11-24 22:45:34,2024-11-24 22:45:35
355,1458371205,website,326,,completed,e613d45,{},,,427,1,184,1,2880000,2880000,0,0,"""{}""",0,0,2024-11-24 22:55:12,2024-12-03 00:09:51
356,1274711262,website,120,,pending,1274711262,,,0a4febb6-da4e-4f9e-b712-29aa70a49e05,164,1,185,2,1380000,1380000,0,0,,0,0,2024-11-25 01:06:01,2024-11-25 01:06:03
357,7867895431,website,120,,completed,b9fed44,{},,,164,1,185,1,1380000,1380000,0,0,"{""notes"":null}",0,0,2024-11-25 01:06:54,2024-12-11 15:46:55
358,9548550951,website,261,,declined,9548550951,,,97bf8523-1094-48fe-bc58-08981f89354c,342,1,145,2,17340000,17340000,0,0,"""{\""gt\"":\""{\\\""status\\\"":\\\""error\\\"",\\\""successful\\\"":false,\\\""statusCode\\\"":400,\\\""message\\\"":\\\""\\\\u0648\\\\u0636\\\\u0639\\\\u06cc\\\\u062a \\\\u062a\\\\u0631\\\\u0627\\\\u06a9\\\\u0646\\\\u0634 \\\\u0628\\\\u0631\\\\u0627\\\\u06cc \\\\u0639\\\\u0645\\\\u0644\\\\u06cc\\\\u0627\\\\u062a \\\\u0645\\\\u0648\\\\u0631\\\\u062f\\\\u0646\\\\u0638\\\\u0631 \\\\u0646\\\\u0627\\\\u0645\\\\u0646\\\\u0627\\\\u0633\\\\u0628 \\\\u0627\\\\u0633\\\\u062a.\\\"",\\\""url\\\"":\\\""https:\\\\\\\/\\\\\\\/api.snapppay.ir\\\\\\\/api\\\\\\\/online\\\\\\\/payment\\\\\\\/v1\\\\\\\/verify\\\"",\\\""args\\\"":{\\\""method\\\"":\\\""POST\\\"",\\\""body\\\"":\\\""{\\\\\\\""paymentToken\\\\\\\"":\\\\\\\""97bf8523-1094-48fe-bc58-08981f89354c\\\\\\\""}\\\"",\\\""headers\\\"":{\\\""Authorization\\\"":\\\""Authorization: Bearer eyJhbGciOiJSUzI1NiIsInR5cCI6IkpXVCJ9.eyJ1c2VyX25hbWUiOiJtb3VoZXItd2Vhci1wdXJjaGFzZSIsInNjb3BlIjpbIm9ubGluZS1tZXJjaGFudCJdLCJleHAiOjE3MzI1NTY2MTgsImlhdCI6MTczMjUxMzQxOCwiYXV0aG9yaXRpZXMiOlsiUk9MRV9VU0VSIl0sImp0aSI6IlZzVlkxYzJ3cWNIRGpnbFZfQUlqSGJpUm9yYyIsImNsaWVudF9pZCI6Im1vdWhlci13ZWFyIn0.QL9S1Y1nd8YtXA2xUa9nFLyKYm8bqFTzY_9n0hhf6tK3EHlrIAgduUF_uanCmJiBGwt5ZmGbbnAjYX_Z7S0s3sUQAZb8KLUfLwu4s6ryQ7m80uO_RjPU9FHoznWirvlQs2wmhazJHyBE28nuFCZj0Lt6jjr1Ll5T_jvJMDPZ50rPrV_9WtndD-jFQRRFL45yyPHc8kj6S2UYu4PxgCFgTdCdeEFiInm68aTHuYnJcHS9u0X2ZeiSOHTI-g3NEcHennmfwctUm_UlDYMDSuXuh4dVmNEqJ37yuK-k_1eiDj5rMAoWRfCn2wHAEXSPoZUkgTve7XpxFRzeTIuw2YTu0g\\\"",\\\""Content-Type\\\"":\\\""Content-Type: application\\\\\\\/json\\\"",\\\""user-agent\\\"":\\\""SnappPay, mouher-wear\\\""}}}\""}""",0,0,2024-11-25 09:13:03,2024-11-25 09:13:38
359,1768037078,website,327,,completed,8edd3d7,{},,,430,2,186,1,2380000,2380000,0,0,"""{}""",0,0,2024-11-25 15:44:23,2024-12-03 00:10:43
360,3217727862,website,329,,completed,820ab53,{},,,433,2,187,1,2016000,2016000,864000,0,"""{}""",0,0,2024-11-25 16:56:59,2024-11-26 22:19:02
361,7875637120,website,219,,pending,adafe00,,,,288,1,190,1,3542000,3542000,1518000,0,,0,0,2024-11-25 17:33:25,2024-11-25 17:33:26
362,8399186387,website,333,,completed,76d503a,{},,,438,2,191,1,1596000,1596000,684000,0,"""{}""",0,0,2024-11-25 17:59:34,2024-11-28 13:30:17
363,4541154927,website,336,,completed,53245bc,{},,,441,1,192,1,2072000,2072000,888000,0,"""{}""",0,0,2024-11-25 18:23:34,2024-12-06 22:38:56
364,8636426940,website,324,,pending,be3645a,,,,425,1,189,1,1666000,1666000,714000,0,,0,0,2024-11-25 18:45:37,2024-11-25 18:45:38
365,9241805638,website,324,,completed,46a6026,{},,,425,1,189,1,1666000,1666000,714000,0,"""{}""",0,0,2024-11-25 18:45:51,2024-11-28 13:31:31
366,2415844172,website,67,,completed,a17246c,{},,,92,1,41,1,1246000,1246000,534000,0,"""{}""",0,0,2024-11-25 19:03:25,2024-11-28 13:32:02
367,8814435767,website,339,,pending,a3b904d,,,,445,1,194,1,7826000,7826000,3354000,0,,0,0,2024-11-25 19:08:39,2024-11-25 19:08:40
368,8246361440,website,341,,pending,f983fa0,,,,449,1,195,1,1666000,1666000,714000,0,,0,0,2024-11-25 19:11:00,2024-11-25 19:11:01
369,8829446541,website,341,,pending,8a7fc45,,,,449,1,195,1,1666000,1666000,714000,0,,0,0,2024-11-25 19:11:56,2024-11-25 19:11:57
370,4686873537,website,339,,pending,05f21bc,,,,445,1,194,1,7385000,7385000,3165000,0,,0,0,2024-11-25 19:13:54,2024-11-25 19:13:55
371,7824911320,website,342,,completed,e6f934e,{},,,450,2,196,1,1596000,1596000,684000,0,"""{}""",0,0,2024-11-25 19:14:43,2024-11-28 13:32:44
372,9181307082,website,272,,pending,edfbe39,,,,357,2,198,1,1666000,1666000,714000,0,,0,0,2024-11-25 20:49:41,2024-11-25 20:49:42
373,8525032937,website,345,,completed,9745128,{},,,453,1,199,1,2772000,2772000,1188000,0,"""{}""",0,0,2024-11-25 20:53:37,2024-11-28 13:33:16
374,7679456250,website,346,,declined,383e14f,,,,455,1,200,1,2016000,2016000,864000,0,"""\u062a\u0631\u0627\u0643\u0646\u0634 \u062a\u0648\u0633\u0637 \u0634\u0645\u0627 \u0644\u063a\u0648 \u0634\u062f""",0,0,2024-11-25 21:26:30,2024-11-25 21:27:01
375,6668464125,website,343,,completed,67bbb16,{},,,452,1,201,1,2016000,2016000,864000,0,"""{}""",0,0,2024-11-25 21:31:55,2024-12-03 00:07:56
376,5407423730,website,347,,pending,10807fa,,,,456,2,202,1,4032000,4032000,1728000,0,,0,0,2024-11-25 21:41:37,2024-11-25 21:41:41
377,2027077203,website,349,,pending,4619b40,,,,459,1,203,1,2562000,2562000,1098000,0,,0,0,2024-11-25 21:44:32,2024-11-25 21:44:34
378,2350533195,website,349,,completed,5b17d2a,{},,,459,1,203,1,2562000,2562000,1098000,0,"""{}""",0,0,2024-11-25 21:45:08,2024-11-28 13:33:52
379,9260356917,website,335,,completed,4dca663,{},,,440,2,204,1,2016000,2016000,864000,0,"""{}""",0,0,2024-11-25 21:57:44,2024-12-03 00:37:03
380,8143086333,website,328,,pending,b07a896,,,,432,2,197,1,1596000,1596000,684000,0,,0,0,2024-11-25 22:03:06,2024-11-25 22:03:17
381,5357604368,website,245,,pending,7d2899d,,,,321,1,205,1,1386000,1386000,594000,0,,0,0,2024-11-26 00:17:33,2024-11-26 00:17:33
382,8082198362,website,245,,pending,9403d7a,,,,321,1,205,1,1386000,1386000,594000,0,,0,0,2024-11-26 00:17:58,2024-11-26 00:17:58
383,3182382444,website,351,,completed,240fa45,{},,,463,1,206,1,1736000,1736000,744000,0,"""{}""",0,0,2024-11-26 03:27:53,2024-11-28 13:34:11
384,2210771856,website,352,,pending,b34500f,,,,465,2,207,1,3332000,3332000,1428000,0,,0,0,2024-11-26 07:14:44,2024-11-26 07:14:45
385,1766871033,website,352,,completed,6d83aea,{},,,465,2,207,1,3332000,3332000,1428000,0,"""{}""",0,0,2024-11-26 07:15:29,2024-11-26 22:20:21
386,4457595319,website,261,,pending,9642227,,,,342,1,145,1,12138000,12138000,5202000,0,,0,0,2024-11-26 08:12:53,2024-11-26 08:12:54
387,3436347681,website,283,,pending,016c216,,,,372,2,159,1,3892000,3892000,1668000,0,,0,0,2024-11-26 12:00:32,2024-11-26 12:00:33
388,8692115767,website,283,,pending,8a44c36,,,,372,2,159,1,3892000,3892000,1668000,0,,0,0,2024-11-26 12:09:33,2024-11-26 12:09:34
389,3822184395,website,328,,pending,b78ff54,,,,432,2,197,1,1596000,1596000,684000,0,,0,0,2024-11-26 12:39:09,2024-11-26 12:39:13
390,1423601695,website,328,,completed,ff11d21,{},,,432,2,197,1,1596000,1596000,684000,0,"""{}""",0,0,2024-11-26 12:39:40,2024-11-26 22:20:46
391,6644938738,website,355,,completed,58eeb8a,{},,,470,2,208,1,1246000,1246000,534000,0,"""{}""",0,0,2024-11-26 12:57:21,2024-11-28 13:34:44
392,7409365946,website,317,,completed,023f27c,{},,,420,1,188,1,2016000,2016000,864000,0,"""{}""",0,0,2024-11-26 15:55:34,2024-11-28 13:35:00
393,4972285080,website,119,,pending,edb6e1b,,,,408,2,67,1,1386000,1386000,594000,0,,0,0,2024-11-26 15:55:51,2024-11-26 15:55:51
394,8092057942,website,119,,completed,63c0433,{},,,408,2,67,1,1386000,1386000,594000,0,"""{}""",0,0,2024-11-26 15:58:11,2024-11-26 22:21:08
395,8606359655,website,235,,pending,373de84,,,,308,1,126,1,2016000,2016000,864000,0,,0,0,2024-11-26 16:45:52,2024-11-26 16:45:52
396,4612429242,website,235,,pending,5230c12,,,,308,1,126,1,2016000,2016000,864000,0,,0,0,2024-11-26 16:46:09,2024-11-26 16:46:10
397,6672727679,website,256,,pending,f551613,,,,333,1,209,1,3612000,3612000,1548000,0,,0,0,2024-11-26 16:50:50,2024-11-26 16:50:56
398,5738857873,website,356,,pending,4c13f0a,,,,475,1,210,1,1596000,1596000,684000,0,,0,0,2024-11-26 18:26:01,2024-11-26 18:26:02
399,6790915466,website,358,,completed,c502744,{},,,476,2,211,1,2562000,2562000,1098000,0,"""{}""",0,0,2024-11-26 18:53:46,2024-12-03 00:11:50
400,6630269196,website,359,,completed,875afc9,{},,,478,2,212,1,3122000,3122000,1338000,0,"""{}""",0,0,2024-11-26 19:40:27,2024-12-06 22:54:47
401,4657889945,website,361,,declined,17e206e,,,,481,1,214,1,2422000,2422000,1038000,0,"""\u062a\u0631\u0627\u0643\u0646\u0634 \u062a\u0648\u0633\u0637 \u0634\u0645\u0627 \u0644\u063a\u0648 \u0634\u062f""",0,0,2024-11-26 20:57:37,2024-11-26 20:57:55
402,7263015437,website,360,,pending,bd87340,,,,480,1,213,1,1386000,1386000,594000,0,,0,0,2024-11-26 21:04:26,2024-11-26 21:04:26
403,3751535255,website,360,,completed,8ee922d,{},,,480,1,213,1,1386000,1386000,594000,0,"""{}""",0,0,2024-11-26 21:05:59,2024-11-28 13:35:32
404,5022826615,website,177,,completed,fefbc1c,{},,,347,1,98,1,1386000,1386000,594000,0,"""{}""",0,0,2024-11-26 21:22:12,2024-11-28 13:36:12
405,5764528290,website,283,,declined,7d8fa63,,,,372,2,159,1,1876000,1876000,804000,0,"""\u06a9\u062f \u067e\u0631\u062f\u0627\u062e\u062a \u067e\u06cc\u062f\u0627 \u0646\u0634\u062f""",0,0,2024-11-26 21:27:59,2024-11-26 21:29:18
406,8365607402,website,362,,pending,d5a9737,,,,484,1,215,1,1386000,1386000,594000,0,,0,0,2024-11-26 22:00:43,2024-11-26 22:00:46
407,3856133507,website,283,,pending,04e0969,,,,372,2,159,1,1876000,1876000,804000,0,,0,0,2024-11-26 22:01:53,2024-11-26 22:01:53
408,5534802243,website,283,,completed,2c5dbf0,{},,,372,2,159,1,2912000,2912000,1248000,0,"""{}""",0,0,2024-11-26 22:08:35,2024-12-03 00:12:31
409,9329217237,website,296,,pending,27bd0e6,,,,389,1,168,1,1666000,1666000,714000,0,,0,0,2024-11-26 22:30:14,2024-11-26 22:30:15
410,1459399012,website,296,,completed,01d0d2d,{},,,389,1,168,1,1666000,1666000,714000,0,"""{}""",0,0,2024-11-26 22:31:06,2024-11-28 13:36:38
411,6922823056,website,54,,pending,31c1049,,,,71,1,216,1,896000,896000,384000,0,,0,0,2024-11-27 01:11:27,2024-11-27 01:11:27
412,1514556005,website,54,,completed,c3f121e,{},,,71,1,216,1,896000,896000,384000,0,"""{}""",0,0,2024-11-27 01:13:02,2024-11-28 13:37:10
413,2984383497,website,288,,pending,b0d9138,,,,380,1,165,1,2422000,2422000,1038000,0,,0,0,2024-11-27 13:27:23,2024-11-27 13:27:24
414,6379017813,website,288,,completed,ad55335,{},,,380,1,165,1,2422000,2422000,1038000,0,"""{}""",0,0,2024-11-27 13:27:40,2024-12-03 00:13:15
415,7535389860,website,367,,completed,2304a1f,{},,,493,1,217,1,1316000,1316000,564000,0,"""{}""",0,0,2024-11-27 14:57:10,2024-11-28 13:37:30
416,9082828460,website,360,,completed,c9c2e96,{},,,482,2,213,1,2016000,2016000,864000,0,"""{}""",0,0,2024-11-27 16:44:18,2024-11-28 13:37:49
417,6259761384,website,338,,completed,c0e6e21,{},,,446,2,218,1,2016000,2016000,864000,0,"""{}""",0,0,2024-11-27 16:57:25,2024-11-28 13:37:55
418,5579996593,website,370,,pending,598f76a,,,,496,1,219,1,3052000,3052000,1308000,0,,0,0,2024-11-27 17:05:17,2024-11-27 17:05:19
419,1722314036,website,374,,pending,d48bcad,,,,501,1,220,1,1036000,1036000,444000,0,,0,0,2024-11-27 18:15:26,2024-11-27 18:15:27
420,3956632612,website,374,,pending,6835869,,,,501,1,220,1,1036000,1036000,444000,0,,0,0,2024-11-27 18:15:52,2024-11-27 18:15:52
421,1543325067,website,372,,pending,779000d,,,,500,1,221,1,1596000,1596000,684000,0,,0,0,2024-11-27 18:30:29,2024-11-27 18:30:30
422,1967586896,website,372,,pending,6f9bced,,,,500,1,221,1,1596000,1596000,684000,0,,0,0,2024-11-27 18:30:50,2024-11-27 18:30:50
423,5816493748,website,188,,completed,d0c029c,{},,,247,2,103,1,1596000,1596000,684000,0,"""{}""",0,0,2024-11-27 19:31:07,2024-11-28 13:38:01
424,2103486552,website,377,,pending,748fb36,,,,505,1,222,1,1596000,1596000,684000,0,,0,0,2024-11-27 20:10:56,2024-11-27 20:10:56
425,4820120214,website,377,,pending,fcfbb4c,,,,505,1,222,1,1596000,1596000,684000,0,,0,0,2024-11-27 20:17:10,2024-11-27 20:17:10
426,2420542826,website,378,,pending,7c8eadd,,,,506,1,223,1,1596000,1596000,684000,0,,0,0,2024-11-27 20:24:13,2024-11-27 20:24:14
427,7540095501,website,377,,pending,bcb1529,,,,505,1,222,1,1596000,1596000,684000,0,,0,0,2024-11-27 20:25:20,2024-11-27 20:25:20
428,3599764287,website,374,,pending,e16040e,,,,501,1,220,1,1036000,1036000,444000,0,,0,0,2024-11-27 21:21:18,2024-11-27 21:21:18
429,1328621693,website,379,,pending,ebe7d75,,,,507,1,224,1,1036000,1036000,444000,0,,0,0,2024-11-27 21:26:32,2024-11-27 21:26:33
430,4529414505,website,336,,completed,ad8c313,{},,,442,1,192,1,1666000,1666000,714000,0,"""{}""",0,0,2024-11-27 21:36:30,2024-12-11 15:43:46
431,7869057113,website,339,,completed,ff2c46d,{},,,445,1,194,1,4508000,4508000,1932000,0,"""{}""",0,0,2024-11-27 22:23:57,2024-12-10 11:14:12
432,9328321026,website,382,,pending,2aa6729,,,,510,2,225,1,3122000,3122000,1338000,0,,0,0,2024-11-27 22:29:13,2024-11-27 22:29:14
433,6851758272,website,383,,completed,97a7253,{},,,512,1,226,1,455000,455000,195000,0,"""{}""",0,0,2024-11-27 22:29:35,2024-12-09 14:12:20
434,5918017390,website,67,,completed,8f10cd0,{},,,448,1,42,1,966000,966000,414000,0,"""{}""",0,0,2024-11-27 22:53:52,2024-11-28 13:38:28
435,6048274763,website,385,,pending,5c1c6b6,,,,516,2,227,1,1880000,1880000,0,0,,0,0,2024-11-27 23:53:27,2024-11-27 23:53:27
436,3364217708,website,385,,pending,2353ccd,,,,516,2,227,1,1880000,1880000,0,0,,0,0,2024-11-27 23:54:42,2024-11-27 23:54:43
437,2158476654,website,385,,completed,b78b0e1,{},,,516,2,228,1,1880000,1880000,0,0,"""{}""",0,0,2024-11-27 23:59:48,2024-11-28 13:38:46
438,7858304440,website,374,,pending,45e20c4,,,,501,1,220,1,1480000,1480000,0,0,,0,0,2024-11-28 00:05:52,2024-11-28 00:05:52
439,7771544024,website,380,,pending,9727795,,,,519,2,229,1,2880000,2880000,0,0,,0,0,2024-11-28 01:38:50,2024-11-28 01:38:51
440,1885759131,website,388,,pending,c0aae80,,,,521,1,230,1,2480000,2480000,0,0,,0,0,2024-11-28 03:16:27,2024-11-28 03:16:28
441,4109358843,website,388,,pending,19cee8a,,,,521,2,230,1,4260000,4260000,0,0,,0,0,2024-11-28 03:17:40,2024-11-28 03:17:41
442,8236877737,website,374,,pending,0f3b026,,,,501,1,220,1,1480000,1480000,0,0,,0,0,2024-11-28 08:23:39,2024-11-28 08:23:39
443,8174117377,website,374,,pending,78436c9,,,,501,1,220,1,1480000,1480000,0,0,,0,0,2024-11-28 08:52:11,2024-11-28 08:52:12
444,8368889668,website,374,,completed,8368889668,"{""successful"":true,""response"":{""transactionId"":""8368889668""}}",,247c6115-11a6-497f-924f-41fb8dabf8c7,501,1,220,2,4640000,4640000,0,0,"""{\""successful\"":true,\""response\"":{\""transactionId\"":\""8368889668\""}}""",0,0,2024-11-28 09:34:03,2024-12-10 22:13:14
445,8699242826,website,379,,completed,8699242826,"{""successful"":true,""response"":{""transactionId"":""8699242826""}}",,2dcc6ae6-87b8-4b75-a548-063347481e27,507,1,224,2,1480000,1480000,0,0,"""{\""successful\"":true,\""response\"":{\""transactionId\"":\""8699242826\""}}""",0,0,2024-11-28 09:50:11,2024-11-28 13:39:02
446,6412771911,website,347,,declined,6412771911,,,2571cce5-241a-4faa-ab18-3b70401c594f,456,2,202,2,5760000,5760000,0,0,"""{\""gt\"":\""{\\\""status\\\"":\\\""error\\\"",\\\""successful\\\"":false,\\\""statusCode\\\"":400,\\\""message\\\"":\\\""\\\\u0648\\\\u0636\\\\u0639\\\\u06cc\\\\u062a \\\\u062a\\\\u0631\\\\u0627\\\\u06a9\\\\u0646\\\\u0634 \\\\u0628\\\\u0631\\\\u0627\\\\u06cc \\\\u0639\\\\u0645\\\\u0644\\\\u06cc\\\\u0627\\\\u062a \\\\u0645\\\\u0648\\\\u0631\\\\u062f\\\\u0646\\\\u0638\\\\u0631 \\\\u0646\\\\u0627\\\\u0645\\\\u0646\\\\u0627\\\\u0633\\\\u0628 \\\\u0627\\\\u0633\\\\u062a.\\\"",\\\""url\\\"":\\\""https:\\\\\\\/\\\\\\\/api.snapppay.ir\\\\\\\/api\\\\\\\/online\\\\\\\/payment\\\\\\\/v1\\\\\\\/verify\\\"",\\\""args\\\"":{\\\""method\\\"":\\\""POST\\\"",\\\""body\\\"":\\\""{\\\\\\\""paymentToken\\\\\\\"":\\\\\\\""2571cce5-241a-4faa-ab18-3b70401c594f\\\\\\\""}\\\"",\\\""headers\\\"":{\\\""Authorization\\\"":\\\""Authorization: Bearer eyJhbGciOiJSUzI1NiIsInR5cCI6IkpXVCJ9.eyJ1c2VyX25hbWUiOiJtb3VoZXItd2Vhci1wdXJjaGFzZSIsInNjb3BlIjpbIm9ubGluZS1tZXJjaGFudCJdLCJleHAiOjE3MzI4MjAwMTQsImlhdCI6MTczMjc3NjgxNCwiYXV0aG9yaXRpZXMiOlsiUk9MRV9VU0VSIl0sImp0aSI6IjloWjNKOURad2xTMm1udWFoQ3NwN0l3Snl2dyIsImNsaWVudF9pZCI6Im1vdWhlci13ZWFyIn0.fdLYqBMdwwPMO2CDF1o9Z3LhI4alVeU0Z0YRNCCpcSfzvwG-OxYxVEGkjo2GdvbtYkh26gaMiBvQJlJrQ_Gl0U-IeUS8lCBwqu1OWpjWy6Sij_i_7vBFXUL6tb6ZO9EkQS9L3Bh90y2-K30OJCV26zxKwKmNYyt_xLdbK9wponfSpy_G4SmguM1DiOcKGWPQ0ywcyn437261X_ZME3GMHM0cpFlxJY6oMI0qu-ADhrPXstWQjpFEgcw0UisRJOP1Gsn7n9iOUagK2_lGEdDcG2t9V1KhlXkYw0MG5HqHiINjE60FcWf2g4ZZ8GNQHK8m0NT8HHfJlBoakqQ1hGDH4A\\\"",\\\""Content-Type\\\"":\\\""Content-Type: application\\\\\\\/json\\\"",\\\""user-agent\\\"":\\\""SnappPay, mouher-wear\\\""}}}\""}""",0,0,2024-11-28 10:20:54,2024-11-28 10:23:34
447,6196305309,website,347,,pending,6196305309,,,6d1cf2b6-2ed0-4eff-bd1a-7459d0e7db2a,456,2,202,2,5760000,5760000,0,0,,0,0,2024-11-28 10:25:22,2024-11-28 10:25:23
448,7474631616,website,347,,declined,7474631616,,,783bd109-0a18-4f1f-a805-4c8ab46a0e1a,456,2,202,2,5760000,5760000,0,0,"""{\""gt\"":\""{\\\""status\\\"":\\\""error\\\"",\\\""successful\\\"":false,\\\""statusCode\\\"":400,\\\""message\\\"":\\\""\\\\u0648\\\\u0636\\\\u0639\\\\u06cc\\\\u062a \\\\u062a\\\\u0631\\\\u0627\\\\u06a9\\\\u0646\\\\u0634 \\\\u0628\\\\u0631\\\\u0627\\\\u06cc \\\\u0639\\\\u0645\\\\u0644\\\\u06cc\\\\u0627\\\\u062a \\\\u0645\\\\u0648\\\\u0631\\\\u062f\\\\u0646\\\\u0638\\\\u0631 \\\\u0646\\\\u0627\\\\u0645\\\\u0646\\\\u0627\\\\u0633\\\\u0628 \\\\u0627\\\\u0633\\\\u062a.\\\"",\\\""url\\\"":\\\""https:\\\\\\\/\\\\\\\/api.snapppay.ir\\\\\\\/api\\\\\\\/online\\\\\\\/payment\\\\\\\/v1\\\\\\\/verify\\\"",\\\""args\\\"":{\\\""method\\\"":\\\""POST\\\"",\\\""body\\\"":\\\""{\\\\\\\""paymentToken\\\\\\\"":\\\\\\\""783bd109-0a18-4f1f-a805-4c8ab46a0e1a\\\\\\\""}\\\"",\\\""headers\\\"":{\\\""Authorization\\\"":\\\""Authorization: Bearer eyJhbGciOiJSUzI1NiIsInR5cCI6IkpXVCJ9.eyJ1c2VyX25hbWUiOiJtb3VoZXItd2Vhci1wdXJjaGFzZSIsInNjb3BlIjpbIm9ubGluZS1tZXJjaGFudCJdLCJleHAiOjE3MzI4MjA0NTUsImlhdCI6MTczMjc3NzI1NSwiYXV0aG9yaXRpZXMiOlsiUk9MRV9VU0VSIl0sImp0aSI6ImpCRVByZWRrRjZoYVNOOHphUldBdENWdFg4YyIsImNsaWVudF9pZCI6Im1vdWhlci13ZWFyIn0.EBVVzsUXZThs7m6yvX6xVI0mkfHal0plmfrXM1JbZsd_XLfAkt9f54FJsDXgQDDFheyMQ-IuFFnHwrPvE8aZnW85bKNg0jyyTtLygKFBxQNJ14vzNOTdKIoTeh79Pqix1IhTY_VkV2s2wZ9TRsXqlHJMVnOpqLDO8d0e1WpXhRdIMucAxrrMpNoYQcDPDHl-UrEaV7Xj-muc8KGxeoGC3TxF2u18Txkiv4i-q5S-jQmTFWpMcfp5jJQ7qJDOuBIXrR_ENzjgStyPNgtGjMzsfraSwtsOEck4-BzQWls0p5ulazj5V4AWnyCbqy20K_s8gJhSMoA5plgnLgEZMJl62A\\\"",\\\""Content-Type\\\"":\\\""Content-Type: application\\\\\\\/json\\\"",\\\""user-agent\\\"":\\\""SnappPay, mouher-wear\\\""}}}\""}""",0,0,2024-11-28 10:30:02,2024-11-28 10:30:55
449,9755246434,website,390,,completed,f786848,{},,,525,1,231,1,4460000,4460000,0,0,"""{}""",0,0,2024-11-28 11:05:28,2024-12-06 22:56:11
450,9970135732,website,64,,declined,9970135732,,,5cab43c5-8184-449e-b956-f470596efe75,119,1,39,2,2880000,2880000,0,0,"""{\""gt\"":\""{\\\""status\\\"":\\\""error\\\"",\\\""successful\\\"":false,\\\""statusCode\\\"":400,\\\""message\\\"":\\\""\\\\u0648\\\\u0636\\\\u0639\\\\u06cc\\\\u062a \\\\u062a\\\\u0631\\\\u0627\\\\u06a9\\\\u0646\\\\u0634 \\\\u0628\\\\u0631\\\\u0627\\\\u06cc \\\\u0639\\\\u0645\\\\u0644\\\\u06cc\\\\u0627\\\\u062a \\\\u0645\\\\u0648\\\\u0631\\\\u062f\\\\u0646\\\\u0638\\\\u0631 \\\\u0646\\\\u0627\\\\u0645\\\\u0646\\\\u0627\\\\u0633\\\\u0628 \\\\u0627\\\\u0633\\\\u062a.\\\"",\\\""url\\\"":\\\""https:\\\\\\\/\\\\\\\/api.snapppay.ir\\\\\\\/api\\\\\\\/online\\\\\\\/payment\\\\\\\/v1\\\\\\\/verify\\\"",\\\""args\\\"":{\\\""method\\\"":\\\""POST\\\"",\\\""body\\\"":\\\""{\\\\\\\""paymentToken\\\\\\\"":\\\\\\\""5cab43c5-8184-449e-b956-f470596efe75\\\\\\\""}\\\"",\\\""headers\\\"":{\\\""Authorization\\\"":\\\""Authorization: Bearer eyJhbGciOiJSUzI1NiIsInR5cCI6IkpXVCJ9.eyJ1c2VyX25hbWUiOiJtb3VoZXItd2Vhci1wdXJjaGFzZSIsInNjb3BlIjpbIm9ubGluZS1tZXJjaGFudCJdLCJleHAiOjE3MzI4NjM5NDksImlhdCI6MTczMjgyMDc0OSwiYXV0aG9yaXRpZXMiOlsiUk9MRV9VU0VSIl0sImp0aSI6ImJELWVYRUxFTEUyRUpJZzBYVWpubGlKd0E2WSIsImNsaWVudF9pZCI6Im1vdWhlci13ZWFyIn0.I_ry_Rp7wt9M-rArF2_sVu-wHViwFWiZz5tBIPtkG2BknguR30knF3ueIiz70-o1Dcne6OPzss_gpGospfCOiX5Cn4SsBTVzPtfH9pYMUh6lIfe7LqxvexultppczKWqs1PAzsRujRKNCgSm2lXU2INq0Zi7XYdMPrqOZn6GNNl-N-_T0fdicILCNK0L1oHFC3XlktRWWjd1ShkPQTkwYxRXKbva55KZOvY-KSRqE1Y8tVhxbPye9kc4Uc0s42HvVuIV51oiSy_n51EaU9-sut49l84W2Q7rLQiwsDqU2ONxZ6Zxt7Fc6CymB8TgdhUYk7xHJuugu-hN7LqICwgnhw\\\"",\\\""Content-Type\\\"":\\\""Content-Type: application\\\\\\\/json\\\"",\\\""user-agent\\\"":\\\""SnappPay, mouher-wear\\\""}}}\""}""",0,0,2024-11-28 22:16:39,2024-11-28 22:35:50
451,6734343798,website,64,,pending,6734343798,,,24f6bc6f-a7bc-4c4e-bfec-4494a72a0a8c,119,1,39,2,2880000,2880000,0,0,,0,0,2024-11-28 22:36:10,2024-11-28 22:36:11
452,6239836811,website,120,,pending,6239836811,,,ccaebc8e-f08d-4abc-b44a-aa1d57443f42,429,1,235,2,1980000,1980000,0,0,,0,0,2024-11-28 23:05:11,2024-11-28 23:05:11
453,5369373264,website,120,,declined,5369373264,,,783ecbaf-31d4-4da3-9f79-8cc588b504e7,429,1,235,2,1980000,1980000,0,0,"""{\""gt\"":\""{\\\""status\\\"":\\\""error\\\"",\\\""successful\\\"":false,\\\""statusCode\\\"":400,\\\""message\\\"":\\\""\\\\u0648\\\\u0636\\\\u0639\\\\u06cc\\\\u062a \\\\u062a\\\\u0631\\\\u0627\\\\u06a9\\\\u0646\\\\u0634 \\\\u0628\\\\u0631\\\\u0627\\\\u06cc \\\\u0639\\\\u0645\\\\u0644\\\\u06cc\\\\u0627\\\\u062a \\\\u0645\\\\u0648\\\\u0631\\\\u062f\\\\u0646\\\\u0638\\\\u0631 \\\\u0646\\\\u0627\\\\u0645\\\\u0646\\\\u0627\\\\u0633\\\\u0628 \\\\u0627\\\\u0633\\\\u062a.\\\"",\\\""url\\\"":\\\""https:\\\\\\\/\\\\\\\/api.snapppay.ir\\\\\\\/api\\\\\\\/online\\\\\\\/payment\\\\\\\/v1\\\\\\\/verify\\\"",\\\""args\\\"":{\\\""method\\\"":\\\""POST\\\"",\\\""body\\\"":\\\""{\\\\\\\""paymentToken\\\\\\\"":\\\\\\\""783ecbaf-31d4-4da3-9f79-8cc588b504e7\\\\\\\""}\\\"",\\\""headers\\\"":{\\\""Authorization\\\"":\\\""Authorization: Bearer eyJhbGciOiJSUzI1NiIsInR5cCI6IkpXVCJ9.eyJ1c2VyX25hbWUiOiJtb3VoZXItd2Vhci1wdXJjaGFzZSIsInNjb3BlIjpbIm9ubGluZS1tZXJjaGFudCJdLCJleHAiOjE3MzI4NjYxNDAsImlhdCI6MTczMjgyMjk0MCwiYXV0aG9yaXRpZXMiOlsiUk9MRV9VU0VSIl0sImp0aSI6Il8wUnVpZ21RcG1pbjg1OVhTRXE2Sl81Z3VmYyIsImNsaWVudF9pZCI6Im1vdWhlci13ZWFyIn0.jMkExfOrhGkRfJKUYfGrcUsqpzB-OzvIDl7Uwxl36JFIkU_pK_faPB7JieCouYzj7ics4NWO_7YdaHLJyJh83LiAXMol5ll7BscE7mihlLHibs3Gx_TJ0WzT3em1aD_EQyEI5LEQKlNBrXrzoxIMJXBAU_FDN-pYf5uiP5CujshpJcxCJwGIFYa-9w-YG02pLtwLcuXeP3gfWk6ipLWxA99_qbbTIV-HPsWlOvP-SXCrGo2KiTJzBH1BhZDk1Be0FGkGkQQCi_J-1pwzohCWLtcI3uVK2BHTc9fhoI808TX38qAuzke-6GV2Y4gxtA7iGAiJoJQkwv-unEHi9IhOfQ\\\"",\\\""Content-Type\\\"":\\\""Content-Type: application\\\\\\\/json\\\"",\\\""user-agent\\\"":\\\""SnappPay, mouher-wear\\\""}}}\""}""",0,0,2024-11-28 23:07:21,2024-11-28 23:12:20
454,8239853569,website,120,,pending,8239853569,,,8e5d96dd-df5b-4e46-9a34-9b3cbdc905fa,429,1,235,2,1980000,1980000,0,0,,0,0,2024-11-28 23:09:14,2024-11-28 23:09:15
455,7875159001,website,120,,completed,7875159001,"{""successful"":true,""response"":{""transactionId"":""7875159001""}}",,e3cc3a17-dd39-4fc5-bad3-7d2d3ac82fd0,429,1,235,2,1980000,1980000,0,0,"""{\""successful\"":true,\""response\"":{\""transactionId\"":\""7875159001\""}}""",0,0,2024-11-28 23:12:34,2024-12-03 00:14:19
456,6063065365,website,396,,pending,6063065365,,,3c94e62f-1bac-42a2-8d9a-61174c08cefc,530,1,232,2,2280000,2280000,0,0,,0,0,2024-11-29 00:22:05,2024-11-29 00:22:35
457,6516134315,website,396,,pending,6516134315,,,762ff053-8cc0-4acc-ba75-d88454edec82,530,1,232,2,2280000,2280000,0,0,,0,0,2024-11-29 06:54:00,2024-11-29 06:54:01
458,8666955885,website,420,,completed,8666955885,"{""successful"":true,""response"":{""transactionId"":""8666955885""}}",,bae004e6-62e0-41a2-9a45-80df0cccf21b,551,1,236,2,1980000,1980000,0,0,"""{\""successful\"":true,\""response\"":{\""transactionId\"":\""8666955885\""}}""",0,0,2024-11-29 08:14:13,2024-12-06 23:00:14
459,7321515110,website,420,,completed,7321515110,"{""successful"":true,""response"":{""transactionId"":""7321515110""}}",,12fa3874-ae63-466f-8c3e-093d33c5bb6a,552,1,236,2,1980000,1980000,0,0,"""{\""successful\"":true,\""response\"":{\""transactionId\"":\""7321515110\""}}""",0,0,2024-11-29 08:18:08,2024-12-06 23:00:03
460,3281139593,website,402,,pending,3281139593,,,af0adfe2-4fa2-4ee9-9855-5c997459f170,537,1,237,2,2480000,2480000,0,0,,0,0,2024-11-29 08:55:57,2024-11-29 08:55:58
461,9940416149,website,261,,declined,9940416149,,,623d5e80-5845-4786-b4cb-060e429a629d,342,1,145,2,17340000,17340000,0,0,"""{\""gt\"":\""{\\\""status\\\"":\\\""error\\\"",\\\""successful\\\"":false,\\\""statusCode\\\"":200,\\\""message\\\"":\\\""\\\\u062b\\\\u0628\\\\u062a \\\\u062f\\\\u0631\\\\u062e\\\\u0648\\\\u0627\\\\u0633\\\\u062a \\\\u062c\\\\u062f\\\\u06cc\\\\u062f \\\\u0645\\\\u0645\\\\u06a9\\\\u0646 \\\\u0646\\\\u06cc\\\\u0633\\\\u062a. \\\\u0644\\\\u0637\\\\u0641\\\\u0627\\\\u064b \\\\u0686\\\\u0646\\\\u062f \\\\u0644\\\\u062d\\\\u0638\\\\u0647\\\\u0654 \\\\u062f\\\\u06cc\\\\u06af\\\\u0631 \\\\u062f\\\\u0648\\\\u0628\\\\u0627\\\\u0631\\\\u0647 \\\\u062a\\\\u0644\\\\u0627\\\\u0634 \\\\u06a9\\\\u0646\\\\u06cc\\\\u062f.\\\"",\\\""url\\\"":\\\""https:\\\\\\\/\\\\\\\/api.snapppay.ir\\\\\\\/api\\\\\\\/online\\\\\\\/payment\\\\\\\/v1\\\\\\\/verify\\\"",\\\""args\\\"":{\\\""method\\\"":\\\""POST\\\"",\\\""body\\\"":\\\""{\\\\\\\""paymentToken\\\\\\\"":\\\\\\\""623d5e80-5845-4786-b4cb-060e429a629d\\\\\\\""}\\\"",\\\""headers\\\"":{\\\""Authorization\\\"":\\\""Authorization: Bearer eyJhbGciOiJSUzI1NiIsInR5cCI6IkpXVCJ9.eyJ1c2VyX25hbWUiOiJtb3VoZXItd2Vhci1wdXJjaGFzZSIsInNjb3BlIjpbIm9ubGluZS1tZXJjaGFudCJdLCJleHAiOjE3MzI5MDMyMDgsImlhdCI6MTczMjg2MDAwOCwiYXV0aG9yaXRpZXMiOlsiUk9MRV9VU0VSIl0sImp0aSI6ImtXN3N4TTJoTTdHckVuRkRlSTVqak5FUUJkVSIsImNsaWVudF9pZCI6Im1vdWhlci13ZWFyIn0.TThNkFYP57HvILO4LP9YLptXvJ54FxpXOTjJayYwj23nTO1d0e3V9gxBOOcTC7m3cjlR_fj3xbIi333I-pGGK7Ubq3x-leUCoeSebIwDIxCsxADWSZcnXgxN4ECeOnfMBoKuaA1nEan7ydjmwSpUKY5Aqwl5zzNrSGgLHraMA4YiIvPHZumNRyOTLbMYBBoX2ZL8ZevEbE8-H2Pncj64VBn03C2XRzsgwfHBWcxqUZ2CE6gKLFNpv9PIfTNMbQ4VHRTuCR9IkFDcK5H0A_7sIi--r5LsjzTHI5P8BRuCYYtCcy91W4k94asmkcXZvzIf0dzBb7l2xQIynWFdaOfp8Q\\\"",\\\""Content-Type\\\"":\\\""Content-Type: application\\\\\\\/json\\\"",\\\""user-agent\\\"":\\\""SnappPay, mouher-wear\\\""}}}\""}""",0,0,2024-11-29 09:27:33,2024-11-29 09:30:08
462,5407995387,website,261,,pending,5407995387,,,2bd3d612-eef6-487c-b9ed-803890eb7a1c,342,1,145,2,17340000,17340000,0,0,,0,0,2024-11-29 09:30:32,2024-11-29 09:30:33
463,6992407414,website,261,,pending,6992407414,,,ad29c086-4e6f-4e3c-8808-dab2c6ea67b1,342,1,145,2,17340000,17340000,0,0,,0,0,2024-11-29 09:31:08,2024-11-29 09:31:08
464,3548001558,website,261,,pending,3548001558,,,42be3be2-8eca-417e-ac43-57a63b937248,342,1,145,2,17340000,17340000,0,0,,0,0,2024-11-29 09:33:20,2024-11-29 09:33:21
465,5160055272,website,261,,declined,5160055272,,,9f68f1c8-f416-44c8-91ac-07ff5feca096,342,1,145,2,17340000,17340000,0,0,"""{\""gt\"":\""{\\\""status\\\"":\\\""error\\\"",\\\""successful\\\"":false,\\\""statusCode\\\"":400,\\\""message\\\"":\\\""\\\\u0648\\\\u0636\\\\u0639\\\\u06cc\\\\u062a \\\\u062a\\\\u0631\\\\u0627\\\\u06a9\\\\u0646\\\\u0634 \\\\u0628\\\\u0631\\\\u0627\\\\u06cc \\\\u0639\\\\u0645\\\\u0644\\\\u06cc\\\\u0627\\\\u062a \\\\u0645\\\\u0648\\\\u0631\\\\u062f\\\\u0646\\\\u0638\\\\u0631 \\\\u0646\\\\u0627\\\\u0645\\\\u0646\\\\u0627\\\\u0633\\\\u0628 \\\\u0627\\\\u0633\\\\u062a.\\\"",\\\""url\\\"":\\\""https:\\\\\\\/\\\\\\\/api.snapppay.ir\\\\\\\/api\\\\\\\/online\\\\\\\/payment\\\\\\\/v1\\\\\\\/verify\\\"",\\\""args\\\"":{\\\""method\\\"":\\\""POST\\\"",\\\""body\\\"":\\\""{\\\\\\\""paymentToken\\\\\\\"":\\\\\\\""9f68f1c8-f416-44c8-91ac-07ff5feca096\\\\\\\""}\\\"",\\\""headers\\\"":{\\\""Authorization\\\"":\\\""Authorization: Bearer eyJhbGciOiJSUzI1NiIsInR5cCI6IkpXVCJ9.eyJ1c2VyX25hbWUiOiJtb3VoZXItd2Vhci1wdXJjaGFzZSIsInNjb3BlIjpbIm9ubGluZS1tZXJjaGFudCJdLCJleHAiOjE3MzI5MDM4OTEsImlhdCI6MTczMjg2MDY5MSwiYXV0aG9yaXRpZXMiOlsiUk9MRV9VU0VSIl0sImp0aSI6ImQzZGRhcnFpYTdjN2NCejh1am1QYmRpZXdxVSIsImNsaWVudF9pZCI6Im1vdWhlci13ZWFyIn0.hZvWJq0RobSriY2eMEuc2XLP3JeajPFCPhRyjWdFM1QG2s56hx3v_1BPdLHIL3VUZfVzQXnbE4YFgHA_l3kxNueelwSJEbQUALbzmAy5v7fNMY2LIS3t9dsCcAMD6EpePl20r9YYfYBUEA5DiM2NojLJ6mDoYLr5qlsxhLMc5KwnFBe3fpL_DzG-FiDSchvIFCyfczumFtVqCO3oZIetevQgk6-ta1RMPd685XbdBMgd17_30OZb94nJ8RAKQpUjnEhsZwySmbZf1pdd2FiNzsmnyU7GjJd66lU3tQ5QDwbCTe0dAgPhUGAcbWB9adVKypvE4P7l1RDPP4nHFHQZYw\\\"",\\\""Content-Type\\\"":\\\""Content-Type: application\\\\\\\/json\\\"",\\\""user-agent\\\"":\\\""SnappPay, mouher-wear\\\""}}}\""}""",0,0,2024-11-29 09:40:51,2024-11-29 09:41:31
466,6627122228,website,425,,declined,6627122228,,,0e886567-9011-4491-a889-6352aada22a7,558,1,238,2,1980000,1980000,0,0,"""{\""gt\"":\""{\\\""status\\\"":\\\""error\\\"",\\\""successful\\\"":false,\\\""statusCode\\\"":400,\\\""message\\\"":\\\""\\\\u0648\\\\u0636\\\\u0639\\\\u06cc\\\\u062a \\\\u062a\\\\u0631\\\\u0627\\\\u06a9\\\\u0646\\\\u0634 \\\\u0628\\\\u0631\\\\u0627\\\\u06cc \\\\u0639\\\\u0645\\\\u0644\\\\u06cc\\\\u0627\\\\u062a \\\\u0645\\\\u0648\\\\u0631\\\\u062f\\\\u0646\\\\u0638\\\\u0631 \\\\u0646\\\\u0627\\\\u0645\\\\u0646\\\\u0627\\\\u0633\\\\u0628 \\\\u0627\\\\u0633\\\\u062a.\\\"",\\\""url\\\"":\\\""https:\\\\\\\/\\\\\\\/api.snapppay.ir\\\\\\\/api\\\\\\\/online\\\\\\\/payment\\\\\\\/v1\\\\\\\/verify\\\"",\\\""args\\\"":{\\\""method\\\"":\\\""POST\\\"",\\\""body\\\"":\\\""{\\\\\\\""paymentToken\\\\\\\"":\\\\\\\""0e886567-9011-4491-a889-6352aada22a7\\\\\\\""}\\\"",\\\""headers\\\"":{\\\""Authorization\\\"":\\\""Authorization: Bearer eyJhbGciOiJSUzI1NiIsInR5cCI6IkpXVCJ9.eyJ1c2VyX25hbWUiOiJtb3VoZXItd2Vhci1wdXJjaGFzZSIsInNjb3BlIjpbIm9ubGluZS1tZXJjaGFudCJdLCJleHAiOjE3MzI5MDg2OTYsImlhdCI6MTczMjg2NTQ5NiwiYXV0aG9yaXRpZXMiOlsiUk9MRV9VU0VSIl0sImp0aSI6IlJKbUltRkt0cVFfejA2ZG05NXhEclNSYThLUSIsImNsaWVudF9pZCI6Im1vdWhlci13ZWFyIn0.kDIr6hchu45XAxEwN5cJvQqfmmD7QsRJiaNHd7iAcBLy_XL3FDXgwrM84Jn6LB2vNwfVEvN3ZoyGyzhdsXue0ZHZvMdsntcO45Vj0RmEiBsv1ClX8ySn6NBrPrm8mdO7EDy5Q7jPVjldKuxRh3Dbql-8gAUrXBR_9Kc4kFk7UiwMXcxCRn_zmZKh0oaDIfCIB8_HPc703SGxht_hKrJpvtGStOlw4nXBIWqAElEBwnNAr65wCxlvna2IJl02zYJNdcwUQqGB26Jg6wmYzh__vfJjV3e5vqxubm_f3F7EVH2SvIhgXAjJdNvtTvf6bxuKbqgThuLk_GpuICyNRJ3sSg\\\"",\\\""Content-Type\\\"":\\\""Content-Type: application\\\\\\\/json\\\"",\\\""user-agent\\\"":\\\""SnappPay, mouher-wear\\\""}}}\""}""",0,0,2024-11-29 10:58:33,2024-11-29 11:01:37
467,2943565654,website,425,,pending,2943565654,,,84a70926-060a-45dc-a4ca-bac18f8d209f,558,1,238,2,1980000,1980000,0,0,,0,0,2024-11-29 11:03:26,2024-11-29 11:03:32
468,5594060866,website,425,,pending,5594060866,,,0a7ea27b-64c8-4c6e-bc4d-5c4328b2de54,558,1,238,2,1980000,1980000,0,0,,0,0,2024-11-29 11:04:29,2024-11-29 11:04:30
469,7422614892,website,427,,pending,7422614892,,,1aa6973c-f24a-471d-bcdf-da2b279de3d9,560,1,239,2,1980000,1980000,0,0,,0,0,2024-11-29 11:04:44,2024-11-29 11:04:44
470,7881031394,website,425,,pending,7881031394,,,e0370b02-6b45-4bbb-95c0-a408fcf0c7e0,558,1,238,2,1980000,1980000,0,0,,0,0,2024-11-29 11:05:31,2024-11-29 11:05:32
471,7043235848,website,425,,pending,7043235848,,,0a62dbf9-f8da-408b-a5ef-9e1d500d93ff,558,1,238,2,4160000,4160000,0,0,,0,0,2024-11-29 11:10:38,2024-11-29 11:10:39
472,5133320782,website,428,,pending,5133320782,,,2cd195c5-7f5e-4245-b044-3a2dbd6b2678,561,1,240,2,1980000,1980000,0,0,,0,0,2024-11-29 11:38:28,2024-11-29 11:38:30
473,8781397238,website,425,,completed,8781397238,"{""successful"":true,""response"":{""transactionId"":""8781397238""}}",,9ffcf5f4-66c9-4109-a26d-2dd05d756638,558,1,238,2,1980000,1980000,0,0,"""{\""successful\"":true,\""response\"":{\""transactionId\"":\""8781397238\""}}""",0,0,2024-11-29 12:12:22,2024-12-10 11:11:08
474,5064493914,website,432,,pending,5064493914,,,dea2978a-6e85-4d41-a314-fe79ebd2e864,566,1,241,2,1980000,1980000,0,0,,0,0,2024-11-29 12:28:34,2024-11-29 12:28:34
475,5718129132,website,265,,pending,5718129132,,,e84eb539-5e84-4f7f-a494-a07eb6479bf6,348,1,150,2,2380000,2380000,0,0,,0,0,2024-11-29 12:54:36,2024-11-29 12:54:37
476,1761271028,website,425,,declined,1761271028,,,db3b2bf3-db07-4a8a-a910-be74012d602f,564,1,238,2,2180000,2180000,0,0,"""{\""gt\"":\""{\\\""status\\\"":\\\""error\\\"",\\\""successful\\\"":false,\\\""statusCode\\\"":400,\\\""message\\\"":\\\""\\\\u0648\\\\u0636\\\\u0639\\\\u06cc\\\\u062a \\\\u062a\\\\u0631\\\\u0627\\\\u06a9\\\\u0646\\\\u0634 \\\\u0628\\\\u0631\\\\u0627\\\\u06cc \\\\u0639\\\\u0645\\\\u0644\\\\u06cc\\\\u0627\\\\u062a \\\\u0645\\\\u0648\\\\u0631\\\\u062f\\\\u0646\\\\u0638\\\\u0631 \\\\u0646\\\\u0627\\\\u0645\\\\u0646\\\\u0627\\\\u0633\\\\u0628 \\\\u0627\\\\u0633\\\\u062a.\\\"",\\\""url\\\"":\\\""https:\\\\\\\/\\\\\\\/api.snapppay.ir\\\\\\\/api\\\\\\\/online\\\\\\\/payment\\\\\\\/v1\\\\\\\/verify\\\"",\\\""args\\\"":{\\\""method\\\"":\\\""POST\\\"",\\\""body\\\"":\\\""{\\\\\\\""paymentToken\\\\\\\"":\\\\\\\""db3b2bf3-db07-4a8a-a910-be74012d602f\\\\\\\""}\\\"",\\\""headers\\\"":{\\\""Authorization\\\"":\\\""Authorization: Bearer eyJhbGciOiJSUzI1NiIsInR5cCI6IkpXVCJ9.eyJ1c2VyX25hbWUiOiJtb3VoZXItd2Vhci1wdXJjaGFzZSIsInNjb3BlIjpbIm9ubGluZS1tZXJjaGFudCJdLCJleHAiOjE3MzI5MTk1MjMsImlhdCI6MTczMjg3NjMyMywiYXV0aG9yaXRpZXMiOlsiUk9MRV9VU0VSIl0sImp0aSI6IkJxbExJaWpqNHcycWNuY3Q5MHdQd3VmQXMwZyIsImNsaWVudF9pZCI6Im1vdWhlci13ZWFyIn0.FgYD_tLnyCC7hwCeDP4tvz4U6sOGacuDms8i5taHOgb7K7mZXmSjXiAmBS7EXhXuflUWajOteIJyJBWq96z0txL8Mc1Bw-UK00Ca-r8Z5uFWf-dMHPb9kpxnSW7jgpTdnQmBMwMQrtsOWzCPBNwubuYPpjLquQZtktkVZN-csLiIKtHF1HebAX3k2-3QjNrTqY-kBIKf5W7iroj12vtAOs1j7n_6hJ9Qk9yNFYtS9CJe3HwtcCX7FhB7PgkQ1vgf7NX1H5ae9UTEF7MKnwYAMHVibE0EamIB1FhogL1QWvvZkfa_Bv2eD81lZWcvE2C_RHX0WcRZf4zkY1mdN_fmHA\\\"",\\\""Content-Type\\\"":\\\""Content-Type: application\\\\\\\/json\\\"",\\\""user-agent\\\"":\\\""SnappPay, mouher-wear\\\""}}}\""}""",0,0,2024-11-29 13:09:42,2024-11-29 14:02:03
477,4192032996,website,388,,pending,4192032996,,,bf3f5164-a800-44b2-974e-1cee3ef00ed3,521,2,230,2,2480000,2480000,0,0,,0,0,2024-11-29 13:18:55,2024-11-29 13:18:56
478,8984126557,website,433,,completed,8984126557,"{""successful"":true,""response"":{""transactionId"":""8984126557""}}",,4d3ab28d-6bf7-4df7-a5d5-0bb3cf39d343,567,1,242,2,2180000,2180000,0,0,"""{\""successful\"":true,\""response\"":{\""transactionId\"":\""8984126557\""}}""",0,0,2024-11-29 13:18:56,2024-12-03 00:15:34
479,1223591888,website,388,,pending,1223591888,,,a92cbb95-4634-4f68-bd26-79433ca7bf47,521,1,230,2,2480000,2480000,0,0,,0,0,2024-11-29 13:41:24,2024-11-29 13:41:25
480,9331703171,website,388,,declined,9331703171,,,fa4dcf81-6157-4fad-96aa-30e488c78036,521,2,230,2,2480000,2480000,0,0,"""{\""gt\"":\""{\\\""status\\\"":\\\""error\\\"",\\\""successful\\\"":false,\\\""statusCode\\\"":400,\\\""message\\\"":\\\""\\\\u0648\\\\u0636\\\\u0639\\\\u06cc\\\\u062a \\\\u062a\\\\u0631\\\\u0627\\\\u06a9\\\\u0646\\\\u0634 \\\\u0628\\\\u0631\\\\u0627\\\\u06cc \\\\u0639\\\\u0645\\\\u0644\\\\u06cc\\\\u0627\\\\u062a \\\\u0645\\\\u0648\\\\u0631\\\\u062f\\\\u0646\\\\u0638\\\\u0631 \\\\u0646\\\\u0627\\\\u0645\\\\u0646\\\\u0627\\\\u0633\\\\u0628 \\\\u0627\\\\u0633\\\\u062a.\\\"",\\\""url\\\"":\\\""https:\\\\\\\/\\\\\\\/api.snapppay.ir\\\\\\\/api\\\\\\\/online\\\\\\\/payment\\\\\\\/v1\\\\\\\/verify\\\"",\\\""args\\\"":{\\\""method\\\"":\\\""POST\\\"",\\\""body\\\"":\\\""{\\\\\\\""paymentToken\\\\\\\"":\\\\\\\""fa4dcf81-6157-4fad-96aa-30e488c78036\\\\\\\""}\\\"",\\\""headers\\\"":{\\\""Authorization\\\"":\\\""Authorization: Bearer eyJhbGciOiJSUzI1NiIsInR5cCI6IkpXVCJ9.eyJ1c2VyX25hbWUiOiJtb3VoZXItd2Vhci1wdXJjaGFzZSIsInNjb3BlIjpbIm9ubGluZS1tZXJjaGFudCJdLCJleHAiOjE3MzI5MTg3NDYsImlhdCI6MTczMjg3NTU0NiwiYXV0aG9yaXRpZXMiOlsiUk9MRV9VU0VSIl0sImp0aSI6IkctN1YzMHh5cU12clI5UHpjLTRHOUJ3NEkyTSIsImNsaWVudF9pZCI6Im1vdWhlci13ZWFyIn0.Yazf80--tyl-xGSShBu0_rO6sSuOvqLqEUC_PfL7AfM-5Tr7_cDHxY8aJCWq5TVmUZ3q8IpkmQaeGRlmY2h0ey-rFHt2m2ceoWZg4sIBbucqbhEEeiegAYMKx0X5NRulq6IsLvF5HNYaopzu6nb7u_VNhDLhymbgOO5Tc1CTIAco_26kC6o2MBFMkXLHdR42kWuVEpRf5BrRd2nAXmwDKljJDVw_hDE5E4ueg23CM9rEiGeyjsGbizUyCpVafgXwAUBFpf5n3TS5rvouqvFltSwZVpIcWMXN6dCYBPklet25JXxr2mXnkPaU279stTN4OJiML415QM41Qbl0bVfj3A\\\"",\\\""Content-Type\\\"":\\\""Content-Type: application\\\\\\\/json\\\"",\\\""user-agent\\\"":\\\""SnappPay, mouher-wear\\\""}}}\""}""",0,0,2024-11-29 13:41:40,2024-11-29 13:49:07
481,6316747204,website,436,,pending,6316747204,,,8acfe436-59e6-4aae-8d3f-65d38391291a,571,2,244,2,2280000,2280000,0,0,,0,0,2024-11-29 14:18:44,2024-11-29 14:18:45
482,7137214162,website,436,,declined,7137214162,,,1206b291-8987-4c90-a31a-c65c3cb973bf,571,2,244,2,2280000,2280000,0,0,"""{\""gt\"":\""{\\\""status\\\"":\\\""error\\\"",\\\""successful\\\"":false,\\\""statusCode\\\"":400,\\\""message\\\"":\\\""\\\\u0648\\\\u0636\\\\u0639\\\\u06cc\\\\u062a \\\\u062a\\\\u0631\\\\u0627\\\\u06a9\\\\u0646\\\\u0634 \\\\u0628\\\\u0631\\\\u0627\\\\u06cc \\\\u0639\\\\u0645\\\\u0644\\\\u06cc\\\\u0627\\\\u062a \\\\u0645\\\\u0648\\\\u0631\\\\u062f\\\\u0646\\\\u0638\\\\u0631 \\\\u0646\\\\u0627\\\\u0645\\\\u0646\\\\u0627\\\\u0633\\\\u0628 \\\\u0627\\\\u0633\\\\u062a.\\\"",\\\""url\\\"":\\\""https:\\\\\\\/\\\\\\\/api.snapppay.ir\\\\\\\/api\\\\\\\/online\\\\\\\/payment\\\\\\\/v1\\\\\\\/verify\\\"",\\\""args\\\"":{\\\""method\\\"":\\\""POST\\\"",\\\""body\\\"":\\\""{\\\\\\\""paymentToken\\\\\\\"":\\\\\\\""1206b291-8987-4c90-a31a-c65c3cb973bf\\\\\\\""}\\\"",\\\""headers\\\"":{\\\""Authorization\\\"":\\\""Authorization: Bearer eyJhbGciOiJSUzI1NiIsInR5cCI6IkpXVCJ9.eyJ1c2VyX25hbWUiOiJtb3VoZXItd2Vhci1wdXJjaGFzZSIsInNjb3BlIjpbIm9ubGluZS1tZXJjaGFudCJdLCJleHAiOjE3MzI5MjA2NzcsImlhdCI6MTczMjg3NzQ3NywiYXV0aG9yaXRpZXMiOlsiUk9MRV9VU0VSIl0sImp0aSI6InhhaG5uSkFDWDEyZ09hOWR0LU5uZ214akQwYyIsImNsaWVudF9pZCI6Im1vdWhlci13ZWFyIn0.Uce0O-NDKbs-fPiRUWRNBTo7yNtcJi-KnoMd2Y74R52Bt39wSTGz7AUEZnTlWb7LHSSM1HbWA5_agHDI-fnJKW1IvcEcU7RuTwcsUuqG-Pqm--pHfiT6esuZYTJPdxnlj89UOUPRrwE57rOK9crn0rBp4kvBlbJYWSiQ7O0rzewOkcl_mqeFWZypX3Nz7SF4DDmDa1gfO3mIagR6e8QZexHAchgAzhNdbo3UyI2bGqBvQDdk1VGh9OYYoSmadeBw7bHCmTZAynyaxJxKd-l8I6CC0u9P6e2TcaM-o7APQ6zUsnD_I8RkD--A_a7LpI_Mk-WPpg7Gkn1f2OL7RXBSQQ\\\"",\\\""Content-Type\\\"":\\\""Content-Type: application\\\\\\\/json\\\"",\\\""user-agent\\\"":\\\""SnappPay, mouher-wear\\\""}}}\""}""",0,0,2024-11-29 14:20:52,2024-11-29 14:21:17
483,2912291499,website,436,,pending,2912291499,,,af3c4891-2a86-4b32-b211-3642c262d016,571,2,244,2,2280000,2280000,0,0,,0,0,2024-11-29 14:22:24,2024-11-29 14:22:25
484,8093561739,website,437,,pending,8093561739,,,c29eb933-0cbd-4f66-bc8b-5e3e624a8d43,572,1,245,2,1580000,1580000,0,0,,0,0,2024-11-29 14:35:51,2024-11-29 14:35:52
485,5926569467,website,261,,pending,5926569467,,,ede8e8d9-e4b1-4210-80e4-ac80a2a98c9e,342,1,145,2,17340000,17340000,0,0,,0,0,2024-11-29 15:11:19,2024-11-29 15:11:21
486,3000544712,website,261,,pending,3000544712,,,03419f6b-c4db-4e8a-9b56-42cb3c04aa89,342,1,145,2,2480000,2480000,0,0,,0,0,2024-11-29 15:13:56,2024-11-29 15:13:57
487,8550518777,website,261,,pending,8550518777,,,d21a6556-ecf1-4de3-84bc-7a544d19501b,342,1,145,2,2480000,2480000,0,0,,0,0,2024-11-29 15:16:17,2024-11-29 15:16:18
488,5651691954,website,440,,pending,5651691954,,,22205008-cd19-4724-bc3a-de07264f68bd,575,1,246,2,1980000,1980000,0,0,,0,0,2024-11-29 15:30:09,2024-11-29 15:30:10
489,7302487577,website,337,,declined,7302487577,,,95fff0e3-f6a6-49d3-9c6d-4e59d26decca,443,2,247,2,2280000,2280000,0,0,"""{\""gt\"":\""{\\\""status\\\"":\\\""error\\\"",\\\""successful\\\"":false,\\\""statusCode\\\"":400,\\\""message\\\"":\\\""\\\\u0648\\\\u0636\\\\u0639\\\\u06cc\\\\u062a \\\\u062a\\\\u0631\\\\u0627\\\\u06a9\\\\u0646\\\\u0634 \\\\u0628\\\\u0631\\\\u0627\\\\u06cc \\\\u0639\\\\u0645\\\\u0644\\\\u06cc\\\\u0627\\\\u062a \\\\u0645\\\\u0648\\\\u0631\\\\u062f\\\\u0646\\\\u0638\\\\u0631 \\\\u0646\\\\u0627\\\\u0645\\\\u0646\\\\u0627\\\\u0633\\\\u0628 \\\\u0627\\\\u0633\\\\u062a.\\\"",\\\""url\\\"":\\\""https:\\\\\\\/\\\\\\\/api.snapppay.ir\\\\\\\/api\\\\\\\/online\\\\\\\/payment\\\\\\\/v1\\\\\\\/verify\\\"",\\\""args\\\"":{\\\""method\\\"":\\\""POST\\\"",\\\""body\\\"":\\\""{\\\\\\\""paymentToken\\\\\\\"":\\\\\\\""95fff0e3-f6a6-49d3-9c6d-4e59d26decca\\\\\\\""}\\\"",\\\""headers\\\"":{\\\""Authorization\\\"":\\\""Authorization: Bearer eyJhbGciOiJSUzI1NiIsInR5cCI6IkpXVCJ9.eyJ1c2VyX25hbWUiOiJtb3VoZXItd2Vhci1wdXJjaGFzZSIsInNjb3BlIjpbIm9ubGluZS1tZXJjaGFudCJdLCJleHAiOjE3MzI5MjYxOTIsImlhdCI6MTczMjg4Mjk5MiwiYXV0aG9yaXRpZXMiOlsiUk9MRV9VU0VSIl0sImp0aSI6Ik1SbmZUWUxQdWlRT0Z0Q0dNck5XMXZUeHZfbyIsImNsaWVudF9pZCI6Im1vdWhlci13ZWFyIn0.duMs2oa4B_YitV2yUwcNbIMN7KxANLi18QMHBBaIhVR-Cy2TS32g9VBOrLLTlOLnqn1Rz26MJaBQEF-omoUYtUyq4H63wFFvtpkjrNisD9yGyi1b87MRrCGhsuUloPgIE0tppptThFWA7P_Q5FRyxvAmvAbLlvrKM5EXVzQSjh3wFrnWCPOk-GMhgw8SaTvmFKcpFPoljEHVYt-_Ofu6Tkh2UthlatMyHInOxC9V4rTBz6fK_K06IGtoDaGqK-0iCENQv80418op8JKu6R_8KTrPcSQNYauXRBaJXMAr1825qHZfnL96WzPtN4T_umW4qZQBM98FyoEjAqNurN-4uA\\\"",\\\""Content-Type\\\"":\\\""Content-Type: application\\\\\\\/json\\\"",\\\""user-agent\\\"":\\\""SnappPay, mouher-wear\\\""}}}\""}""",0,0,2024-11-29 15:51:43,2024-11-29 15:53:13
490,4532617570,website,337,,pending,4532617570,,,de0b3485-93d5-4adc-9488-350e33371bfb,443,2,247,2,2280000,2280000,0,0,,0,0,2024-11-29 15:53:33,2024-11-29 15:53:34
491,7250365422,website,442,,pending,7250365422,,,bc474d2a-e20b-4d80-bab5-8552c807df14,577,1,248,2,1980000,1980000,0,0,,0,0,2024-11-29 16:13:58,2024-11-29 16:13:59
492,1808573949,website,443,,pending,1808573949,,,41cc1199-3e4b-49f7-b2bc-7424c9dbc313,578,2,249,2,2280000,2280000,0,0,,0,0,2024-11-29 16:18:00,2024-11-29 16:18:00
493,2857229823,website,446,,pending,2857229823,,,7434cdc8-437d-4fae-b38a-7aca2d25c650,581,1,250,2,1280000,1280000,0,0,,0,0,2024-11-29 17:22:10,2024-11-29 17:22:11
494,3530128638,website,445,,completed,3530128638,"{""successful"":true,""response"":{""transactionId"":""3530128638""}}",,c4e2e203-4288-4abc-843d-1eb6d0a72b0b,580,1,251,2,2280000,2280000,0,0,"""{\""successful\"":true,\""response\"":{\""transactionId\"":\""3530128638\""}}""",0,0,2024-11-29 17:47:28,2024-12-03 00:16:04
495,6820884480,website,452,,declined,6820884480,,,83b9b376-49e1-44b4-94a2-df4101f2b3dc,587,1,252,2,1880000,1880000,0,0,"""{\""gt\"":\""{\\\""status\\\"":\\\""error\\\"",\\\""successful\\\"":false,\\\""statusCode\\\"":400,\\\""message\\\"":\\\""\\\\u0648\\\\u0636\\\\u0639\\\\u06cc\\\\u062a \\\\u062a\\\\u0631\\\\u0627\\\\u06a9\\\\u0646\\\\u0634 \\\\u0628\\\\u0631\\\\u0627\\\\u06cc \\\\u0639\\\\u0645\\\\u0644\\\\u06cc\\\\u0627\\\\u062a \\\\u0645\\\\u0648\\\\u0631\\\\u062f\\\\u0646\\\\u0638\\\\u0631 \\\\u0646\\\\u0627\\\\u0645\\\\u0646\\\\u0627\\\\u0633\\\\u0628 \\\\u0627\\\\u0633\\\\u062a.\\\"",\\\""url\\\"":\\\""https:\\\\\\\/\\\\\\\/api.snapppay.ir\\\\\\\/api\\\\\\\/online\\\\\\\/payment\\\\\\\/v1\\\\\\\/verify\\\"",\\\""args\\\"":{\\\""method\\\"":\\\""POST\\\"",\\\""body\\\"":\\\""{\\\\\\\""paymentToken\\\\\\\"":\\\\\\\""83b9b376-49e1-44b4-94a2-df4101f2b3dc\\\\\\\""}\\\"",\\\""headers\\\"":{\\\""Authorization\\\"":\\\""Authorization: Bearer eyJhbGciOiJSUzI1NiIsInR5cCI6IkpXVCJ9.eyJ1c2VyX25hbWUiOiJtb3VoZXItd2Vhci1wdXJjaGFzZSIsInNjb3BlIjpbIm9ubGluZS1tZXJjaGFudCJdLCJleHAiOjE3MzI5MzUyNjEsImlhdCI6MTczMjg5MjA2MSwiYXV0aG9yaXRpZXMiOlsiUk9MRV9VU0VSIl0sImp0aSI6IjloMy12dWhId21WMm0wN252WHdqOXZXd1FnNCIsImNsaWVudF9pZCI6Im1vdWhlci13ZWFyIn0.QtBVQHRTNN-lVfDI5pO1XbdtuMSRPaD1Bdrtjblyd1j4VN3K4b9JSjE4K3yjifyAVGRTEiDzX79MWDFKI1LWOTuPD-FiSBtzDePbdBSHy-DtWIZ3mic7l5grf1_oxNUp5Brrx7NDRSU_wQRkFfV-OSaae_O-UsDGXM0bV_D3aj3LFAtXvKmaBNiV3EFcTL1YiMXlpg3N5a5iI_X0HwqDZcfXK30LJ1wI13gKNQ_o1llS1lX5_CAEOeSQhNvJKly4z9d-MdS43mtMWQQ-13jPASG_17303saNCfZ_WXlALBu_x4uSKifrQxKVaeLGeux1JraiVEM18SpdjSB3Yu7hRA\\\"",\\\""Content-Type\\\"":\\\""Content-Type: application\\\\\\\/json\\\"",\\\""user-agent\\\"":\\\""SnappPay, mouher-wear\\\""}}}\""}""",0,0,2024-11-29 18:22:26,2024-11-29 18:24:21
496,9419073378,website,401,,completed,9419073378,"{""successful"":true,""response"":{""transactionId"":""9419073378""}}",,22c86bb9-5364-4b88-800c-32d243fa0230,535,1,234,2,2380000,2380000,0,0,"""{\""successful\"":true,\""response\"":{\""transactionId\"":\""9419073378\""}}""",0,0,2024-11-29 18:54:08,2024-12-10 11:06:25
497,2963250484,website,423,,completed,2963250484,"{""successful"":true,""response"":{""transactionId"":""2963250484""}}",,5a0b8f88-28a9-47e9-874a-e67971cd4aec,556,1,254,2,2880000,2880000,0,0,"""{\""successful\"":true,\""response\"":{\""transactionId\"":\""2963250484\""}}""",0,0,2024-11-29 19:30:36,2024-12-03 00:16:44
498,2876912912,website,444,,declined,2876912912,,,1352ee0e-eb5b-4eb4-b31f-11f19c92fded,579,1,255,2,2380000,2380000,0,0,"""{\""gt\"":\""{\\\""status\\\"":\\\""error\\\"",\\\""successful\\\"":false,\\\""statusCode\\\"":400,\\\""message\\\"":\\\""\\\\u0648\\\\u0636\\\\u0639\\\\u06cc\\\\u062a \\\\u062a\\\\u0631\\\\u0627\\\\u06a9\\\\u0646\\\\u0634 \\\\u0628\\\\u0631\\\\u0627\\\\u06cc \\\\u0639\\\\u0645\\\\u0644\\\\u06cc\\\\u0627\\\\u062a \\\\u0645\\\\u0648\\\\u0631\\\\u062f\\\\u0646\\\\u0638\\\\u0631 \\\\u0646\\\\u0627\\\\u0645\\\\u0646\\\\u0627\\\\u0633\\\\u0628 \\\\u0627\\\\u0633\\\\u062a.\\\"",\\\""url\\\"":\\\""https:\\\\\\\/\\\\\\\/api.snapppay.ir\\\\\\\/api\\\\\\\/online\\\\\\\/payment\\\\\\\/v1\\\\\\\/verify\\\"",\\\""args\\\"":{\\\""method\\\"":\\\""POST\\\"",\\\""body\\\"":\\\""{\\\\\\\""paymentToken\\\\\\\"":\\\\\\\""1352ee0e-eb5b-4eb4-b31f-11f19c92fded\\\\\\\""}\\\"",\\\""headers\\\"":{\\\""Authorization\\\"":\\\""Authorization: Bearer eyJhbGciOiJSUzI1NiIsInR5cCI6IkpXVCJ9.eyJ1c2VyX25hbWUiOiJtb3VoZXItd2Vhci1wdXJjaGFzZSIsInNjb3BlIjpbIm9ubGluZS1tZXJjaGFudCJdLCJleHAiOjE3MzI5NDEyODIsImlhdCI6MTczMjg5ODA4MiwiYXV0aG9yaXRpZXMiOlsiUk9MRV9VU0VSIl0sImp0aSI6IjI0dGVCTlpQTjFNOWFpNFRnb2JFb2hrTUpJOCIsImNsaWVudF9pZCI6Im1vdWhlci13ZWFyIn0.kHpClL8tQgpN_lK9bSRq2G4M5gmPPzxslRL4hw6xRgEHwvwlUqngK__dV_sk33PDuv8Hh9ncvlTJa9gEX6ZFhBI4SrhxVGmD_usIy8B20A0jQRmoyYJlIs4jWzU8xGgd0tYENRi6moqp6jnFy1g0V8oC1yHQTQ__TCyQugBMj2EQKOcvNm1TsV6JSvam-aR-OMi3w-T326LyroTmyvjttFwUGmtMhxPPgVN5aHMnUF_RlA49eXgpXlF819B0HUNzVHJtiSBJ1KjroqO8rx3UXlHxqxY9PPtxEZOJrRjdPg8kGN8ptR_LOB69wbVbk-g3Mst2h6tVBviaJGNNvtSZrg\\\"",\\\""Content-Type\\\"":\\\""Content-Type: application\\\\\\\/json\\\"",\\\""user-agent\\\"":\\\""SnappPay, mouher-wear\\\""}}}\""}""",0,0,2024-11-29 20:04:09,2024-11-29 20:04:42
499,2143710229,website,444,,completed,2143710229,"{""successful"":true,""response"":{""transactionId"":""2143710229""}}",,d911c1e1-1e79-46e5-9900-b505c0515ba7,579,1,255,2,2380000,2380000,0,0,"""{\""successful\"":true,\""response\"":{\""transactionId\"":\""2143710229\""}}""",0,0,2024-11-29 20:05:02,2024-12-10 22:14:56
500,9247735366,website,436,,completed,9247735366,"{""successful"":true,""response"":{""transactionId"":""9247735366""}}",,656586a7-ef38-4548-a4a4-87646f8f748a,571,2,244,2,2280000,2280000,0,0,"""{\""successful\"":true,\""response\"":{\""transactionId\"":\""9247735366\""}}""",0,0,2024-11-29 20:15:08,2024-12-03 00:17:18
501,5623828561,website,449,,pending,5623828561,,,dd4bd253-9752-4bde-83b2-d1b6f967c612,583,1,256,2,2880000,2880000,0,0,,0,0,2024-11-29 20:21:45,2024-11-29 20:21:46
502,8755450661,website,388,,pending,8755450661,,,7e0fe031-32a1-497b-86cc-2e00bb757dea,521,1,230,2,2480000,2480000,0,0,,0,0,2024-11-29 20:24:44,2024-11-29 20:24:45
503,5471481137,website,458,,pending,5471481137,,,b6497e49-4cec-41a4-8a6e-76d2c9b8d36a,597,1,257,2,1480000,1480000,0,0,,0,0,2024-11-29 20:31:41,2024-11-29 20:31:42
504,3528147512,website,458,,completed,3528147512,"{""successful"":true,""response"":{""transactionId"":""3528147512""}}",,46090b17-5824-4cd3-9059-587efa32588e,597,1,257,2,1480000,1480000,0,0,"""{\""successful\"":true,\""response\"":{\""transactionId\"":\""3528147512\""}}""",0,0,2024-11-29 20:37:50,2024-12-09 14:14:37
505,7286087593,website,379,,completed,7286087593,"{""successful"":true,""response"":{""transactionId"":""7286087593""}}",,ca9858c4-16a9-4da3-b545-ce8645c412ca,524,1,224,2,1480000,1480000,0,0,"""{\""successful\"":true,\""response\"":{\""transactionId\"":\""7286087593\""}}""",0,0,2024-11-29 21:05:08,2024-12-03 00:21:01
506,2592063433,website,459,,pending,2592063433,,,d7b1cd85-840a-4666-98bb-b5fe24906c2c,599,2,258,2,1780000,1780000,0,0,,0,0,2024-11-29 21:36:42,2024-11-29 21:36:43
507,8214556635,website,459,,declined,8214556635,,,33a44a4a-0868-44e5-843d-7a7ca86281e4,599,2,258,2,1980000,1980000,0,0,"""{\""gt\"":\""{\\\""status\\\"":\\\""error\\\"",\\\""successful\\\"":false,\\\""statusCode\\\"":400,\\\""message\\\"":\\\""\\\\u0648\\\\u0636\\\\u0639\\\\u06cc\\\\u062a \\\\u062a\\\\u0631\\\\u0627\\\\u06a9\\\\u0646\\\\u0634 \\\\u0628\\\\u0631\\\\u0627\\\\u06cc \\\\u0639\\\\u0645\\\\u0644\\\\u06cc\\\\u0627\\\\u062a \\\\u0645\\\\u0648\\\\u0631\\\\u062f\\\\u0646\\\\u0638\\\\u0631 \\\\u0646\\\\u0627\\\\u0645\\\\u0646\\\\u0627\\\\u0633\\\\u0628 \\\\u0627\\\\u0633\\\\u062a.\\\"",\\\""url\\\"":\\\""https:\\\\\\\/\\\\\\\/api.snapppay.ir\\\\\\\/api\\\\\\\/online\\\\\\\/payment\\\\\\\/v1\\\\\\\/verify\\\"",\\\""args\\\"":{\\\""method\\\"":\\\""POST\\\"",\\\""body\\\"":\\\""{\\\\\\\""paymentToken\\\\\\\"":\\\\\\\""33a44a4a-0868-44e5-843d-7a7ca86281e4\\\\\\\""}\\\"",\\\""headers\\\"":{\\\""Authorization\\\"":\\\""Authorization: Bearer eyJhbGciOiJSUzI1NiIsInR5cCI6IkpXVCJ9.eyJ1c2VyX25hbWUiOiJtb3VoZXItd2Vhci1wdXJjaGFzZSIsInNjb3BlIjpbIm9ubGluZS1tZXJjaGFudCJdLCJleHAiOjE3MzI5NDc0NjMsImlhdCI6MTczMjkwNDI2MywiYXV0aG9yaXRpZXMiOlsiUk9MRV9VU0VSIl0sImp0aSI6InJhRnd1Y1JhSU5jZHZ6Y2taeGhoSVZSeE1HcyIsImNsaWVudF9pZCI6Im1vdWhlci13ZWFyIn0.eUNG8OLwqehM3rxvetzOwB_1xv2ko-MdH3zAMJoYdQMhan1-S8vIj62JQeypBLbopg2rgtRHhfy8H9yYe-1bNWvb9XJ8hwWfg4oq4T6jJu8b5mNKd_7hfqsCkRXfowA5ZUQmOBb05hsjASQpTr4AGhmGKpxrNYwPYAu2xUcJtTilVq3AZqk-TQlH3qtuD-xcyaXqFV0P_7JWAhGL6GOQ1YlHVsYOXatxebgClRfySDQk-CCrrudR1XmD05FcOYuIKdBSFlg33WQmzcWZe9gkOB-botq-qnW-0uKrcXcuMDcpiVVEm763kpAdG0yBTRSbTtO4nwK5yVXtZ5F_hSbCAw\\\"",\\\""Content-Type\\\"":\\\""Content-Type: application\\\\\\\/json\\\"",\\\""user-agent\\\"":\\\""SnappPay, mouher-wear\\\""}}}\""}""",0,0,2024-11-29 21:45:31,2024-11-29 21:47:43
508,3942877343,website,396,,completed,3942877343,"{""successful"":true,""response"":{""transactionId"":""3942877343""}}",,8d21be9c-cda7-4783-9f1f-02495b4725bb,530,1,232,2,2280000,2280000,0,0,"""{\""successful\"":true,\""response\"":{\""transactionId\"":\""3942877343\""}}""",0,0,2024-11-29 21:47:22,2024-12-10 11:15:11
509,7753203776,website,459,,declined,7753203776,,,5c4d557d-f453-4048-846c-c01d81b4c125,599,2,258,2,1980000,1980000,0,0,"""{\""gt\"":\""{\\\""status\\\"":\\\""error\\\"",\\\""successful\\\"":false,\\\""statusCode\\\"":400,\\\""message\\\"":\\\""\\\\u0648\\\\u0636\\\\u0639\\\\u06cc\\\\u062a \\\\u062a\\\\u0631\\\\u0627\\\\u06a9\\\\u0646\\\\u0634 \\\\u0628\\\\u0631\\\\u0627\\\\u06cc \\\\u0639\\\\u0645\\\\u0644\\\\u06cc\\\\u0627\\\\u062a \\\\u0645\\\\u0648\\\\u0631\\\\u062f\\\\u0646\\\\u0638\\\\u0631 \\\\u0646\\\\u0627\\\\u0645\\\\u0646\\\\u0627\\\\u0633\\\\u0628 \\\\u0627\\\\u0633\\\\u062a.\\\"",\\\""url\\\"":\\\""https:\\\\\\\/\\\\\\\/api.snapppay.ir\\\\\\\/api\\\\\\\/online\\\\\\\/payment\\\\\\\/v1\\\\\\\/verify\\\"",\\\""args\\\"":{\\\""method\\\"":\\\""POST\\\"",\\\""body\\\"":\\\""{\\\\\\\""paymentToken\\\\\\\"":\\\\\\\""5c4d557d-f453-4048-846c-c01d81b4c125\\\\\\\""}\\\"",\\\""headers\\\"":{\\\""Authorization\\\"":\\\""Authorization: Bearer eyJhbGciOiJSUzI1NiIsInR5cCI6IkpXVCJ9.eyJ1c2VyX25hbWUiOiJtb3VoZXItd2Vhci1wdXJjaGFzZSIsInNjb3BlIjpbIm9ubGluZS1tZXJjaGFudCJdLCJleHAiOjE3MzI5NDc2ODYsImlhdCI6MTczMjkwNDQ4NiwiYXV0aG9yaXRpZXMiOlsiUk9MRV9VU0VSIl0sImp0aSI6IlhVeG9TekpuWWdRTWRyTkdvWTVrQzVKR1NzayIsImNsaWVudF9pZCI6Im1vdWhlci13ZWFyIn0.ULGXvTbS4jFb5zmIm6aImKvhR0_VChiDqpfmlAbnj0matHSF0tMO5zyqnaDgacSYFkWFFBjOQ9rQG6MlrOZ9hg3_7NPezHRAMFWS0i70SBQZWH6h4XECTrYLgxJtq-vGZnbzG2hVlfazVYgM3q6ChHX89VwhX8T0z-O-9ruVqsWSoQY1VQSmw5XOozHj20MzX4CZaN0H5EfzdzCBexx-Nu27rGSilaX7GDcvM_pXC_dd3xjXDQYNFBOJStM8JI8BeI5lE4lGHsUwP_-tOqGw3P763TqudFgRt5EjJCbTCigp5DxGEfqAHAK1OsxIe_TleIoTsFoEKKz_4Wm3hh0GrA\\\"",\\\""Content-Type\\\"":\\\""Content-Type: application\\\\\\\/json\\\"",\\\""user-agent\\\"":\\\""SnappPay, mouher-wear\\\""}}}\""}""",0,0,2024-11-29 21:49:36,2024-11-29 21:51:26
510,5794493036,website,459,,declined,5794493036,,,4e39b879-ae56-433d-b371-b6fe3e95e60e,599,1,258,2,1980000,1980000,0,0,"""{\""gt\"":\""{\\\""status\\\"":\\\""error\\\"",\\\""successful\\\"":false,\\\""statusCode\\\"":400,\\\""message\\\"":\\\""\\\\u0648\\\\u0636\\\\u0639\\\\u06cc\\\\u062a \\\\u062a\\\\u0631\\\\u0627\\\\u06a9\\\\u0646\\\\u0634 \\\\u0628\\\\u0631\\\\u0627\\\\u06cc \\\\u0639\\\\u0645\\\\u0644\\\\u06cc\\\\u0627\\\\u062a \\\\u0645\\\\u0648\\\\u0631\\\\u062f\\\\u0646\\\\u0638\\\\u0631 \\\\u0646\\\\u0627\\\\u0645\\\\u0646\\\\u0627\\\\u0633\\\\u0628 \\\\u0627\\\\u0633\\\\u062a.\\\"",\\\""url\\\"":\\\""https:\\\\\\\/\\\\\\\/api.snapppay.ir\\\\\\\/api\\\\\\\/online\\\\\\\/payment\\\\\\\/v1\\\\\\\/verify\\\"",\\\""args\\\"":{\\\""method\\\"":\\\""POST\\\"",\\\""body\\\"":\\\""{\\\\\\\""paymentToken\\\\\\\"":\\\\\\\""4e39b879-ae56-433d-b371-b6fe3e95e60e\\\\\\\""}\\\"",\\\""headers\\\"":{\\\""Authorization\\\"":\\\""Authorization: Bearer eyJhbGciOiJSUzI1NiIsInR5cCI6IkpXVCJ9.eyJ1c2VyX25hbWUiOiJtb3VoZXItd2Vhci1wdXJjaGFzZSIsInNjb3BlIjpbIm9ubGluZS1tZXJjaGFudCJdLCJleHAiOjE3MzI5NDgzMTcsImlhdCI6MTczMjkwNTExNywiYXV0aG9yaXRpZXMiOlsiUk9MRV9VU0VSIl0sImp0aSI6IlZJNVozMGZ4dW9WWFRvTnpyUk91YVRaUXpsVSIsImNsaWVudF9pZCI6Im1vdWhlci13ZWFyIn0.ctfJccKYcd8fz3-p0MPQ0rEL8ICMDOWEcVLdx9FCyJwq8MgAzGKkJdQY4DySHe4Qbr-i6Un7Yt_h7ssnI4e2StbJEuwz0hwUNXPWJzYHdZlZWxdQE3Vhb1k5jnc3EIsGp9P_ctJrXqfvayDW-5VrZpC8qJKaYcJdIrubS5Tl8lp0zXYSbDw9YDWzMy1BAxsNLLr8qj9anoNRtXvdwGIsIJ6pD46s6eYIxWpGCyOAR8IAzFlEGwTZXE3GBCuBhXJkHe2AWV9X5d56MDHno_hV9XkNqqprKgd8dZgn9IgcwdfyG9YXm63QD5PErQrnMDbERIHzFa91o-Z3f4MrPjpZBA\\\"",\\\""Content-Type\\\"":\\\""Content-Type: application\\\\\\\/json\\\"",\\\""user-agent\\\"":\\\""SnappPay, mouher-wear\\\""}}}\""}""",0,0,2024-11-29 22:00:59,2024-11-29 22:01:57
511,9745705430,website,463,,pending,9745705430,,,186691f1-68df-4a5a-a7af-3a4721947188,605,2,259,2,2280000,2280000,0,0,,0,0,2024-11-29 22:54:26,2024-11-29 22:54:27
512,3981113882,website,388,,pending,3981113882,,,458da632-888e-4d22-ba53-cc8e54c01468,521,2,230,2,2480000,2480000,0,0,,0,0,2024-11-30 09:05:49,2024-11-30 09:05:49
513,7671190754,website,388,,completed,7671190754,"{""successful"":true,""response"":{""transactionId"":""7671190754""}}",,cdbf8146-68b1-446c-93cb-5787330bcfb1,521,2,230,2,2480000,2480000,0,0,"""{\""successful\"":true,\""response\"":{\""transactionId\"":\""7671190754\""}}""",0,0,2024-11-30 09:06:20,2024-12-10 22:15:18
514,8136892493,website,54,,declined,8136892493,,,fed7c60e-428f-4891-8d1c-f62c5cf1f5ee,487,1,216,2,1580000,1580000,0,0,"""{\""gt\"":\""{\\\""status\\\"":\\\""error\\\"",\\\""successful\\\"":false,\\\""statusCode\\\"":200,\\\""message\\\"":\\\""\\\\u062b\\\\u0628\\\\u062a \\\\u062f\\\\u0631\\\\u062e\\\\u0648\\\\u0627\\\\u0633\\\\u062a \\\\u062c\\\\u062f\\\\u06cc\\\\u062f \\\\u0645\\\\u0645\\\\u06a9\\\\u0646 \\\\u0646\\\\u06cc\\\\u0633\\\\u062a. \\\\u0644\\\\u0637\\\\u0641\\\\u0627\\\\u064b \\\\u0686\\\\u0646\\\\u062f \\\\u0644\\\\u062d\\\\u0638\\\\u0647\\\\u0654 \\\\u062f\\\\u06cc\\\\u06af\\\\u0631 \\\\u062f\\\\u0648\\\\u0628\\\\u0627\\\\u0631\\\\u0647 \\\\u062a\\\\u0644\\\\u0627\\\\u0634 \\\\u06a9\\\\u0646\\\\u06cc\\\\u062f.\\\"",\\\""url\\\"":\\\""https:\\\\\\\/\\\\\\\/api.snapppay.ir\\\\\\\/api\\\\\\\/online\\\\\\\/payment\\\\\\\/v1\\\\\\\/verify\\\"",\\\""args\\\"":{\\\""method\\\"":\\\""POST\\\"",\\\""body\\\"":\\\""{\\\\\\\""paymentToken\\\\\\\"":\\\\\\\""fed7c60e-428f-4891-8d1c-f62c5cf1f5ee\\\\\\\""}\\\"",\\\""headers\\\"":{\\\""Authorization\\\"":\\\""Authorization: Bearer eyJhbGciOiJSUzI1NiIsInR5cCI6IkpXVCJ9.eyJ1c2VyX25hbWUiOiJtb3VoZXItd2Vhci1wdXJjaGFzZSIsInNjb3BlIjpbIm9ubGluZS1tZXJjaGFudCJdLCJleHAiOjE3MzI5OTcyNjUsImlhdCI6MTczMjk1NDA2NSwiYXV0aG9yaXRpZXMiOlsiUk9MRV9VU0VSIl0sImp0aSI6IjE0X3l0RlE3bGtEQ20xUGxVQTlNc1JHbEI3QSIsImNsaWVudF9pZCI6Im1vdWhlci13ZWFyIn0.gYxBo_zuB8ACY9OGaxFb00fs4fRMnOywcnc5NrcTvKIVAY1hon_TZo9iF4GbGXeE1BKOVRcufh7z1f-T6WFgDhhPD5VaeEoNxPQEBXsI6Qnl8S2ASwwjuW0guVlk2aOKVRd7RHi3gajafX-_2eekdIEy1A6JRsipIiphkR8gdt7VaQupBC5sr8n3SKAsgo4Wi85pWgEA6LFRnbTLraQxgoMNxuAO6m8GUr6TN3-kB7S5y1gtL-KY8c8OpF3x6qx0R6lROLyd0j1QzI44NtZBHb2S5PcUDFSAOcqZvnz4c5msXcCM3BBK8WdmjepG1t4VSOxMughsLM7fI6JjbV1uww\\\"",\\\""Content-Type\\\"":\\\""Content-Type: application\\\\\\\/json\\\"",\\\""user-agent\\\"":\\\""SnappPay, mouher-wear\\\""}}}\""}""",0,0,2024-11-30 11:35:12,2024-11-30 11:37:45
515,1260951194,website,54,,completed,1260951194,"{""successful"":true,""response"":{""transactionId"":""1260951194""}}",,8cf66eee-29ad-4dcd-b71d-2d3e9df2842c,487,1,216,2,1580000,1580000,0,0,"{""notes"":null}",0,0,2024-11-30 11:45:46,2024-12-10 22:16:09
516,8596829390,website,469,,completed,8596829390,"{""successful"":true,""response"":{""transactionId"":""8596829390""}}",,48a04879-5696-4779-84dd-d46df68d4465,611,1,262,2,2880000,2880000,0,0,"""{\""successful\"":true,\""response\"":{\""transactionId\"":\""8596829390\""}}""",0,0,2024-11-30 13:01:01,2024-12-11 15:43:33
517,8220861065,website,219,,completed,8220861065,"{""successful"":true,""response"":{""transactionId"":""8220861065""}}",,5f4eaa66-8d99-402b-8121-65807cf761e9,288,1,190,2,2880000,2880000,0,0,"""{\""successful\"":true,\""response\"":{\""transactionId\"":\""8220861065\""}}""",0,0,2024-11-30 18:10:44,2024-12-10 22:19:32
518,4258730221,website,422,,pending,4258730221,,,a5970472-d346-4c62-9ee6-f8ec2793af7a,555,2,263,2,2880000,2880000,0,0,,0,0,2024-11-30 20:57:23,2024-11-30 20:57:24
519,2983106442,website,474,,pending,2983106442,,,5acfeb83-23f9-40e5-8b35-92d5533a1414,618,1,264,2,2880000,2880000,0,0,,0,0,2024-11-30 21:03:59,2024-11-30 21:04:00
520,9033304268,website,422,,completed,9033304268,"{""successful"":true,""response"":{""transactionId"":""9033304268""}}",,8e7cf26b-7015-43a6-a95e-52cbb64cb472,555,2,263,2,2880000,2880000,0,0,"""{\""successful\"":true,\""response\"":{\""transactionId\"":\""9033304268\""}}""",0,0,2024-12-01 00:34:57,2024-12-01 21:24:38
521,1406272338,website,481,,completed,1406272338,"{""successful"":true,""response"":{""transactionId"":""1406272338""}}",,153c69f5-a6a4-42c7-a50a-61f288ffd18d,626,2,265,2,2880000,2880000,0,0,"""{\""successful\"":true,\""response\"":{\""transactionId\"":\""1406272338\""}}""",0,0,2024-12-01 14:49:25,2024-12-10 22:19:56
522,6708827942,website,419,,completed,6708827942,"{""successful"":true,""response"":{""transactionId"":""6708827942""}}",,61f01196-1960-441b-8676-5805f1fc96a9,550,2,266,2,2960000,2960000,0,0,"""{\""successful\"":true,\""response\"":{\""transactionId\"":\""6708827942\""}}""",0,0,2024-12-01 15:17:10,2024-12-10 22:20:11
523,2110479710,website,484,,pending,2110479710,,,817deadf-2ea1-4300-83a0-4ec15b013f47,631,1,268,2,2280000,2280000,0,0,,0,0,2024-12-01 15:55:04,2024-12-01 15:55:04
524,2453511749,website,483,,pending,2453511749,,,833da400-c8b7-476b-a9dd-4e8187743816,630,1,267,2,2880000,2880000,0,0,,0,0,2024-12-01 20:11:46,2024-12-01 20:11:47
525,4120859239,website,482,,completed,4120859239,"{""successful"":true,""response"":{""transactionId"":""4120859239""}}",,a88a00e7-2329-4865-8f79-7c7fe7ba443e,628,2,269,2,1980000,1980000,0,0,"""{\""successful\"":true,\""response\"":{\""transactionId\"":\""4120859239\""}}""",0,0,2024-12-01 20:13:00,2024-12-10 10:59:35
526,2197786851,website,346,,pending,2197786851,,,cc6d56a8-159b-406a-8fbc-f0c8773f0780,455,1,200,2,2880000,2880000,0,0,,0,0,2024-12-01 22:09:34,2024-12-01 22:09:34
527,2171442101,website,486,,declined,2171442101,,,d1d16a2b-1d21-4616-862b-6281ebc9ac38,635,2,270,2,2280000,2280000,0,0,"""{\""gt\"":\""{\\\""status\\\"":\\\""error\\\"",\\\""successful\\\"":false,\\\""statusCode\\\"":400,\\\""message\\\"":\\\""\\\\u0648\\\\u0636\\\\u0639\\\\u06cc\\\\u062a \\\\u062a\\\\u0631\\\\u0627\\\\u06a9\\\\u0646\\\\u0634 \\\\u0628\\\\u0631\\\\u0627\\\\u06cc \\\\u0639\\\\u0645\\\\u0644\\\\u06cc\\\\u0627\\\\u062a \\\\u0645\\\\u0648\\\\u0631\\\\u062f\\\\u0646\\\\u0638\\\\u0631 \\\\u0646\\\\u0627\\\\u0645\\\\u0646\\\\u0627\\\\u0633\\\\u0628 \\\\u0627\\\\u0633\\\\u062a.\\\"",\\\""url\\\"":\\\""https:\\\\\\\/\\\\\\\/api.snapppay.ir\\\\\\\/api\\\\\\\/online\\\\\\\/payment\\\\\\\/v1\\\\\\\/verify\\\"",\\\""args\\\"":{\\\""method\\\"":\\\""POST\\\"",\\\""body\\\"":\\\""{\\\\\\\""paymentToken\\\\\\\"":\\\\\\\""d1d16a2b-1d21-4616-862b-6281ebc9ac38\\\\\\\""}\\\"",\\\""headers\\\"":{\\\""Authorization\\\"":\\\""Authorization: Bearer eyJhbGciOiJSUzI1NiIsInR5cCI6IkpXVCJ9.eyJ1c2VyX25hbWUiOiJtb3VoZXItd2Vhci1wdXJjaGFzZSIsInNjb3BlIjpbIm9ubGluZS1tZXJjaGFudCJdLCJleHAiOjE3MzMxMjg0MDQsImlhdCI6MTczMzA4NTIwNCwiYXV0aG9yaXRpZXMiOlsiUk9MRV9VU0VSIl0sImp0aSI6InVmTjNRYUxZWWJ2TkFCakJlakU3aExaLXozSSIsImNsaWVudF9pZCI6Im1vdWhlci13ZWFyIn0.DVu0lloJ86j74a8M91t0xL8L8w8heblwp746o04XVl4mtlmE_j3OMiXePPq8DEM52QCsAfXQ3pO30Gy2oLdh72v8EZK8X6LSMdh9KWT6FnXcKD2n4AM5BI4t2mCT4UQWlSHQ8L0dC4mZZNzgCADItExb-5t2wiRR0C9DWgqEfm6aP7ZbUXILmwxoo-vrcL0MldXO82d6Y4p5Fq06KnG72UfqlEtwLEAwo3MsTy1jIEDA0EDoyxnIei3vyeL62VhXr4ByuUDZJ8ibltXYe0ICiUl-IIoc6j0dpPirzlnA5OHte0tdyXeGuqTDw5yzwKvi3dzXOujqaxXBw7uHSlwF4Q\\\"",\\\""Content-Type\\\"":\\\""Content-Type: application\\\\\\\/json\\\"",\\\""user-agent\\\"":\\\""SnappPay, mouher-wear\\\""}}}\""}""",0,0,2024-12-02 00:02:38,2024-12-02 00:03:24
528,6594830712,website,486,,pending,6594830712,,,0b7e5a60-5eba-4501-bd4c-86b8d2ecb072,635,2,270,2,2280000,2280000,0,0,,0,0,2024-12-02 00:03:48,2024-12-02 00:03:48
529,7514309532,website,265,,declined,7514309532,,,871e4eca-0d51-43a3-b76f-fd1b6a638702,348,1,150,2,2380000,2380000,0,0,"""{\""gt\"":\""{\\\""status\\\"":\\\""error\\\"",\\\""successful\\\"":false,\\\""statusCode\\\"":400,\\\""message\\\"":\\\""\\\\u0648\\\\u0636\\\\u0639\\\\u06cc\\\\u062a \\\\u062a\\\\u0631\\\\u0627\\\\u06a9\\\\u0646\\\\u0634 \\\\u0628\\\\u0631\\\\u0627\\\\u06cc \\\\u0639\\\\u0645\\\\u0644\\\\u06cc\\\\u0627\\\\u062a \\\\u0645\\\\u0648\\\\u0631\\\\u062f\\\\u0646\\\\u0638\\\\u0631 \\\\u0646\\\\u0627\\\\u0645\\\\u0646\\\\u0627\\\\u0633\\\\u0628 \\\\u0627\\\\u0633\\\\u062a.\\\"",\\\""url\\\"":\\\""https:\\\\\\\/\\\\\\\/api.snapppay.ir\\\\\\\/api\\\\\\\/online\\\\\\\/payment\\\\\\\/v1\\\\\\\/verify\\\"",\\\""args\\\"":{\\\""method\\\"":\\\""POST\\\"",\\\""body\\\"":\\\""{\\\\\\\""paymentToken\\\\\\\"":\\\\\\\""871e4eca-0d51-43a3-b76f-fd1b6a638702\\\\\\\""}\\\"",\\\""headers\\\"":{\\\""Authorization\\\"":\\\""Authorization: Bearer eyJhbGciOiJSUzI1NiIsInR5cCI6IkpXVCJ9.eyJ1c2VyX25hbWUiOiJtb3VoZXItd2Vhci1wdXJjaGFzZSIsInNjb3BlIjpbIm9ubGluZS1tZXJjaGFudCJdLCJleHAiOjE3MzMxNjE5MTAsImlhdCI6MTczMzExODcxMCwiYXV0aG9yaXRpZXMiOlsiUk9MRV9VU0VSIl0sImp0aSI6InVzSHRKMWRDR25FdnpQUTVBR3ZqOV9IU2dPQSIsImNsaWVudF9pZCI6Im1vdWhlci13ZWFyIn0.hiYleigyJDLvScFyCdD4ZPkFOGCwMeXdqFZQ3dRtTX1wCM-9KnE8pznIuXdzdSX1Qt2nAekko-2AhD4UW1ZbJJYY9tgl1m0mCKhmO1ubwVTpC0i2DhxXDEtns3aPEFMD6-HiRNN-Tdu1uIvXdqIvJVrrcy7fvNP2tTSL-QOG_mkqFgOGg6qRErAyaH4Uw5u0coX_Cv8wFix2MKUkEdFe_xO-131teffR-Umk7pZlRUqIvy8d4g0GPArfFARaZ4fEVyo75Gvj0xCOAk2cp8tjMpmfQ-JJcspRmDQDYzFQ2ZqxWC_tyeCiWp6aBzzhNiVd3Aju12oNrznGW9pWLd3Lkg\\\"",\\\""Content-Type\\\"":\\\""Content-Type: application\\\\\\\/json\\\"",\\\""user-agent\\\"":\\\""SnappPay, mouher-wear\\\""}}}\""}""",0,0,2024-12-02 09:21:28,2024-12-02 09:21:50
530,3808880178,website,337,,declined,3808880178,,,5858c408-48e3-4144-803c-0d3215790457,443,2,247,2,1980000,1980000,0,0,"""{\""gt\"":\""{\\\""status\\\"":\\\""error\\\"",\\\""successful\\\"":false,\\\""statusCode\\\"":400,\\\""message\\\"":\\\""\\\\u0648\\\\u0636\\\\u0639\\\\u06cc\\\\u062a \\\\u062a\\\\u0631\\\\u0627\\\\u06a9\\\\u0646\\\\u0634 \\\\u0628\\\\u0631\\\\u0627\\\\u06cc \\\\u0639\\\\u0645\\\\u0644\\\\u06cc\\\\u0627\\\\u062a \\\\u0645\\\\u0648\\\\u0631\\\\u062f\\\\u0646\\\\u0638\\\\u0631 \\\\u0646\\\\u0627\\\\u0645\\\\u0646\\\\u0627\\\\u0633\\\\u0628 \\\\u0627\\\\u0633\\\\u062a.\\\"",\\\""url\\\"":\\\""https:\\\\\\\/\\\\\\\/api.snapppay.ir\\\\\\\/api\\\\\\\/online\\\\\\\/payment\\\\\\\/v1\\\\\\\/verify\\\"",\\\""args\\\"":{\\\""method\\\"":\\\""POST\\\"",\\\""body\\\"":\\\""{\\\\\\\""paymentToken\\\\\\\"":\\\\\\\""5858c408-48e3-4144-803c-0d3215790457\\\\\\\""}\\\"",\\\""headers\\\"":{\\\""Authorization\\\"":\\\""Authorization: Bearer eyJhbGciOiJSUzI1NiIsInR5cCI6IkpXVCJ9.eyJ1c2VyX25hbWUiOiJtb3VoZXItd2Vhci1wdXJjaGFzZSIsInNjb3BlIjpbIm9ubGluZS1tZXJjaGFudCJdLCJleHAiOjE3MzMxNzgxNDQsImlhdCI6MTczMzEzNDk0NCwiYXV0aG9yaXRpZXMiOlsiUk9MRV9VU0VSIl0sImp0aSI6InUwa0VMMUFEUDRJZXJWNlF0QjVlYS1FRkp1RSIsImNsaWVudF9pZCI6Im1vdWhlci13ZWFyIn0.Y3Wi6a0I9fLGjsmjBLh8VedRuB_jn4WXBI4jOqh8EX3fsM0GbWoOMkduaZCnhz3_XmflYGKeNLRuX6wDUmr26d9b5b6s89w5CI0IFwicoGlA_N0TtYF0KTZP416EdVeaLbKUrFarOX5vuP9OQ_ynvBDwS_pa8bvue8ydx3W2EjIRcAKxWuX1EsDrKw5VpVkWUcAQDV3FE49APn3foLmvXo9y-2cq4JG4EWTudldT6oanwIbqwW8q5oxohasdSkPxvZwlRfoRVVvbwSHivC4z0TADQjlwIeECyjmy0caAh3d6Uzg8enL1hNO9SfFwJIJSxZw51-6-bGSpKmxjTKcN_A\\\"",\\\""Content-Type\\\"":\\\""Content-Type: application\\\\\\\/json\\\"",\\\""user-agent\\\"":\\\""SnappPay, mouher-wear\\\""}}}\""}""",0,0,2024-12-02 13:51:03,2024-12-02 13:52:24
531,3942309866,website,488,,completed,3942309866,"{""successful"":true,""response"":{""transactionId"":""3942309866""}}",,e2397a3b-849e-46c3-9ec9-269b00513b2d,637,1,271,2,2780000,2780000,0,0,"""{\""successful\"":true,\""response\"":{\""transactionId\"":\""3942309866\""}}""",0,0,2024-12-02 16:04:27,2024-12-10 12:24:34
532,5242537464,website,496,,pending,5242537464,,,c8102896-140f-4ec4-bdcb-70c40410a038,646,1,273,2,1880000,1880000,0,0,,0,0,2024-12-03 06:19:54,2024-12-03 06:19:54
533,6856571624,website,498,,pending,6856571624,,,edabfe0e-b0b6-4af3-a454-482e5b7eb09d,647,2,274,2,3660000,3660000,0,0,,0,0,2024-12-03 12:52:11,2024-12-03 12:52:12
534,4390469853,website,475,,pending,4390469853,,,9c405a87-b8a9-4480-ac98-1bd61d6a9e86,619,1,272,2,2660000,2660000,0,0,,0,0,2024-12-03 13:08:03,2024-12-03 13:08:04
535,3112689798,website,475,,pending,3112689798,,,e293207b-93ff-413f-b3f2-461c560c20f2,619,1,272,2,2660000,2660000,0,0,,0,0,2024-12-03 13:23:44,2024-12-03 13:23:44
536,3726534279,website,475,,completed,3726534279,"{""successful"":true,""response"":{""transactionId"":""3726534279""}}",,6511af6d-0a08-4a72-8189-a7515ceb4909,619,1,272,2,2660000,2660000,0,0,"""{\""successful\"":true,\""response\"":{\""transactionId\"":\""3726534279\""}}""",0,0,2024-12-03 13:46:38,2024-12-10 11:34:19
537,3568640193,website,235,,declined,3568640193,,,935aab0d-4d45-443a-b1cf-4804f00cc25a,308,1,126,2,2980000,2980000,0,0,"""{\""gt\"":\""{\\\""status\\\"":\\\""error\\\"",\\\""successful\\\"":false,\\\""statusCode\\\"":400,\\\""message\\\"":\\\""\\\\u0648\\\\u0636\\\\u0639\\\\u06cc\\\\u062a \\\\u062a\\\\u0631\\\\u0627\\\\u06a9\\\\u0646\\\\u0634 \\\\u0628\\\\u0631\\\\u0627\\\\u06cc \\\\u0639\\\\u0645\\\\u0644\\\\u06cc\\\\u0627\\\\u062a \\\\u0645\\\\u0648\\\\u0631\\\\u062f\\\\u0646\\\\u0638\\\\u0631 \\\\u0646\\\\u0627\\\\u0645\\\\u0646\\\\u0627\\\\u0633\\\\u0628 \\\\u0627\\\\u0633\\\\u062a.\\\"",\\\""url\\\"":\\\""https:\\\\\\\/\\\\\\\/api.snapppay.ir\\\\\\\/api\\\\\\\/online\\\\\\\/payment\\\\\\\/v1\\\\\\\/verify\\\"",\\\""args\\\"":{\\\""method\\\"":\\\""POST\\\"",\\\""body\\\"":\\\""{\\\\\\\""paymentToken\\\\\\\"":\\\\\\\""935aab0d-4d45-443a-b1cf-4804f00cc25a\\\\\\\""}\\\"",\\\""headers\\\"":{\\\""Authorization\\\"":\\\""Authorization: Bearer eyJhbGciOiJSUzI1NiIsInR5cCI6IkpXVCJ9.eyJ1c2VyX25hbWUiOiJtb3VoZXItd2Vhci1wdXJjaGFzZSIsInNjb3BlIjpbIm9ubGluZS1tZXJjaGFudCJdLCJleHAiOjE3MzMyOTU4NTQsImlhdCI6MTczMzI1MjY1NCwiYXV0aG9yaXRpZXMiOlsiUk9MRV9VU0VSIl0sImp0aSI6ImF5VFZXZ0ZBR3VpTjlMQWc0NlRtbWVrdWFYMCIsImNsaWVudF9pZCI6Im1vdWhlci13ZWFyIn0.UNTivIQkomthguE62Np0T8hUtBppZkwvjW2BiUXGDMIml6tgewKGuZ3r-nFebgeWRgiRKAcMiDIRk1nqnUanZm8hVXqfgmbkT6B1vMg_OA9BbCm0tnFZwcr4Nnu4k_I1lBIb_pdm01m-n5f77mOyEtS7IbhQ7p_AvCPaREq18fjGeGkd2nmw7g4bw_6aSh0gZB2iwrBdPAXACkA0xhvVNVFxVnyXG41lCLM4d8LrnK8_iv-5O6CC29ldE7DOfJuYv2GVp6u0qkf94_puaBMsMKGCurXrPTrOCwMnUMMPE0tJb0pF7XS-u2RoCIEYQjrnmaJ2Ays83-ahbcssyjugCA\\\"",\\\""Content-Type\\\"":\\\""Content-Type: application\\\\\\\/json\\\"",\\\""user-agent\\\"":\\\""SnappPay, mouher-wear\\\""}}}\""}""",0,0,2024-12-03 22:32:15,2024-12-03 22:34:15
538,9321260654,website,500,,pending,969f1eb,,,,650,1,276,1,2680000,2680000,0,0,,0,0,2024-12-03 23:43:05,2024-12-03 23:43:09
539,8042992484,website,500,,pending,8042992484,,,54a4a0e7-14e4-4a35-a81b-8c8c8272e07a,650,1,276,2,2680000,2680000,0,0,,0,0,2024-12-03 23:43:37,2024-12-03 23:43:38
540,5094085853,website,500,,pending,5094085853,,,f4f4b66d-0b3d-4f07-8290-b074c65410c7,650,1,276,2,2680000,2680000,0,0,,0,0,2024-12-03 23:47:32,2024-12-03 23:47:35
541,4674462125,website,500,,declined,4674462125,,,a421b060-38c5-412e-ab53-afcc7464c27b,650,1,276,2,2680000,2680000,0,0,"""{\""gt\"":\""{\\\""status\\\"":\\\""error\\\"",\\\""successful\\\"":false,\\\""statusCode\\\"":400,\\\""message\\\"":\\\""\\\\u0648\\\\u0636\\\\u0639\\\\u06cc\\\\u062a \\\\u062a\\\\u0631\\\\u0627\\\\u06a9\\\\u0646\\\\u0634 \\\\u0628\\\\u0631\\\\u0627\\\\u06cc \\\\u0639\\\\u0645\\\\u0644\\\\u06cc\\\\u0627\\\\u062a \\\\u0645\\\\u0648\\\\u0631\\\\u062f\\\\u0646\\\\u0638\\\\u0631 \\\\u0646\\\\u0627\\\\u0645\\\\u0646\\\\u0627\\\\u0633\\\\u0628 \\\\u0627\\\\u0633\\\\u062a.\\\"",\\\""url\\\"":\\\""https:\\\\\\\/\\\\\\\/api.snapppay.ir\\\\\\\/api\\\\\\\/online\\\\\\\/payment\\\\\\\/v1\\\\\\\/verify\\\"",\\\""args\\\"":{\\\""method\\\"":\\\""POST\\\"",\\\""body\\\"":\\\""{\\\\\\\""paymentToken\\\\\\\"":\\\\\\\""a421b060-38c5-412e-ab53-afcc7464c27b\\\\\\\""}\\\"",\\\""headers\\\"":{\\\""Authorization\\\"":\\\""Authorization: Bearer eyJhbGciOiJSUzI1NiIsInR5cCI6IkpXVCJ9.eyJ1c2VyX25hbWUiOiJtb3VoZXItd2Vhci1wdXJjaGFzZSIsInNjb3BlIjpbIm9ubGluZS1tZXJjaGFudCJdLCJleHAiOjE3MzMzMDA2OTAsImlhdCI6MTczMzI1NzQ5MCwiYXV0aG9yaXRpZXMiOlsiUk9MRV9VU0VSIl0sImp0aSI6ImtwbmxCQzBicjVrNjBIa1BleGFUQWs4ZFR4NCIsImNsaWVudF9pZCI6Im1vdWhlci13ZWFyIn0.GRWJIT5zvKvOHupfeBBXIlbFC8HSxDNCaWPDq2BXQPbzslCPHL1pc--A33JUxzSxZhgXqYwieQQBReJPXQgfBHxbFcpicmw1pJzyQlmFLy1xhKTHJnmoCOmnbjZjIw443wfDLQLxPdjehQvAa3zyWtcQNGtU2H_qUfHWL1_aYiDThTDPXEmHDsOaa-LyJq2ZUNTtFaFvZoInwFfW8wVgF1g_4re79NIK2PdJMg0yFyYvjpCsJrOOgJzYH1r6kzh4cFoRLYwHFYeChor6vdSTkSWXV5wMLEvfgypKq3SAWFbmHObQhB09w8qTtrsQksvyf1l-8lE7mFEsbFDuX79c4g\\\"",\\\""Content-Type\\\"":\\\""Content-Type: application\\\\\\\/json\\\"",\\\""user-agent\\\"":\\\""SnappPay, mouher-wear\\\""}}}\""}""",0,0,2024-12-03 23:54:27,2024-12-03 23:54:50
542,6268525331,website,501,,pending,6268525331,,,819cd52e-7f3d-4bd0-9253-eeb88127263d,651,1,277,2,1680000,1680000,0,0,,0,0,2024-12-04 00:00:31,2024-12-04 00:00:32
543,9175371353,website,500,,pending,9175371353,,,2f49af8a-2e56-40cf-a58d-328ee3057359,650,1,276,2,2680000,2680000,0,0,,0,0,2024-12-04 00:10:22,2024-12-04 00:10:23
544,2561018274,website,305,,completed,2561018274,"{""successful"":true,""response"":{""transactionId"":""2561018274""}}",,3c01e978-ee6a-4f01-ad16-3c4313e7baea,401,1,278,2,5360000,5360000,0,0,"""{\""successful\"":true,\""response\"":{\""transactionId\"":\""2561018274\""}}""",0,0,2024-12-04 01:51:10,2024-12-14 21:39:33
545,3918539809,website,343,,pending,e823699,,,,457,1,201,1,2280000,2280000,0,0,,0,0,2024-12-04 16:17:26,2024-12-04 16:17:27
546,3608054286,website,500,,pending,3608054286,,,b375c568-bba7-4bb1-b2f7-629673728e96,650,1,276,2,2680000,2680000,0,0,,0,0,2024-12-04 22:11:07,2024-12-04 22:11:08
547,7684820312,website,500,,pending,7684820312,,,f172da01-55a9-4aee-8398-5ef56e22c2d0,650,1,276,2,2680000,2680000,0,0,,0,0,2024-12-05 23:38:22,2024-12-05 23:38:24
548,8711852618,website,500,,pending,2857e78,,,,650,1,276,1,2680000,2680000,0,0,,0,0,2024-12-05 23:38:44,2024-12-05 23:38:44
549,6836772140,website,500,,completed,852fa8c,{},,,650,1,276,1,2680000,2680000,0,0,"""{}""",0,0,2024-12-05 23:38:59,2024-12-15 23:28:34
550,7860888504,website,474,,pending,7860888504,,,a3f36bcc-2da2-45f3-90f7-5208a0c43afd,618,1,264,2,4660000,4660000,0,0,,0,0,2024-12-06 00:51:21,2024-12-06 00:51:23
551,2134341570,website,504,,completed,2134341570,"{""successful"":true,""response"":{""transactionId"":""2134341570""}}",,485d74ff-90a6-4fb4-a8fc-777c47cd000f,654,1,280,2,2780000,2780000,0,0,"""{\""successful\"":true,\""response\"":{\""transactionId\"":\""2134341570\""}}""",0,0,2024-12-07 01:58:05,2024-12-11 18:00:57
552,4248717015,website,335,,pending,c589021,,,,461,2,204,1,1780000,1780000,0,0,,0,0,2024-12-07 03:20:52,2024-12-07 03:20:53
553,5646687448,website,335,,completed,d291102,{},,,461,2,204,1,1780000,1780000,0,0,"""{}""",0,0,2024-12-07 03:22:11,2024-12-10 12:24:21
554,2164539334,website,415,,declined,2164539334,,,22f789b3-71a0-42b0-a1f7-15d653989ef1,661,2,281,2,2980000,2980000,0,0,"""{\""gt\"":\""{\\\""status\\\"":\\\""error\\\"",\\\""successful\\\"":false,\\\""statusCode\\\"":400,\\\""message\\\"":\\\""\\\\u0648\\\\u0636\\\\u0639\\\\u06cc\\\\u062a \\\\u062a\\\\u0631\\\\u0627\\\\u06a9\\\\u0646\\\\u0634 \\\\u0628\\\\u0631\\\\u0627\\\\u06cc \\\\u0639\\\\u0645\\\\u0644\\\\u06cc\\\\u0627\\\\u062a \\\\u0645\\\\u0648\\\\u0631\\\\u062f\\\\u0646\\\\u0638\\\\u0631 \\\\u0646\\\\u0627\\\\u0645\\\\u0646\\\\u0627\\\\u0633\\\\u0628 \\\\u0627\\\\u0633\\\\u062a.\\\"",\\\""url\\\"":\\\""https:\\\\\\\/\\\\\\\/api.snapppay.ir\\\\\\\/api\\\\\\\/online\\\\\\\/payment\\\\\\\/v1\\\\\\\/verify\\\"",\\\""args\\\"":{\\\""method\\\"":\\\""POST\\\"",\\\""body\\\"":\\\""{\\\\\\\""paymentToken\\\\\\\"":\\\\\\\""22f789b3-71a0-42b0-a1f7-15d653989ef1\\\\\\\""}\\\"",\\\""headers\\\"":{\\\""Authorization\\\"":\\\""Authorization: Bearer eyJhbGciOiJSUzI1NiIsInR5cCI6IkpXVCJ9.eyJ1c2VyX25hbWUiOiJtb3VoZXItd2Vhci1wdXJjaGFzZSIsInNjb3BlIjpbIm9ubGluZS1tZXJjaGFudCJdLCJleHAiOjE3MzM1OTkzNDcsImlhdCI6MTczMzU1NjE0NywiYXV0aG9yaXRpZXMiOlsiUk9MRV9VU0VSIl0sImp0aSI6Ikh4X1BOWmtDT1VTZU9PNUc4cTVORkJOWmlfYyIsImNsaWVudF9pZCI6Im1vdWhlci13ZWFyIn0.DL0ZTrCPThRd0Py2gNLsYNgFDMLkAFlGFdGhVk4RfYbl-SOMgvo-oCtyOQgpaNmwSoAykSJg8ibVRIkaS2gyaVrebGhz5d0avejXY5M1rYyUhY-IuGx_dkdUuKMmjby9qPzZUJUYkBQaAQ7B1zfQBVW4-nIUwIrYsAq1Llf27JKyzN3DGJfPxrnYVZ0rts3NzNax4Zh0-D590_MG5DuXXR6qFp-gUqARisPGcnb9yqemuTbuoDqx2_cCy2e4iEed6vtJJBcBH0YZ48p6Tq64Tn7LC36DJTIrV-9WBxboeEHvrtY7OkFYby0JwrkfHe8gcTQATZ5-1yLh58aR23QuKg\\\"",\\\""Content-Type\\\"":\\\""Content-Type: application\\\\\\\/json\\\"",\\\""user-agent\\\"":\\\""SnappPay, mouher-wear\\\""}}}\""}""",0,0,2024-12-07 10:51:10,2024-12-07 10:52:27
555,5812266686,website,415,,declined,5812266686,,,bee7e3f7-ede9-462b-aa6c-95ff1a457ff6,661,2,281,2,2980000,2980000,0,0,"""{\""gt\"":\""{\\\""status\\\"":\\\""error\\\"",\\\""successful\\\"":false,\\\""statusCode\\\"":400,\\\""message\\\"":\\\""\\\\u0648\\\\u0636\\\\u0639\\\\u06cc\\\\u062a \\\\u062a\\\\u0631\\\\u0627\\\\u06a9\\\\u0646\\\\u0634 \\\\u0628\\\\u0631\\\\u0627\\\\u06cc \\\\u0639\\\\u0645\\\\u0644\\\\u06cc\\\\u0627\\\\u062a \\\\u0645\\\\u0648\\\\u0631\\\\u062f\\\\u0646\\\\u0638\\\\u0631 \\\\u0646\\\\u0627\\\\u0645\\\\u0646\\\\u0627\\\\u0633\\\\u0628 \\\\u0627\\\\u0633\\\\u062a.\\\"",\\\""url\\\"":\\\""https:\\\\\\\/\\\\\\\/api.snapppay.ir\\\\\\\/api\\\\\\\/online\\\\\\\/payment\\\\\\\/v1\\\\\\\/verify\\\"",\\\""args\\\"":{\\\""method\\\"":\\\""POST\\\"",\\\""body\\\"":\\\""{\\\\\\\""paymentToken\\\\\\\"":\\\\\\\""bee7e3f7-ede9-462b-aa6c-95ff1a457ff6\\\\\\\""}\\\"",\\\""headers\\\"":{\\\""Authorization\\\"":\\\""Authorization: Bearer eyJhbGciOiJSUzI1NiIsInR5cCI6IkpXVCJ9.eyJ1c2VyX25hbWUiOiJtb3VoZXItd2Vhci1wdXJjaGFzZSIsInNjb3BlIjpbIm9ubGluZS1tZXJjaGFudCJdLCJleHAiOjE3MzM1OTk0MDMsImlhdCI6MTczMzU1NjIwMywiYXV0aG9yaXRpZXMiOlsiUk9MRV9VU0VSIl0sImp0aSI6InRGM3NRLWdqck5KVGxCTURpR3d0UDJlelBOVSIsImNsaWVudF9pZCI6Im1vdWhlci13ZWFyIn0.lSF3yBN8Dbcbef3tjLo6uu9jn30Uc3hHg0cmHpPtOq8Zrb8vgq6-jyX9MX02liKc9zCntXfYP2VDo49-hK3IkuUAJSErynMA0n2Y7d-fTq4Q84_ePDc-u2ZoQVSeo4Pf0fVf21ikIIoZq5hDMz4XbttPK8jEqSUoE5rIy3WxXVYa-ZJKrPgJBjS4yG3WoGL7u2Jsq6Cy2fFG8VeT0YlZj4AK-F3L1yTSb7i1pIqCYCa-0r9NzLYKd6WZpXXYFRwpNozgW14TM4enp7y3XZjNwgWgQDC4x8FyMbDqjq4W0OqkosDJl86G5CTGpzabDdzLwPhd78WU30hf5oqYNtFRNQ\\\"",\\\""Content-Type\\\"":\\\""Content-Type: application\\\\\\\/json\\\"",\\\""user-agent\\\"":\\\""SnappPay, mouher-wear\\\""}}}\""}""",0,0,2024-12-07 10:52:54,2024-12-07 10:53:23
556,5540729147,website,415,,declined,5540729147,,,e5fe6e2b-0336-46bc-9ab7-89f92089989d,661,2,281,2,2980000,2980000,0,0,"""{\""gt\"":\""{\\\""status\\\"":\\\""error\\\"",\\\""successful\\\"":false,\\\""statusCode\\\"":400,\\\""message\\\"":\\\""\\\\u0648\\\\u0636\\\\u0639\\\\u06cc\\\\u062a \\\\u062a\\\\u0631\\\\u0627\\\\u06a9\\\\u0646\\\\u0634 \\\\u0628\\\\u0631\\\\u0627\\\\u06cc \\\\u0639\\\\u0645\\\\u0644\\\\u06cc\\\\u0627\\\\u062a \\\\u0645\\\\u0648\\\\u0631\\\\u062f\\\\u0646\\\\u0638\\\\u0631 \\\\u0646\\\\u0627\\\\u0645\\\\u0646\\\\u0627\\\\u0633\\\\u0628 \\\\u0627\\\\u0633\\\\u062a.\\\"",\\\""url\\\"":\\\""https:\\\\\\\/\\\\\\\/api.snapppay.ir\\\\\\\/api\\\\\\\/online\\\\\\\/payment\\\\\\\/v1\\\\\\\/verify\\\"",\\\""args\\\"":{\\\""method\\\"":\\\""POST\\\"",\\\""body\\\"":\\\""{\\\\\\\""paymentToken\\\\\\\"":\\\\\\\""e5fe6e2b-0336-46bc-9ab7-89f92089989d\\\\\\\""}\\\"",\\\""headers\\\"":{\\\""Authorization\\\"":\\\""Authorization: Bearer eyJhbGciOiJSUzI1NiIsInR5cCI6IkpXVCJ9.eyJ1c2VyX25hbWUiOiJtb3VoZXItd2Vhci1wdXJjaGFzZSIsInNjb3BlIjpbIm9ubGluZS1tZXJjaGFudCJdLCJleHAiOjE3MzM1OTk0NjUsImlhdCI6MTczMzU1NjI2NSwiYXV0aG9yaXRpZXMiOlsiUk9MRV9VU0VSIl0sImp0aSI6Imt4WWZWX3RiN2g1dklFek1HdDJIczdJb3F0MCIsImNsaWVudF9pZCI6Im1vdWhlci13ZWFyIn0.lWMkByczzkaTwlJ9UtGuOXONrCTgv0zTAJPemqC5JXYlTaPQHbe_Qc2uvfHy8EbxUQUj9pBkg9SYmXb1mJ-_Cez0ZosQBwaCH8wzdWKk1lUD_jwDfR2qQeCOo_bUyMZy-p-hSSPssw-3qophAIWkQzoBuRVY1iLNdab2giLRQjgI9N4cEQroem3GaEBMf1B4upZsvHXa25yPF4GIiZDBnDwyTdYyJTXTUdvszz68Ag8xk0aDaeoIr-DqzExftCgjcLkmktSFnxBlwQ49ajTzpVWIDvCVOzdCUwNxozl88AOs5eiCMgZJtEjjuUp3uRp6DnarrrzbtkK41KD40-LbMg\\\"",\\\""Content-Type\\\"":\\\""Content-Type: application\\\\\\\/json\\\"",\\\""user-agent\\\"":\\\""SnappPay, mouher-wear\\\""}}}\""}""",0,0,2024-12-07 10:53:53,2024-12-07 10:54:26
557,8152721560,website,415,,completed,8152721560,"{""successful"":true,""response"":{""transactionId"":""8152721560""}}",,711f744c-d320-4d62-833b-e4a3336c61cf,661,2,281,2,2980000,2980000,0,0,"""{\""successful\"":true,\""response\"":{\""transactionId\"":\""8152721560\""}}""",0,0,2024-12-07 12:31:53,2024-12-10 22:21:33
558,9551424027,website,510,,declined,9551424027,,,6388d807-5c95-4e8c-a692-225576ee5fc4,660,2,282,2,2980000,2980000,0,0,"""{\""gt\"":\""{\\\""status\\\"":\\\""error\\\"",\\\""successful\\\"":false,\\\""statusCode\\\"":400,\\\""message\\\"":\\\""\\\\u0648\\\\u0636\\\\u0639\\\\u06cc\\\\u062a \\\\u062a\\\\u0631\\\\u0627\\\\u06a9\\\\u0646\\\\u0634 \\\\u0628\\\\u0631\\\\u0627\\\\u06cc \\\\u0639\\\\u0645\\\\u0644\\\\u06cc\\\\u0627\\\\u062a \\\\u0645\\\\u0648\\\\u0631\\\\u062f\\\\u0646\\\\u0638\\\\u0631 \\\\u0646\\\\u0627\\\\u0645\\\\u0646\\\\u0627\\\\u0633\\\\u0628 \\\\u0627\\\\u0633\\\\u062a.\\\"",\\\""url\\\"":\\\""https:\\\\\\\/\\\\\\\/api.snapppay.ir\\\\\\\/api\\\\\\\/online\\\\\\\/payment\\\\\\\/v1\\\\\\\/verify\\\"",\\\""args\\\"":{\\\""method\\\"":\\\""POST\\\"",\\\""body\\\"":\\\""{\\\\\\\""paymentToken\\\\\\\"":\\\\\\\""6388d807-5c95-4e8c-a692-225576ee5fc4\\\\\\\""}\\\"",\\\""headers\\\"":{\\\""Authorization\\\"":\\\""Authorization: Bearer eyJhbGciOiJSUzI1NiIsInR5cCI6IkpXVCJ9.eyJ1c2VyX25hbWUiOiJtb3VoZXItd2Vhci1wdXJjaGFzZSIsInNjb3BlIjpbIm9ubGluZS1tZXJjaGFudCJdLCJleHAiOjE3MzM2ODczNTksImlhdCI6MTczMzY0NDE1OSwiYXV0aG9yaXRpZXMiOlsiUk9MRV9VU0VSIl0sImp0aSI6Ik1Pbm1IdG1SOThUWG1haFJ5dDdnc3Z3ZjVzayIsImNsaWVudF9pZCI6Im1vdWhlci13ZWFyIn0.AGnuYYBU-pCNAAoKPgPLFCN69hKoGzSqiTKTHuSzl2ZaZpHd4rOxTHazcaAYeI_x81WPV1AkGCoS3EG7F5kklDM5Caf6KLsOvO82T83Wokkwu01MlNJtn2t6DXeX7-xdihFO8Ys517S0VZ0L_WIhgAA232xPmkY0pQo6HEJUmVe0gq8GH3d3kBfDqtypAXDP_bcadll9gw5Mjjky2O0Uzq8CILtccAmaHsQc09AuAhlwGCFa-kBTsHFYORL_YDavPfipT4GsYnMFafahi79i7D_3vBRNDo1ntM7cvNfHTNPV-KsJ58h28iSxXOuOZ0Y825j5moWE6iQ6yFIKiUnKiw\\\"",\\\""Content-Type\\\"":\\\""Content-Type: application\\\\\\\/json\\\"",\\\""user-agent\\\"":\\\""SnappPay, mouher-wear\\\""}}}\""}""",0,0,2024-12-08 11:08:01,2024-12-08 11:19:19
559,3533203982,website,511,,declined,3533203982,,,8adda1be-23c8-40f0-98f7-a811b1cce78b,665,2,283,2,2980000,2980000,0,0,"""{\""gt\"":\""{\\\""status\\\"":\\\""error\\\"",\\\""successful\\\"":false,\\\""statusCode\\\"":400,\\\""message\\\"":\\\""\\\\u0648\\\\u0636\\\\u0639\\\\u06cc\\\\u062a \\\\u062a\\\\u0631\\\\u0627\\\\u06a9\\\\u0646\\\\u0634 \\\\u0628\\\\u0631\\\\u0627\\\\u06cc \\\\u0639\\\\u0645\\\\u0644\\\\u06cc\\\\u0627\\\\u062a \\\\u0645\\\\u0648\\\\u0631\\\\u062f\\\\u0646\\\\u0638\\\\u0631 \\\\u0646\\\\u0627\\\\u0645\\\\u0646\\\\u0627\\\\u0633\\\\u0628 \\\\u0627\\\\u0633\\\\u062a.\\\"",\\\""url\\\"":\\\""https:\\\\\\\/\\\\\\\/api.snapppay.ir\\\\\\\/api\\\\\\\/online\\\\\\\/payment\\\\\\\/v1\\\\\\\/verify\\\"",\\\""args\\\"":{\\\""method\\\"":\\\""POST\\\"",\\\""body\\\"":\\\""{\\\\\\\""paymentToken\\\\\\\"":\\\\\\\""8adda1be-23c8-40f0-98f7-a811b1cce78b\\\\\\\""}\\\"",\\\""headers\\\"":{\\\""Authorization\\\"":\\\""Authorization: Bearer eyJhbGciOiJSUzI1NiIsInR5cCI6IkpXVCJ9.eyJ1c2VyX25hbWUiOiJtb3VoZXItd2Vhci1wdXJjaGFzZSIsInNjb3BlIjpbIm9ubGluZS1tZXJjaGFudCJdLCJleHAiOjE3MzM2OTQ0NTgsImlhdCI6MTczMzY1MTI1OCwiYXV0aG9yaXRpZXMiOlsiUk9MRV9VU0VSIl0sImp0aSI6ImFBaUVoYlRaYVFXYUxPelhsUUJyQUNUWGcyYyIsImNsaWVudF9pZCI6Im1vdWhlci13ZWFyIn0.KHK6rIL8h7RO60aqHTxseZD8EGme-8b1E_bEWGcuGoILve6ibvb0iHR3lP7Z3nhbDEhyweakF70bDbKV6cMSd7Kz09kdZi0ztf5rvXPP-cu1Tl86Xjc7Y3SGwjGk4ET809j8GtgOuug9ioHSyMWS8bzioYnTxucmamgwXgBkqy0r-mNh8GqYIsmhw-oKGtUeSQVopAT38A0T-plxI19fYHoISMh5VSwCqw5TzSY2DdyzfAfO69Aisdbv2WRW6WtcOZ8lK9kPKPUp73huBxsk40D5KkdVzueEx6J6M71P5RmL2Kud6PO6zp1uHB9DqKAgmIVAR92MayCiXveLUaD1Ug\\\"",\\\""Content-Type\\\"":\\\""Content-Type: application\\\\\\\/json\\\"",\\\""user-agent\\\"":\\\""SnappPay, mouher-wear\\\""}}}\""}""",0,0,2024-12-08 13:15:15,2024-12-08 13:17:38
560,4534244581,website,513,,pending,4534244581,,,b09da599-f24a-4b2c-8817-569063207b09,667,2,284,2,2980000,2980000,0,0,,0,0,2024-12-08 20:40:44,2024-12-08 20:40:45
561,8198770079,website,513,,completed,8198770079,"{""successful"":true,""response"":{""transactionId"":""8198770079""}}",,a32941eb-c698-43f9-b37a-057513f382d7,667,2,284,2,2980000,2980000,0,0,"""{\""successful\"":true,\""response\"":{\""transactionId\"":\""8198770079\""}}""",0,0,2024-12-08 20:48:51,2024-12-14 21:28:40
562,4013868371,website,514,,completed,4013868371,"{""successful"":true,""response"":{""transactionId"":""4013868371""}}",,21e432f5-a3d5-4011-956b-34c8635dcfc2,669,1,286,2,1380000,1380000,0,0,"""{\""successful\"":true,\""response\"":{\""transactionId\"":\""4013868371\""}}""",0,0,2024-12-09 00:28:12,2024-12-10 22:21:54
563,6877861088,website,516,,completed,6877861088,"{""successful"":true,""response"":{""transactionId"":""6877861088""}}",,da018ac6-2ffc-4a96-add8-d2dc7a1d1015,671,2,287,2,3260000,3260000,0,0,"""{\""successful\"":true,\""response\"":{\""transactionId\"":\""6877861088\""}}""",0,0,2024-12-09 00:32:42,2024-12-21 01:45:43
564,1659498529,website,518,,completed,1659498529,"{""successful"":true,""response"":{""transactionId"":""1659498529""}}",,55420bef-959b-402c-9794-c4ecd27ee814,675,1,288,2,2680000,2680000,0,0,"""{\""successful\"":true,\""response\"":{\""transactionId\"":\""1659498529\""}}""",0,0,2024-12-09 22:01:38,2024-12-15 23:36:08
565,1427704157,website,522,,completed,1427704157,"{""successful"":true,""response"":{""transactionId"":""1427704157""}}",,1f66f755-b2a4-4bae-a606-a1c96a52b8c9,679,1,289,2,2680000,2680000,0,0,"""{\""successful\"":true,\""response\"":{\""transactionId\"":\""1427704157\""}}""",0,0,2024-12-10 01:31:49,2024-12-11 17:54:09
566,9205571846,website,523,,completed,9205571846,"{""successful"":true,""response"":{""transactionId"":""9205571846""}}",,08c5869b-600d-4d22-81fe-63b88f6746f6,681,1,290,2,2380000,2380000,0,0,"""{\""successful\"":true,\""response\"":{\""transactionId\"":\""9205571846\""}}""",0,0,2024-12-10 06:19:23,2024-12-11 17:59:52
567,6669269312,website,510,,completed,6669269312,"{""successful"":true,""response"":{""transactionId"":""6669269312""}}",,e96d2059-559f-405b-ba5f-ef79b3215814,660,2,282,2,2980000,2980000,0,0,"""{\""successful\"":true,\""response\"":{\""transactionId\"":\""6669269312\""}}""",0,0,2024-12-10 10:17:13,2024-12-11 17:59:17
568,4905870689,website,517,,completed,4905870689,"{""successful"":true,""response"":{""transactionId"":""4905870689""}}",,c9a696ad-596d-4439-a53a-5278b10fdbcc,674,2,291,2,2680000,2680000,0,0,"""{\""successful\"":true,\""response\"":{\""transactionId\"":\""4905870689\""}}""",0,0,2024-12-10 13:08:48,2024-12-17 23:15:40
569,9537746682,website,457,,completed,9537746682,"{""successful"":true,""response"":{""transactionId"":""9537746682""}}",,3b3560e3-595f-45d0-ae69-a48eb95b7631,593,1,292,2,1980000,1980000,0,0,"""{\""successful\"":true,\""response\"":{\""transactionId\"":\""9537746682\""}}""",0,0,2024-12-10 21:41:24,2024-12-11 17:53:17
570,2095890951,website,511,,pending,2095890951,,,7adb9369-84ca-4eee-a4ba-e1762103d6ab,665,2,283,2,2980000,2980000,0,0,,0,0,2024-12-11 16:35:50,2024-12-11 16:35:50
571,9528759630,website,529,,completed,d2adbde,{},,,691,1,293,1,2680000,2680000,0,0,"""{}""",0,0,2024-12-13 20:14:08,2024-12-14 21:28:04
572,4619589182,website,530,,pending,4619589182,,,7ef19d31-8442-4126-9268-04f535b4eaa6,693,1,294,2,2780000,2780000,0,0,,0,0,2024-12-13 23:05:47,2024-12-13 23:05:47
573,5221844080,website,531,,pending,5221844080,,,fc97ab5a-0a65-4010-84ae-1a15fa720435,694,1,295,2,2980000,2980000,0,0,,0,0,2024-12-15 23:57:42,2024-12-15 23:57:42
574,7195585076,website,531,,pending,4ef6fa1,,,,694,2,295,1,2980000,2980000,0,0,,0,0,2024-12-16 00:04:46,2024-12-16 00:04:47
575,3729875875,website,531,,pending,25ad9f8,,,,694,2,295,1,2980000,2980000,0,0,,0,0,2024-12-16 00:10:21,2024-12-16 00:10:22
576,2620695341,website,533,,pending,f90788c,,,,696,1,297,1,3860000,3860000,0,0,,0,0,2024-12-16 09:20:38,2024-12-16 09:20:38
577,7906348740,website,533,,completed,8d7cbc4,{},,,696,1,297,1,3860000,3860000,0,0,"""{}""",0,0,2024-12-16 09:47:42,2024-12-17 10:10:17
578,4890026820,website,532,,declined,4890026820,,,b60521df-ba40-4fbb-a097-ec76abcf57fc,695,2,299,2,2680000,2680000,0,0,"""{\""gt\"":\""{\\\""status\\\"":\\\""error\\\"",\\\""successful\\\"":false,\\\""statusCode\\\"":400,\\\""message\\\"":\\\""\\\\u0648\\\\u0636\\\\u0639\\\\u06cc\\\\u062a \\\\u062a\\\\u0631\\\\u0627\\\\u06a9\\\\u0646\\\\u0634 \\\\u0628\\\\u0631\\\\u0627\\\\u06cc \\\\u0639\\\\u0645\\\\u0644\\\\u06cc\\\\u0627\\\\u062a \\\\u0645\\\\u0648\\\\u0631\\\\u062f\\\\u0646\\\\u0638\\\\u0631 \\\\u0646\\\\u0627\\\\u0645\\\\u0646\\\\u0627\\\\u0633\\\\u0628 \\\\u0627\\\\u0633\\\\u062a.\\\"",\\\""url\\\"":\\\""https:\\\\\\\/\\\\\\\/api.snapppay.ir\\\\\\\/api\\\\\\\/online\\\\\\\/payment\\\\\\\/v1\\\\\\\/verify\\\"",\\\""args\\\"":{\\\""method\\\"":\\\""POST\\\"",\\\""body\\\"":\\\""{\\\\\\\""paymentToken\\\\\\\"":\\\\\\\""b60521df-ba40-4fbb-a097-ec76abcf57fc\\\\\\\""}\\\"",\\\""headers\\\"":{\\\""Authorization\\\"":\\\""Authorization: Bearer eyJhbGciOiJSUzI1NiIsInR5cCI6IkpXVCJ9.eyJ1c2VyX25hbWUiOiJtb3VoZXItd2Vhci1wdXJjaGFzZSIsInNjb3BlIjpbIm9ubGluZS1tZXJjaGFudCJdLCJleHAiOjE3MzQ0MTA5MDEsImlhdCI6MTczNDM2NzcwMSwiYXV0aG9yaXRpZXMiOlsiUk9MRV9VU0VSIl0sImp0aSI6IkRjQU1Rcy02NDA3RFJ2akFpaTBUQS1wRkJVcyIsImNsaWVudF9pZCI6Im1vdWhlci13ZWFyIn0.WW5grBDpv19VCVIKh0rq2xJGd6poLGcY-EFiP9hZYxM-ba-E_wcA0jvqaBlE9ChUR80zXqzh3prXJ5BcUPILx5kz2xnpOHW7ur8jXh3sX1vJkzG55D8Eo8sijoBr5tVO09YZvO2SnhkqVCPzGuUWIYBmD-1amhwb7ncXn1mR4Ma-1UkG9MXbWb3puB5p3p_zq-ELEjITziR35-ggfFyTqF6fDq3AaqfvuLuyZCCARy1dhiNq5JLtS8TjjLABiB2saXfZykD82XyeWyATjV8fRTFjv0VopwabCOCkV0WlyPkk0TyiMvOvJJUiK-fLTNlLp9xjql2MgAmFQvLaxH59CQ\\\"",\\\""Content-Type\\\"":\\\""Content-Type: application\\\\\\\/json\\\"",\\\""user-agent\\\"":\\\""SnappPay, mouher-wear\\\""}}}\""}""",0,0,2024-12-16 20:16:39,2024-12-16 20:18:21
579,4486546223,website,532,,declined,4486546223,,,00da26c3-cd64-483c-82c7-fc13a49433d6,695,2,299,2,2680000,2680000,0,0,"""{\""gt\"":\""{\\\""status\\\"":\\\""error\\\"",\\\""successful\\\"":false,\\\""statusCode\\\"":400,\\\""message\\\"":\\\""\\\\u0648\\\\u0636\\\\u0639\\\\u06cc\\\\u062a \\\\u062a\\\\u0631\\\\u0627\\\\u06a9\\\\u0646\\\\u0634 \\\\u0628\\\\u0631\\\\u0627\\\\u06cc \\\\u0639\\\\u0645\\\\u0644\\\\u06cc\\\\u0627\\\\u062a \\\\u0645\\\\u0648\\\\u0631\\\\u062f\\\\u0646\\\\u0638\\\\u0631 \\\\u0646\\\\u0627\\\\u0645\\\\u0646\\\\u0627\\\\u0633\\\\u0628 \\\\u0627\\\\u0633\\\\u062a.\\\"",\\\""url\\\"":\\\""https:\\\\\\\/\\\\\\\/api.snapppay.ir\\\\\\\/api\\\\\\\/online\\\\\\\/payment\\\\\\\/v1\\\\\\\/verify\\\"",\\\""args\\\"":{\\\""method\\\"":\\\""POST\\\"",\\\""body\\\"":\\\""{\\\\\\\""paymentToken\\\\\\\"":\\\\\\\""00da26c3-cd64-483c-82c7-fc13a49433d6\\\\\\\""}\\\"",\\\""headers\\\"":{\\\""Authorization\\\"":\\\""Authorization: Bearer eyJhbGciOiJSUzI1NiIsInR5cCI6IkpXVCJ9.eyJ1c2VyX25hbWUiOiJtb3VoZXItd2Vhci1wdXJjaGFzZSIsInNjb3BlIjpbIm9ubGluZS1tZXJjaGFudCJdLCJleHAiOjE3MzQ0MTExNTQsImlhdCI6MTczNDM2Nzk1NCwiYXV0aG9yaXRpZXMiOlsiUk9MRV9VU0VSIl0sImp0aSI6ImRrcHJDLWp2aC0zYTlsM2RkUnNaMnU3NXVOQSIsImNsaWVudF9pZCI6Im1vdWhlci13ZWFyIn0.BBSUQ7f6TSU7dYsRRx38fvWJXZBdDbVmJWxGTRUL-LkgF1CFvCgncJ8uIgR2VAtFI913oyncfZEAmJXa7n9Vf4yCLifv0cHIrp8oKeR-wQ2kHahn_ZioEiY-D2e0NHs824wOcA5b0WISW3pC8w5j82XtKbrR4oxoThelyk_Ijt-xB7kWyHHb1ckZEcCWrS_RNYfkh7IovVuk3wT646jIpz6fEGIrq7dsCpMwis2IP_pjMsP7PEZ1avv6DSM7kKRNeBsvkgDNP2HJVEagZnzKZ3So8h5dhtkG8M4EROu7ypSa1HJXQnC22yS7bcNhBqVnFc9MNXGfh77ZjT24m6QCmg\\\"",\\\""Content-Type\\\"":\\\""Content-Type: application\\\\\\\/json\\\"",\\\""user-agent\\\"":\\\""SnappPay, mouher-wear\\\""}}}\""}""",0,0,2024-12-16 20:22:14,2024-12-16 20:22:34
580,3738346084,website,532,,declined,3738346084,,,8542f262-7543-47ad-ac57-015b2abdcca4,695,2,299,2,2680000,2680000,0,0,"""{\""gt\"":\""{\\\""status\\\"":\\\""error\\\"",\\\""successful\\\"":false,\\\""statusCode\\\"":400,\\\""message\\\"":\\\""\\\\u0648\\\\u0636\\\\u0639\\\\u06cc\\\\u062a \\\\u062a\\\\u0631\\\\u0627\\\\u06a9\\\\u0646\\\\u0634 \\\\u0628\\\\u0631\\\\u0627\\\\u06cc \\\\u0639\\\\u0645\\\\u0644\\\\u06cc\\\\u0627\\\\u062a \\\\u0645\\\\u0648\\\\u0631\\\\u062f\\\\u0646\\\\u0638\\\\u0631 \\\\u0646\\\\u0627\\\\u0645\\\\u0646\\\\u0627\\\\u0633\\\\u0628 \\\\u0627\\\\u0633\\\\u062a.\\\"",\\\""url\\\"":\\\""https:\\\\\\\/\\\\\\\/api.snapppay.ir\\\\\\\/api\\\\\\\/online\\\\\\\/payment\\\\\\\/v1\\\\\\\/verify\\\"",\\\""args\\\"":{\\\""method\\\"":\\\""POST\\\"",\\\""body\\\"":\\\""{\\\\\\\""paymentToken\\\\\\\"":\\\\\\\""8542f262-7543-47ad-ac57-015b2abdcca4\\\\\\\""}\\\"",\\\""headers\\\"":{\\\""Authorization\\\"":\\\""Authorization: Bearer eyJhbGciOiJSUzI1NiIsInR5cCI6IkpXVCJ9.eyJ1c2VyX25hbWUiOiJtb3VoZXItd2Vhci1wdXJjaGFzZSIsInNjb3BlIjpbIm9ubGluZS1tZXJjaGFudCJdLCJleHAiOjE3MzQ0MTEzMjcsImlhdCI6MTczNDM2ODEyNywiYXV0aG9yaXRpZXMiOlsiUk9MRV9VU0VSIl0sImp0aSI6Il9XOV9MaHp4VVFMWlpGNlJLTDlZYThtcXYxcyIsImNsaWVudF9pZCI6Im1vdWhlci13ZWFyIn0.I-gejGkkf97q0qwhWp0HzIDad66w9AGMGQS_e9x8woK9mk19RUmzR357EZStRrx4X8W1ZEAJmCrnj_oWwIus4lHn2PGYAaMapT7iNnFdCMBDLKaYldSyzOzvYMNqLu317vcA3jOju6VSngkVYvKEdgYXI0VR05VYYW5fxE9l1V8sgVWGOuFbRkPpEUqO7wLpe1NRUYJEVNmXBM4nAIa-2YvSA3XBd4r4Wnu5fjv9-196lAvd-ssAhRLMb0kLsoPJy5krUqbFf_GZUbalKYeK80-0jdUJ8OjBgVx8RdWTfsVclgcOWjXXyI2GM6RMMWVeAvtJQQdVFLHcFow8fViGuw\\\"",\\\""Content-Type\\\"":\\\""Content-Type: application\\\\\\\/json\\\"",\\\""user-agent\\\"":\\\""SnappPay, mouher-wear\\\""}}}\""}""",0,0,2024-12-16 20:25:01,2024-12-16 20:25:27
581,7974960723,website,532,,pending,7974960723,,,07ec7d68-32ce-4871-b81c-034b9bf6e720,695,2,299,2,2680000,2680000,0,0,,0,0,2024-12-16 20:28:46,2024-12-16 20:28:49
582,8500267243,website,537,,declined,8500267243,,,e9390bc3-698a-4b07-8d1b-7f8b84e81cfd,699,2,300,2,2680000,2680000,0,0,"""{\""gt\"":\""{\\\""status\\\"":\\\""error\\\"",\\\""successful\\\"":false,\\\""statusCode\\\"":400,\\\""message\\\"":\\\""\\\\u0648\\\\u0636\\\\u0639\\\\u06cc\\\\u062a \\\\u062a\\\\u0631\\\\u0627\\\\u06a9\\\\u0646\\\\u0634 \\\\u0628\\\\u0631\\\\u0627\\\\u06cc \\\\u0639\\\\u0645\\\\u0644\\\\u06cc\\\\u0627\\\\u062a \\\\u0645\\\\u0648\\\\u0631\\\\u062f\\\\u0646\\\\u0638\\\\u0631 \\\\u0646\\\\u0627\\\\u0645\\\\u0646\\\\u0627\\\\u0633\\\\u0628 \\\\u0627\\\\u0633\\\\u062a.\\\"",\\\""url\\\"":\\\""https:\\\\\\\/\\\\\\\/api.snapppay.ir\\\\\\\/api\\\\\\\/online\\\\\\\/payment\\\\\\\/v1\\\\\\\/verify\\\"",\\\""args\\\"":{\\\""method\\\"":\\\""POST\\\"",\\\""body\\\"":\\\""{\\\\\\\""paymentToken\\\\\\\"":\\\\\\\""e9390bc3-698a-4b07-8d1b-7f8b84e81cfd\\\\\\\""}\\\"",\\\""headers\\\"":{\\\""Authorization\\\"":\\\""Authorization: Bearer eyJhbGciOiJSUzI1NiIsInR5cCI6IkpXVCJ9.eyJ1c2VyX25hbWUiOiJtb3VoZXItd2Vhci1wdXJjaGFzZSIsInNjb3BlIjpbIm9ubGluZS1tZXJjaGFudCJdLCJleHAiOjE3MzQ0MTIwMTUsImlhdCI6MTczNDM2ODgxNSwiYXV0aG9yaXRpZXMiOlsiUk9MRV9VU0VSIl0sImp0aSI6IjhaTUdYbVl3MUt6Nzdod3pQODV5RVdZekRoVSIsImNsaWVudF9pZCI6Im1vdWhlci13ZWFyIn0.IpjY3Fpx87c9XKYGKZkxlLqLvfBt4ie0QSW4tG9vr9drf4aRqVPi3a1fvjjS-4oON5ikkic0WCKYpI1XSC0wsAeofx68Pw3DApgxCqWFQYR-GkoQXLTysh0iV7eGZ1fEfy0YqlLqNZ--aFr_jtPufOYm6bAkp-d81XJIc1DHMRr3v0oFlxCCGtToU7mamCPtfeotfQxU6lqwKMjMaupvJC6NlT4DCXGhdMw7Scpbnc2L8QfzWGFN5jHDRFf84Z3VwY37uXWjReTrBpNK1NaWhTONt71JKRZWozGbB-CUZ_Pw8ncSYUA1iKgsMNPN5sIJafMDxmLnnbZSeWkfgEgjng\\\"",\\\""Content-Type\\\"":\\\""Content-Type: application\\\\\\\/json\\\"",\\\""user-agent\\\"":\\\""SnappPay, mouher-wear\\\""}}}\""}""",0,0,2024-12-16 20:36:29,2024-12-16 20:36:55
583,8429001466,website,532,,declined,8429001466,,,1e44b821-4b59-4215-8555-9bd615308b60,695,2,299,2,2680000,2680000,0,0,"""{\""gt\"":\""{\\\""status\\\"":\\\""error\\\"",\\\""successful\\\"":false,\\\""statusCode\\\"":400,\\\""message\\\"":\\\""\\\\u0648\\\\u0636\\\\u0639\\\\u06cc\\\\u062a \\\\u062a\\\\u0631\\\\u0627\\\\u06a9\\\\u0646\\\\u0634 \\\\u0628\\\\u0631\\\\u0627\\\\u06cc \\\\u0639\\\\u0645\\\\u0644\\\\u06cc\\\\u0627\\\\u062a \\\\u0645\\\\u0648\\\\u0631\\\\u062f\\\\u0646\\\\u0638\\\\u0631 \\\\u0646\\\\u0627\\\\u0645\\\\u0646\\\\u0627\\\\u0633\\\\u0628 \\\\u0627\\\\u0633\\\\u062a.\\\"",\\\""url\\\"":\\\""https:\\\\\\\/\\\\\\\/api.snapppay.ir\\\\\\\/api\\\\\\\/online\\\\\\\/payment\\\\\\\/v1\\\\\\\/verify\\\"",\\\""args\\\"":{\\\""method\\\"":\\\""POST\\\"",\\\""body\\\"":\\\""{\\\\\\\""paymentToken\\\\\\\"":\\\\\\\""1e44b821-4b59-4215-8555-9bd615308b60\\\\\\\""}\\\"",\\\""headers\\\"":{\\\""Authorization\\\"":\\\""Authorization: Bearer eyJhbGciOiJSUzI1NiIsInR5cCI6IkpXVCJ9.eyJ1c2VyX25hbWUiOiJtb3VoZXItd2Vhci1wdXJjaGFzZSIsInNjb3BlIjpbIm9ubGluZS1tZXJjaGFudCJdLCJleHAiOjE3MzQ0MTMyMzUsImlhdCI6MTczNDM3MDAzNSwiYXV0aG9yaXRpZXMiOlsiUk9MRV9VU0VSIl0sImp0aSI6ImppYWJQS3JmaFNSU2o3VkdVR0M4WGJxa3pYSSIsImNsaWVudF9pZCI6Im1vdWhlci13ZWFyIn0.esA84w0aWHA1D92nk-G60QFpUzwPPQCEk04MfFsxE9UWbnQiIlgaQyhFT6YaxlexrKC5aUtJMGQtzTZni0ZNM4ns2CALN_WG2PYRiw-SwSzhLCOZ5zURX-ze2kgXI0JENqa1hsIt66QKZv2q3Q5UjhiJCQNiX1vBGsNy30wETryz56U8ekMw6m6pIqqFGP89QORjXVZnBQRHad_BMhrMUP8GER9CGCFWsPAXnDqZXLHuwO3RDrS_XD-ClTHw1xN6bT_a2CpAC2krdUYaFIUaE2NDxXKhlnkhAnZl1mqOi406wyPetc6_GYzh7Ha-sFM680VDXkUjZgbG0z-lB0gOMg\\\"",\\\""Content-Type\\\"":\\\""Content-Type: application\\\\\\\/json\\\"",\\\""user-agent\\\"":\\\""SnappPay, mouher-wear\\\""}}}\""}""",0,0,2024-12-16 20:56:58,2024-12-16 20:57:15
584,9698673700,website,532,,pending,9ae3e9b,,,,695,2,299,1,2680000,2680000,0,0,,0,0,2024-12-16 20:57:42,2024-12-16 20:57:43
585,8309882633,website,532,,pending,2f5a121,,,,695,2,299,1,2680000,2680000,0,0,,0,0,2024-12-17 01:02:38,2024-12-17 01:02:38
586,9685230792,website,532,,completed,37bb653,{},,,695,2,299,1,2680000,2680000,0,0,"""{}""",0,0,2024-12-17 01:06:54,2024-12-26 13:39:47
587,1330783538,website,500,,pending,1330783538,,,7a410d42-0285-4e93-8593-82cc9610e88c,658,1,276,2,2680000,2680000,0,0,,0,0,2024-12-17 07:15:02,2024-12-17 07:15:03
588,3915367071,website,540,,pending,3915367071,,,a896a587-ea44-4a1d-969c-9bc9416f1165,702,2,301,2,2680000,2680000,0,0,,0,0,2024-12-17 11:56:06,2024-12-17 11:56:07
589,3101078373,website,175,,pending,3101078373,,,82fa13e9-2917-4b24-a0c1-0504c4c8ec47,233,1,97,2,2680000,2680000,0,0,,0,0,2024-12-18 11:13:50,2024-12-18 11:13:51
590,3933866304,website,542,,pending,3933866304,,,a04e414d-f2b4-4deb-ad73-525663d99d50,704,1,302,2,1980000,1980000,0,0,,0,0,2024-12-18 13:58:19,2024-12-18 13:58:20
591,3984108071,website,542,,pending,3984108071,,,ce68fbe4-99d5-4514-b448-7337a62a7d4b,704,1,302,2,1980000,1980000,0,0,,0,0,2024-12-18 14:08:26,2024-12-18 14:08:27
592,2176151765,website,215,,completed,321404d,{},,,283,2,117,1,2380000,2380000,0,0,"""{}""",0,0,2024-12-18 14:40:32,2024-12-26 13:40:19
593,5846874694,website,219,,declined,5846874694,,,09c6be2a-9a5a-4814-9dd6-111d19ee1b5f,616,1,190,2,1680000,1680000,0,0,"""{\""gt\"":\""{\\\""status\\\"":\\\""error\\\"",\\\""successful\\\"":false,\\\""statusCode\\\"":400,\\\""message\\\"":\\\""\\\\u0648\\\\u0636\\\\u0639\\\\u06cc\\\\u062a \\\\u062a\\\\u0631\\\\u0627\\\\u06a9\\\\u0646\\\\u0634 \\\\u0628\\\\u0631\\\\u0627\\\\u06cc \\\\u0639\\\\u0645\\\\u0644\\\\u06cc\\\\u0627\\\\u062a \\\\u0645\\\\u0648\\\\u0631\\\\u062f\\\\u0646\\\\u0638\\\\u0631 \\\\u0646\\\\u0627\\\\u0645\\\\u0646\\\\u0627\\\\u0633\\\\u0628 \\\\u0627\\\\u0633\\\\u062a.\\\"",\\\""url\\\"":\\\""https:\\\\\\\/\\\\\\\/api.snapppay.ir\\\\\\\/api\\\\\\\/online\\\\\\\/payment\\\\\\\/v1\\\\\\\/verify\\\"",\\\""args\\\"":{\\\""method\\\"":\\\""POST\\\"",\\\""body\\\"":\\\""{\\\\\\\""paymentToken\\\\\\\"":\\\\\\\""09c6be2a-9a5a-4814-9dd6-111d19ee1b5f\\\\\\\""}\\\"",\\\""headers\\\"":{\\\""Authorization\\\"":\\\""Authorization: Bearer eyJhbGciOiJSUzI1NiIsInR5cCI6IkpXVCJ9.eyJ1c2VyX25hbWUiOiJtb3VoZXItd2Vhci1wdXJjaGFzZSIsInNjb3BlIjpbIm9ubGluZS1tZXJjaGFudCJdLCJleHAiOjE3MzQ1OTIwNzAsImlhdCI6MTczNDU0ODg3MCwiYXV0aG9yaXRpZXMiOlsiUk9MRV9VU0VSIl0sImp0aSI6Ikx1c2hCVjVpbW9jUkFJX3JiVEZFeUNEQ2RwRSIsImNsaWVudF9pZCI6Im1vdWhlci13ZWFyIn0.f3FIad54gN0Z8E-Xn6flydN3sB7IKALwiYscIHKeojsJ2FeaGLMTidYGaatEUs4DKk0mVWIUN4_h6r_m-rnONqTrblZwkYSWmXnCH9sUisVfe9HbzmnKhBJ18eFRq0dWj3_y3gY3DmUJKenfHRtwH2AWkt1AeKhwPcP-JrM4o6p21Tq27rTxl-pGsfS9JtKHgkGFMojjY3V55nN0bAqgxxxHg9fvZKxnAej5ThiW5eMHTJkZ7_gwxugxBPQxR-73SbtCSmHYG4f5Frs8T4Wb5Q6lHNa9p5KLWyVUI7nMpjHLtGMsJ8iclFOWmYQbrRt-FL51ObeqWGP71GtLaURqeA\\\"",\\\""Content-Type\\\"":\\\""Content-Type: application\\\\\\\/json\\\"",\\\""user-agent\\\"":\\\""SnappPay, mouher-wear\\\""}}}\""}""",0,0,2024-12-18 22:22:21,2024-12-18 22:37:51
594,6240772960,website,219,,completed,6240772960,"{""successful"":true,""response"":{""transactionId"":""6240772960""}}",,fc4f2805-8696-410c-a61f-ceb2342f5633,616,1,190,2,1680000,1680000,0,0,"""{\""successful\"":true,\""response\"":{\""transactionId\"":\""6240772960\""}}""",0,0,2024-12-18 22:39:07,2024-12-24 19:30:56
595,6178870597,website,545,,completed,6178870597,"{""successful"":true,""response"":{""transactionId"":""6178870597""}}",,0397f18b-fa7f-4ed8-a9c1-8a4703902f82,708,1,303,2,890000,890000,890000,0,"""{\""successful\"":true,\""response\"":{\""transactionId\"":\""6178870597\""}}""",0,0,2024-12-19 11:12:33,2024-12-19 19:37:20
596,6049163780,website,175,,pending,6049163780,,,fc3a5ed6-3468-4e1a-98c4-9a83c94d9352,233,1,97,2,2680000,2680000,0,0,,0,0,2024-12-19 13:25:09,2024-12-19 13:25:10
597,1156726006,website,546,,completed,1156726006,"{""successful"":true,""response"":{""transactionId"":""1156726006""}}",,0de2aac2-80ef-4fec-a446-231cc623c8d2,710,1,304,2,1780000,1780000,1780000,0,"""{\""successful\"":true,\""response\"":{\""transactionId\"":\""1156726006\""}}""",0,0,2024-12-19 13:44:25,2024-12-19 19:34:44
598,2662892463,website,547,,completed,419ee98,{},,,712,1,305,1,2770000,2770000,2770000,0,"""{}""",0,0,2024-12-19 14:15:43,2024-12-21 00:53:30
599,2882456166,website,362,,completed,2882456166,"{""successful"":true,""response"":{""transactionId"":""2882456166""}}",,0bc47d2c-8f4a-44f5-a1ef-a9ca299f06bd,484,1,215,2,1780000,1780000,1780000,0,"""{\""successful\"":true,\""response\"":{\""transactionId\"":\""2882456166\""}}""",0,0,2024-12-19 14:44:56,2024-12-19 19:32:44
600,2173729583,website,545,,completed,2173729583,"{""successful"":true,""response"":{""transactionId"":""2173729583""}}",,c370b65c-c44c-4609-b3f3-5135a1254eea,709,1,303,2,1980000,1980000,1980000,0,"""{\""successful\"":true,\""response\"":{\""transactionId\"":\""2173729583\""}}""",0,0,2024-12-19 15:23:51,2024-12-19 19:37:37
601,8912521575,website,548,,completed,8912521575,"{""successful"":true,""response"":{""transactionId"":""8912521575""}}",,31b2911b-5f42-442c-a7f7-0ab3f0365dc2,716,1,306,2,5960000,5960000,0,0,"""{\""successful\"":true,\""response\"":{\""transactionId\"":\""8912521575\""}}""",0,0,2024-12-19 17:45:03,2024-12-30 21:01:31
602,7595922031,website,551,,completed,7595922031,"{""successful"":true,""response"":{""transactionId"":""7595922031""}}",,63d98324-0257-488e-93eb-8efd69e5b2d7,719,1,307,2,990000,990000,990000,0,"""{\""successful\"":true,\""response\"":{\""transactionId\"":\""7595922031\""}}""",0,0,2024-12-19 23:10:21,2024-12-20 11:55:34
603,1685855827,website,551,,completed,1685855827,"{""successful"":true,""response"":{""transactionId"":""1685855827""}}",,e4a1da3e-0f13-4811-9abf-9b046c58690d,720,1,307,2,990000,990000,990000,0,"""{\""successful\"":true,\""response\"":{\""transactionId\"":\""1685855827\""}}""",0,0,2024-12-19 23:19:32,2024-12-20 11:55:51
604,5372615600,website,151,,pending,5372615600,,,785c1481-f59a-472d-9555-30f8b00197f2,203,1,83,2,1780000,1780000,0,0,,0,0,2024-12-20 09:41:33,2024-12-20 09:41:34
605,3992550096,website,474,,pending,3992550096,,,f14540e7-4d01-4186-ac1b-045104cee399,618,1,264,2,3970000,3970000,990000,0,,0,0,2024-12-20 14:04:00,2024-12-20 14:04:01
606,7996331617,website,188,,declined,7996331617,,,c48dfa2a-df7f-4ca8-871f-2434d7ff9412,503,2,103,2,1980000,1980000,1980000,0,"""{\""gt\"":\""{\\\""status\\\"":\\\""error\\\"",\\\""successful\\\"":false,\\\""statusCode\\\"":400,\\\""message\\\"":\\\""\\\\u0648\\\\u0636\\\\u0639\\\\u06cc\\\\u062a \\\\u062a\\\\u0631\\\\u0627\\\\u06a9\\\\u0646\\\\u0634 \\\\u0628\\\\u0631\\\\u0627\\\\u06cc \\\\u0639\\\\u0645\\\\u0644\\\\u06cc\\\\u0627\\\\u062a \\\\u0645\\\\u0648\\\\u0631\\\\u062f\\\\u0646\\\\u0638\\\\u0631 \\\\u0646\\\\u0627\\\\u0645\\\\u0646\\\\u0627\\\\u0633\\\\u0628 \\\\u0627\\\\u0633\\\\u062a.\\\"",\\\""url\\\"":\\\""https:\\\\\\\/\\\\\\\/api.snapppay.ir\\\\\\\/api\\\\\\\/online\\\\\\\/payment\\\\\\\/v1\\\\\\\/verify\\\"",\\\""args\\\"":{\\\""method\\\"":\\\""POST\\\"",\\\""body\\\"":\\\""{\\\\\\\""paymentToken\\\\\\\"":\\\\\\\""c48dfa2a-df7f-4ca8-871f-2434d7ff9412\\\\\\\""}\\\"",\\\""headers\\\"":{\\\""Authorization\\\"":\\\""Authorization: Bearer eyJhbGciOiJSUzI1NiIsInR5cCI6IkpXVCJ9.eyJ1c2VyX25hbWUiOiJtb3VoZXItd2Vhci1wdXJjaGFzZSIsInNjb3BlIjpbIm9ubGluZS1tZXJjaGFudCJdLCJleHAiOjE3MzQ3NDE2NjAsImlhdCI6MTczNDY5ODQ2MCwiYXV0aG9yaXRpZXMiOlsiUk9MRV9VU0VSIl0sImp0aSI6Imwwc1ZZZi1iNkFUMEkzQVZDSlZmLTRNX2duNCIsImNsaWVudF9pZCI6Im1vdWhlci13ZWFyIn0.J5z5RkACwKAD66iZyPzEbra87mNpOEom_1_RdII-ytscbZpqZBxKHk51xFMjxsyDEGZ7rcX7mBPA9s7dydgRvYF5CkKimbkcB4AFIhoQynVLRqXNcIIHy8XoWnN2bYYd4SR_rdczatL1vYjD8E7HQF97OZVgF6wIc0nPN5QwXZ06sTiRw3jViKKyn6cN5sBnyDRI2mmeOeOc399w-kFgYwmF-mUjXYgA9MbQWmUvEyXD99NOoPklEDaS04_7PY-KgaewmRxlJtX2Ux1hwcmH3sx9ozeIhOxuVkUq4AY7sdKnNZmlggYZPoyZqKWbjLBIBhXjEjigoMW7eAfisPQGwA\\\"",\\\""Content-Type\\\"":\\\""Content-Type: application\\\\\\\/json\\\"",\\\""user-agent\\\"":\\\""SnappPay, mouher-wear\\\""}}}\""}""",0,0,2024-12-20 16:10:29,2024-12-20 16:11:00
607,7121271304,website,188,,pending,7121271304,,,f5f528f7-d022-45d3-9ee8-e1bc6ddeb37f,503,2,103,2,1980000,1980000,1980000,0,,0,0,2024-12-20 16:13:34,2024-12-20 16:13:35
608,9784434636,website,173,,pending,9784434636,,,a7d08518-3ea2-4cc9-a47e-8d3371f24999,230,2,94,2,990000,990000,990000,0,,0,0,2024-12-20 16:14:37,2024-12-20 16:14:38
609,3997388999,website,173,,pending,3997388999,,,d88b5ed6-8f7d-4706-905e-9b85218b2874,230,2,94,2,990000,990000,990000,0,,0,0,2024-12-20 16:15:41,2024-12-20 16:15:42
610,7302537840,website,188,,declined,7302537840,,,cafb275d-ff23-4156-8d10-10af440f960d,503,2,103,2,2970000,2970000,2970000,0,"""{\""gt\"":\""{\\\""status\\\"":\\\""error\\\"",\\\""successful\\\"":false,\\\""statusCode\\\"":400,\\\""message\\\"":\\\""\\\\u0648\\\\u0636\\\\u0639\\\\u06cc\\\\u062a \\\\u062a\\\\u0631\\\\u0627\\\\u06a9\\\\u0646\\\\u0634 \\\\u0628\\\\u0631\\\\u0627\\\\u06cc \\\\u0639\\\\u0645\\\\u0644\\\\u06cc\\\\u0627\\\\u062a \\\\u0645\\\\u0648\\\\u0631\\\\u062f\\\\u0646\\\\u0638\\\\u0631 \\\\u0646\\\\u0627\\\\u0645\\\\u0646\\\\u0627\\\\u0633\\\\u0628 \\\\u0627\\\\u0633\\\\u062a.\\\"",\\\""url\\\"":\\\""https:\\\\\\\/\\\\\\\/api.snapppay.ir\\\\\\\/api\\\\\\\/online\\\\\\\/payment\\\\\\\/v1\\\\\\\/verify\\\"",\\\""args\\\"":{\\\""method\\\"":\\\""POST\\\"",\\\""body\\\"":\\\""{\\\\\\\""paymentToken\\\\\\\"":\\\\\\\""cafb275d-ff23-4156-8d10-10af440f960d\\\\\\\""}\\\"",\\\""headers\\\"":{\\\""Authorization\\\"":\\\""Authorization: Bearer eyJhbGciOiJSUzI1NiIsInR5cCI6IkpXVCJ9.eyJ1c2VyX25hbWUiOiJtb3VoZXItd2Vhci1wdXJjaGFzZSIsInNjb3BlIjpbIm9ubGluZS1tZXJjaGFudCJdLCJleHAiOjE3MzQ3NDI0ODMsImlhdCI6MTczNDY5OTI4MywiYXV0aG9yaXRpZXMiOlsiUk9MRV9VU0VSIl0sImp0aSI6Inl4RFFHXzVrdUthVU8yZEd4M1BmUFN4Y1J1QSIsImNsaWVudF9pZCI6Im1vdWhlci13ZWFyIn0.hmyZVI84PBuhaA7trUwBxIKTNJa1zzpA_NWVXdtmx-ozvW8EkSbw2rPNEDC3eJrtTPpOBQHk7GD6CcB8-zSgWh8jGuCTIyR7MPPksDsySsi2vOZ1VNvnPe1Ri_fpNxzDf2dh0UK0zPlnZKtzN8Bo_KDoerCAz4UzjEqvZ1bXOL2OThEymU3wj_CEPQ_6Ers7D6bLYYbyhM0gHk5QJVAp0jr4JDYUYfwCI0auK5sDe3XNFFT4-JouTtZWnNVObHDD6-qNdd9rpYkX7uoLXzPLsfbOW8wCbeXGsPcYbn8JYnUpcTtiMaNxdwCUEzXBFdDi64adI69mQ_GujVOEfq0AzA\\\"",\\\""Content-Type\\\"":\\\""Content-Type: application\\\\\\\/json\\\"",\\\""user-agent\\\"":\\\""SnappPay, mouher-wear\\\""}}}\""}""",0,0,2024-12-20 16:23:21,2024-12-20 16:24:43
611,9925438839,website,188,,completed,9925438839,"{""successful"":true,""response"":{""transactionId"":""9925438839""}}",,1e85d991-2f11-4719-87e6-18b64744647f,503,2,103,2,1980000,1980000,1980000,0,"""{\""successful\"":true,\""response\"":{\""transactionId\"":\""9925438839\""}}""",0,0,2024-12-20 16:25:20,2024-12-24 19:35:09
612,9972824347,website,173,,completed,9972824347,"{""successful"":true,""response"":{""transactionId"":""9972824347""}}",,da68bccd-bc62-491d-9d2f-561f640bc7d3,230,2,94,2,990000,990000,990000,0,"""{\""successful\"":true,\""response\"":{\""transactionId\"":\""9972824347\""}}""",0,0,2024-12-20 17:04:00,2024-12-22 00:43:03
613,5410851407,website,254,,pending,0ddfded,,,,337,2,308,1,1240000,1240000,1240000,0,,0,0,2024-12-20 21:32:56,2024-12-20 21:32:57
614,3821956201,website,254,,completed,0145c42,{},,,337,2,309,1,2720000,2720000,1240000,0,"""{}""",0,0,2024-12-20 21:44:26,2024-12-21 21:33:57
615,4160805541,website,557,,pending,4160805541,,,178228f7-3fd3-4263-9847-a4c256921f81,730,1,310,2,2370000,2370000,2370000,0,,0,0,2024-12-21 00:19:59,2024-12-21 00:19:59
616,7092450907,website,557,,declined,7092450907,,,b331c9e5-0791-418d-9c61-e1c307135450,730,1,310,2,2370000,2370000,2370000,0,"""{\""gt\"":\""{\\\""status\\\"":\\\""error\\\"",\\\""successful\\\"":false,\\\""statusCode\\\"":400,\\\""message\\\"":\\\""\\\\u0648\\\\u0636\\\\u0639\\\\u06cc\\\\u062a \\\\u062a\\\\u0631\\\\u0627\\\\u06a9\\\\u0646\\\\u0634 \\\\u0628\\\\u0631\\\\u0627\\\\u06cc \\\\u0639\\\\u0645\\\\u0644\\\\u06cc\\\\u0627\\\\u062a \\\\u0645\\\\u0648\\\\u0631\\\\u062f\\\\u0646\\\\u0638\\\\u0631 \\\\u0646\\\\u0627\\\\u0645\\\\u0646\\\\u0627\\\\u0633\\\\u0628 \\\\u0627\\\\u0633\\\\u062a.\\\"",\\\""url\\\"":\\\""https:\\\\\\\/\\\\\\\/api.snapppay.ir\\\\\\\/api\\\\\\\/online\\\\\\\/payment\\\\\\\/v1\\\\\\\/verify\\\"",\\\""args\\\"":{\\\""method\\\"":\\\""POST\\\"",\\\""body\\\"":\\\""{\\\\\\\""paymentToken\\\\\\\"":\\\\\\\""b331c9e5-0791-418d-9c61-e1c307135450\\\\\\\""}\\\"",\\\""headers\\\"":{\\\""Authorization\\\"":\\\""Authorization: Bearer eyJhbGciOiJSUzI1NiIsInR5cCI6IkpXVCJ9.eyJ1c2VyX25hbWUiOiJtb3VoZXItd2Vhci1wdXJjaGFzZSIsInNjb3BlIjpbIm9ubGluZS1tZXJjaGFudCJdLCJleHAiOjE3MzQ3NzE1MDksImlhdCI6MTczNDcyODMwOSwiYXV0aG9yaXRpZXMiOlsiUk9MRV9VU0VSIl0sImp0aSI6Im5WUUFmMWVlanNHY1lDcDhENWxJM2ZqN3ZjNCIsImNsaWVudF9pZCI6Im1vdWhlci13ZWFyIn0.DcxhumgNotMIN3S-IsTaahZ49maY-gy4Bd7dH4uFmn6rmymiXlx5e58tdt4BooM9V1daQnZxu4CqVzCSB6AKN5nf2vA_X9tFT4C9YeDNi-tOuBR2Fn8-ryGL9j14eyWEfb8iMfAnUiD8FwdlyWken--GZmKeg2lHX943RgOFm4erHP12WMcdtSYw229BjpQQMUXUdmrz0ZNSxybX8hpd8rHt32uOncud90mHOdpJ8R91d1EvGH_BiTT0uMGgkIlLPJus6pL49WGPfTK-oBbhHKg4FgqjMrR6reb6ivI2tmB_-FNDR6Z3vYJ-Nq0kINMX8GqoW55YL1Ky-7cInjgZPw\\\"",\\\""Content-Type\\\"":\\\""Content-Type: application\\\\\\\/json\\\"",\\\""user-agent\\\"":\\\""SnappPay, mouher-wear\\\""}}}\""}""",0,0,2024-12-21 00:28:05,2024-12-21 00:28:29
617,8222344165,website,557,,pending,8222344165,,,8cf6fb93-1501-4bbc-9e88-a98b24e2cd18,730,2,310,2,2370000,2370000,2370000,0,,0,0,2024-12-21 00:29:01,2024-12-21 00:29:02
618,3880804107,website,557,,pending,3880804107,,,0a8c6c2d-2cb6-4b7a-a200-4b72cd75774a,730,1,310,2,2370000,2370000,2370000,0,,0,0,2024-12-21 00:46:03,2024-12-21 00:46:03
619,5454039797,website,523,,completed,5454039797,"{""successful"":true,""response"":{""transactionId"":""5454039797""}}",,70ee1611-7d6b-454e-bdef-a845d3a8dafe,682,1,290,2,890000,890000,890000,0,"""{\""successful\"":true,\""response\"":{\""transactionId\"":\""5454039797\""}}""",0,0,2024-12-21 03:27:07,2024-12-22 00:42:27
620,6257918690,website,558,,completed,2a4dda2,{},,,732,1,311,1,890000,890000,890000,0,"""{}""",0,0,2024-12-21 09:15:54,2024-12-22 19:18:53
621,5474879679,website,559,,pending,5474879679,,,b6a00df0-5c80-45fe-9c20-2db38613edf9,734,2,312,2,4760000,4760000,0,0,,0,0,2024-12-21 10:27:15,2024-12-21 10:27:16
622,4613766784,website,559,,pending,4613766784,,,ff9cec97-4ef6-4a16-87d4-893d6b21f1aa,734,2,312,2,4760000,4760000,0,0,,0,0,2024-12-21 10:31:33,2024-12-21 10:31:33
623,6654312974,website,559,,pending,6654312974,,,f9cc2676-c64e-4066-ae3d-1c3bfe353edd,734,2,312,2,4760000,4760000,0,0,,0,0,2024-12-21 10:32:38,2024-12-21 10:32:39
624,4457720062,website,559,,completed,4457720062,"{""successful"":true,""response"":{""transactionId"":""4457720062""}}",,4effaa64-350b-4e26-bfd2-a7e81298a1c9,734,2,312,2,2980000,2980000,0,0,"""{\""successful\"":true,\""response\"":{\""transactionId\"":\""4457720062\""}}""",0,0,2024-12-21 11:29:05,2024-12-21 21:31:05
625,3608215072,website,559,,completed,3608215072,"{""successful"":true,""response"":{""transactionId"":""3608215072""}}",,e91cc381-4022-462e-a545-fea32169636c,735,2,312,2,1780000,1780000,0,0,"""{\""successful\"":true,\""response\"":{\""transactionId\"":\""3608215072\""}}""",0,0,2024-12-21 12:48:11,2024-12-21 21:30:53
626,4950495797,website,560,,completed,53f3c96,{},,,737,1,313,1,990000,990000,990000,0,"""{}""",0,0,2024-12-21 14:47:21,2024-12-22 00:40:15
627,3552582368,website,561,,completed,3552582368,"{""successful"":true,""response"":{""transactionId"":""3552582368""}}",,3918fd03-e7cf-4eaa-a67e-c2d3a892ae07,739,2,314,2,2980000,2980000,0,0,"""{\""successful\"":true,\""response\"":{\""transactionId\"":\""3552582368\""}}""",0,0,2024-12-21 15:03:46,2024-12-21 21:33:41
628,2892568011,website,557,,completed,2892568011,"{""successful"":true,""response"":{""transactionId"":""2892568011""}}",,79c6971a-c435-4968-bfbc-bf16713638ae,730,1,310,2,2370000,2370000,2370000,0,"""{\""successful\"":true,\""response\"":{\""transactionId\"":\""2892568011\""}}""",0,0,2024-12-21 16:22:01,2024-12-22 00:36:32
629,5637966223,website,175,,pending,5637966223,,,a00f7b6c-42ba-43aa-8ca9-9295f057583f,233,1,97,2,5660000,5660000,0,0,,0,0,2024-12-21 23:18:31,2024-12-21 23:18:31
630,9405753250,website,433,,completed,9405753250,"{""successful"":true,""response"":{""transactionId"":""9405753250""}}",,e9cfb16f-cfb7-45ee-99fe-c6d42e3acf87,568,1,242,2,2380000,2380000,0,0,"""{\""successful\"":true,\""response\"":{\""transactionId\"":\""9405753250\""}}""",0,0,2024-12-22 09:14:01,2024-12-30 21:00:53
631,5162345405,website,564,,pending,5162345405,,,522a269b-1d51-4d7b-8120-3b97bc158007,745,1,316,2,2780000,2780000,0,0,,0,0,2024-12-22 19:21:05,2024-12-22 19:21:06
632,6215665238,website,564,,pending,6215665238,,,05f9c421-f57a-4c9e-be1b-476b6721a8c1,745,1,316,2,2780000,2780000,0,0,,0,0,2024-12-22 19:21:48,2024-12-22 19:21:49
633,3290199254,website,564,,pending,3290199254,,,930ddde9-6c5b-446b-b36b-d195f56440b2,745,1,316,2,2780000,2780000,0,0,,0,0,2024-12-22 20:37:23,2024-12-22 20:37:24
634,2468145155,website,564,,pending,2468145155,,,de7ff92a-fc36-4c7a-b600-052bb1f9c83e,745,1,316,2,2780000,2780000,0,0,,0,0,2024-12-22 20:39:57,2024-12-22 20:39:58
635,5693200042,website,564,,pending,5693200042,,,df9c59f5-a032-4ead-9c67-38e6665f609a,745,1,316,2,2780000,2780000,0,0,,0,0,2024-12-22 20:41:49,2024-12-22 20:41:50
636,2417710491,website,565,,declined,2417710491,,,abe231c3-a245-4168-ab67-3648421d7786,746,2,317,2,2980000,2980000,0,0,"""{\""gt\"":\""{\\\""status\\\"":\\\""error\\\"",\\\""successful\\\"":false,\\\""statusCode\\\"":400,\\\""message\\\"":\\\""\\\\u0648\\\\u0636\\\\u0639\\\\u06cc\\\\u062a \\\\u062a\\\\u0631\\\\u0627\\\\u06a9\\\\u0646\\\\u0634 \\\\u0628\\\\u0631\\\\u0627\\\\u06cc \\\\u0639\\\\u0645\\\\u0644\\\\u06cc\\\\u0627\\\\u062a \\\\u0645\\\\u0648\\\\u0631\\\\u062f\\\\u0646\\\\u0638\\\\u0631 \\\\u0646\\\\u0627\\\\u0645\\\\u0646\\\\u0627\\\\u0633\\\\u0628 \\\\u0627\\\\u0633\\\\u062a.\\\"",\\\""url\\\"":\\\""https:\\\\\\\/\\\\\\\/api.snapppay.ir\\\\\\\/api\\\\\\\/online\\\\\\\/payment\\\\\\\/v1\\\\\\\/verify\\\"",\\\""args\\\"":{\\\""method\\\"":\\\""POST\\\"",\\\""body\\\"":\\\""{\\\\\\\""paymentToken\\\\\\\"":\\\\\\\""abe231c3-a245-4168-ab67-3648421d7786\\\\\\\""}\\\"",\\\""headers\\\"":{\\\""Authorization\\\"":\\\""Authorization: Bearer eyJhbGciOiJSUzI1NiIsInR5cCI6IkpXVCJ9.eyJ1c2VyX25hbWUiOiJtb3VoZXItd2Vhci1wdXJjaGFzZSIsInNjb3BlIjpbIm9ubGluZS1tZXJjaGFudCJdLCJleHAiOjE3MzQ5MzEzNDUsImlhdCI6MTczNDg4ODE0NSwiYXV0aG9yaXRpZXMiOlsiUk9MRV9VU0VSIl0sImp0aSI6InlmTm1XZVp6d3A2TXJYNlFiS3BSa2lkWi1jdyIsImNsaWVudF9pZCI6Im1vdWhlci13ZWFyIn0.ehQ4w5lg90FESItZH0wniTDAp4Tck4h0aBuVj_rblqYnv-wk3UAL22SSHiIERwJfg8o3DYL2flJkX5dgArqDkncYOgdKHAXAYn5OL1NbvMPq-yzYKDV8KjJ-cZFgDj8OKgXbQb6TGJ4mhadV-VMtBNtq7PfkQaMWuiYopk8kJEH-iitxzLCbkwRHXB29sMRQWW38pJX-TxvUCOtmwpE6lPnfD23Vu2JwwtzRvQFkT7CmGaWIkvLJ1ySQb9pr7SoOcFzFr1h6LsjjlGsmH12KM1nGFQRLM_PY4jk3Z9rzesAEhfn5DasCIW7vw-JmEvTzdq2L3O7yaW6wdK0Tx_IvkQ\\\"",\\\""Content-Type\\\"":\\\""Content-Type: application\\\\\\\/json\\\"",\\\""user-agent\\\"":\\\""SnappPay, mouher-wear\\\""}}}\""}""",0,0,2024-12-22 20:44:53,2024-12-22 20:52:25
637,8694168762,website,565,,completed,8694168762,"{""successful"":true,""response"":{""transactionId"":""8694168762""}}",,0d15f6a1-5fb1-4fc9-9649-c439750326a7,746,2,317,2,2980000,2980000,0,0,"""{\""successful\"":true,\""response\"":{\""transactionId\"":\""8694168762\""}}""",0,0,2024-12-22 20:54:52,2024-12-24 20:13:00
638,7527824609,website,283,,completed,7527824609,"{""successful"":true,""response"":{""transactionId"":""7527824609""}}",,9f843b9c-59db-4402-ae5f-05b538b262b3,485,2,159,2,3780000,3780000,0,0,"""{\""successful\"":true,\""response\"":{\""transactionId\"":\""7527824609\""}}""",0,0,2024-12-22 20:59:49,2024-12-24 20:14:09
639,8554386165,website,166,,completed,8554386165,"{""successful"":true,""response"":{""transactionId"":""8554386165""}}",,3dcdda84-31e0-42ae-9e4a-e295e458b864,409,2,113,2,3780000,3780000,0,0,"""{\""successful\"":true,\""response\"":{\""transactionId\"":\""8554386165\""}}""",0,0,2024-12-22 21:56:00,2025-01-04 18:29:35
640,6260355724,website,564,,completed,6260355724,"{""successful"":true,""response"":{""transactionId"":""6260355724""}}",,0257d069-bf5f-47ae-b820-17db9a56a104,745,1,316,2,2780000,2780000,0,0,"""{\""successful\"":true,\""response\"":{\""transactionId\"":\""6260355724\""}}""",0,0,2024-12-22 22:30:18,2024-12-28 22:18:50
641,8507289846,website,567,,completed,676ac82,{},,,752,1,318,1,1240000,1240000,1240000,0,"""{}""",0,0,2024-12-23 14:44:50,2024-12-24 08:15:03
642,3723785311,website,274,,completed,3723785311,"{""successful"":true,""response"":{""transactionId"":""3723785311""}}",,98117cda-8bf0-4f2d-a37e-66c30f5a85e2,360,2,154,2,990000,990000,990000,0,"""{\""successful\"":true,\""response\"":{\""transactionId\"":\""3723785311\""}}""",0,0,2024-12-23 16:31:02,2024-12-28 22:20:35
643,2126920753,website,568,,declined,2126920753,,,48ca9d59-9845-4a9d-90d0-02903d98c0d4,755,2,319,2,3670000,3670000,990000,0,"""{\""gt\"":\""{\\\""status\\\"":\\\""error\\\"",\\\""successful\\\"":false,\\\""statusCode\\\"":400,\\\""message\\\"":\\\""\\\\u0648\\\\u0636\\\\u0639\\\\u06cc\\\\u062a \\\\u062a\\\\u0631\\\\u0627\\\\u06a9\\\\u0646\\\\u0634 \\\\u0628\\\\u0631\\\\u0627\\\\u06cc \\\\u0639\\\\u0645\\\\u0644\\\\u06cc\\\\u0627\\\\u062a \\\\u0645\\\\u0648\\\\u0631\\\\u062f\\\\u0646\\\\u0638\\\\u0631 \\\\u0646\\\\u0627\\\\u0645\\\\u0646\\\\u0627\\\\u0633\\\\u0628 \\\\u0627\\\\u0633\\\\u062a.\\\"",\\\""url\\\"":\\\""https:\\\\\\\/\\\\\\\/api.snapppay.ir\\\\\\\/api\\\\\\\/online\\\\\\\/payment\\\\\\\/v1\\\\\\\/verify\\\"",\\\""args\\\"":{\\\""method\\\"":\\\""POST\\\"",\\\""body\\\"":\\\""{\\\\\\\""paymentToken\\\\\\\"":\\\\\\\""48ca9d59-9845-4a9d-90d0-02903d98c0d4\\\\\\\""}\\\"",\\\""headers\\\"":{\\\""Authorization\\\"":\\\""Authorization: Bearer eyJhbGciOiJSUzI1NiIsInR5cCI6IkpXVCJ9.eyJ1c2VyX25hbWUiOiJtb3VoZXItd2Vhci1wdXJjaGFzZSIsInNjb3BlIjpbIm9ubGluZS1tZXJjaGFudCJdLCJleHAiOjE3MzUwMjk3NjcsImlhdCI6MTczNDk4NjU2NywiYXV0aG9yaXRpZXMiOlsiUk9MRV9VU0VSIl0sImp0aSI6InVDSVZaYVlHMzdlZ2t5ZWUwa05QUnNiTFl5NCIsImNsaWVudF9pZCI6Im1vdWhlci13ZWFyIn0.cJkgJI_K4BDkbC5KRyU9o6qg8aRUp4Er1t4enlL4aKCO9B_H_Ug5jvi5UV55nwlcEXWQGqWBCkYAyKlyGSTgvgJgX4wLc_nkyxAPIxBJyq4f8Xh8qGI-O2PmBhP7a3esOVDwukQxSlHxIf43t-0TRcAcKFchbYDWex7LP1Hy9Nani6SIGRXEiM_1Dh2nrEFzLyX3wR1N4S1GZecwIHPkmhp0VyUL5K_V7Vkxf48Kv8rrYdIxkKUCXWwQiwRb0gpqoV_dS_rpk35OD4LQnJkLccgL1JIDJCQNbLYDbrN3FqGCYlunmEFYWQGy4YEhHyrZTSprVsYHvx2kTpWvsoaywQ\\\"",\\\""Content-Type\\\"":\\\""Content-Type: application\\\\\\\/json\\\"",\\\""user-agent\\\"":\\\""SnappPay, mouher-wear\\\""}}}\""}""",0,0,2024-12-24 00:12:11,2024-12-24 00:12:47
644,1793547421,website,568,,declined,1793547421,,,b9a85fbd-ce68-48d5-be6c-34201a61b381,755,2,319,2,3670000,3670000,990000,0,"""{\""gt\"":\""{\\\""status\\\"":\\\""error\\\"",\\\""successful\\\"":false,\\\""statusCode\\\"":400,\\\""message\\\"":\\\""\\\\u0648\\\\u0636\\\\u0639\\\\u06cc\\\\u062a \\\\u062a\\\\u0631\\\\u0627\\\\u06a9\\\\u0646\\\\u0634 \\\\u0628\\\\u0631\\\\u0627\\\\u06cc \\\\u0639\\\\u0645\\\\u0644\\\\u06cc\\\\u0627\\\\u062a \\\\u0645\\\\u0648\\\\u0631\\\\u062f\\\\u0646\\\\u0638\\\\u0631 \\\\u0646\\\\u0627\\\\u0645\\\\u0646\\\\u0627\\\\u0633\\\\u0628 \\\\u0627\\\\u0633\\\\u062a.\\\"",\\\""url\\\"":\\\""https:\\\\\\\/\\\\\\\/api.snapppay.ir\\\\\\\/api\\\\\\\/online\\\\\\\/payment\\\\\\\/v1\\\\\\\/verify\\\"",\\\""args\\\"":{\\\""method\\\"":\\\""POST\\\"",\\\""body\\\"":\\\""{\\\\\\\""paymentToken\\\\\\\"":\\\\\\\""b9a85fbd-ce68-48d5-be6c-34201a61b381\\\\\\\""}\\\"",\\\""headers\\\"":{\\\""Authorization\\\"":\\\""Authorization: Bearer eyJhbGciOiJSUzI1NiIsInR5cCI6IkpXVCJ9.eyJ1c2VyX25hbWUiOiJtb3VoZXItd2Vhci1wdXJjaGFzZSIsInNjb3BlIjpbIm9ubGluZS1tZXJjaGFudCJdLCJleHAiOjE3MzUwMjk4MDcsImlhdCI6MTczNDk4NjYwNywiYXV0aG9yaXRpZXMiOlsiUk9MRV9VU0VSIl0sImp0aSI6IllCNW9tbGx5ZVNqUV8zelU1LWN1QnM2UUhYSSIsImNsaWVudF9pZCI6Im1vdWhlci13ZWFyIn0.fDwlBwNLab0eIx5c-Nrho0_Rgg18tyTLju_gaQTNbZ_MZjcjFZdMVy8Nbsll6vwmg5rIo0RxqI-th1fOur6GdBhN2priXBzI5KF0GGm53z5qGr9N1Cr5ehYSBiJx6xctqlZHj_jdQyrIv5kAxRzvmLUueDhMm470eOM4NCdQtCPkSy0gZkWh1vxLtE5OcF_f1vjsw2xbHycYqg7BqKj3EexwQu1KNi_kuYzNS3H4ZRPjQUe-LKp8zXAYmJfTUOfWKIBQ6n5bIY4C1eK2fI4jQlMnLSYvhNNdP4M740Zyvkua6QdwdCkNklr6OMpAvqXAD1v_pAN3mMZyk-Brsz30hw\\\"",\\\""Content-Type\\\"":\\\""Content-Type: application\\\\\\\/json\\\"",\\\""user-agent\\\"":\\\""SnappPay, mouher-wear\\\""}}}\""}""",0,0,2024-12-24 00:13:09,2024-12-24 00:13:27
645,8890542131,website,571,,pending,8890542131,,,59fbee3b-54c8-4028-bede-87eefe98f7c6,758,1,320,2,790000,790000,790000,0,,0,0,2024-12-24 02:13:01,2024-12-24 02:13:02
646,2776472894,website,179,,completed,2776472894,"{""successful"":true,""response"":{""transactionId"":""2776472894""}}",,d3940cfd-6b5d-456e-84f2-509aad2e06de,239,1,100,2,990000,990000,990000,0,"""{\""successful\"":true,\""response\"":{\""transactionId\"":\""2776472894\""}}""",0,0,2024-12-24 02:47:27,2024-12-24 20:12:06
647,2327962827,website,573,,pending,2327962827,,,6f5598fa-f42f-48d8-b063-aa6fbdcd6405,761,1,322,2,3780000,3780000,0,0,,0,0,2024-12-24 17:13:22,2024-12-24 17:13:22
648,2578908097,website,575,,declined,2578908097,,,25bccabe-4ff1-4b9e-9c95-7fc296167329,763,2,323,2,3780000,3780000,0,0,"""{\""gt\"":\""{\\\""status\\\"":\\\""error\\\"",\\\""successful\\\"":false,\\\""statusCode\\\"":400,\\\""message\\\"":\\\""\\\\u0648\\\\u0636\\\\u0639\\\\u06cc\\\\u062a \\\\u062a\\\\u0631\\\\u0627\\\\u06a9\\\\u0646\\\\u0634 \\\\u0628\\\\u0631\\\\u0627\\\\u06cc \\\\u0639\\\\u0645\\\\u0644\\\\u06cc\\\\u0627\\\\u062a \\\\u0645\\\\u0648\\\\u0631\\\\u062f\\\\u0646\\\\u0638\\\\u0631 \\\\u0646\\\\u0627\\\\u0645\\\\u0646\\\\u0627\\\\u0633\\\\u0628 \\\\u0627\\\\u0633\\\\u062a.\\\"",\\\""url\\\"":\\\""https:\\\\\\\/\\\\\\\/api.snapppay.ir\\\\\\\/api\\\\\\\/online\\\\\\\/payment\\\\\\\/v1\\\\\\\/verify\\\"",\\\""args\\\"":{\\\""method\\\"":\\\""POST\\\"",\\\""body\\\"":\\\""{\\\\\\\""paymentToken\\\\\\\"":\\\\\\\""25bccabe-4ff1-4b9e-9c95-7fc296167329\\\\\\\""}\\\"",\\\""headers\\\"":{\\\""Authorization\\\"":\\\""Authorization: Bearer eyJhbGciOiJSUzI1NiIsInR5cCI6IkpXVCJ9.eyJ1c2VyX25hbWUiOiJtb3VoZXItd2Vhci1wdXJjaGFzZSIsInNjb3BlIjpbIm9ubGluZS1tZXJjaGFudCJdLCJleHAiOjE3MzUwOTMxNDIsImlhdCI6MTczNTA0OTk0MiwiYXV0aG9yaXRpZXMiOlsiUk9MRV9VU0VSIl0sImp0aSI6Ilk5RFFJZmFRc2Nqb012MXFhT21UdmludllSUSIsImNsaWVudF9pZCI6Im1vdWhlci13ZWFyIn0.Ex3v4WSYbsdUx1-xdFutIk3T8rPWXW42ZUEu8SM1j4bRQBQ7ImbXgcn0_adG5UgjC8tJYYkrD3oL1yekL3QGfHmBeJFG9e-MkjtAZa5RZOjiTYAOUtx-4W0jKxLhiyFkxDpUX6A03UbvHh9M8P2L8nmT5hUadlvP1I5BbcltI7f801Yvam6IbVCax_ekQu21EVeGO0MOhJzYsFg3zIqcT5S3PU3NxuLuDVwB2pjMWJPf9qlSFp2-jozAGXk_OrzAL0fWKU5o13p27Lh59YzTeTOTLRY_tbzZ682AolGbYQU5zk58CwGVBqzLF_ljBiUtn9LgG5TIaulRKGn1kL82Ig\\\"",\\\""Content-Type\\\"":\\\""Content-Type: application\\\\\\\/json\\\"",\\\""user-agent\\\"":\\\""SnappPay, mouher-wear\\\""}}}\""}""",0,0,2024-12-24 17:47:35,2024-12-24 17:49:02
649,5381441112,website,575,,pending,5381441112,,,6a95dbb3-b84e-4b59-be2c-724b43eda460,763,2,323,2,3780000,3780000,0,0,,0,0,2024-12-24 17:49:34,2024-12-24 17:49:35
650,7502818405,website,575,,pending,7502818405,,,afe959ae-d12d-4e31-8c12-3f6904dfcbf8,763,2,323,2,3780000,3780000,0,0,,0,0,2024-12-24 17:50:37,2024-12-24 17:50:38
651,6828414764,website,575,,declined,6828414764,,,a7560dbb-848e-4adf-8819-1eb51cf583c3,763,2,323,2,3780000,3780000,0,0,"""{\""gt\"":\""{\\\""status\\\"":\\\""error\\\"",\\\""successful\\\"":false,\\\""statusCode\\\"":400,\\\""message\\\"":\\\""\\\\u0648\\\\u0636\\\\u0639\\\\u06cc\\\\u062a \\\\u062a\\\\u0631\\\\u0627\\\\u06a9\\\\u0646\\\\u0634 \\\\u0628\\\\u0631\\\\u0627\\\\u06cc \\\\u0639\\\\u0645\\\\u0644\\\\u06cc\\\\u0627\\\\u062a \\\\u0645\\\\u0648\\\\u0631\\\\u062f\\\\u0646\\\\u0638\\\\u0631 \\\\u0646\\\\u0627\\\\u0645\\\\u0646\\\\u0627\\\\u0633\\\\u0628 \\\\u0627\\\\u0633\\\\u062a.\\\"",\\\""url\\\"":\\\""https:\\\\\\\/\\\\\\\/api.snapppay.ir\\\\\\\/api\\\\\\\/online\\\\\\\/payment\\\\\\\/v1\\\\\\\/verify\\\"",\\\""args\\\"":{\\\""method\\\"":\\\""POST\\\"",\\\""body\\\"":\\\""{\\\\\\\""paymentToken\\\\\\\"":\\\\\\\""a7560dbb-848e-4adf-8819-1eb51cf583c3\\\\\\\""}\\\"",\\\""headers\\\"":{\\\""Authorization\\\"":\\\""Authorization: Bearer eyJhbGciOiJSUzI1NiIsInR5cCI6IkpXVCJ9.eyJ1c2VyX25hbWUiOiJtb3VoZXItd2Vhci1wdXJjaGFzZSIsInNjb3BlIjpbIm9ubGluZS1tZXJjaGFudCJdLCJleHAiOjE3MzUwOTY0MzYsImlhdCI6MTczNTA1MzIzNiwiYXV0aG9yaXRpZXMiOlsiUk9MRV9VU0VSIl0sImp0aSI6IlNfZ3pOTXlWa0F0ZlNFWWpubENzQXdtUFNfOCIsImNsaWVudF9pZCI6Im1vdWhlci13ZWFyIn0.ixwiCmNW7IFBnqxgk5QPJYVmSDQ8okQmCzw1_EbhgWU0LJZoZXgbVU8xS7RJW7EssQNolJEe0iR1yavLe-LialRAhqW_22ifr-SYleW9DpqcoFB8RQnwOSOnh8jjvVSPvUhU9JqeMDnXWIhXYy3zQ5jR-qZCFy2bGhUffxZnZi490cMd1grLSFDUOHYDJ7cyRmmp8EqcOQTUOvyiYw7k6EiIOKUSs153e2uV7iOyU_k6ubJsFiryT6Us0Cw_MGA-w6udTvdlIGMkOX_IWrzGe-9u_avEAYd20RIX3HLKei4l1QeknD3Rb0WD8-YFfRIU_px7G6hFPVagwZnHT2L74g\\\"",\\\""Content-Type\\\"":\\\""Content-Type: application\\\\\\\/json\\\"",\\\""user-agent\\\"":\\\""SnappPay, mouher-wear\\\""}}}\""}""",0,0,2024-12-24 18:35:44,2024-12-24 18:43:56
652,8548540226,website,575,,completed,8548540226,"{""successful"":true,""response"":{""transactionId"":""8548540226""}}",,743b6e98-2497-4351-870b-7457c6c89544,763,2,323,2,3780000,3780000,0,0,"""{\""successful\"":true,\""response\"":{\""transactionId\"":\""8548540226\""}}""",0,0,2024-12-24 18:46:46,2024-12-26 00:06:26
653,8123708802,website,345,,completed,61b0849,{},,,454,1,199,1,3960000,3960000,3960000,0,"""{}""",0,0,2024-12-25 01:21:06,2024-12-26 00:06:06
654,9561418024,website,169,,declined,9561418024,,,0c314200-550b-45e3-bcbe-518f334c1e16,275,1,114,2,3780000,3780000,0,0,"""{\""gt\"":\""{\\\""status\\\"":\\\""error\\\"",\\\""successful\\\"":false,\\\""statusCode\\\"":400,\\\""message\\\"":\\\""\\\\u0648\\\\u0636\\\\u0639\\\\u06cc\\\\u062a \\\\u062a\\\\u0631\\\\u0627\\\\u06a9\\\\u0646\\\\u0634 \\\\u0628\\\\u0631\\\\u0627\\\\u06cc \\\\u0639\\\\u0645\\\\u0644\\\\u06cc\\\\u0627\\\\u062a \\\\u0645\\\\u0648\\\\u0631\\\\u062f\\\\u0646\\\\u0638\\\\u0631 \\\\u0646\\\\u0627\\\\u0645\\\\u0646\\\\u0627\\\\u0633\\\\u0628 \\\\u0627\\\\u0633\\\\u062a.\\\"",\\\""url\\\"":\\\""https:\\\\\\\/\\\\\\\/api.snapppay.ir\\\\\\\/api\\\\\\\/online\\\\\\\/payment\\\\\\\/v1\\\\\\\/verify\\\"",\\\""args\\\"":{\\\""method\\\"":\\\""POST\\\"",\\\""body\\\"":\\\""{\\\\\\\""paymentToken\\\\\\\"":\\\\\\\""0c314200-550b-45e3-bcbe-518f334c1e16\\\\\\\""}\\\"",\\\""headers\\\"":{\\\""Authorization\\\"":\\\""Authorization: Bearer eyJhbGciOiJSUzI1NiIsInR5cCI6IkpXVCJ9.eyJ1c2VyX25hbWUiOiJtb3VoZXItd2Vhci1wdXJjaGFzZSIsInNjb3BlIjpbIm9ubGluZS1tZXJjaGFudCJdLCJleHAiOjE3MzUxNzM5ODQsImlhdCI6MTczNTEzMDc4NCwiYXV0aG9yaXRpZXMiOlsiUk9MRV9VU0VSIl0sImp0aSI6IjRObV9oLXJsU0NoZ1Z4cmJaaXBJU3libUx4RSIsImNsaWVudF9pZCI6Im1vdWhlci13ZWFyIn0.YIkqQ_kTvxwqKrGTtZysavrHXnDMdwg-hsxiZcSIaJv071OjVN6q59pUMWK3rm0_kWLXRovczcax2DzX4Cjtb5BBUrf_DQcoyUdfqjPZEt71BWPyEsSsNdW0F2erElPCBYLCz8BDuSF7hF-SdgUTXM81Cx7s7V-uUuiyVlSERwHJWKI4xhizLiHWK5TUtNTEEK2V05UowOYhXxRr83hbVxZ2V0EYsoEzHIiG-IwZiWk5e01ZTe1dRdrTESWzEvCKt42sF3dtYBIDtCtMt1tQTrptqMhSCYALRyVMhd89Qd-GSN2GQsTuMOx87HrxyeoWYNXfE05glCw_NRePdG-MVQ\\\"",\\\""Content-Type\\\"":\\\""Content-Type: application\\\\\\\/json\\\"",\\\""user-agent\\\"":\\\""SnappPay, mouher-wear\\\""}}}\""}""",0,0,2024-12-25 16:04:38,2024-12-25 16:16:24
655,4182934992,website,169,,completed,4182934992,"{""successful"":true,""response"":{""transactionId"":""4182934992""}}",,65ad3a32-f572-4988-84a5-a7642874e027,275,1,114,2,3780000,3780000,0,0,"""{\""successful\"":true,\""response\"":{\""transactionId\"":\""4182934992\""}}""",0,0,2024-12-25 16:17:02,2025-01-04 18:29:16
656,4540157656,website,584,,declined,4540157656,,,628a40ba-b923-49a2-9279-77b46153eb7c,773,1,325,2,2980000,2980000,0,0,"""{\""gt\"":\""{\\\""status\\\"":\\\""error\\\"",\\\""successful\\\"":false,\\\""statusCode\\\"":400,\\\""message\\\"":\\\""\\\\u0648\\\\u0636\\\\u0639\\\\u06cc\\\\u062a \\\\u062a\\\\u0631\\\\u0627\\\\u06a9\\\\u0646\\\\u0634 \\\\u0628\\\\u0631\\\\u0627\\\\u06cc \\\\u0639\\\\u0645\\\\u0644\\\\u06cc\\\\u0627\\\\u062a \\\\u0645\\\\u0648\\\\u0631\\\\u062f\\\\u0646\\\\u0638\\\\u0631 \\\\u0646\\\\u0627\\\\u0645\\\\u0646\\\\u0627\\\\u0633\\\\u0628 \\\\u0627\\\\u0633\\\\u062a.\\\"",\\\""url\\\"":\\\""https:\\\\\\\/\\\\\\\/api.snapppay.ir\\\\\\\/api\\\\\\\/online\\\\\\\/payment\\\\\\\/v1\\\\\\\/verify\\\"",\\\""args\\\"":{\\\""method\\\"":\\\""POST\\\"",\\\""body\\\"":\\\""{\\\\\\\""paymentToken\\\\\\\"":\\\\\\\""628a40ba-b923-49a2-9279-77b46153eb7c\\\\\\\""}\\\"",\\\""headers\\\"":{\\\""Authorization\\\"":\\\""Authorization: Bearer eyJhbGciOiJSUzI1NiIsInR5cCI6IkpXVCJ9.eyJ1c2VyX25hbWUiOiJtb3VoZXItd2Vhci1wdXJjaGFzZSIsInNjb3BlIjpbIm9ubGluZS1tZXJjaGFudCJdLCJleHAiOjE3MzUyMDM5OTcsImlhdCI6MTczNTE2MDc5NywiYXV0aG9yaXRpZXMiOlsiUk9MRV9VU0VSIl0sImp0aSI6IlZsRGZ0bDYyeEgzS3U5S0Vvb2t6bUU4RFJ6QSIsImNsaWVudF9pZCI6Im1vdWhlci13ZWFyIn0.XPedJ636wgn08T7dnkUD8XOou3DTA_KyhbuZRkc9Dz4_D2VOQ_TFdsLRGGe2ZZkD-fjALmerwplk5l7zg_lyQDvGrPSSuODb4aknI6UseBc7Hzfd-Y8H5g1c-kxemymYy-9oGn9L9nCHmt7YlQoANcqTV_nDFpyQsiuOtSrkiacTB25qw3XjMVMw3YC2jLkoWYAvAuBTsQIIe-sU6pNb7X_CEWKkWZZfY5iGVXJfiGNJ5HVZFnfl0c9smvhjl7J8D6mS9M9Z7cCRsDGOW7NJeqz9Tixhp5zp-BWMZvfkZJFLgm1o-OuA3mchP6ffpWxp6XLmniWr8kLZwZJXu2WsSg\\\"",\\\""Content-Type\\\"":\\\""Content-Type: application\\\\\\\/json\\\"",\\\""user-agent\\\"":\\\""SnappPay, mouher-wear\\\""}}}\""}""",0,0,2024-12-25 23:07:13,2024-12-26 00:36:37
657,2432572639,website,582,,pending,2432572639,,,c9e16ab4-c86b-4c25-ac17-b5bcf5f29de6,769,1,326,2,2680000,2680000,0,0,,0,0,2024-12-25 23:19:05,2024-12-25 23:19:06
658,5341216148,website,582,,pending,5341216148,,,d32d5ef9-50d1-4ab5-afb5-7a80cc2ab660,769,1,326,2,2680000,2680000,0,0,,0,0,2024-12-25 23:23:55,2024-12-25 23:23:56
659,5874081492,website,582,,pending,5874081492,,,923dd052-53c3-4cbd-ba30-f66b285e4881,769,2,326,2,2680000,2680000,0,0,,0,0,2024-12-25 23:24:20,2024-12-25 23:24:21
660,3267977042,website,582,,declined,3267977042,,,8e68b987-0719-432a-a82c-bb6763f10521,769,2,326,2,2680000,2680000,0,0,"""{\""gt\"":\""{\\\""status\\\"":\\\""error\\\"",\\\""successful\\\"":false,\\\""statusCode\\\"":400,\\\""message\\\"":\\\""\\\\u0648\\\\u0636\\\\u0639\\\\u06cc\\\\u062a \\\\u062a\\\\u0631\\\\u0627\\\\u06a9\\\\u0646\\\\u0634 \\\\u0628\\\\u0631\\\\u0627\\\\u06cc \\\\u0639\\\\u0645\\\\u0644\\\\u06cc\\\\u0627\\\\u062a \\\\u0645\\\\u0648\\\\u0631\\\\u062f\\\\u0646\\\\u0638\\\\u0631 \\\\u0646\\\\u0627\\\\u0645\\\\u0646\\\\u0627\\\\u0633\\\\u0628 \\\\u0627\\\\u0633\\\\u062a.\\\"",\\\""url\\\"":\\\""https:\\\\\\\/\\\\\\\/api.snapppay.ir\\\\\\\/api\\\\\\\/online\\\\\\\/payment\\\\\\\/v1\\\\\\\/verify\\\"",\\\""args\\\"":{\\\""method\\\"":\\\""POST\\\"",\\\""body\\\"":\\\""{\\\\\\\""paymentToken\\\\\\\"":\\\\\\\""8e68b987-0719-432a-a82c-bb6763f10521\\\\\\\""}\\\"",\\\""headers\\\"":{\\\""Authorization\\\"":\\\""Authorization: Bearer eyJhbGciOiJSUzI1NiIsInR5cCI6IkpXVCJ9.eyJ1c2VyX25hbWUiOiJtb3VoZXItd2Vhci1wdXJjaGFzZSIsInNjb3BlIjpbIm9ubGluZS1tZXJjaGFudCJdLCJleHAiOjE3MzUxOTk3MzcsImlhdCI6MTczNTE1NjUzNywiYXV0aG9yaXRpZXMiOlsiUk9MRV9VU0VSIl0sImp0aSI6IlJ1TmthdjlvU1AwX1BFUzRnQk1vWmVoMjhUSSIsImNsaWVudF9pZCI6Im1vdWhlci13ZWFyIn0.U2F7oVD4AyOUu9RYdO0_32OZMsLUWcuQLVLfZquCj60MZkl0cfpS-otAlRbU5IBeRo9NDhVVAIPYfCwmbigP2ulyEakBOc-MIg0apGNNoNqKnoTJELmpMR3-itVGbcDFTQb4GPqlT1yG6ARxvOIgzp3M5yU7I7OLDhDs3PeT1Z8JTdbeFZ3yfehl-6v1z_Bp6XUAzHKpREipAYsv6YT_T6GaAp2Sq4mnpYwWUedY7YnCgjn982CDY_4Awc5JcgAaCSMmQn-4hclwGqQ_ASh-eMxjEzDhNIgaYwoP7d1Rf7pN7nj0LxirCeASBlzEjXij6IG4PV5nVSlXyMWkRNMzpQ\\\"",\\\""Content-Type\\\"":\\\""Content-Type: application\\\\\\\/json\\\"",\\\""user-agent\\\"":\\\""SnappPay, mouher-wear\\\""}}}\""}""",0,0,2024-12-25 23:25:04,2024-12-25 23:25:37
661,6657293243,website,582,,pending,6657293243,,,98b4d8d5-cb87-402e-b289-fc3baee72101,769,1,326,2,2680000,2680000,0,0,,0,0,2024-12-25 23:30:46,2024-12-25 23:30:46
662,1606275155,website,584,,completed,1606275155,"{""successful"":true,""response"":{""transactionId"":""1606275155""}}",,c0b7d53b-0564-4e19-9f85-0a4f2212464d,773,1,325,2,2980000,2980000,0,0,"""{\""successful\"":true,\""response\"":{\""transactionId\"":\""1606275155\""}}""",0,0,2024-12-26 00:37:09,2024-12-26 10:21:05
663,7993409993,website,582,,pending,7993409993,,,86da1ad7-1f1d-4c55-bf87-f8012b283e9a,769,1,326,2,2680000,2680000,0,0,,0,0,2024-12-26 15:16:14,2024-12-26 15:16:15
664,9009679386,website,494,,completed,9009679386,"{""successful"":true,""response"":{""transactionId"":""9009679386""}}",,222c3b05-87b9-448f-b494-c31a86ed4f9d,644,1,327,2,2670000,2670000,990000,0,"""{\""successful\"":true,\""response\"":{\""transactionId\"":\""9009679386\""}}""",0,0,2024-12-27 10:10:57,2024-12-28 10:15:36
665,9144920107,website,569,,completed,9144920107,"{""successful"":true,""response"":{""transactionId"":""9144920107""}}",,9eca8ebe-af23-4830-a83e-83252e89ccb9,756,1,328,2,2680000,2680000,0,0,"""{\""successful\"":true,\""response\"":{\""transactionId\"":\""9144920107\""}}""",0,0,2024-12-27 15:53:14,2024-12-28 10:20:13
666,4237179254,website,588,,completed,4237179254,"{""successful"":true,""response"":{""transactionId"":""4237179254""}}",,20657370-1f30-4cfd-839d-84e9fe1ed3f5,779,1,329,2,1680000,1680000,0,0,"""{\""successful\"":true,\""response\"":{\""transactionId\"":\""4237179254\""}}""",0,0,2024-12-27 16:51:29,2024-12-28 10:12:36
667,8997405968,website,589,,refunded,8997405968,"{""successful"":true,""response"":{""transactionId"":""8997405968""}}",,926f2652-26cf-45f6-ab64-c8ed837db5c7,781,1,330,2,990000,990000,990000,0,"""{\""gt\"":\""{\\\""successful\\\"":true,\\\""response\\\"":{\\\""transactionId\\\"":\\\""8997405968\\\""}}\""}""",0,0,2024-12-27 17:11:11,2024-12-28 13:55:18
668,3387971525,website,591,,completed,0f47d15,{},,,784,1,331,1,2380000,2380000,0,0,"""{}""",0,0,2024-12-27 22:30:53,2024-12-29 15:25:15
669,1198221800,website,593,,completed,1198221800,"{""successful"":true,""response"":{""transactionId"":""1198221800""}}",,28640776-96ab-42e7-a9ee-beb5608265c3,787,2,332,2,890000,890000,890000,0,"""{\""successful\"":true,\""response\"":{\""transactionId\"":\""1198221800\""}}""",0,0,2024-12-28 14:23:58,2025-01-04 23:04:00
670,8753144714,website,599,,pending,8753144714,,,4251ad1a-caa9-4ad1-962d-d744f7018e2d,793,2,333,2,3780000,3780000,0,0,,0,0,2024-12-29 21:14:44,2024-12-29 21:14:45
671,3844964478,website,599,,pending,3844964478,,,b145ba06-e026-42a3-8995-19384e316b29,793,1,333,2,3780000,3780000,0,0,,0,0,2024-12-29 21:16:14,2024-12-29 21:16:15
672,4621988688,website,599,,declined,4621988688,,,e984f304-9a7a-40c1-876e-737b127a5334,793,1,333,2,3780000,3780000,0,0,"""{\""gt\"":\""{\\\""status\\\"":\\\""error\\\"",\\\""successful\\\"":false,\\\""statusCode\\\"":400,\\\""message\\\"":\\\""\\\\u0648\\\\u0636\\\\u0639\\\\u06cc\\\\u062a \\\\u062a\\\\u0631\\\\u0627\\\\u06a9\\\\u0646\\\\u0634 \\\\u0628\\\\u0631\\\\u0627\\\\u06cc \\\\u0639\\\\u0645\\\\u0644\\\\u06cc\\\\u0627\\\\u062a \\\\u0645\\\\u0648\\\\u0631\\\\u062f\\\\u0646\\\\u0638\\\\u0631 \\\\u0646\\\\u0627\\\\u0645\\\\u0646\\\\u0627\\\\u0633\\\\u0628 \\\\u0627\\\\u0633\\\\u062a.\\\"",\\\""url\\\"":\\\""https:\\\\\\\/\\\\\\\/api.snapppay.ir\\\\\\\/api\\\\\\\/online\\\\\\\/payment\\\\\\\/v1\\\\\\\/verify\\\"",\\\""args\\\"":{\\\""method\\\"":\\\""POST\\\"",\\\""body\\\"":\\\""{\\\\\\\""paymentToken\\\\\\\"":\\\\\\\""e984f304-9a7a-40c1-876e-737b127a5334\\\\\\\""}\\\"",\\\""headers\\\"":{\\\""Authorization\\\"":\\\""Authorization: Bearer eyJhbGciOiJSUzI1NiIsInR5cCI6IkpXVCJ9.eyJ1c2VyX25hbWUiOiJtb3VoZXItd2Vhci1wdXJjaGFzZSIsInNjb3BlIjpbIm9ubGluZS1tZXJjaGFudCJdLCJleHAiOjE3MzU1Mzc2NjIsImlhdCI6MTczNTQ5NDQ2MiwiYXV0aG9yaXRpZXMiOlsiUk9MRV9VU0VSIl0sImp0aSI6ImZ5WGVUdTVlRWdEMU1KTEhPcE1pa0lkWDkyUSIsImNsaWVudF9pZCI6Im1vdWhlci13ZWFyIn0.Z6MO4sIgIqX1PNTq2x4EGcOLL5v7OLjLDACf4VxmzyBVwe68m6q4FJGmTxGhwf3UT-qaWyltVujkXew-pKrNL2qg9yPkiFWUIuXkBMbKqYW4-jffqd0gWqpx8lsyMPqZgTczVYl7gQ8GsoPXTp2ypC1kHcGbeZ2QUcjFNRg11uURA8-YL-I_nlrorg9I1qGWzcvsvBw_gM5XGNcIOypKl2ugJjMSOFCCJi0_iRnGyhXt9PzR0n4g5KV_MYvKGgRMOKYm4cG5tNyE-4fpgvLgDJWa2ctNZReHyM74cQsgpkloUZMy88p_Wx8GIeOWFM2UwVcBb5jU7tYJdMPPN7Oq-w\\\"",\\\""Content-Type\\\"":\\\""Content-Type: application\\\\\\\/json\\\"",\\\""user-agent\\\"":\\\""SnappPay, mouher-wear\\\""}}}\""}""",0,0,2024-12-29 21:17:25,2024-12-29 21:17:42
673,7956311476,website,598,,completed,bd41ea4,{},,,792,1,334,1,3780000,3780000,0,0,"""{}""",0,0,2024-12-29 22:15:38,2025-01-04 18:28:34
674,4228270692,website,151,,completed,4228270692,"{""successful"":true,""response"":{""transactionId"":""4228270692""}}",,189503a5-10b0-47eb-9dc5-68c11592a476,203,1,83,2,4760000,4760000,0,0,"""{\""successful\"":true,\""response\"":{\""transactionId\"":\""4228270692\""}}""",0,0,2024-12-29 23:51:16,2025-01-04 18:30:02
675,6022616917,website,600,,pending,6022616917,,,ca7d2b99-20f2-44de-b997-89a4e983cb8b,796,1,335,2,3780000,3780000,0,0,,0,0,2024-12-30 02:06:39,2024-12-30 02:06:40
676,6262478826,website,601,,completed,efe5696,{},,,797,2,336,1,8010000,8010000,2670000,0,"""{}""",0,0,2024-12-30 12:28:13,2025-01-12 16:29:29
677,5006934966,website,602,,completed,5006934966,"{""successful"":true,""response"":{""transactionId"":""5006934966""}}",,648ec3e8-fd49-4e7f-a6d7-3727f2077945,799,1,337,2,1980000,1980000,0,0,"""{\""successful\"":true,\""response\"":{\""transactionId\"":\""5006934966\""}}""",0,0,2024-12-30 12:56:53,2024-12-31 13:22:53
678,4015504130,website,604,,completed,4015504130,"{""successful"":true,""response"":{""transactionId"":""4015504130""}}",,d7315769-9c07-42ee-8ed3-b143849e8f00,802,1,338,2,2680000,2680000,0,0,"""{\""successful\"":true,\""response\"":{\""transactionId\"":\""4015504130\""}}""",0,0,2024-12-30 20:24:43,2025-01-04 18:26:07
679,9239190285,website,578,,declined,9239190285,,,a82b2220-3d41-475f-aab3-191517e005d6,767,1,339,2,4670000,4670000,890000,0,"""{\""gt\"":\""{\\\""status\\\"":\\\""error\\\"",\\\""successful\\\"":false,\\\""statusCode\\\"":400,\\\""message\\\"":\\\""\\\\u0648\\\\u0636\\\\u0639\\\\u06cc\\\\u062a \\\\u062a\\\\u0631\\\\u0627\\\\u06a9\\\\u0646\\\\u0634 \\\\u0628\\\\u0631\\\\u0627\\\\u06cc \\\\u0639\\\\u0645\\\\u0644\\\\u06cc\\\\u0627\\\\u062a \\\\u0645\\\\u0648\\\\u0631\\\\u062f\\\\u0646\\\\u0638\\\\u0631 \\\\u0646\\\\u0627\\\\u0645\\\\u0646\\\\u0627\\\\u0633\\\\u0628 \\\\u0627\\\\u0633\\\\u062a.\\\"",\\\""url\\\"":\\\""https:\\\\\\\/\\\\\\\/api.snapppay.ir\\\\\\\/api\\\\\\\/online\\\\\\\/payment\\\\\\\/v1\\\\\\\/verify\\\"",\\\""args\\\"":{\\\""method\\\"":\\\""POST\\\"",\\\""body\\\"":\\\""{\\\\\\\""paymentToken\\\\\\\"":\\\\\\\""a82b2220-3d41-475f-aab3-191517e005d6\\\\\\\""}\\\"",\\\""headers\\\"":{\\\""Authorization\\\"":\\\""Authorization: Bearer eyJhbGciOiJSUzI1NiIsInR5cCI6IkpXVCJ9.eyJ1c2VyX25hbWUiOiJtb3VoZXItd2Vhci1wdXJjaGFzZSIsInNjb3BlIjpbIm9ubGluZS1tZXJjaGFudCJdLCJleHAiOjE3MzU2Mjk0MzEsImlhdCI6MTczNTU4NjIzMSwiYXV0aG9yaXRpZXMiOlsiUk9MRV9VU0VSIl0sImp0aSI6Im9CelN6RGYyaWZjUU8yQUk4WG5zeGpQMVlUdyIsImNsaWVudF9pZCI6Im1vdWhlci13ZWFyIn0.kah0R8A4oNZahRzAwDi7tGG5oyWCYbOP2r1Ghce5zue91xyXMXS97ZIDXA6AmsRorBYx8ikK7Sxl923XhNcOsFjyUXRWOR2bPjerPNgN3gybzgUPtMkmqNar8I7wuN8mq6TF8VX5Hu3pihtThK9SgRpwAW9BqjdfdI59lFk545buoJjMWaLEMFVfTLl_qQrDcc-8xOkK4_ZySsqvR60m3Ai-WLh-AVaaYjfJodHn_uEVfiHKeCAZTc7D-wsNLbu1RRk5M5Olp92uTeHKOGqSJkGfo3EAKmgiS_E8Y26ZLlubm7OPwo6LAQZmnvaXtYP1iyoe9yiq49gA9unSRUq4UA\\\"",\\\""Content-Type\\\"":\\\""Content-Type: application\\\\\\\/json\\\"",\\\""user-agent\\\"":\\\""SnappPay, mouher-wear\\\""}}}\""}""",0,0,2024-12-30 22:46:12,2024-12-30 22:47:11
680,5445039939,website,578,,completed,2ed5764,{},,,767,1,339,1,4670000,4670000,890000,0,"""{}""",0,0,2024-12-30 22:47:35,2025-01-11 21:27:18
681,1716984120,website,607,,declined,1716984120,,,b063a445-1d0f-49be-947e-e9bfe1330a3e,807,2,340,2,5660000,5660000,0,0,"""{\""gt\"":\""{\\\""status\\\"":\\\""error\\\"",\\\""successful\\\"":false,\\\""statusCode\\\"":400,\\\""message\\\"":\\\""\\\\u0648\\\\u0636\\\\u0639\\\\u06cc\\\\u062a \\\\u062a\\\\u0631\\\\u0627\\\\u06a9\\\\u0646\\\\u0634 \\\\u0628\\\\u0631\\\\u0627\\\\u06cc \\\\u0639\\\\u0645\\\\u0644\\\\u06cc\\\\u0627\\\\u062a \\\\u0645\\\\u0648\\\\u0631\\\\u062f\\\\u0646\\\\u0638\\\\u0631 \\\\u0646\\\\u0627\\\\u0645\\\\u0646\\\\u0627\\\\u0633\\\\u0628 \\\\u0627\\\\u0633\\\\u062a.\\\"",\\\""url\\\"":\\\""https:\\\\\\\/\\\\\\\/api.snapppay.ir\\\\\\\/api\\\\\\\/online\\\\\\\/payment\\\\\\\/v1\\\\\\\/verify\\\"",\\\""args\\\"":{\\\""method\\\"":\\\""POST\\\"",\\\""body\\\"":\\\""{\\\\\\\""paymentToken\\\\\\\"":\\\\\\\""b063a445-1d0f-49be-947e-e9bfe1330a3e\\\\\\\""}\\\"",\\\""headers\\\"":{\\\""Authorization\\\"":\\\""Authorization: Bearer eyJhbGciOiJSUzI1NiIsInR5cCI6IkpXVCJ9.eyJ1c2VyX25hbWUiOiJtb3VoZXItd2Vhci1wdXJjaGFzZSIsInNjb3BlIjpbIm9ubGluZS1tZXJjaGFudCJdLCJleHAiOjE3MzU2ODAwOTAsImlhdCI6MTczNTYzNjg5MCwiYXV0aG9yaXRpZXMiOlsiUk9MRV9VU0VSIl0sImp0aSI6ImxCQVNrckxtM1ZkOTcxRXNvbHdXU1ZvVEE5USIsImNsaWVudF9pZCI6Im1vdWhlci13ZWFyIn0.RaEs0SYdNic4AmpDOA5iuwnxTZxcbwyilgRTQJHs7I4cYlSLGURb0V20p996cm8vrtE0TpRzjyAKsgk_nqkJEKUJVm8kzHPMBF2vEJbnvuG0iA0HYIm0rLnkeAeHd6O3U8Sh4_rlWd2tkcy9UGPG0Pg9M7zzA0oM0zAH0OiyukZ6pV32LBbrlFqh3BpsTxG-0uAEgRA6IOPemxea4AITZjT5MAl5px-W33bCLcKs13aTVjeRCga9IMTIWEO3epmvSW9ZrYPw98xuhXXABvFGUMHGZ8ryKIstyIJVggFybvJCd6p7sLmIINeGW4ZqEkQuSGlGr5myA6OF-sY3Op-qAg\\\"",\\\""Content-Type\\\"":\\\""Content-Type: application\\\\\\\/json\\\"",\\\""user-agent\\\"":\\\""SnappPay, mouher-wear\\\""}}}\""}""",0,0,2024-12-31 12:43:22,2024-12-31 12:51:30
682,1076321682,website,607,,pending,1076321682,,,c8a43b36-8db2-4529-a2d4-0075773dc7ee,807,2,340,2,5660000,5660000,0,0,,0,0,2024-12-31 12:52:10,2024-12-31 12:52:10
683,2619280793,website,607,,declined,2619280793,,,cd525c02-41fd-42c7-87a0-d5dcaecf3b19,807,2,340,2,5660000,5660000,0,0,"""{\""gt\"":\""{\\\""status\\\"":\\\""error\\\"",\\\""successful\\\"":false,\\\""statusCode\\\"":400,\\\""message\\\"":\\\""\\\\u0648\\\\u0636\\\\u0639\\\\u06cc\\\\u062a \\\\u062a\\\\u0631\\\\u0627\\\\u06a9\\\\u0646\\\\u0634 \\\\u0628\\\\u0631\\\\u0627\\\\u06cc \\\\u0639\\\\u0645\\\\u0644\\\\u06cc\\\\u0627\\\\u062a \\\\u0645\\\\u0648\\\\u0631\\\\u062f\\\\u0646\\\\u0638\\\\u0631 \\\\u0646\\\\u0627\\\\u0645\\\\u0646\\\\u0627\\\\u0633\\\\u0628 \\\\u0627\\\\u0633\\\\u062a.\\\"",\\\""url\\\"":\\\""https:\\\\\\\/\\\\\\\/api.snapppay.ir\\\\\\\/api\\\\\\\/online\\\\\\\/payment\\\\\\\/v1\\\\\\\/verify\\\"",\\\""args\\\"":{\\\""method\\\"":\\\""POST\\\"",\\\""body\\\"":\\\""{\\\\\\\""paymentToken\\\\\\\"":\\\\\\\""cd525c02-41fd-42c7-87a0-d5dcaecf3b19\\\\\\\""}\\\"",\\\""headers\\\"":{\\\""Authorization\\\"":\\\""Authorization: Bearer eyJhbGciOiJSUzI1NiIsInR5cCI6IkpXVCJ9.eyJ1c2VyX25hbWUiOiJtb3VoZXItd2Vhci1wdXJjaGFzZSIsInNjb3BlIjpbIm9ubGluZS1tZXJjaGFudCJdLCJleHAiOjE3MzU2ODU2NjMsImlhdCI6MTczNTY0MjQ2MywiYXV0aG9yaXRpZXMiOlsiUk9MRV9VU0VSIl0sImp0aSI6IkcwZ0cxYVlYcXJjVHNmZWdtSW1fRTJwS1BlcyIsImNsaWVudF9pZCI6Im1vdWhlci13ZWFyIn0.j323IO9jSQ5KGuNWyA2asy7173QevEqkh3en2vc0xUqhgPOrUIZZp4bI-LWWC79erQ58X7Ht4Toq7IkE6n6QmruG6CJl5mYT6VK1wbjxvzEyQZCu_tkeS3f5GSaUwLgqBHsQKHVZvQqExKp_7Fk63rE_DfWXVxPqQZaNf-s3UQO8_u7FOUHZRolrg66xQLd_tK4hYQvU0h4QTmef2m_wlkbr7R5dT2QOPldp-RvaEQy7gbJyZjtWhjEj3SkPNmPnZiWbxJyanY6MlJI55NKoW9hwqmjDEZJMqSzy2tx53fOy1RAqltlo0gd1MKmOJGpMY_fN6JpJ2pRtZlWkCu3tgA\\\"",\\\""Content-Type\\\"":\\\""Content-Type: application\\\\\\\/json\\\"",\\\""user-agent\\\"":\\\""SnappPay, mouher-wear\\\""}}}\""}""",0,0,2024-12-31 14:22:32,2024-12-31 14:24:23
684,5404290702,website,607,,declined,5404290702,,,083100b1-43da-4fa4-bb3e-8a205ce0a84f,807,2,340,2,5660000,5660000,0,0,"""{\""gt\"":\""{\\\""status\\\"":\\\""error\\\"",\\\""successful\\\"":false,\\\""statusCode\\\"":400,\\\""message\\\"":\\\""\\\\u0648\\\\u0636\\\\u0639\\\\u06cc\\\\u062a \\\\u062a\\\\u0631\\\\u0627\\\\u06a9\\\\u0646\\\\u0634 \\\\u0628\\\\u0631\\\\u0627\\\\u06cc \\\\u0639\\\\u0645\\\\u0644\\\\u06cc\\\\u0627\\\\u062a \\\\u0645\\\\u0648\\\\u0631\\\\u062f\\\\u0646\\\\u0638\\\\u0631 \\\\u0646\\\\u0627\\\\u0645\\\\u0646\\\\u0627\\\\u0633\\\\u0628 \\\\u0627\\\\u0633\\\\u062a.\\\"",\\\""url\\\"":\\\""https:\\\\\\\/\\\\\\\/api.snapppay.ir\\\\\\\/api\\\\\\\/online\\\\\\\/payment\\\\\\\/v1\\\\\\\/verify\\\"",\\\""args\\\"":{\\\""method\\\"":\\\""POST\\\"",\\\""body\\\"":\\\""{\\\\\\\""paymentToken\\\\\\\"":\\\\\\\""083100b1-43da-4fa4-bb3e-8a205ce0a84f\\\\\\\""}\\\"",\\\""headers\\\"":{\\\""Authorization\\\"":\\\""Authorization: Bearer eyJhbGciOiJSUzI1NiIsInR5cCI6IkpXVCJ9.eyJ1c2VyX25hbWUiOiJtb3VoZXItd2Vhci1wdXJjaGFzZSIsInNjb3BlIjpbIm9ubGluZS1tZXJjaGFudCJdLCJleHAiOjE3MzU2ODgwMzQsImlhdCI6MTczNTY0NDgzNCwiYXV0aG9yaXRpZXMiOlsiUk9MRV9VU0VSIl0sImp0aSI6IkpyMWFCRDhOeTdDVW5GLUxGc3dQbC1mWmVPUSIsImNsaWVudF9pZCI6Im1vdWhlci13ZWFyIn0.LM7KHobeBxYgpEu7iDaUY0Hy0jsVcIPDrhJ_GbIqy0SGkIiGRGE-Gtx6ZO2S_Ub9Y5DdNKQLZyBMTP5VJPGYRis-qRlreVNp8oOvg8gz4kEQStJ-SaH88AnD1p9O2_VGj8lAjxCholIJXoNY4JYMZjcZkGVAUrO0ELvEYf4IsXXIQzNYZIDG5cSbi5xdeZZC_IBk8JZ2b0uSTKd2VHUyv7zPOoQGMqW-09v059Jn46GPRLNaIwhm0tTyG4Rft5QmfrFjUZ-E3HtxmlIGDkrAAUXODAlWHIzYjr120hoZcvTSYOMI7_z61kvY5tc6VMcZj9wAM1nWyeRJJpMPwaYaew\\\"",\\\""Content-Type\\\"":\\\""Content-Type: application\\\\\\\/json\\\"",\\\""user-agent\\\"":\\\""SnappPay, mouher-wear\\\""}}}\""}""",0,0,2024-12-31 14:50:54,2024-12-31 15:03:54
685,6382104598,website,607,,pending,6382104598,,,984bc1b5-e5c5-40ac-8d88-0561d4fd8154,807,2,340,2,5660000,5660000,0,0,,0,0,2024-12-31 15:05:01,2024-12-31 15:05:02
686,8237016879,website,166,,pending,d358462,,,,749,2,113,1,3380000,3380000,0,0,,0,0,2024-12-31 16:34:22,2024-12-31 16:34:22
687,9515922137,website,166,,completed,83d8810,{},,,749,1,113,1,3380000,3380000,0,0,"""{}""",0,0,2024-12-31 16:38:36,2025-01-06 13:30:09
688,2134197600,website,608,,completed,2134197600,"{""successful"":true,""response"":{""transactionId"":""2134197600""}}",,322a1cbf-b09c-4ff4-ac67-17305719c36e,809,1,341,2,5960000,5960000,0,0,"""{\""successful\"":true,\""response\"":{\""transactionId\"":\""2134197600\""}}""",0,0,2024-12-31 21:46:43,2025-01-04 23:01:36
689,6221265701,website,310,,declined,6221265701,,,f13997c4-ed45-4f53-bd95-77db08d25804,412,1,178,2,3570000,3570000,590000,0,"""{\""gt\"":\""{\\\""status\\\"":\\\""error\\\"",\\\""successful\\\"":false,\\\""statusCode\\\"":500,\\\""message\\\"":\\\""\\\\u062f\\\\u0631 \\\\u062f\\\\u0631\\\\u06cc\\\\u0627\\\\u0641\\\\u062a \\\\u0627\\\\u0637\\\\u0644\\\\u0627\\\\u0639\\\\u0627\\\\u062a \\\\u0645\\\\u0634\\\\u06a9\\\\u0644\\\\u06cc \\\\u067e\\\\u06cc\\\\u0634 \\\\u0622\\\\u0645\\\\u062f\\\\u0647 \\\\u0627\\\\u0633\\\\u062a. \\\\u0644\\\\u0637\\\\u0641\\\\u0627\\\\u064b \\\\u062f\\\\u0648\\\\u0628\\\\u0627\\\\u0631\\\\u0647 \\\\u062a\\\\u0644\\\\u0627\\\\u0634 \\\\u06a9\\\\u0646\\\\u06cc\\\\u062f.\\\"",\\\""url\\\"":\\\""https:\\\\\\\/\\\\\\\/api.snapppay.ir\\\\\\\/api\\\\\\\/online\\\\\\\/payment\\\\\\\/v1\\\\\\\/verify\\\"",\\\""args\\\"":{\\\""method\\\"":\\\""POST\\\"",\\\""body\\\"":\\\""{\\\\\\\""paymentToken\\\\\\\"":\\\\\\\""f13997c4-ed45-4f53-bd95-77db08d25804\\\\\\\""}\\\"",\\\""headers\\\"":{\\\""Authorization\\\"":\\\""Authorization: Bearer eyJhbGciOiJSUzI1NiIsInR5cCI6IkpXVCJ9.eyJ1c2VyX25hbWUiOiJtb3VoZXItd2Vhci1wdXJjaGFzZSIsInNjb3BlIjpbIm9ubGluZS1tZXJjaGFudCJdLCJleHAiOjE3MzU3NTg3NTYsImlhdCI6MTczNTcxNTU1NiwiYXV0aG9yaXRpZXMiOlsiUk9MRV9VU0VSIl0sImp0aSI6IjluNlZnR184RmxycU0wdmZlSHdMMGp5c0l2YyIsImNsaWVudF9pZCI6Im1vdWhlci13ZWFyIn0.JPl1LhfieSOKr_YyOYvonT9XdTJaQVpK4ed5F_hnhfyZLL8CBLDWZkbvRfhaq9_fau14SYzY1XzFfYYA95MAxL_ayzWSB5RIDGGsv4sg_IBA_NGRQQWRVTVPKBMuuC4sMLy4hZvRCeo4DygsZVq9gprVG2NZzqeuYKnTpc3VNA5nri01Pz5riLzLQl2XtAzzqF3oIiiveUiXoA3EGDzFNoY8aCTmhMYrLm0m7UR1x2PFUYYAvRJAemra6qbszP9TDovT6CiJCSfWnehsMFdv510Ru47lI_lT-crAGkDqYpx9hKwmqx28y41pgy0TOjKwBjdkvkWMi_JPm-IdXWBITg\\\"",\\\""Content-Type\\\"":\\\""Content-Type: application\\\\\\\/json\\\"",\\\""user-agent\\\"":\\\""SnappPay, mouher-wear\\\""}}}\""}""",0,0,2025-01-01 10:41:26,2025-01-01 10:42:42
690,2504544010,website,310,,completed,2504544010,"{""successful"":true,""response"":{""transactionId"":""2504544010""}}",,8ae5cab8-eeeb-4fbb-9234-5ffaa4882a0e,412,1,178,2,3570000,3570000,590000,0,"""{\""successful\"":true,\""response\"":{\""transactionId\"":\""2504544010\""}}""",0,0,2025-01-01 11:22:28,2025-01-11 21:26:55
691,2750425665,website,574,,completed,2750425665,"{""successful"":true,""response"":{""transactionId"":""2750425665""}}",,b87a0adb-43e1-4f7b-85c5-1bdfb0b8abfe,762,2,342,2,1680000,1680000,0,0,"""{\""successful\"":true,\""response\"":{\""transactionId\"":\""2750425665\""}}""",0,0,2025-01-01 13:27:37,2025-01-06 13:30:34
692,1046458725,website,588,,completed,1046458725,"{""successful"":true,""response"":{""transactionId"":""1046458725""}}",,acb6cc25-4e1f-4ea9-a99e-b44af21cbb7f,780,1,329,2,2380000,2380000,0,0,"""{\""successful\"":true,\""response\"":{\""transactionId\"":\""1046458725\""}}""",0,0,2025-01-01 22:43:39,2025-01-06 13:30:50
693,5556762700,website,610,,completed,ca6813a,{},,,814,1,343,1,2980000,2980000,0,0,"""{}""",0,0,2025-01-02 07:07:42,2025-01-11 21:26:36
694,4331920803,website,482,,pending,4331920803,,,312d0b51-aeee-475b-8d10-c457256089f2,633,2,269,2,990000,990000,990000,0,,0,0,2025-01-02 12:24:02,2025-01-02 12:24:02
695,4218123448,website,516,,completed,4218123448,"{""successful"":true,""response"":{""transactionId"":""4218123448""}}",,b07f4487-f29f-4765-be8c-aa4b5e6501eb,673,2,287,2,1980000,1980000,1980000,0,"""{\""successful\"":true,\""response\"":{\""transactionId\"":\""4218123448\""}}""",0,0,2025-01-03 16:47:20,2025-01-10 20:49:54
696,8243056964,website,613,,completed,8bb9f10,{},,,820,1,344,1,3780000,3780000,0,0,"""{}""",0,0,2025-01-04 02:45:52,2025-01-11 21:25:55
697,6164428457,website,600,,pending,6164428457,,,67d2f768-86da-45cb-b6bc-6b18ad880964,796,2,335,2,3780000,3780000,0,0,,0,0,2025-01-04 21:55:20,2025-01-04 21:55:21
698,6836678955,website,617,,pending,6836678955,,,df1f75c3-0fdd-4395-9417-14f67c38b4ed,824,1,346,2,1780000,1780000,1780000,0,,0,0,2025-01-05 03:13:25,2025-01-05 03:13:26
699,9215640278,website,617,,completed,9215640278,"{""successful"":true,""response"":{""transactionId"":""9215640278""}}",,266f67df-c238-4c72-a9a1-48b970d6c6c9,824,1,346,2,1780000,1780000,1780000,0,"""{\""successful\"":true,\""response\"":{\""transactionId\"":\""9215640278\""}}""",0,0,2025-01-05 03:14:08,2025-01-06 13:28:16
700,1998667683,website,310,,completed,1998667683,"{""successful"":true,""response"":{""transactionId"":""1998667683""}}",,a71163de-db72-4123-b108-31279e7e5570,812,1,178,2,1580000,1580000,0,0,"""{\""successful\"":true,\""response\"":{\""transactionId\"":\""1998667683\""}}""",0,0,2025-01-05 11:39:51,2025-01-10 20:50:17
701,4797932971,website,600,,pending,4797932971,,,b55a7203-3ecc-40a6-ba82-529ceda64da0,796,2,347,2,3780000,3780000,0,0,,0,0,2025-01-05 20:48:30,2025-01-05 20:48:30
702,3332059914,website,600,,completed,3332059914,"{""successful"":true,""response"":{""transactionId"":""3332059914""}}",,d3687633-7449-48c9-8120-e97d7fcc9900,796,2,347,2,3780000,3780000,0,0,"""{\""successful\"":true,\""response\"":{\""transactionId\"":\""3332059914\""}}""",0,0,2025-01-05 20:54:26,2025-01-10 20:48:51
703,9903539686,website,620,,completed,9903539686,"{""successful"":true,""response"":{""transactionId"":""9903539686""}}",,c5c63da8-18b4-413a-836e-2f7e5f13413e,829,1,348,2,2380000,2380000,0,0,"""{\""successful\"":true,\""response\"":{\""transactionId\"":\""9903539686\""}}""",0,0,2025-01-05 21:38:46,2025-01-06 13:27:50
704,3992386968,website,318,,pending,d4eb942,,,,421,1,349,1,1680000,1680000,0,0,,0,0,2025-01-05 21:39:24,2025-01-05 21:39:25
705,5997747550,website,318,,completed,0925e16,{},,,421,1,349,1,1680000,1680000,0,0,"""{}""",0,0,2025-01-05 21:40:36,2025-01-06 13:27:36
706,3496582691,website,622,,completed,ca97a3e,{},,,834,1,350,1,1680000,1680000,0,0,"""{}""",0,0,2025-01-05 23:31:32,2025-01-06 13:27:21
707,3149583086,website,197,,completed,3149583086,"{""successful"":true,""response"":{""transactionId"":""3149583086""}}",,312fce3a-48cc-41ee-9f02-c9493e7f263b,270,2,106,2,2770000,2770000,790000,0,"""{\""successful\"":true,\""response\"":{\""transactionId\"":\""3149583086\""}}""",0,0,2025-01-06 00:16:13,2025-01-06 13:26:16
708,7508711254,website,197,,completed,7508711254,"{""successful"":true,""response"":{""transactionId"":""7508711254""}}",,413d989c-5267-4c09-b336-8a352f0005ff,836,2,106,2,2980000,2980000,0,0,"""{\""successful\"":true,\""response\"":{\""transactionId\"":\""7508711254\""}}""",0,0,2025-01-06 01:00:49,2025-01-06 13:25:57
709,5489046515,website,612,,completed,5489046515,"{""successful"":true,""response"":{""transactionId"":""5489046515""}}",,aee478b7-d9d0-4eca-81d6-a4e3170c4ba4,818,1,351,2,2780000,2780000,0,0,"""{\""successful\"":true,\""response\"":{\""transactionId\"":\""5489046515\""}}""",0,0,2025-01-06 11:05:40,2025-01-06 23:45:51
710,3920116652,website,624,,pending,3920116652,,,f8e8ef9e-13cf-4742-a87d-46c296109aa2,839,1,352,2,3660000,3660000,1980000,0,,0,0,2025-01-06 12:04:15,2025-01-06 12:04:16
711,1863230941,website,624,,completed,1863230941,"{""successful"":true,""response"":{""transactionId"":""1863230941""}}",,5f57869d-fb2e-4602-9bd5-769602804268,839,1,352,2,1980000,1980000,1980000,0,"""{\""successful\"":true,\""response\"":{\""transactionId\"":\""1863230941\""}}""",0,0,2025-01-06 12:05:36,2025-01-06 23:43:15
712,2826122671,website,603,,pending,2826122671,,,7b5ad56d-e3ad-4b32-b5df-79b2449e2ab0,801,1,353,2,3780000,3780000,0,0,,0,0,2025-01-06 13:46:45,2025-01-06 13:46:46
713,6451403291,website,627,,completed,6451403291,"{""successful"":true,""response"":{""transactionId"":""6451403291""}}",,35796d8d-5c2f-46b0-8eb3-945adfc26137,842,1,354,2,3380000,3380000,0,0,"""{\""successful\"":true,\""response\"":{\""transactionId\"":\""6451403291\""}}""",0,0,2025-01-07 14:32:59,2025-01-10 20:50:37
714,4505736389,website,628,,pending,4505736389,,,7b9f3c3a-0672-43b8-afe8-007ff075d3f3,844,2,355,2,790000,790000,790000,0,,0,0,2025-01-07 20:45:53,2025-01-07 20:45:54
715,1583526703,website,628,,pending,1583526703,,,fecafbd9-016e-4f69-9e5d-97e62d0b820c,844,2,355,2,790000,790000,790000,0,,0,0,2025-01-07 20:49:05,2025-01-07 20:49:06
716,7636945982,website,628,,completed,7636945982,"{""successful"":true,""response"":{""transactionId"":""7636945982""}}",,446c2d3b-181e-4e97-9df2-0c373c0ffbc7,844,2,355,2,790000,790000,790000,0,"""{\""successful\"":true,\""response\"":{\""transactionId\"":\""7636945982\""}}""",0,0,2025-01-07 20:49:39,2025-01-10 20:50:53
717,6478730926,website,191,,completed,5fd6d0f,{},,,265,2,110,1,2680000,2680000,0,0,"""{}""",0,0,2025-01-08 00:17:55,2025-01-10 20:51:10
718,6139144438,website,629,,completed,6139144438,"{""successful"":true,""response"":{""transactionId"":""6139144438""}}",,10e9b415-9c20-465d-b420-098e9962abbf,847,2,356,2,990000,990000,990000,0,"""{\""successful\"":true,\""response\"":{\""transactionId\"":\""6139144438\""}}""",0,0,2025-01-08 11:40:35,2025-01-10 20:51:35
719,2505022210,website,620,,completed,2505022210,"{""successful"":true,""response"":{""transactionId"":""2505022210""}}",,2a26b529-a90c-4fd0-b2a5-002d5f36b6b4,832,1,348,2,1380000,1380000,0,0,"""{\""successful\"":true,\""response\"":{\""transactionId\"":\""2505022210\""}}""",0,0,2025-01-08 17:05:37,2025-01-09 12:02:47
720,6194738634,website,144,,declined,6194738634,,,7a1d2b2e-7d50-45bd-b204-aedf7473e34f,193,1,79,2,4660000,4660000,0,0,"""{\""gt\"":\""{\\\""status\\\"":\\\""error\\\"",\\\""successful\\\"":false,\\\""statusCode\\\"":400,\\\""message\\\"":\\\""\\\\u0648\\\\u0636\\\\u0639\\\\u06cc\\\\u062a \\\\u062a\\\\u0631\\\\u0627\\\\u06a9\\\\u0646\\\\u0634 \\\\u0628\\\\u0631\\\\u0627\\\\u06cc \\\\u0639\\\\u0645\\\\u0644\\\\u06cc\\\\u0627\\\\u062a \\\\u0645\\\\u0648\\\\u0631\\\\u062f\\\\u0646\\\\u0638\\\\u0631 \\\\u0646\\\\u0627\\\\u0645\\\\u0646\\\\u0627\\\\u0633\\\\u0628 \\\\u0627\\\\u0633\\\\u062a.\\\"",\\\""url\\\"":\\\""https:\\\\\\\/\\\\\\\/api.snapppay.ir\\\\\\\/api\\\\\\\/online\\\\\\\/payment\\\\\\\/v1\\\\\\\/verify\\\"",\\\""args\\\"":{\\\""method\\\"":\\\""POST\\\"",\\\""body\\\"":\\\""{\\\\\\\""paymentToken\\\\\\\"":\\\\\\\""7a1d2b2e-7d50-45bd-b204-aedf7473e34f\\\\\\\""}\\\"",\\\""headers\\\"":{\\\""Authorization\\\"":\\\""Authorization: Bearer eyJhbGciOiJSUzI1NiIsInR5cCI6IkpXVCJ9.eyJ1c2VyX25hbWUiOiJtb3VoZXItd2Vhci1wdXJjaGFzZSIsInNjb3BlIjpbIm9ubGluZS1tZXJjaGFudCJdLCJleHAiOjE3MzY0Njc5MTAsImlhdCI6MTczNjQyNDcxMCwiYXV0aG9yaXRpZXMiOlsiUk9MRV9VU0VSIl0sImp0aSI6ImRrRkktenR5MWpoWEFqaUNrR2FXckN4ejJhdyIsImNsaWVudF9pZCI6Im1vdWhlci13ZWFyIn0.jXpJOlb6ypayhAy2dy7ocT76i7rAurbJCV6ozaad_XPXUR8_0XZSbRJklD4rSJk34GbhCgsrapSIqLVzENC0wSKyYJco0mQd0sBHFqHHuIHB31_L30rsjY2l-yx4yRfOsIkD-GnPZU3NRn2HQqY751PvFdVn8ZRzXkVPXNcHL7auVcbL0luUxBZ26JxWSg52CYr8JfwR2y7Vms_32FjqHcFTy5Xfy-sMY0ln-Z8sxCI26On90DJFEbu3D7UCrP90lqHwpslO91E2pg_UIAQ71lyhLy3S7kIbBzdIncQ7AbpQhVkfksVQwXRMioshndYoFp4gCLfygrhJoF_ms6j7Lg\\\"",\\\""Content-Type\\\"":\\\""Content-Type: application\\\\\\\/json\\\"",\\\""user-agent\\\"":\\\""SnappPay, mouher-wear\\\""}}}\""}""",0,0,2025-01-09 15:40:51,2025-01-09 15:41:50
721,4008485370,website,144,,completed,d99f283,{},,,193,1,79,1,4660000,4660000,0,0,"""{}""",0,0,2025-01-09 15:43:20,2025-01-13 21:10:14
722,1369462314,website,633,,pending,1369462314,,,3cbc7444-7adb-44bc-917a-2fe637c23c02,854,1,357,2,3560000,3560000,0,0,,0,0,2025-01-09 19:37:19,2025-01-09 19:37:20
723,8226613932,website,634,,completed,8226613932,"{""successful"":true,""response"":{""transactionId"":""8226613932""}}",,862bc0d3-c5cf-4c49-ba04-fcfbbd7dee60,855,1,358,2,2680000,2680000,0,0,"""{\""successful\"":true,\""response\"":{\""transactionId\"":\""8226613932\""}}""",0,0,2025-01-10 00:45:49,2025-01-11 21:25:32
724,2295832275,website,635,,completed,2295832275,"{""successful"":true,""response"":{""transactionId"":""2295832275""}}",,03644fde-d036-46af-b6d1-7f5e33a5f1c3,856,2,359,2,2980000,2980000,0,0,"""{\""successful\"":true,\""response\"":{\""transactionId\"":\""2295832275\""}}""",0,0,2025-01-10 00:49:50,2025-01-10 20:49:10
725,1864126492,website,639,,pending,1864126492,,,a4840d08-2ffc-47b5-be71-d534156791c0,862,2,360,2,3780000,3780000,0,0,,0,0,2025-01-10 18:25:07,2025-01-10 18:25:08
726,5568619427,website,639,,pending,5568619427,,,edf3388b-8902-4266-8f33-8f17ee17d780,862,2,361,2,3780000,3780000,0,0,,0,0,2025-01-10 20:55:58,2025-01-10 20:55:59
727,3308447364,website,639,,declined,3308447364,,,1fcb00a4-9ad7-41fc-b48f-31d6dc6b93b0,862,1,361,2,3780000,3780000,0,0,"""{\""gt\"":\""{\\\""status\\\"":\\\""error\\\"",\\\""successful\\\"":false,\\\""statusCode\\\"":400,\\\""message\\\"":\\\""\\\\u0648\\\\u0636\\\\u0639\\\\u06cc\\\\u062a \\\\u062a\\\\u0631\\\\u0627\\\\u06a9\\\\u0646\\\\u0634 \\\\u0628\\\\u0631\\\\u0627\\\\u06cc \\\\u0639\\\\u0645\\\\u0644\\\\u06cc\\\\u0627\\\\u062a \\\\u0645\\\\u0648\\\\u0631\\\\u062f\\\\u0646\\\\u0638\\\\u0631 \\\\u0646\\\\u0627\\\\u0645\\\\u0646\\\\u0627\\\\u0633\\\\u0628 \\\\u0627\\\\u0633\\\\u062a.\\\"",\\\""url\\\"":\\\""https:\\\\\\\/\\\\\\\/api.snapppay.ir\\\\\\\/api\\\\\\\/online\\\\\\\/payment\\\\\\\/v1\\\\\\\/verify\\\"",\\\""args\\\"":{\\\""method\\\"":\\\""POST\\\"",\\\""body\\\"":\\\""{\\\\\\\""paymentToken\\\\\\\"":\\\\\\\""1fcb00a4-9ad7-41fc-b48f-31d6dc6b93b0\\\\\\\""}\\\"",\\\""headers\\\"":{\\\""Authorization\\\"":\\\""Authorization: Bearer eyJhbGciOiJSUzI1NiIsInR5cCI6IkpXVCJ9.eyJ1c2VyX25hbWUiOiJtb3VoZXItd2Vhci1wdXJjaGFzZSIsInNjb3BlIjpbIm9ubGluZS1tZXJjaGFudCJdLCJleHAiOjE3MzY1NzM1ODksImlhdCI6MTczNjUzMDM4OSwiYXV0aG9yaXRpZXMiOlsiUk9MRV9VU0VSIl0sImp0aSI6IkhFcDhEZWx1TWd5V2VlTENYeGY5a3BUYXl4TSIsImNsaWVudF9pZCI6Im1vdWhlci13ZWFyIn0.GltGlJY2lzs9PYQbqKX6S9JLx4QSYsL_56zDg_SCazV5zJOnCMi534NrMcFh-OFqDPcq2UUvmDJKbjIdGhCYTwzzpIUUFlg4-UEnqzijWZMx2IiFW4h4GUKNk1VgaS1d_4ceePMOrw54dygCF3aw4FkClcZNBGhLvJQHMl6ihqFnnCGQfSJMOxS64IZLEtImPsn_tAxxOIfdltzd2D2LNJgkwqy6csPbtghbbyCigJXXzSY110gx7Wt8pFuQDY-je1Jqr-Mbz5cQbOwHgsiWxjuf4PddAJmPYdAt51rJwabO_NFHUk8ovHSXj3spQ9utYR6vpW6SARsRcNMdyqJFVQ\\\"",\\\""Content-Type\\\"":\\\""Content-Type: application\\\\\\\/json\\\"",\\\""user-agent\\\"":\\\""SnappPay, mouher-wear\\\""}}}\""}""",0,0,2025-01-10 20:59:59,2025-01-10 21:03:09
728,2293333587,website,639,,declined,2293333587,,,09603dcb-30ba-4c0a-84f2-64b63a84395f,862,2,361,2,3780000,3780000,0,0,"""{\""gt\"":\""{\\\""status\\\"":\\\""error\\\"",\\\""successful\\\"":false,\\\""statusCode\\\"":400,\\\""message\\\"":\\\""\\\\u0648\\\\u0636\\\\u0639\\\\u06cc\\\\u062a \\\\u062a\\\\u0631\\\\u0627\\\\u06a9\\\\u0646\\\\u0634 \\\\u0628\\\\u0631\\\\u0627\\\\u06cc \\\\u0639\\\\u0645\\\\u0644\\\\u06cc\\\\u0627\\\\u062a \\\\u0645\\\\u0648\\\\u0631\\\\u062f\\\\u0646\\\\u0638\\\\u0631 \\\\u0646\\\\u0627\\\\u0645\\\\u0646\\\\u0627\\\\u0633\\\\u0628 \\\\u0627\\\\u0633\\\\u062a.\\\"",\\\""url\\\"":\\\""https:\\\\\\\/\\\\\\\/api.snapppay.ir\\\\\\\/api\\\\\\\/online\\\\\\\/payment\\\\\\\/v1\\\\\\\/verify\\\"",\\\""args\\\"":{\\\""method\\\"":\\\""POST\\\"",\\\""body\\\"":\\\""{\\\\\\\""paymentToken\\\\\\\"":\\\\\\\""09603dcb-30ba-4c0a-84f2-64b63a84395f\\\\\\\""}\\\"",\\\""headers\\\"":{\\\""Authorization\\\"":\\\""Authorization: Bearer eyJhbGciOiJSUzI1NiIsInR5cCI6IkpXVCJ9.eyJ1c2VyX25hbWUiOiJtb3VoZXItd2Vhci1wdXJjaGFzZSIsInNjb3BlIjpbIm9ubGluZS1tZXJjaGFudCJdLCJleHAiOjE3MzY1NzM2MDMsImlhdCI6MTczNjUzMDQwMywiYXV0aG9yaXRpZXMiOlsiUk9MRV9VU0VSIl0sImp0aSI6IkRlT09KYjNRdnFKbzdISW1uZXVuMVozcEZKVSIsImNsaWVudF9pZCI6Im1vdWhlci13ZWFyIn0.VUDnubcnfnw-pcuo_qaAuP2orMRaUMW8Ybrfo7I3_RjvR4cCmz4WEYaKfd0qJF8jQeEIgTA7kNuuLQ9xPARu06SyfBUyIDJp751gvdL3zwmv0IY3cbcMEhwfjBhHbA1xJQfaxaTYJv2UBGJYRVGQxbuqDNALMEtCRdx2PXa8t9RpvN2VNUzGjIfEs4cQQfjYljozs9rewL7JBskdiI75Q11Ineg-ioLcoYy8naMKkcUx_0nY75YjBlA40Jn4-EvBi1gF7LoXBL8qF3WiUgq2JROpPE3YgnMFtQKkmJEZJ2HHcRjQHV6EBg3oaM_FT-0L0x08c2JGPv3q2J9wIwwyTQ\\\"",\\\""Content-Type\\\"":\\\""Content-Type: application\\\\\\\/json\\\"",\\\""user-agent\\\"":\\\""SnappPay, mouher-wear\\\""}}}\""}""",0,0,2025-01-10 21:01:57,2025-01-10 21:03:23
729,3862134700,website,639,,pending,3862134700,,,6897d360-52e3-429f-96bf-843867ebd8e7,862,2,361,2,3780000,3780000,0,0,,0,0,2025-01-10 21:07:52,2025-01-10 21:07:53
730,5970446368,website,639,,completed,5970446368,"{""successful"":true,""response"":{""transactionId"":""5970446368""}}",,1c4725b8-526f-443a-9a0d-65af7f0eabc4,862,1,362,2,3780000,3780000,0,0,"""{\""successful\"":true,\""response\"":{\""transactionId\"":\""5970446368\""}}""",0,0,2025-01-10 21:43:28,2025-01-11 21:25:15
731,7915565566,website,640,,pending,7915565566,,,e14faf7e-37d0-4c86-aeef-755cd44f05d1,864,1,363,2,890000,890000,890000,0,,0,0,2025-01-11 01:13:59,2025-01-11 01:14:00
732,5516404118,website,640,,completed,5516404118,"{""successful"":true,""response"":{""transactionId"":""5516404118""}}",,7a433e26-a70f-41be-97ac-8fc6185905e7,864,1,363,2,890000,890000,890000,0,"""{\""successful\"":true,\""response\"":{\""transactionId\"":\""5516404118\""}}""",0,0,2025-01-11 01:15:39,2025-01-11 21:04:52
733,8902198436,website,641,,completed,8902198436,"{""successful"":true,""response"":{""transactionId"":""8902198436""}}",,70061ff3-94b5-4024-b4b1-a1ce84992981,866,1,364,2,890000,890000,890000,0,"""{\""successful\"":true,\""response\"":{\""transactionId\"":\""8902198436\""}}""",0,0,2025-01-11 02:31:36,2025-01-11 21:21:59
734,3202277657,website,610,,completed,31b6059,{},,,817,1,343,1,2780000,2780000,0,0,"""{}""",0,0,2025-01-11 13:06:55,2025-01-15 16:06:11
735,5617573702,website,643,,completed,5617573702,"{""successful"":true,""response"":{""transactionId"":""5617573702""}}",,a90ec0de-c725-4dfd-b45b-552a64f559fc,870,2,365,2,2970000,2970000,2970000,0,"""{\""successful\"":true,\""response\"":{\""transactionId\"":\""5617573702\""}}""",0,0,2025-01-11 16:52:42,2025-01-11 20:56:42
736,4514603093,website,175,,pending,4514603093,,,f250e831-c877-4bfd-aeac-87dbd38c08cf,233,1,97,2,2680000,2680000,0,0,,0,0,2025-01-13 14:52:55,2025-01-13 14:52:56
737,7945878704,website,351,,completed,621e996,{},,,464,1,206,1,3780000,3780000,0,0,"""{}""",0,0,2025-01-13 15:42:03,2025-01-15 16:06:39
738,8214882435,website,647,,completed,8214882435,"{""successful"":true,""response"":{""transactionId"":""8214882435""}}",,28f442f4-4549-44bd-a9fc-bceb065230e2,876,1,368,2,2770000,2770000,790000,0,"""{\""successful\"":true,\""response\"":{\""transactionId\"":\""8214882435\""}}""",0,0,2025-01-13 16:34:47,2025-01-14 20:24:17
739,1510529562,website,643,,pending,1510529562,,,f034e361-6828-4973-862c-4fc5c5018e3c,871,1,365,2,3262000,3262000,1398000,0,,0,0,2025-01-14 15:10:14,2025-01-14 15:10:14
740,2041501806,website,648,,completed,2041501806,"{""successful"":true,""response"":{""transactionId"":""2041501806""}}",,fd8449bd-8f7b-44da-ba38-0a26577ca3e1,878,1,369,2,1946000,1946000,834000,0,"""{\""successful\"":true,\""response\"":{\""transactionId\"":\""2041501806\""}}""",0,0,2025-01-14 16:39:31,2025-01-15 16:07:53
741,1724963199,website,592,,completed,1724963199,"{""successful"":true,""response"":{""transactionId"":""1724963199""}}",,ec300f87-c525-43d2-a0c1-136b0dc6db14,786,1,370,2,990000,990000,990000,0,"""{\""successful\"":true,\""response\"":{\""transactionId\"":\""1724963199\""}}""",0,0,2025-01-14 16:43:24,2025-01-17 09:56:42
742,7423079009,website,643,,completed,7423079009,"{""successful"":true,""response"":{""transactionId"":""7423079009""}}",,b347287d-0553-4807-9d36-1ed04ee53718,871,1,365,2,1876000,1876000,804000,0,"""{\""successful\"":true,\""response\"":{\""transactionId\"":\""7423079009\""}}""",0,0,2025-01-14 17:55:56,2025-01-14 20:24:07
743,2687047353,website,200,,pending,2687047353,,,4da052d6-6826-4b0d-8109-ed11b4839d2d,377,2,163,2,3680000,3680000,0,0,,0,0,2025-01-14 18:21:15,2025-01-14 18:21:16
744,8244932129,website,649,,completed,8244932129,"{""successful"":true,""response"":{""transactionId"":""8244932129""}}",,a142eb77-606a-4373-8f7c-226d75a21b3d,882,1,371,2,1246000,1246000,534000,0,"""{\""successful\"":true,\""response\"":{\""transactionId\"":\""8244932129\""}}""",0,0,2025-01-14 23:31:08,2025-01-17 09:57:16
745,5533239778,website,188,,completed,5533239778,,,b18cb08c-a17a-49f9-aba5-ffd8967a1b4d,727,2,103,2,1386000,1386000,594000,0,"{""notes"":null}",0,0,2025-01-15 12:30:58,2025-01-17 09:55:51
746,6754279329,website,653,,pending,787b1a2,,,,885,2,372,1,1680000,1680000,1680000,0,,0,0,2025-01-15 18:03:00,2025-01-15 18:03:01
747,9979350178,website,653,,pending,6d18343,,,,885,2,372,1,1680000,1680000,1680000,0,,0,0,2025-01-15 18:13:46,2025-01-15 18:13:46
748,6372345604,website,653,,completed,e9cf14c,{},,,885,2,372,1,1680000,1680000,1680000,0,"""{}""",0,0,2025-01-15 18:21:53,2025-01-15 19:08:21
749,8043426575,website,624,,pending,8043426575,,,97de9993-cedc-4d35-ac1d-ea3cfd739600,840,1,352,2,2366000,2366000,1014000,0,,0,0,2025-01-15 21:07:32,2025-01-15 21:07:33
750,4554231184,website,624,,completed,4554231184,"{""successful"":true,""response"":{""transactionId"":""4554231184""}}",,5b3266c3-aaef-4b60-bc56-098e500997af,840,1,352,2,2366000,2366000,1014000,0,"""{\""successful\"":true,\""response\"":{\""transactionId\"":\""4554231184\""}}""",0,0,2025-01-15 21:21:26,2025-01-17 09:57:53
751,9129292041,website,650,,pending,9129292041,,,6e007753-6383-483d-9117-bae42bdedd05,888,1,373,2,3780000,3780000,0,0,,0,0,2025-01-15 22:31:19,2025-01-15 22:31:20
752,8450956814,website,650,,completed,8450956814,"{""successful"":true,""response"":{""transactionId"":""8450956814""}}",,c7e412a1-b407-48b6-8d3f-4ae8522a913a,888,1,373,2,3780000,3780000,0,0,"""{\""successful\"":true,\""response\"":{\""transactionId\"":\""8450956814\""}}""",0,0,2025-01-15 22:31:26,2025-01-18 13:06:53
753,1082098983,website,654,,completed,27c8935,{},,,890,2,374,1,2980000,2980000,0,0,"""{}""",0,0,2025-01-15 23:31:00,2025-01-17 09:58:59
754,5407086356,website,566,,completed,5407086356,"{""successful"":true,""response"":{""transactionId"":""5407086356""}}",,7570e5ca-d2b0-41d8-bd7c-b0d0d8719b59,751,1,375,2,1666000,1666000,714000,0,"""{\""successful\"":true,\""response\"":{\""transactionId\"":\""5407086356\""}}""",0,0,2025-01-16 09:53:54,2025-01-17 09:59:19
755,1715832533,website,607,,declined,1715832533,,,aa5d4497-2bef-4b37-97a8-358e564d9eb6,807,1,376,2,1876000,1876000,804000,0,"""{\""gt\"":\""{\\\""status\\\"":\\\""error\\\"",\\\""successful\\\"":false,\\\""statusCode\\\"":400,\\\""message\\\"":\\\""\\\\u0648\\\\u0636\\\\u0639\\\\u06cc\\\\u062a \\\\u062a\\\\u0631\\\\u0627\\\\u06a9\\\\u0646\\\\u0634 \\\\u0628\\\\u0631\\\\u0627\\\\u06cc \\\\u0639\\\\u0645\\\\u0644\\\\u06cc\\\\u0627\\\\u062a \\\\u0645\\\\u0648\\\\u0631\\\\u062f\\\\u0646\\\\u0638\\\\u0631 \\\\u0646\\\\u0627\\\\u0645\\\\u0646\\\\u0627\\\\u0633\\\\u0628 \\\\u0627\\\\u0633\\\\u062a.\\\"",\\\""url\\\"":\\\""https:\\\\\\\/\\\\\\\/api.snapppay.ir\\\\\\\/api\\\\\\\/online\\\\\\\/payment\\\\\\\/v1\\\\\\\/verify\\\"",\\\""args\\\"":{\\\""method\\\"":\\\""POST\\\"",\\\""body\\\"":\\\""{\\\\\\\""paymentToken\\\\\\\"":\\\\\\\""aa5d4497-2bef-4b37-97a8-358e564d9eb6\\\\\\\""}\\\"",\\\""headers\\\"":{\\\""Authorization\\\"":\\\""Authorization: Bearer eyJhbGciOiJSUzI1NiIsInR5cCI6IkpXVCJ9.eyJ1c2VyX25hbWUiOiJtb3VoZXItd2Vhci1wdXJjaGFzZSIsInNjb3BlIjpbIm9ubGluZS1tZXJjaGFudCJdLCJleHAiOjE3MzcwNTY0MDEsImlhdCI6MTczNzAxMzIwMSwiYXV0aG9yaXRpZXMiOlsiUk9MRV9VU0VSIl0sImp0aSI6IktnT2NxMTcxd3kyY041RGNqRjZzbFl3QmdWMCIsImNsaWVudF9pZCI6Im1vdWhlci13ZWFyIn0.CJPaQAX9zTmIjthrKFmdT1VeN6EsMU6NRBYV-Plr6oKyqjm1ffkucQm605vsJcBnx6I7YX_2uQ_GaeDUV88HAzFhgkKA1UTTryoXqD_Rs8xIsLDYl_hHreRl8hUk-GvClSczJhH5FZ8jKfyN7glIz1Gc8jObJIA1VUexdiHP203pw5SD3vdgFIUdAMm2HuCu2yHVBuo-yQJui8GmLoRrjY51WO0LJgi-GaqI5rFa8FXStuOST25nOSrs_UxZF7V7bD7aNuRLY7Ehf1dSSV3qv7BP-nqw8Nkhfa9YsmGCvfm_IQEgH0r38egEMouiIE9p4-fSo3CYlasb84dz8KDhxw\\\"",\\\""Content-Type\\\"":\\\""Content-Type: application\\\\\\\/json\\\"",\\\""user-agent\\\"":\\\""SnappPay, mouher-wear\\\""}}}\""}""",0,0,2025-01-16 11:08:03,2025-01-16 11:10:01
756,6197242256,website,607,,declined,6197242256,,,116c8378-4c4f-4a71-9156-406b54cc1a1c,807,1,376,2,1876000,1876000,804000,0,"""{\""gt\"":\""{\\\""status\\\"":\\\""error\\\"",\\\""successful\\\"":false,\\\""statusCode\\\"":400,\\\""message\\\"":\\\""\\\\u0648\\\\u0636\\\\u0639\\\\u06cc\\\\u062a \\\\u062a\\\\u0631\\\\u0627\\\\u06a9\\\\u0646\\\\u0634 \\\\u0628\\\\u0631\\\\u0627\\\\u06cc \\\\u0639\\\\u0645\\\\u0644\\\\u06cc\\\\u0627\\\\u062a \\\\u0645\\\\u0648\\\\u0631\\\\u062f\\\\u0646\\\\u0638\\\\u0631 \\\\u0646\\\\u0627\\\\u0645\\\\u0646\\\\u0627\\\\u0633\\\\u0628 \\\\u0627\\\\u0633\\\\u062a.\\\"",\\\""url\\\"":\\\""https:\\\\\\\/\\\\\\\/api.snapppay.ir\\\\\\\/api\\\\\\\/online\\\\\\\/payment\\\\\\\/v1\\\\\\\/verify\\\"",\\\""args\\\"":{\\\""method\\\"":\\\""POST\\\"",\\\""body\\\"":\\\""{\\\\\\\""paymentToken\\\\\\\"":\\\\\\\""116c8378-4c4f-4a71-9156-406b54cc1a1c\\\\\\\""}\\\"",\\\""headers\\\"":{\\\""Authorization\\\"":\\\""Authorization: Bearer eyJhbGciOiJSUzI1NiIsInR5cCI6IkpXVCJ9.eyJ1c2VyX25hbWUiOiJtb3VoZXItd2Vhci1wdXJjaGFzZSIsInNjb3BlIjpbIm9ubGluZS1tZXJjaGFudCJdLCJleHAiOjE3MzcwNTY0OTgsImlhdCI6MTczNzAxMzI5OCwiYXV0aG9yaXRpZXMiOlsiUk9MRV9VU0VSIl0sImp0aSI6IjAzTVZteVhtcTYtdmh4dldGSmltZ0xfY3M3RSIsImNsaWVudF9pZCI6Im1vdWhlci13ZWFyIn0.KiO3cpTmD8ETsElFAIXIaM0Arcxgh4WrHlSmMBN_SS9zE1wkB5v3DEtKELvXErTIn-dKbut_g0psxO-aMS62BDP3MEJVhHXSlJYlfvTubaYr1PCpSIxfLlnwKJjwrxE0y3Epf2FDc2EhVBl9BMEWTQidZZbA3vHazJbB3IU5qOcyJ916r3bsqS86xa9AU3dZCsuAA5EsES-MXmb-eRUy1ePpSLnipEBKUGy8bxycammQC9gc1mBcJHMK-Ovw8AXsf7pdu1fOoEoLvAy-pPcYpBq-1WrmevsqqTgONoqCfPbEo1CZyw3htVdmv5H_1VBB7R8QuWn9R3moRwXaz9tuSw\\\"",\\\""Content-Type\\\"":\\\""Content-Type: application\\\\\\\/json\\\"",\\\""user-agent\\\"":\\\""SnappPay, mouher-wear\\\""}}}\""}""",0,0,2025-01-16 11:10:29,2025-01-16 11:11:38
757,8279413455,website,607,,declined,8279413455,,,0e02e9e7-5215-40de-aa20-85666e122d9c,807,1,376,2,1876000,1876000,804000,0,"""{\""gt\"":\""{\\\""status\\\"":\\\""error\\\"",\\\""successful\\\"":false,\\\""statusCode\\\"":200,\\\""message\\\"":\\\""\\\\u062b\\\\u0628\\\\u062a \\\\u062f\\\\u0631\\\\u062e\\\\u0648\\\\u0627\\\\u0633\\\\u062a \\\\u062c\\\\u062f\\\\u06cc\\\\u062f \\\\u0645\\\\u0645\\\\u06a9\\\\u0646 \\\\u0646\\\\u06cc\\\\u0633\\\\u062a. \\\\u0644\\\\u0637\\\\u0641\\\\u0627\\\\u064b \\\\u0686\\\\u0646\\\\u062f \\\\u0644\\\\u062d\\\\u0638\\\\u0647\\\\u0654 \\\\u062f\\\\u06cc\\\\u06af\\\\u0631 \\\\u062f\\\\u0648\\\\u0628\\\\u0627\\\\u0631\\\\u0647 \\\\u062a\\\\u0644\\\\u0627\\\\u0634 \\\\u06a9\\\\u0646\\\\u06cc\\\\u062f.\\\"",\\\""url\\\"":\\\""https:\\\\\\\/\\\\\\\/api.snapppay.ir\\\\\\\/api\\\\\\\/online\\\\\\\/payment\\\\\\\/v1\\\\\\\/verify\\\"",\\\""args\\\"":{\\\""method\\\"":\\\""POST\\\"",\\\""body\\\"":\\\""{\\\\\\\""paymentToken\\\\\\\"":\\\\\\\""0e02e9e7-5215-40de-aa20-85666e122d9c\\\\\\\""}\\\"",\\\""headers\\\"":{\\\""Authorization\\\"":\\\""Authorization: Bearer eyJhbGciOiJSUzI1NiIsInR5cCI6IkpXVCJ9.eyJ1c2VyX25hbWUiOiJtb3VoZXItd2Vhci1wdXJjaGFzZSIsInNjb3BlIjpbIm9ubGluZS1tZXJjaGFudCJdLCJleHAiOjE3MzcwNTY1NjUsImlhdCI6MTczNzAxMzM2NSwiYXV0aG9yaXRpZXMiOlsiUk9MRV9VU0VSIl0sImp0aSI6IkxhZzFyZDhacjdPdnA5LThTd2hoUy1WUlpidyIsImNsaWVudF9pZCI6Im1vdWhlci13ZWFyIn0.Bc3PGPHljileoq_Ke029Ov5RArwsuhYIa-9pg9OgPiEqkaNonz3UwnYio8vAYI23gs5Dy3hcs24ddZozFA48frwfE6o8NkKPnQK5vmNDVnNY2MwgD3T9MTXXr1BgApgRheeIT9HjQ5EoLp0Gxkiu6hWDydqQQFVe5uCoi0z2-p6DWDLAEDbNsdLwLmAJvbGnwrn0KcKmxdcNev79rYUS9zFeKyAPD7vRWSRSCVT41Uo1tCXY4zk2d1BboT4SEZM98eSioHK0IXbP3bZ5uEcELg-iesd54HqMKEHVvTWuLcQsynZPAo37Jf2sncCYWciOypoH2PwW1rbb4742xdPQEA\\\"",\\\""Content-Type\\\"":\\\""Content-Type: application\\\\\\\/json\\\"",\\\""user-agent\\\"":\\\""SnappPay, mouher-wear\\\""}}}\""}""",0,0,2025-01-16 11:12:07,2025-01-16 11:12:45
758,9974061838,website,607,,declined,9974061838,,,0b9d1820-9960-46c2-ae8b-7e8411490653,807,1,376,2,1876000,1876000,804000,0,"""{\""gt\"":\""{\\\""status\\\"":\\\""error\\\"",\\\""successful\\\"":false,\\\""statusCode\\\"":400,\\\""message\\\"":\\\""\\\\u0648\\\\u0636\\\\u0639\\\\u06cc\\\\u062a \\\\u062a\\\\u0631\\\\u0627\\\\u06a9\\\\u0646\\\\u0634 \\\\u0628\\\\u0631\\\\u0627\\\\u06cc \\\\u0639\\\\u0645\\\\u0644\\\\u06cc\\\\u0627\\\\u062a \\\\u0645\\\\u0648\\\\u0631\\\\u062f\\\\u0646\\\\u0638\\\\u0631 \\\\u0646\\\\u0627\\\\u0645\\\\u0646\\\\u0627\\\\u0633\\\\u0628 \\\\u0627\\\\u0633\\\\u062a.\\\"",\\\""url\\\"":\\\""https:\\\\\\\/\\\\\\\/api.snapppay.ir\\\\\\\/api\\\\\\\/online\\\\\\\/payment\\\\\\\/v1\\\\\\\/verify\\\"",\\\""args\\\"":{\\\""method\\\"":\\\""POST\\\"",\\\""body\\\"":\\\""{\\\\\\\""paymentToken\\\\\\\"":\\\\\\\""0b9d1820-9960-46c2-ae8b-7e8411490653\\\\\\\""}\\\"",\\\""headers\\\"":{\\\""Authorization\\\"":\\\""Authorization: Bearer eyJhbGciOiJSUzI1NiIsInR5cCI6IkpXVCJ9.eyJ1c2VyX25hbWUiOiJtb3VoZXItd2Vhci1wdXJjaGFzZSIsInNjb3BlIjpbIm9ubGluZS1tZXJjaGFudCJdLCJleHAiOjE3MzcwNTY2MjEsImlhdCI6MTczNzAxMzQyMSwiYXV0aG9yaXRpZXMiOlsiUk9MRV9VU0VSIl0sImp0aSI6InJJRVNzMV9wV2NlTk9HM2JCRkllc1E5X1lPdyIsImNsaWVudF9pZCI6Im1vdWhlci13ZWFyIn0.cr6RHqxC90PezK9t1Pe6v9iQU0Z2prNVxHcCjmaPny3t3iLLOv3b-lPEkoewhlcXTPZ-JHSKGyhl5_prsE6Gx7TQeqIYVeZ6XzHlT5fUPHfBEyt29bEVJe3uVA9vodelg6ZA7nC2T4bf3GPIZyehe3FdPi_46geqXnMt3jsAyNBZDOcQxE4qdvk76Wg6NyUCgpFAlNmw3Vp2wPpe4u342zcuL0zongEJnUtbIBokEGeTrWylCU4KOJTpGY75JsxKlswHGyxzVZ2QM8IeaO2ArBl9XygEiGj4IYuotvsneZfAOM2z3yx3DQWb-SuD0pu3K2jdn--hqFiYYDaQCpM4Qg\\\"",\\\""Content-Type\\\"":\\\""Content-Type: application\\\\\\\/json\\\"",\\\""user-agent\\\"":\\\""SnappPay, mouher-wear\\\""}}}\""}""",0,0,2025-01-16 11:13:03,2025-01-16 11:13:41
759,8356192411,website,607,,declined,8356192411,,,3ef51056-a4b5-4b97-95a8-9cd0c20069f1,807,1,376,2,1876000,1876000,804000,0,"""{\""gt\"":\""{\\\""status\\\"":\\\""error\\\"",\\\""successful\\\"":false,\\\""statusCode\\\"":400,\\\""message\\\"":\\\""\\\\u0648\\\\u0636\\\\u0639\\\\u06cc\\\\u062a \\\\u062a\\\\u0631\\\\u0627\\\\u06a9\\\\u0646\\\\u0634 \\\\u0628\\\\u0631\\\\u0627\\\\u06cc \\\\u0639\\\\u0645\\\\u0644\\\\u06cc\\\\u0627\\\\u062a \\\\u0645\\\\u0648\\\\u0631\\\\u062f\\\\u0646\\\\u0638\\\\u0631 \\\\u0646\\\\u0627\\\\u0645\\\\u0646\\\\u0627\\\\u0633\\\\u0628 \\\\u0627\\\\u0633\\\\u062a.\\\"",\\\""url\\\"":\\\""https:\\\\\\\/\\\\\\\/api.snapppay.ir\\\\\\\/api\\\\\\\/online\\\\\\\/payment\\\\\\\/v1\\\\\\\/verify\\\"",\\\""args\\\"":{\\\""method\\\"":\\\""POST\\\"",\\\""body\\\"":\\\""{\\\\\\\""paymentToken\\\\\\\"":\\\\\\\""3ef51056-a4b5-4b97-95a8-9cd0c20069f1\\\\\\\""}\\\"",\\\""headers\\\"":{\\\""Authorization\\\"":\\\""Authorization: Bearer eyJhbGciOiJSUzI1NiIsInR5cCI6IkpXVCJ9.eyJ1c2VyX25hbWUiOiJtb3VoZXItd2Vhci1wdXJjaGFzZSIsInNjb3BlIjpbIm9ubGluZS1tZXJjaGFudCJdLCJleHAiOjE3MzcwNTY5MDgsImlhdCI6MTczNzAxMzcwOCwiYXV0aG9yaXRpZXMiOlsiUk9MRV9VU0VSIl0sImp0aSI6IjUxWnM2Qy12eUhnM2x0cHJ2c0s4M0RRSFVHZyIsImNsaWVudF9pZCI6Im1vdWhlci13ZWFyIn0.EcN3W8N5fEgsIs92d5Rchz6jD3f9sfiG61CCSTP0wxoF2HIq6rZMVx6N8IWuJiPlJTBR6iIi6SFTeVF8GosOlovqxknMSMl-YsLHrZyynxbjBbYhXCgxnUXapsieTzpkD9jC2QuXriOPGgDsD8iYGnISG7lm5BgwVZhoQV04vC-cERQU3LE8htKzyeg8K8tQqKfRwjxvJ6Jfq7-bF0LSoMIx7l4F6-d184I3PSthTfrnwJNyLSvHgKMLE4aTSOTRw2PRr5OKmPNybi2_AfG082L0MuHKZnW7Y91qFr43YGt4_yhBR-FTH1aGJVMyTfQp-0aBZUTY5t8wK_XjFnbG_A\\\"",\\\""Content-Type\\\"":\\\""Content-Type: application\\\\\\\/json\\\"",\\\""user-agent\\\"":\\\""SnappPay, mouher-wear\\\""}}}\""}""",0,0,2025-01-16 11:17:35,2025-01-16 11:18:28
760,9323214150,website,607,,pending,9323214150,,,f5a6e9ee-0947-4239-88bb-8e92c8040523,807,1,376,2,1876000,1876000,804000,0,,0,0,2025-01-16 11:24:09,2025-01-16 11:24:10
761,4968902857,website,654,,completed,745f1de,{},,,891,2,374,1,1946000,1946000,834000,0,"""{}""",0,0,2025-01-16 16:04:48,2025-01-21 22:01:34
762,7688937589,website,446,,pending,7688937589,,,d37d92d4-036b-4033-96a3-ab6a209f8a0d,581,1,250,2,1380000,1380000,0,0,,0,0,2025-01-16 16:48:30,2025-01-16 16:48:30
763,3565340613,website,634,,pending,3565340613,,,097c25f4-e216-4ac5-9077-890b07ffb171,857,1,377,2,990000,990000,990000,0,,0,0,2025-01-16 17:34:24,2025-01-16 17:34:25
764,5156028626,website,607,,pending,5156028626,,,9c6fd78d-5397-473e-b8d3-55750bba5a1c,807,1,376,2,1876000,1876000,804000,0,,0,0,2025-01-16 21:05:53,2025-01-16 21:05:54
765,5203474610,website,607,,pending,5203474610,,,f8c1a2b3-0f67-4046-a0ca-c378933b0e55,807,1,376,2,1876000,1876000,804000,0,,0,0,2025-01-16 21:39:45,2025-01-16 21:39:46
766,1876250180,website,607,,completed,1876250180,"{""successful"":true,""response"":{""transactionId"":""1876250180""}}",,51c7251b-2e03-4e47-a465-25bbff3645e7,807,1,376,2,1876000,1876000,804000,0,"""{\""successful\"":true,\""response\"":{\""transactionId\"":\""1876250180\""}}""",0,0,2025-01-16 21:45:54,2025-01-18 13:22:06
767,1014341593,website,655,,pending,1014341593,,,ad6bf6f9-6e8a-467f-bffc-cd78b680c511,895,1,378,2,1876000,1876000,804000,0,,0,0,2025-01-17 17:00:34,2025-01-17 17:00:35
768,1016709224,website,356,,pending,1016709224,,,248f9cea-d210-4cf4-a76a-bd34a3c7a8b4,475,1,210,2,2366000,2366000,1014000,0,,0,0,2025-01-17 17:18:27,2025-01-17 17:18:28
769,8206279374,website,655,,pending,6fab44e,,,,895,1,378,1,1876000,1876000,804000,0,,0,0,2025-01-17 18:03:40,2025-01-17 18:03:43
770,9848072168,website,655,,pending,bf08132,,,,895,1,378,1,1876000,1876000,804000,0,,0,0,2025-01-17 18:05:02,2025-01-17 18:05:03
771,5380384096,website,655,,completed,d9db403,{},,,895,1,378,1,1876000,1876000,804000,0,"""{}""",0,0,2025-01-17 18:08:03,2025-01-18 13:26:11
772,8898594228,website,356,,completed,8898594228,"{""successful"":true,""response"":{""transactionId"":""8898594228""}}",,3b556e09-79b0-4556-9d10-84eb0c8437c2,475,1,210,2,2366000,2366000,1014000,0,"""{\""successful\"":true,\""response\"":{\""transactionId\"":\""8898594228\""}}""",0,0,2025-01-17 18:08:18,2025-01-18 13:45:01
773,6084062434,website,553,,pending,129566e,,,,723,1,379,1,890000,890000,890000,0,,0,0,2025-01-17 20:38:05,2025-01-17 20:38:06
774,5022336635,website,553,,completed,55fe10a,{},,,723,1,379,1,890000,890000,890000,0,"""{}""",0,0,2025-01-17 20:40:01,2025-01-18 13:52:07
775,5925225356,website,657,,declined,5925225356,,,537c895c-eb80-4f92-bf26-8e211c21c529,899,2,380,2,1246000,1246000,534000,0,"""{\""gt\"":\""{\\\""status\\\"":\\\""error\\\"",\\\""successful\\\"":false,\\\""statusCode\\\"":400,\\\""message\\\"":\\\""\\\\u0648\\\\u0636\\\\u0639\\\\u06cc\\\\u062a \\\\u062a\\\\u0631\\\\u0627\\\\u06a9\\\\u0646\\\\u0634 \\\\u0628\\\\u0631\\\\u0627\\\\u06cc \\\\u0639\\\\u0645\\\\u0644\\\\u06cc\\\\u0627\\\\u062a \\\\u0645\\\\u0648\\\\u0631\\\\u062f\\\\u0646\\\\u0638\\\\u0631 \\\\u0646\\\\u0627\\\\u0645\\\\u0646\\\\u0627\\\\u0633\\\\u0628 \\\\u0627\\\\u0633\\\\u062a.\\\"",\\\""url\\\"":\\\""https:\\\\\\\/\\\\\\\/api.snapppay.ir\\\\\\\/api\\\\\\\/online\\\\\\\/payment\\\\\\\/v1\\\\\\\/verify\\\"",\\\""args\\\"":{\\\""method\\\"":\\\""POST\\\"",\\\""body\\\"":\\\""{\\\\\\\""paymentToken\\\\\\\"":\\\\\\\""537c895c-eb80-4f92-bf26-8e211c21c529\\\\\\\""}\\\"",\\\""headers\\\"":{\\\""Authorization\\\"":\\\""Authorization: Bearer eyJhbGciOiJSUzI1NiIsInR5cCI6IkpXVCJ9.eyJ1c2VyX25hbWUiOiJtb3VoZXItd2Vhci1wdXJjaGFzZSIsInNjb3BlIjpbIm9ubGluZS1tZXJjaGFudCJdLCJleHAiOjE3MzcxODYwOTIsImlhdCI6MTczNzE0Mjg5MiwiYXV0aG9yaXRpZXMiOlsiUk9MRV9VU0VSIl0sImp0aSI6Imc0OVg2eXhPVzdOc29JaEcyQ21xMlU4Vm11WSIsImNsaWVudF9pZCI6Im1vdWhlci13ZWFyIn0.ZdRynXW7mdME-OVHxq4sRoghfr1tO_rxgRDcB7ye1K2PfAM6J0JZ76zjOjiWTVYDbULFWfmOnYvpBwPxUMdnB3oo9jrvKUYUCE1lnxgSeLL73a8WP7UMNtQcyw8JBDYQhmmc-v06Cm8wdOvQheuDZXLfFWuxLEajEOsMpZuIF9DgUjpsgrznIsvRhPr5KewHxqRc0r6-EciZ9Z67gHkvGmHfq2eTeYvvZlVTrIi35HQeudwiRRlHE_RSwcgSlY32nRhxo8hHrfIZXjCs_hP7yVEZktdinMihcv7rV5cUjK-neX09NiahQxUgx-lveP-FLmZBbmT3ORJLmF_mByc6qA\\\"",\\\""Content-Type\\\"":\\\""Content-Type: application\\\\\\\/json\\\"",\\\""user-agent\\\"":\\\""SnappPay, mouher-wear\\\""}}}\""}""",0,0,2025-01-17 23:08:41,2025-01-17 23:11:32
776,3967838788,website,657,,pending,3967838788,,,039dfe67-0dae-4a67-b859-ca664b66eb19,899,2,380,2,1246000,1246000,534000,0,,0,0,2025-01-17 23:12:09,2025-01-17 23:12:15
777,6742646687,website,658,,completed,6742646687,"{""successful"":true,""response"":{""transactionId"":""6742646687""}}",,e4fc538d-3027-4fa1-9817-4ea049bb6155,900,1,381,2,1596000,1596000,684000,0,"""{\""successful\"":true,\""response\"":{\""transactionId\"":\""6742646687\""}}""",0,0,2025-01-18 13:13:56,2025-01-18 13:59:54
778,5134027318,website,659,,completed,5134027318,"{""successful"":true,""response"":{""transactionId"":""5134027318""}}",,1a09938d-cddb-463a-a6f9-fbd1f64c594a,902,1,382,2,1666000,1666000,714000,0,"""{\""successful\"":true,\""response\"":{\""transactionId\"":\""5134027318\""}}""",0,0,2025-01-18 14:34:55,2025-01-18 18:48:51
779,7903048464,website,540,,pending,7903048464,,,fa2c5f65-8664-4cc8-9a9c-b46e5da2d1cb,702,2,383,2,1386000,1386000,594000,0,,0,0,2025-01-18 19:00:30,2025-01-18 19:00:31
780,4735667369,website,576,,completed,c8be723,{},,,765,1,384,1,3780000,3780000,0,0,"""{}""",0,0,2025-01-18 22:46:51,2025-01-25 13:12:40
781,5604249634,website,666,,declined,5604249634,,,fe097543-7978-4b7a-b45b-285bee882c88,911,2,385,2,1246000,1246000,534000,0,"""{\""gt\"":\""{\\\""status\\\"":\\\""error\\\"",\\\""successful\\\"":false,\\\""statusCode\\\"":400,\\\""message\\\"":\\\""\\\\u0648\\\\u0636\\\\u0639\\\\u06cc\\\\u062a \\\\u062a\\\\u0631\\\\u0627\\\\u06a9\\\\u0646\\\\u0634 \\\\u0628\\\\u0631\\\\u0627\\\\u06cc \\\\u0639\\\\u0645\\\\u0644\\\\u06cc\\\\u0627\\\\u062a \\\\u0645\\\\u0648\\\\u0631\\\\u062f\\\\u0646\\\\u0638\\\\u0631 \\\\u0646\\\\u0627\\\\u0645\\\\u0646\\\\u0627\\\\u0633\\\\u0628 \\\\u0627\\\\u0633\\\\u062a.\\\"",\\\""url\\\"":\\\""https:\\\\\\\/\\\\\\\/api.snapppay.ir\\\\\\\/api\\\\\\\/online\\\\\\\/payment\\\\\\\/v1\\\\\\\/verify\\\"",\\\""args\\\"":{\\\""method\\\"":\\\""POST\\\"",\\\""body\\\"":\\\""{\\\\\\\""paymentToken\\\\\\\"":\\\\\\\""fe097543-7978-4b7a-b45b-285bee882c88\\\\\\\""}\\\"",\\\""headers\\\"":{\\\""Authorization\\\"":\\\""Authorization: Bearer eyJhbGciOiJSUzI1NiIsInR5cCI6IkpXVCJ9.eyJ1c2VyX25hbWUiOiJtb3VoZXItd2Vhci1wdXJjaGFzZSIsInNjb3BlIjpbIm9ubGluZS1tZXJjaGFudCJdLCJleHAiOjE3MzczNTUzNTAsImlhdCI6MTczNzMxMjE1MCwiYXV0aG9yaXRpZXMiOlsiUk9MRV9VU0VSIl0sImp0aSI6IjJYRkpwVWI2WUEtUzg1YWg2WVM1RTZTME83TSIsImNsaWVudF9pZCI6Im1vdWhlci13ZWFyIn0.Xx9LfSCmscTv4JzYhuujFhH55ExDXLpYW0YRpy6jsHbDEzRyFpKn7murvR0Jy1tgJsvVzvNhaw1mBfU7cATM4CfXpIYj8uK1Zv-OpOdAVt8OhkmnB9HSnwKnEY4m4PrOU2dgIy3zKMvwW3fxlqV2lxaHRANBqbohJawZsxMol5KZ746aBJ0B7kWQQ0ohIduG9DNSjj8MuV5tjk8uKsJfzcfPT-dmCj77YftGDOe_VrXDORdE1p8kcms6Zkk9l3MrIVCosT2yocZ40esekB5bPP93MZgNe8mDAZLP51VGvU2v2AXz9F_Wf6BENf36SC8hMrkxN2fuYPd4SZn2JzsjQA\\\"",\\\""Content-Type\\\"":\\\""Content-Type: application\\\\\\\/json\\\"",\\\""user-agent\\\"":\\\""SnappPay, mouher-wear\\\""}}}\""}""",0,0,2025-01-19 22:03:44,2025-01-19 22:12:30
782,8442386372,website,666,,pending,8442386372,,,0544b991-7a7a-4bb8-83c3-d88d98dae7cf,911,2,385,2,1246000,1246000,534000,0,,0,0,2025-01-19 22:17:53,2025-01-19 22:17:54
783,4594538803,website,667,,completed,11244c2,{},,,912,1,386,1,3780000,3780000,0,0,"""{}""",0,0,2025-01-19 22:40:19,2025-01-21 19:30:15
784,9309203007,website,666,,completed,9309203007,"{""successful"":true,""response"":{""transactionId"":""9309203007""}}",,6488ea7e-56cb-4705-934e-2c02562adda3,911,2,385,2,1246000,1246000,534000,0,"""{\""successful\"":true,\""response\"":{\""transactionId\"":\""9309203007\""}}""",0,0,2025-01-19 22:50:19,2025-01-21 19:31:35
785,4844537192,website,668,,completed,4844537192,"{""successful"":true,""response"":{""transactionId"":""4844537192""}}",,07af5369-1f9b-4818-953e-01f9b3612cf8,915,2,387,2,3780000,3780000,0,0,"""{\""successful\"":true,\""response\"":{\""transactionId\"":\""4844537192\""}}""",0,0,2025-01-19 23:00:16,2025-01-23 18:30:37
786,5822325255,website,669,,completed,5822325255,"{""successful"":true,""response"":{""transactionId"":""5822325255""}}",,08cac640-60f0-4ce2-9af1-fc2edfeaac69,917,2,388,2,1980000,1980000,1980000,0,"""{\""successful\"":true,\""response\"":{\""transactionId\"":\""5822325255\""}}""",0,0,2025-01-19 23:26:16,2025-01-21 20:55:17
787,7664735636,website,175,,completed,7664735636,"{""successful"":true,""response"":{""transactionId"":""7664735636""}}",,5ff02148-1732-40f5-8a0d-04a96172e2e5,233,1,97,2,2680000,2680000,0,0,"""{\""successful\"":true,\""response\"":{\""transactionId\"":\""7664735636\""}}""",0,0,2025-01-21 17:19:16,2025-01-21 19:26:59
788,2395351031,website,671,,completed,4aa5c13,{},,,920,1,390,1,1140000,1140000,1140000,0,"""{}""",0,0,2025-01-22 01:06:56,2025-01-22 22:02:08
789,9414266854,website,674,,completed,9414266854,"{""successful"":true,""response"":{""transactionId"":""9414266854""}}",,af67cb85-f47d-4cab-9a1e-3797b79bfab5,924,2,391,2,4260000,4260000,0,0,"""{\""successful\"":true,\""response\"":{\""transactionId\"":\""9414266854\""}}""",0,0,2025-01-22 04:00:49,2025-01-22 21:58:51
790,3990131235,website,675,,completed,9699fe1,{},,,926,1,392,1,3780000,3780000,0,0,"""{}""",0,0,2025-01-22 10:13:49,2025-01-23 00:01:43
791,9755493470,website,683,,pending,9755493470,,,1d53a3d0-18e2-4870-88c5-d80ecf72b890,934,1,393,2,1980000,1980000,0,0,,0,0,2025-01-23 22:26:49,2025-01-23 22:26:50
792,9505803203,website,672,,pending,9505803203,,,83f369f9-7e3c-48a1-8c00-5e2988c835f5,921,2,389,2,2680000,2680000,0,0,,0,0,2025-01-24 00:08:38,2025-01-24 00:08:39
793,2183162657,website,419,,completed,2183162657,"{""successful"":true,""response"":{""transactionId"":""2183162657""}}",,a164659c-186f-4ba5-afa6-4cf3829fbf0b,629,2,266,2,6006000,6006000,2514000,0,"""{\""successful\"":true,\""response\"":{\""transactionId\"":\""2183162657\""}}""",0,0,2025-01-24 00:11:57,2025-01-27 12:08:18
794,1165291712,website,672,,pending,1165291712,,,bafbc0c1-5cb4-43eb-be7d-171b7df8ef8a,921,2,389,2,2680000,2680000,0,0,,0,0,2025-01-24 00:30:22,2025-01-24 00:30:22
795,8400163022,website,672,,declined,8400163022,,,a3280b5d-c93e-472d-825f-3cee95ba049a,921,2,389,2,2680000,2680000,0,0,"""{\""gt\"":\""{\\\""status\\\"":\\\""error\\\"",\\\""successful\\\"":false,\\\""statusCode\\\"":400,\\\""message\\\"":\\\""\\\\u0648\\\\u0636\\\\u0639\\\\u06cc\\\\u062a \\\\u062a\\\\u0631\\\\u0627\\\\u06a9\\\\u0646\\\\u0634 \\\\u0628\\\\u0631\\\\u0627\\\\u06cc \\\\u0639\\\\u0645\\\\u0644\\\\u06cc\\\\u0627\\\\u062a \\\\u0645\\\\u0648\\\\u0631\\\\u062f\\\\u0646\\\\u0638\\\\u0631 \\\\u0646\\\\u0627\\\\u0645\\\\u0646\\\\u0627\\\\u0633\\\\u0628 \\\\u0627\\\\u0633\\\\u062a.\\\"",\\\""url\\\"":\\\""https:\\\\\\\/\\\\\\\/api.snapppay.ir\\\\\\\/api\\\\\\\/online\\\\\\\/payment\\\\\\\/v1\\\\\\\/verify\\\"",\\\""args\\\"":{\\\""method\\\"":\\\""POST\\\"",\\\""body\\\"":\\\""{\\\\\\\""paymentToken\\\\\\\"":\\\\\\\""a3280b5d-c93e-472d-825f-3cee95ba049a\\\\\\\""}\\\"",\\\""headers\\\"":{\\\""Authorization\\\"":\\\""Authorization: Bearer eyJhbGciOiJSUzI1NiIsInR5cCI6IkpXVCJ9.eyJ1c2VyX25hbWUiOiJtb3VoZXItd2Vhci1wdXJjaGFzZSIsInNjb3BlIjpbIm9ubGluZS1tZXJjaGFudCJdLCJleHAiOjE3Mzc3NDM1MTksImlhdCI6MTczNzcwMDMxOSwiYXV0aG9yaXRpZXMiOlsiUk9MRV9VU0VSIl0sImp0aSI6Ik42aUdQRjJuSGtGRFpZWXJGMTdrQTBsNTI0ZyIsImNsaWVudF9pZCI6Im1vdWhlci13ZWFyIn0.cys02L3aYihj4SDnQU577KyJsguUezbukuiL1xXROwbybd3T4SfOlhRlgIPJkSvsdBKDPNKUuuQAT4fuVl-kLpQfX66iD0J2xyJbpc2-FW70qY3bPVrlwXi5Tv_JIDqCcgnE447POYU81twO7lqbEuzHnggOWw2wbXXuWPaPBY8DOzXWNhcVKB04AKoO1Twk2YOnyonGt5XIQsEWbpBidDbD0rN_GTth1yVZQeX7De8d3prZiV2bkfj7evvrRBSoaIxtGmF3xK65nUE_xFX7bjUeax2Kd07SU6VlJ7YmslUSAEsapwh1kuNZTuMLYn06Iyb5ByoOpTdQFyDsuLkJkw\\\"",\\\""Content-Type\\\"":\\\""Content-Type: application\\\\\\\/json\\\"",\\\""user-agent\\\"":\\\""SnappPay, mouher-wear\\\""}}}\""}""",0,0,2025-01-24 09:59:24,2025-01-24 10:01:59
796,8996990141,website,672,,pending,8996990141,,,69e65089-5439-4b90-a1b3-b56bbc4f2be0,921,2,389,2,2680000,2680000,0,0,,0,0,2025-01-24 10:02:38,2025-01-24 10:02:39
797,2931846360,website,672,,pending,2931846360,,,2f5e9c24-4eba-4d80-8c06-f99a2f7727a1,921,2,389,2,2680000,2680000,0,0,,0,0,2025-01-24 10:37:18,2025-01-24 10:37:19
798,4460421610,website,672,,pending,4460421610,,,7b5c709f-6366-48f8-9f90-c571043a76ee,921,2,389,2,2680000,2680000,0,0,,0,0,2025-01-24 10:43:12,2025-01-24 10:43:12
799,9524292657,website,684,,declined,9524292657,,,71242c21-ddc9-440b-a9ef-3e540a8efd8c,936,2,394,2,2680000,2680000,0,0,"""{\""gt\"":\""{\\\""status\\\"":\\\""error\\\"",\\\""successful\\\"":false,\\\""statusCode\\\"":400,\\\""message\\\"":\\\""\\\\u0648\\\\u0636\\\\u0639\\\\u06cc\\\\u062a \\\\u062a\\\\u0631\\\\u0627\\\\u06a9\\\\u0646\\\\u0634 \\\\u0628\\\\u0631\\\\u0627\\\\u06cc \\\\u0639\\\\u0645\\\\u0644\\\\u06cc\\\\u0627\\\\u062a \\\\u0645\\\\u0648\\\\u0631\\\\u062f\\\\u0646\\\\u0638\\\\u0631 \\\\u0646\\\\u0627\\\\u0645\\\\u0646\\\\u0627\\\\u0633\\\\u0628 \\\\u0627\\\\u0633\\\\u062a.\\\"",\\\""url\\\"":\\\""https:\\\\\\\/\\\\\\\/api.snapppay.ir\\\\\\\/api\\\\\\\/online\\\\\\\/payment\\\\\\\/v1\\\\\\\/verify\\\"",\\\""args\\\"":{\\\""method\\\"":\\\""POST\\\"",\\\""body\\\"":\\\""{\\\\\\\""paymentToken\\\\\\\"":\\\\\\\""71242c21-ddc9-440b-a9ef-3e540a8efd8c\\\\\\\""}\\\"",\\\""headers\\\"":{\\\""Authorization\\\"":\\\""Authorization: Bearer eyJhbGciOiJSUzI1NiIsInR5cCI6IkpXVCJ9.eyJ1c2VyX25hbWUiOiJtb3VoZXItd2Vhci1wdXJjaGFzZSIsInNjb3BlIjpbIm9ubGluZS1tZXJjaGFudCJdLCJleHAiOjE3Mzc3NTk4MDUsImlhdCI6MTczNzcxNjYwNSwiYXV0aG9yaXRpZXMiOlsiUk9MRV9VU0VSIl0sImp0aSI6IjJjQnVYRVU2OXZqN0RERTZRRVJ2THNjRTBjayIsImNsaWVudF9pZCI6Im1vdWhlci13ZWFyIn0.XYcq92PcxUFdTktndpiCHcz40jnxdemcp7hrjq6WsN1U5xaw2_BF8o-7_nYnJ1hRJuY0DFodsD70PsMZujuLOQw8Bhk7XP8yUmF-QwbPgDsg-7hm-POc5aAuL3LlEm_p3QtllCx_QGTOFq1B-8g23fyI4ueYq0SKzOXyDwJZpwHzo7i2To7ZMh-UHhGXUEs9KTzlPtPhv73LvjYFs5MlhsJvN7JcTfuNYeb_fwpsktbDdXMrwpu79z2plxobtsl2iT7ZOhfJhlUG8k3NiiJ-Aa3cN1hm1ghNlnQJiyqBJsQqjMtTrSDYXwVfi9-gDz1yocFiLhVhU9QsTA4U93tiJA\\\"",\\\""Content-Type\\\"":\\\""Content-Type: application\\\\\\\/json\\\"",\\\""user-agent\\\"":\\\""SnappPay, mouher-wear\\\""}}}\""}""",0,0,2025-01-24 14:32:51,2025-01-24 14:33:25
800,4330980238,website,684,,pending,4330980238,,,0542db20-73f8-4408-8384-22da1b55308d,936,2,394,2,2680000,2680000,0,0,,0,0,2025-01-24 14:46:33,2025-01-24 14:46:34
801,1736151426,website,672,,pending,7ebfe56,,,,921,2,389,1,2680000,2680000,0,0,,0,0,2025-01-24 15:15:12,2025-01-24 15:15:13
802,9508824206,website,672,,completed,64cc12f,{},,,921,2,389,1,2680000,2680000,0,0,"""{}""",0,0,2025-01-24 15:16:50,2025-01-24 21:13:09
803,8656852231,website,685,,pending,8656852231,,,4aa34f19-1788-48bd-ad57-3cdc64d6cd35,938,1,395,2,1980000,1980000,1980000,0,,0,0,2025-01-25 14:23:20,2025-01-25 14:23:21
804,9060347007,website,686,,pending,9ab1fdc,,,,939,2,396,1,3980000,3980000,0,0,,0,0,2025-01-25 19:18:13,2025-01-25 19:18:13
805,9748644580,website,686,,completed,0e8aacc,{},,,939,2,396,1,3980000,3980000,0,0,"""{}""",0,0,2025-01-25 19:18:32,2025-01-27 12:48:55
806,5207918963,website,687,,completed,5207918963,"{""successful"":true,""response"":{""transactionId"":""5207918963""}}",,486afa69-c146-4261-a4c3-5bc73bc1c7aa,941,1,397,2,990000,990000,990000,0,"""{\""successful\"":true,\""response\"":{\""transactionId\"":\""5207918963\""}}""",0,0,2025-01-25 22:46:28,2025-01-27 10:24:05
807,1535238481,website,688,,completed,1535238481,"{""successful"":true,""response"":{""transactionId"":""1535238481""}}",,f5de752c-3860-4a0b-9da5-62170a8ecc1f,943,1,399,2,1980000,1980000,1980000,0,"""{\""successful\"":true,\""response\"":{\""transactionId\"":\""1535238481\""}}""",0,0,2025-01-26 01:06:41,2025-01-26 23:40:35
808,3728260065,website,691,,pending,3728260065,,,642f3bf5-55b4-4dfc-880d-0d29bbe4b797,947,1,400,2,990000,990000,990000,0,,0,0,2025-01-27 14:30:24,2025-01-27 14:30:25
809,2942733222,website,691,,pending,2942733222,,,7f62afa1-469f-4e72-b589-25be07e012ff,947,1,400,2,990000,990000,990000,0,,0,0,2025-01-27 14:32:17,2025-01-27 14:32:18
810,1141501026,website,693,,declined,1141501026,,,2dfc8d10-f969-4556-a454-59f011109807,949,1,402,2,1980000,1980000,0,0,"""{\""gt\"":\""{\\\""status\\\"":\\\""error\\\"",\\\""successful\\\"":false,\\\""statusCode\\\"":400,\\\""message\\\"":\\\""\\\\u0648\\\\u0636\\\\u0639\\\\u06cc\\\\u062a \\\\u062a\\\\u0631\\\\u0627\\\\u06a9\\\\u0646\\\\u0634 \\\\u0628\\\\u0631\\\\u0627\\\\u06cc \\\\u0639\\\\u0645\\\\u0644\\\\u06cc\\\\u0627\\\\u062a \\\\u0645\\\\u0648\\\\u0631\\\\u062f\\\\u0646\\\\u0638\\\\u0631 \\\\u0646\\\\u0627\\\\u0645\\\\u0646\\\\u0627\\\\u0633\\\\u0628 \\\\u0627\\\\u0633\\\\u062a.\\\"",\\\""url\\\"":\\\""https:\\\\\\\/\\\\\\\/api.snapppay.ir\\\\\\\/api\\\\\\\/online\\\\\\\/payment\\\\\\\/v1\\\\\\\/verify\\\"",\\\""args\\\"":{\\\""method\\\"":\\\""POST\\\"",\\\""body\\\"":\\\""{\\\\\\\""paymentToken\\\\\\\"":\\\\\\\""2dfc8d10-f969-4556-a454-59f011109807\\\\\\\""}\\\"",\\\""headers\\\"":{\\\""Authorization\\\"":\\\""Authorization: Bearer eyJhbGciOiJSUzI1NiIsInR5cCI6IkpXVCJ9.eyJ1c2VyX25hbWUiOiJtb3VoZXItd2Vhci1wdXJjaGFzZSIsInNjb3BlIjpbIm9ubGluZS1tZXJjaGFudCJdLCJleHAiOjE3MzgwMzQyMjksImlhdCI6MTczNzk5MTAyOSwiYXV0aG9yaXRpZXMiOlsiUk9MRV9VU0VSIl0sImp0aSI6Inh2a1NlOFNXLUpubHB6c245MVZGYmJNTW12cyIsImNsaWVudF9pZCI6Im1vdWhlci13ZWFyIn0.j5gwoSHjrP-U_7UbjLN9q8WjVK-8uqA0uK_EbMi_b4rxCQSpCZgOMZST9uUN7Dhpky7K-k9SJtbdE8-VIinsQo46aDS8Lau8T8-TGexkVPat8IfjDPAtb49LNTinCR8SCF_5q0IExrpZsK3nIPKOOQ0qtmjJjC0xp5VZxuQpkYiIeUR-3vBEWxYZVz1C7s8d4wB_tc6KTLbL7Z4HKHWouqPFTidw1sUtrzb0WH6O9aUgwmgh1BEYDgFKkbDRQXXELR-PYivGbyeWDmdXBm5I5LT45dws9oeX10m2SeYwrUJ7yjUWHBaP8VxOWRzxCPVX9F9B5kLMVs0s6xgXe-2zMg\\\"",\\\""Content-Type\\\"":\\\""Content-Type: application\\\\\\\/json\\\"",\\\""user-agent\\\"":\\\""SnappPay, mouher-wear\\\""}}}\""}""",0,0,2025-01-27 18:45:51,2025-01-27 18:47:09
811,6268897014,website,693,,pending,6268897014,,,2783df90-3a38-44d5-b622-7bbf3ccd0e11,949,1,402,2,1980000,1980000,0,0,,0,0,2025-01-27 18:47:33,2025-01-27 18:47:34
812,9462085492,website,693,,declined,9462085492,,,e790aefa-3884-4e0d-b888-83ceac1ecca7,949,1,402,2,1980000,1980000,0,0,"""{\""gt\"":\""{\\\""status\\\"":\\\""error\\\"",\\\""successful\\\"":false,\\\""statusCode\\\"":400,\\\""message\\\"":\\\""\\\\u0648\\\\u0636\\\\u0639\\\\u06cc\\\\u062a \\\\u062a\\\\u0631\\\\u0627\\\\u06a9\\\\u0646\\\\u0634 \\\\u0628\\\\u0631\\\\u0627\\\\u06cc \\\\u0639\\\\u0645\\\\u0644\\\\u06cc\\\\u0627\\\\u062a \\\\u0645\\\\u0648\\\\u0631\\\\u062f\\\\u0646\\\\u0638\\\\u0631 \\\\u0646\\\\u0627\\\\u0645\\\\u0646\\\\u0627\\\\u0633\\\\u0628 \\\\u0627\\\\u0633\\\\u062a.\\\"",\\\""url\\\"":\\\""https:\\\\\\\/\\\\\\\/api.snapppay.ir\\\\\\\/api\\\\\\\/online\\\\\\\/payment\\\\\\\/v1\\\\\\\/verify\\\"",\\\""args\\\"":{\\\""method\\\"":\\\""POST\\\"",\\\""body\\\"":\\\""{\\\\\\\""paymentToken\\\\\\\"":\\\\\\\""e790aefa-3884-4e0d-b888-83ceac1ecca7\\\\\\\""}\\\"",\\\""headers\\\"":{\\\""Authorization\\\"":\\\""Authorization: Bearer eyJhbGciOiJSUzI1NiIsInR5cCI6IkpXVCJ9.eyJ1c2VyX25hbWUiOiJtb3VoZXItd2Vhci1wdXJjaGFzZSIsInNjb3BlIjpbIm9ubGluZS1tZXJjaGFudCJdLCJleHAiOjE3MzgwMzQ3MjYsImlhdCI6MTczNzk5MTUyNiwiYXV0aG9yaXRpZXMiOlsiUk9MRV9VU0VSIl0sImp0aSI6IklJa2Fvc3FWS0lUVlVKblI1WUNqQkZKYld3byIsImNsaWVudF9pZCI6Im1vdWhlci13ZWFyIn0.hyYKPf4kWyKWtBFP2m2YpsOk1OkZ_X0P64YPsvLh_mt1WMLtboCzyRE7ELp-tlFUBooK_IzskbV-3yix5-B3EMMIdd9pobgFoWY9pz_okxfFeCozOY2qJHCImnBJ34C3hN0txhb4oVK7QFc7J1CnOYgvOs0pi_X9jAYw_PEOEKiMYikmal48y2SuqKMfJU0EaRTTVACl_BVbwmwkit5Ky88HuJ8hWiDnGNHTPZI4hiD2gmnqbFy0jpeDyatfFuCa6KbuvsfF0CnXgdRvDxyjUh5AzSH47hpe-kJsb0hnjnEzI0ZR26ijCXNLMrOa-w_R75Qv2mW3hcr-Y014rL0VvQ\\\"",\\\""Content-Type\\\"":\\\""Content-Type: application\\\\\\\/json\\\"",\\\""user-agent\\\"":\\\""SnappPay, mouher-wear\\\""}}}\""}""",0,0,2025-01-27 18:52:48,2025-01-27 18:55:26
813,8065992712,website,693,,pending,8065992712,,,759c0a57-530e-45a6-88b3-0f2844db3fe8,949,1,402,2,1980000,1980000,0,0,,0,0,2025-01-27 18:55:58,2025-01-27 18:55:59
814,9897339357,website,695,,declined,9897339357,,,e5159195-8d00-48d3-8bca-9ea930460031,951,1,404,2,790000,790000,790000,0,"""{\""gt\"":\""{\\\""status\\\"":\\\""error\\\"",\\\""successful\\\"":false,\\\""statusCode\\\"":400,\\\""message\\\"":\\\""\\\\u0648\\\\u0636\\\\u0639\\\\u06cc\\\\u062a \\\\u062a\\\\u0631\\\\u0627\\\\u06a9\\\\u0646\\\\u0634 \\\\u0628\\\\u0631\\\\u0627\\\\u06cc \\\\u0639\\\\u0645\\\\u0644\\\\u06cc\\\\u0627\\\\u062a \\\\u0645\\\\u0648\\\\u0631\\\\u062f\\\\u0646\\\\u0638\\\\u0631 \\\\u0646\\\\u0627\\\\u0645\\\\u0646\\\\u0627\\\\u0633\\\\u0628 \\\\u0627\\\\u0633\\\\u062a.\\\"",\\\""url\\\"":\\\""https:\\\\\\\/\\\\\\\/api.snapppay.ir\\\\\\\/api\\\\\\\/online\\\\\\\/payment\\\\\\\/v1\\\\\\\/verify\\\"",\\\""args\\\"":{\\\""method\\\"":\\\""POST\\\"",\\\""body\\\"":\\\""{\\\\\\\""paymentToken\\\\\\\"":\\\\\\\""e5159195-8d00-48d3-8bca-9ea930460031\\\\\\\""}\\\"",\\\""headers\\\"":{\\\""Authorization\\\"":\\\""Authorization: Bearer eyJhbGciOiJSUzI1NiIsInR5cCI6IkpXVCJ9.eyJ1c2VyX25hbWUiOiJtb3VoZXItd2Vhci1wdXJjaGFzZSIsInNjb3BlIjpbIm9ubGluZS1tZXJjaGFudCJdLCJleHAiOjE3MzgwNTI4NjQsImlhdCI6MTczODAwOTY2NCwiYXV0aG9yaXRpZXMiOlsiUk9MRV9VU0VSIl0sImp0aSI6IlhBQjJIN2p6eDFQV3dHRW1nYzhnNE9KY0Y0TSIsImNsaWVudF9pZCI6Im1vdWhlci13ZWFyIn0.Z_GhXqADbsUcXtSdVznc6KIrKxbYyPDXIOkf8SFQS3cSF4ET0rlmqNjAyqku9jjBpwcyqzeHGcxfbzsDcY2lRiUfJY7Qx5n7QueZfNVQcYCV2inBrrNeVC0opOwhAPMz6DNEDz3Po0VoKlWSXqEJtJMScLxwOR15oOMp6J4xmb6LGMhznaFxoDm0cYtzs7V_wxJCY13QN3j1y9mUsqCw2Pl78AG2JAoWAPjmlAy0Q-5QCvaEDu7UKlZa_9rOtdS0V3owdK_BdGmLjDsJ_XjSe-cBGY6TzZZtm689JN6fvfxYWsIwtC-KzMDk3i4JaUaiBnQzd6ze5dCRHaSISTKt6g\\\"",\\\""Content-Type\\\"":\\\""Content-Type: application\\\\\\\/json\\\"",\\\""user-agent\\\"":\\\""SnappPay, mouher-wear\\\""}}}\""}""",0,0,2025-01-27 23:56:08,2025-01-27 23:57:44
815,1916875993,website,695,,completed,1916875993,"{""successful"":true,""response"":{""transactionId"":""1916875993""}}",,bbb0acb0-4015-443b-8fda-dc113ee9c49e,951,1,404,2,790000,790000,790000,0,"""{\""successful\"":true,\""response\"":{\""transactionId\"":\""1916875993\""}}""",0,0,2025-01-27 23:59:23,2025-01-29 20:25:34
816,2006189452,website,692,,completed,2006189452,"{""successful"":true,""response"":{""transactionId"":""2006189452""}}",,60fae69d-26d9-4db6-93ec-bbd86363359c,948,1,401,2,1680000,1680000,1680000,0,"""{\""successful\"":true,\""response\"":{\""transactionId\"":\""2006189452\""}}""",0,0,2025-01-28 01:02:00,2025-01-29 20:27:53
817,1345720952,website,696,,pending,1345720952,,,2875b028-f82c-446b-9203-72be3c76310c,953,1,405,2,890000,890000,890000,0,,0,0,2025-01-28 01:10:57,2025-01-28 01:10:58
818,9311922116,website,697,,pending,9311922116,,,4643de2b-3820-404e-8efb-22b7db896791,955,1,406,2,990000,990000,990000,0,,0,0,2025-01-28 01:45:25,2025-01-28 01:45:26
819,6361577253,website,689,,completed,6361577253,"{""successful"":true,""response"":{""transactionId"":""6361577253""}}",,a1be7857-4609-47b9-8a77-e75e816a2906,945,2,407,2,1246000,1246000,534000,0,"""{\""successful\"":true,\""response\"":{\""transactionId\"":\""6361577253\""}}""",0,0,2025-01-28 12:20:57,2025-01-29 20:28:11
820,6565169521,website,697,,pending,6565169521,,,d44cbb6a-0200-43c5-abc1-1a2e1619d683,955,1,406,2,990000,990000,990000,0,,0,0,2025-01-28 12:36:25,2025-01-28 12:36:26
821,2073945349,website,699,,completed,2073945349,"{""successful"":true,""response"":{""transactionId"":""2073945349""}}",,7533a32c-034a-464b-9bed-a45dfc01060c,958,1,408,2,2280000,2280000,0,0,"""{\""successful\"":true,\""response\"":{\""transactionId\"":\""2073945349\""}}""",0,0,2025-01-28 20:42:35,2025-01-29 20:31:12
822,2224237112,website,700,,completed,2224237112,"{""successful"":true,""response"":{""transactionId"":""2224237112""}}",,c38b7b35-52cf-4b83-b581-3a7c33a816ea,960,2,409,2,4360000,4360000,1680000,0,"""{\""successful\"":true,\""response\"":{\""transactionId\"":\""2224237112\""}}""",0,0,2025-01-29 11:43:29,2025-01-29 20:31:37
823,7755063688,website,697,,completed,3fe424c,{},,,955,1,406,1,990000,990000,990000,0,"""{}""",0,0,2025-01-29 12:25:45,2025-01-29 21:09:50
824,7859578697,website,702,,completed,7859578697,"{""successful"":true,""response"":{""transactionId"":""7859578697""}}",,74dd6007-bda6-4112-aaae-12d44acf6926,964,1,410,2,2680000,2680000,0,0,"""{\""successful\"":true,\""response\"":{\""transactionId\"":\""7859578697\""}}""",0,0,2025-01-30 00:37:55,2025-02-02 09:33:10
825,3169237453,website,703,,pending,3169237453,,,db1849f5-1b30-425a-949a-578187215982,966,1,411,2,890000,890000,890000,0,,0,0,2025-01-30 10:35:38,2025-01-30 10:35:39
826,8244415382,website,703,,completed,b486b45,{},,,966,1,411,1,890000,890000,890000,0,"""{}""",0,0,2025-01-30 10:36:44,2025-02-13 12:16:37
827,4480675851,website,610,,completed,4480675851,"{""successful"":true,""response"":{""transactionId"":""4480675851""}}",,a6707fde-06ca-4092-9755-205192cae75b,869,1,343,2,3980000,3980000,0,0,"""{\""successful\"":true,\""response\"":{\""transactionId\"":\""4480675851\""}}""",0,0,2025-01-30 15:44:16,2025-02-02 09:43:31
828,5309019331,website,708,,pending,5309019331,,,c991d494-d85d-4ef8-9dcc-0726369bd234,973,1,412,2,790000,790000,790000,0,,0,0,2025-01-31 15:16:30,2025-01-31 15:16:31
829,6049582693,website,553,,completed,e14d811,{},,,898,1,379,1,1630000,1630000,1630000,0,"""{}""",0,0,2025-01-31 17:24:06,2025-02-13 12:17:02
830,8487461850,website,710,,completed,8487461850,"{""successful"":true,""response"":{""transactionId"":""8487461850""}}",,86d9b70e-3dbb-4bf7-84f4-ed04f019c19c,976,1,413,2,3980000,3980000,0,0,"""{\""successful\"":true,\""response\"":{\""transactionId\"":\""8487461850\""}}""",0,0,2025-02-01 03:06:31,2025-02-02 09:52:04
831,5079483416,website,711,,pending,07da223,,,,978,1,414,1,3980000,3980000,0,0,,0,0,2025-02-02 00:38:45,2025-02-02 00:38:45
832,9766781176,website,711,,pending,3cd78e8,,,,978,1,414,1,3980000,3980000,0,0,,0,0,2025-02-02 01:09:14,2025-02-02 01:09:15
833,4774835385,website,711,,completed,e9f59ae,{},,,978,1,414,1,3980000,3980000,0,0,"""{}""",0,0,2025-02-02 01:10:15,2025-02-02 10:01:44
834,8899305281,website,712,,pending,8899305281,,,fc245ac9-c3c7-4f6a-b3b5-2badccd1d6d6,980,1,415,2,2280000,2280000,0,0,,0,0,2025-02-02 01:46:28,2025-02-02 01:46:29
835,7042269640,website,712,,declined,7042269640,,,a67f3e85-c886-4043-8337-e0a628917070,980,1,415,2,2280000,2280000,0,0,"""{\""gt\"":\""{\\\""status\\\"":\\\""error\\\"",\\\""successful\\\"":false,\\\""statusCode\\\"":400,\\\""message\\\"":\\\""\\\\u0648\\\\u0636\\\\u0639\\\\u06cc\\\\u062a \\\\u062a\\\\u0631\\\\u0627\\\\u06a9\\\\u0646\\\\u0634 \\\\u0628\\\\u0631\\\\u0627\\\\u06cc \\\\u0639\\\\u0645\\\\u0644\\\\u06cc\\\\u0627\\\\u062a \\\\u0645\\\\u0648\\\\u0631\\\\u062f\\\\u0646\\\\u0638\\\\u0631 \\\\u0646\\\\u0627\\\\u0645\\\\u0646\\\\u0627\\\\u0633\\\\u0628 \\\\u0627\\\\u0633\\\\u062a.\\\"",\\\""url\\\"":\\\""https:\\\\\\\/\\\\\\\/api.snapppay.ir\\\\\\\/api\\\\\\\/online\\\\\\\/payment\\\\\\\/v1\\\\\\\/verify\\\"",\\\""args\\\"":{\\\""method\\\"":\\\""POST\\\"",\\\""body\\\"":\\\""{\\\\\\\""paymentToken\\\\\\\"":\\\\\\\""a67f3e85-c886-4043-8337-e0a628917070\\\\\\\""}\\\"",\\\""headers\\\"":{\\\""Authorization\\\"":\\\""Authorization: Bearer eyJhbGciOiJSUzI1NiIsInR5cCI6IkpXVCJ9.eyJ1c2VyX25hbWUiOiJtb3VoZXItd2Vhci1wdXJjaGFzZSIsInNjb3BlIjpbIm9ubGluZS1tZXJjaGFudCJdLCJleHAiOjE3Mzg0OTE0NzUsImlhdCI6MTczODQ0ODI3NSwiYXV0aG9yaXRpZXMiOlsiUk9MRV9VU0VSIl0sImp0aSI6IlJfSkY1cHdKc21MQjBXNDZHMDNOcGthRUVrOCIsImNsaWVudF9pZCI6Im1vdWhlci13ZWFyIn0.EezdOH5uytom9cvxNHdofc3BD1o4QvbSZ5Sa_cRq_yT9zgxJsKu0h_ydraCxRQQs5m8-wjSYcK2GqLGxLLf38ILgj3j_ti4MpkxzkkzhUeRKYkT8ghhM7GGfDGEAk8itUU2oVeAdzYbYPbQQaruume4jTOxvCi1QoZ8zBAqXT9MGEpRWa5L0tZWnwPvc8XDcNIm-wiftW_vexS3YDBzLTG4UE7wbFZUhqFIPCE135eP90_-sTUKzz0cviYlcwzkZGQ-3rGFhVix0JEY6W73V0Qy2XzMz8fAudsKs7JGkz8fATgsvtP74Y_9l8T0_0VrUnd5wM7Gkwqm_bGl6EWznvA\\\"",\\\""Content-Type\\\"":\\\""Content-Type: application\\\\\\\/json\\\"",\\\""user-agent\\\"":\\\""SnappPay, mouher-wear\\\""}}}\""}""",0,0,2025-02-02 01:47:29,2025-02-02 01:47:55
836,8287644217,website,712,,pending,8287644217,,,9ee9b15d-57ff-4e58-8d02-e9d809e184c6,980,1,415,2,2280000,2280000,0,0,,0,0,2025-02-02 01:49:40,2025-02-02 01:49:41
837,3079707544,website,712,,declined,3079707544,,,2ec499ee-c226-4480-9db3-ca066e4b0c51,980,1,415,2,2280000,2280000,0,0,"""{\""gt\"":\""{\\\""status\\\"":\\\""error\\\"",\\\""successful\\\"":false,\\\""statusCode\\\"":400,\\\""message\\\"":\\\""\\\\u0648\\\\u0636\\\\u0639\\\\u06cc\\\\u062a \\\\u062a\\\\u0631\\\\u0627\\\\u06a9\\\\u0646\\\\u0634 \\\\u0628\\\\u0631\\\\u0627\\\\u06cc \\\\u0639\\\\u0645\\\\u0644\\\\u06cc\\\\u0627\\\\u062a \\\\u0645\\\\u0648\\\\u0631\\\\u062f\\\\u0646\\\\u0638\\\\u0631 \\\\u0646\\\\u0627\\\\u0645\\\\u0646\\\\u0627\\\\u0633\\\\u0628 \\\\u0627\\\\u0633\\\\u062a.\\\"",\\\""url\\\"":\\\""https:\\\\\\\/\\\\\\\/api.snapppay.ir\\\\\\\/api\\\\\\\/online\\\\\\\/payment\\\\\\\/v1\\\\\\\/verify\\\"",\\\""args\\\"":{\\\""method\\\"":\\\""POST\\\"",\\\""body\\\"":\\\""{\\\\\\\""paymentToken\\\\\\\"":\\\\\\\""2ec499ee-c226-4480-9db3-ca066e4b0c51\\\\\\\""}\\\"",\\\""headers\\\"":{\\\""Authorization\\\"":\\\""Authorization: Bearer eyJhbGciOiJSUzI1NiIsInR5cCI6IkpXVCJ9.eyJ1c2VyX25hbWUiOiJtb3VoZXItd2Vhci1wdXJjaGFzZSIsInNjb3BlIjpbIm9ubGluZS1tZXJjaGFudCJdLCJleHAiOjE3Mzg0OTE3MTAsImlhdCI6MTczODQ0ODUxMCwiYXV0aG9yaXRpZXMiOlsiUk9MRV9VU0VSIl0sImp0aSI6Ino4TWYxaEh3UzB6RDFMOE5kZFA5SjNhZ1lYRSIsImNsaWVudF9pZCI6Im1vdWhlci13ZWFyIn0.QuKFZLF9sONJZV-Qzl5oMpd8Z-BjXm8AOE-YHFxALoSS5vzn8c2HTaP4megl7QJbaJm9tARgOYs14U2u3FQY1_KZtdhCXYbLuvn3wlQH22CrzyUQjcfWeYoS4oIUS2TX2fRMX0iU2c9HfM3H8h_Ag_Vl91MDV6Qx_zj5-_rmds3uxDBVVlm4lyxTUg3Exldfqs4jDBaiYPkq0Z6hDLSwIFwVXWc1rh0F7lr6evxl2pvkd7xyjYRfDKHrLP6b80jpQAAg-o6AxxbhA6O7IIQ9jZCIXXIHUQ27g1lG9k-OnGAXjO_FvRPSiYHEX__y2yskhoiEFF5HejOxZOyFutIUKA\\\"",\\\""Content-Type\\\"":\\\""Content-Type: application\\\\\\\/json\\\"",\\\""user-agent\\\"":\\\""SnappPay, mouher-wear\\\""}}}\""}""",0,0,2025-02-02 01:51:18,2025-02-02 01:51:50
838,3275225086,website,482,,pending,3275225086,,,3d9e2a2b-06df-4d4a-bc9c-cb1c8bb4d6d5,633,2,269,2,1580000,1580000,1580000,0,,0,0,2025-02-02 20:48:39,2025-02-02 20:48:40
839,1970888186,website,346,,completed,1970888186,"{""successful"":true,""response"":{""transactionId"":""1970888186""}}",,fdbd163d-28b9-4c70-b5ed-9fbe53001aa2,455,1,200,2,3980000,3980000,0,0,"""{\""successful\"":true,\""response\"":{\""transactionId\"":\""1970888186\""}}""",0,0,2025-02-03 15:40:07,2025-02-13 12:17:11
840,9068661063,website,338,,completed,f755924,{},,,498,2,218,1,1930000,1930000,1930000,0,"""{}""",0,0,2025-02-03 17:05:36,2025-02-13 12:17:21
841,1405737166,website,714,,completed,9956145,{},,,984,1,417,1,3670000,3670000,890000,0,"""{}""",0,0,2025-02-03 18:49:12,2025-02-08 09:59:36
842,3685960875,website,12,,pending,e2969d7,,,,21,2,10,1,890000,890000,890000,0,,0,0,2025-02-05 11:53:53,2025-02-05 11:53:53
843,1594756083,website,12,,pending,1594756083,,,75988135-6734-4a0b-b69f-2c02b2710ab0,21,1,10,2,890000,890000,890000,0,,0,0,2025-02-05 20:46:08,2025-02-05 20:46:09
844,3192347491,website,12,,pending,3192347491,,,c51b30c9-af2b-40b8-a807-0277b64b9c46,21,2,10,2,890000,890000,890000,0,,0,0,2025-02-05 23:35:09,2025-02-05 23:35:10
845,2543601786,website,2,,pending,2543601786,,,44988bbb-0422-49ae-9847-777f6c7affad,15,2,7,2,590000,590000,590000,0,,0,0,2025-02-06 00:39:56,2025-02-06 00:39:56
846,8315283867,website,2,,pending,beaad94,,,,15,2,7,1,590000,590000,590000,0,,0,0,2025-02-06 00:53:27,2025-02-06 00:53:28
847,2546573433,website,12,,pending,,,,,21,1,10,2,890000,890000,890000,0,,0,0,2025-02-09 20:04:54,2025-02-09 20:04:54
848,5736620765,website,12,,pending,,,,,21,2,10,2,890000,890000,890000,0,,0,0,2025-02-09 20:05:17,2025-02-09 20:05:17
849,3593924755,website,12,,pending,,,,,21,1,10,2,890000,890000,890000,0,,0,0,2025-02-09 20:06:33,2025-02-09 20:06:33
850,1417026340,website,12,,pending,,,,,21,2,10,2,890000,890000,890000,0,,0,0,2025-02-09 20:08:30,2025-02-09 20:08:30
851,5259293594,website,12,,pending,,,,,21,1,10,1,890000,890000,890000,0,,0,0,2025-02-09 20:10:04,2025-02-09 20:10:04
852,9173415376,website,12,,pending,,,,,21,1,10,1,890000,890000,890000,0,,0,0,2025-02-09 22:31:31,2025-02-09 22:31:31
853,7116493793,website,12,,pending,,,,,21,1,10,1,890000,890000,890000,0,,0,0,2025-02-09 22:32:11,2025-02-09 22:32:11
854,7540066945,website,12,,pending,,,,,21,2,10,1,890000,890000,890000,0,,0,0,2025-02-09 22:39:37,2025-02-09 22:39:37
855,7839724482,website,12,,pending,,,,,21,1,10,1,890000,890000,890000,0,,0,0,2025-02-11 12:44:11,2025-02-11 12:44:11
856,9498267789,website,715,,pending,,,,,986,1,419,2,2980000,2980000,0,0,,0,0,2025-02-11 18:59:37,2025-02-11 18:59:37
857,8600588710,website,715,,pending,,,,,986,1,419,2,2980000,2980000,0,0,,0,0,2025-02-11 19:00:03,2025-02-11 19:00:03
858,7053873168,website,12,,pending,b35fd28,,,,21,1,10,1,890000,890000,890000,0,,0,0,2025-02-12 13:44:20,2025-02-12 13:44:21
859,5816732327,website,2,,pending,406f921,,,,15,2,7,1,590000,590000,590000,0,,0,0,2025-02-12 14:38:13,2025-02-12 14:38:14
860,1806239085,website,12,3,completed,48a257f,{},,,21,2,10,1,44500,890000,1735500,0,"""{}""",0,0,2025-02-12 14:45:06,2025-02-13 12:17:59
861,6362301195,website,380,,pending,e1f3e16,,,,519,2,229,1,1480000,1480000,0,0,,0,0,2025-02-12 23:41:24,2025-02-12 23:41:25
862,3593027314,website,715,,cancelled,b5a36ae,{},,,986,1,419,1,1937000,1937000,1043000,0,"{""notes"":null}",0,0,2025-02-13 04:35:31,2025-02-16 09:29:26
863,5007111718,website,718,,completed,030054e,{},,,990,1,421,1,2587000,2587000,1393000,0,"""{}""",0,0,2025-02-13 09:48:13,2025-02-14 23:47:19
864,7258665770,website,717,,completed,7cf65a0,{},,,989,1,423,1,2587000,2587000,1393000,0,"""{}""",0,0,2025-02-13 16:31:47,2025-02-14 23:50:54
865,5309791744,website,576,,declined,ab206dc,,,,906,1,384,1,2587000,2587000,1393000,0,"""\u062a\u0631\u0627\u0643\u0646\u0634 \u062a\u0648\u0633\u0637 \u0634\u0645\u0627 \u0644\u063a\u0648 \u0634\u062f""",0,0,2025-02-13 16:36:42,2025-02-13 16:36:52
866,1155009846,website,576,,completed,ee73389,{},,,906,1,384,1,2587000,2587000,1393000,0,"""{}""",0,0,2025-02-13 16:37:55,2025-02-20 09:17:41
867,1208869042,website,254,,completed,292d3c1,{},,,729,2,308,1,2197000,2197000,1183000,0,"""{}""",0,0,2025-02-13 17:28:00,2025-02-27 23:04:04
868,5646839119,website,542,,completed,04b23cc,{},,,704,1,302,1,2587000,2587000,1393000,0,"""{}""",0,0,2025-02-13 19:52:09,2025-02-20 09:32:37
869,1906101010,website,637,,completed,0bf3e62,{},,,860,2,420,1,2587000,2587000,1393000,0,"""{}""",0,0,2025-02-13 20:38:31,2025-02-20 11:26:59
870,4084724815,website,725,,completed,dd84976,{},,,1004,1,424,1,2587000,2587000,1393000,0,"""{}""",0,0,2025-02-14 13:54:54,2025-02-20 09:40:20
871,8198268420,website,292,,pending,5f6bb4a,,,,384,2,425,1,2270000,2270000,790000,0,,0,0,2025-02-14 18:15:16,2025-02-14 18:15:17
872,3130292369,website,254,,completed,e430f7d,{},,,999,2,308,1,2587000,2587000,1393000,0,"""{}""",0,0,2025-02-14 23:12:19,2025-02-27 23:03:57
873,7575653581,website,144,,completed,83ecac0,{},,,852,2,79,1,1287000,1287000,693000,0,"""{}""",0,0,2025-02-15 12:14:03,2025-02-20 11:25:00
874,4454871525,website,380,,pending,ffe7d08,,,,519,2,229,1,1547000,1547000,833000,0,,0,0,2025-02-15 14:02:23,2025-02-15 14:02:24
875,4775507786,website,729,,pending,a0ad8ac,,,,1009,1,427,1,2587000,2587000,1393000,0,,0,0,2025-02-15 14:40:45,2025-02-15 14:40:46
876,3453403524,website,730,,completed,473bb49,{},,,1010,2,428,1,2587000,2587000,1393000,0,"""{}""",0,0,2025-02-16 00:48:51,2025-02-20 11:26:25
877,1042185703,website,705,,completed,ba4a60b,{},,,970,2,429,1,1287000,1287000,693000,0,"""{}""",0,0,2025-02-16 14:06:53,2025-02-20 11:24:20
878,3615282825,website,610,,pending,8f11528,,,,969,1,430,1,1937000,1937000,1043000,0,,0,0,2025-02-17 09:50:00,2025-02-17 09:50:01
879,4013427037,website,728,,completed,bb84443,{},,,1008,2,426,1,422500,422500,227500,0,"""{}""",0,0,2025-02-17 10:30:10,2025-03-01 11:40:10
880,6454579476,website,380,,pending,83ffa96,,,,519,2,431,1,1157000,1157000,623000,0,,0,0,2025-02-17 19:26:11,2025-02-17 19:26:11
881,6832726812,website,380,,pending,2b47c6a,,,,519,2,431,1,1157000,1157000,623000,0,,0,0,2025-02-17 19:27:01,2025-02-17 19:27:01
882,6257115009,website,731,,pending,79f8892,,,,1014,1,432,1,1742000,1742000,938000,0,,0,0,2025-02-18 10:55:32,2025-02-18 10:55:32
883,4602882148,website,731,,completed,6e95cb5,{},,,1014,1,432,1,1742000,1742000,938000,0,"""{}""",0,0,2025-02-18 10:55:59,2025-02-27 23:05:35
884,1385316141,website,152,,pending,73e2257,,,,204,2,433,1,890000,890000,890000,0,,0,0,2025-02-18 18:40:14,2025-02-18 18:40:15
885,9595009913,website,198,,completed,3e7b42c,{},,,259,1,107,1,897000,897000,483000,0,"""{}""",0,0,2025-02-18 23:14:50,2025-02-20 11:20:00
886,7571155787,website,380,,completed,6a2a8f9,{},,,519,2,229,1,1157000,1157000,623000,0,"""{}""",0,0,2025-02-19 09:40:09,2025-02-20 11:23:20
887,1009498109,website,734,,pending,a56e5f0,,,,1020,1,435,1,2587000,2587000,1393000,0,,0,0,2025-02-20 13:15:17,2025-02-20 13:15:17
888,3947514294,website,734,,completed,287120c,{},,,1020,1,435,1,2587000,2587000,1393000,0,"""{}""",0,0,2025-02-20 13:16:08,2025-02-27 23:05:52
889,6928840083,website,156,,completed,77e53f1,{},,,210,1,436,1,897000,897000,483000,0,"""{}""",0,0,2025-02-20 16:50:29,2025-02-23 11:51:26
890,9240792055,website,735,,completed,5ad378b,{},,,1023,1,437,1,1092000,1092000,588000,0,"""{}""",0,0,2025-02-20 21:18:14,2025-02-23 11:56:10
891,5715499099,website,339,,pending,bc1c7f1,,,,511,1,194,1,6336500,6336500,4893500,0,,0,0,2025-02-21 16:06:30,2025-02-21 16:06:31
892,6645774610,website,339,,pending,9b77bd1,,,,511,1,194,1,6336500,6336500,4893500,0,,0,0,2025-02-21 23:50:54,2025-02-21 23:50:54
893,1612480993,website,339,,completed,012d10c,{},,,511,1,194,1,6169500,6169500,5260500,0,"""{}""",0,0,2025-02-22 11:32:43,2025-03-03 19:15:24
894,4479625128,website,362,,pending,3162ef2,,,,714,1,215,1,790000,790000,790000,0,,0,0,2025-02-22 18:32:35,2025-02-22 18:32:35
895,5570363311,website,121,,pending,6467fc8,,,,166,2,69,1,890000,890000,890000,0,,0,0,2025-02-23 13:10:49,2025-02-23 13:10:49
896,1234916527,website,745,,completed,2b18d42,{},,,1034,2,438,1,1547000,1547000,833000,0,"""{}""",0,0,2025-02-24 18:51:45,2025-02-27 23:06:25
897,4620644049,website,92,,completed,f3ae008,{},,,125,1,439,1,3327000,3327000,2613000,0,"""{}""",0,0,2025-02-24 21:29:00,2025-02-27 23:06:40
898,1148557566,website,748,,completed,8ebeea3,{},,,1037,2,440,1,890000,890000,890000,0,"""{}""",0,0,2025-02-26 15:15:29,2025-02-27 23:06:53
899,6904919956,website,38,,completed,b3a2e95,{},,,179,1,24,1,1680000,1680000,0,0,"""{}""",0,0,2025-02-26 16:27:26,2025-03-06 17:43:02
900,7334325910,website,749,,completed,d212058,{},,,1040,2,441,1,1680000,1680000,0,0,"""{}""",0,0,2025-02-26 17:33:43,2025-03-03 19:21:46
901,2904355603,website,750,,pending,991b424,,,,1042,1,442,1,3980000,3980000,0,0,,0,0,2025-02-27 20:59:55,2025-02-27 21:02:06
902,4114203080,website,751,,pending,01972c4,,,,1043,2,443,1,890000,890000,890000,0,,0,0,2025-03-01 22:53:04,2025-03-01 22:53:05
903,4078093471,website,751,,pending,334c239,,,,1043,2,443,1,890000,890000,890000,0,,0,0,2025-03-01 22:53:32,2025-03-01 22:53:32
904,3091015391,website,754,,pending,01jnb8chezb11tzdkb2cpanxrt,,,,1044,1,444,1,2280000,2280000,0,0,,0,0,2025-03-02 14:33:14,2025-03-02 14:33:15
905,3388032286,website,754,,pending,01jnb8j2f05qz5k2q0y8bjshg1,,,,1044,1,444,1,2280000,2280000,0,0,,0,0,2025-03-02 14:36:16,2025-03-02 14:36:16
906,6930939150,website,754,,pending,01jnb8tw94m1pqx93j5m29t6mm,,,,1044,1,444,1,2280000,2280000,0,0,,0,0,2025-03-02 14:41:04,2025-03-02 14:41:05
907,3438813727,website,754,,pending,01jnbatkqrmtyh2gdhm9tqfff4,,,,1044,1,444,1,2280000,2280000,0,0,,0,0,2025-03-02 15:15:53,2025-03-02 15:15:53
908,1000302342,website,754,,pending,01jnbcnxyxv7fw1vdyy74djxxf,,,,1044,1,444,1,2280000,2280000,0,0,,0,0,2025-03-02 15:48:16,2025-03-02 15:48:17
909,5519592135,website,754,,pending,01jnbd4a4zyavxbhv0qc323chj,,,,1044,1,444,1,2280000,2280000,0,0,,0,0,2025-03-02 15:56:08,2025-03-02 15:56:08
910,4501887571,website,2,,pending,01jnbnsdxja14j0wajzmnam629,,,,15,2,7,1,1880000,1880000,0,0,,0,0,2025-03-02 18:27:28,2025-03-02 18:27:29
911,9651178389,website,12,,pending,01jnbsteew9a09ge8pqa2z1ks2,,,,987,2,10,1,890000,890000,890000,0,,0,0,2025-03-02 19:37:56,2025-03-02 19:37:56
912,6201833232,website,755,,pending,01jnbtc408qh43en757w885rdw,,,,1045,2,445,1,1780000,1780000,0,0,,0,0,2025-03-02 19:47:35,2025-03-02 19:47:35
913,4099256295,website,755,,pending,01jnbtcrmb7z255r0fpkj01jqn,,,,1045,2,445,1,1780000,1780000,0,0,,0,0,2025-03-02 19:47:56,2025-03-02 19:47:56
914,4100480085,website,755,,pending,01jnbtd1atk4qagyfjvwvdxhgz,,,,1045,2,445,1,1780000,1780000,0,0,,0,0,2025-03-02 19:48:05,2025-03-02 19:48:05
915,5366030179,website,755,,pending,01jnbtdwdyag5g8r1qf2ek1202,,,,1045,2,445,1,1780000,1780000,0,0,,0,0,2025-03-02 19:48:32,2025-03-02 19:48:33
916,1067506398,website,12,,pending,01jnbzwvf4er0eqn6d5tqsfay1,,,,987,1,10,1,1880000,1880000,1880000,0,,0,0,2025-03-02 21:24:06,2025-03-02 21:24:06
917,3260542320,website,12,,pending,01jnc1j36yez40xmn6382ym9y1,,,,987,2,10,1,1880000,1880000,1880000,0,,0,0,2025-03-02 21:53:11,2025-03-02 21:53:11
918,9967588265,website,12,,pending,,,,,987,2,10,1,1880000,1880000,1880000,0,,0,0,2025-03-02 22:00:58,2025-03-02 22:00:58
919,6299802444,website,12,,pending,,,,,987,1,10,1,1880000,1880000,1880000,0,,0,0,2025-03-02 22:14:13,2025-03-02 22:14:13
920,5478337891,website,12,,pending,,,,,987,1,10,1,1880000,1880000,1880000,0,,0,0,2025-03-02 22:15:09,2025-03-02 22:15:09
921,1450912661,website,12,,pending,,,,,987,1,10,1,1880000,1880000,1880000,0,,0,0,2025-03-02 22:35:30,2025-03-02 22:35:30
922,8252068904,website,12,,pending,,,,,987,2,10,1,1880000,1880000,1880000,0,,0,0,2025-03-02 22:58:39,2025-03-02 22:58:39
923,7753762543,website,12,,pending,,,,,987,2,10,1,1880000,1880000,1880000,0,,0,0,2025-03-02 23:15:28,2025-03-02 23:15:28
924,2031556300,website,12,,pending,,,,,987,2,10,1,1880000,1880000,1880000,0,,0,0,2025-03-02 23:29:13,2025-03-02 23:29:13
925,6807031331,website,544,,pending,,,,,707,1,446,1,2980000,2980000,0,0,,0,0,2025-03-03 10:09:06,2025-03-03 10:09:06
926,3562366109,website,12,,pending,,,,,987,1,10,1,1880000,1880000,1880000,0,,0,0,2025-03-03 12:10:55,2025-03-03 12:10:55
927,9754233653,website,12,,pending,,,,,987,2,10,1,1880000,1880000,1880000,0,,0,0,2025-03-03 12:13:42,2025-03-03 12:13:42
928,2757596315,website,12,,pending,,,,,987,2,10,1,1880000,1880000,1880000,0,,0,0,2025-03-03 12:14:31,2025-03-03 12:14:31
929,9082329507,website,12,,pending,,,,,987,2,10,1,1880000,1880000,1880000,0,,0,0,2025-03-03 13:19:51,2025-03-03 13:19:51
930,2750546981,website,12,,pending,,,,,987,1,10,1,1880000,1880000,1880000,0,,0,0,2025-03-03 13:20:18,2025-03-03 13:20:18
931,6532557192,website,12,,pending,,,,,987,1,10,1,1880000,1880000,1880000,0,,0,0,2025-03-03 13:21:03,2025-03-03 13:21:03
932,4508425603,website,12,,pending,,,,,987,2,10,1,1880000,1880000,1880000,0,,0,0,2025-03-03 13:21:54,2025-03-03 13:21:54
933,1349178678,website,12,,pending,,,,,987,1,10,1,1880000,1880000,1880000,0,,0,0,2025-03-03 13:23:25,2025-03-03 13:23:25
934,8044417839,website,12,,pending,,,,,987,1,10,1,1880000,1880000,1880000,0,,0,0,2025-03-03 13:25:40,2025-03-03 13:25:40
935,8760733360,website,12,,pending,,,,,987,1,10,1,1880000,1880000,1880000,0,,0,0,2025-03-03 13:27:18,2025-03-03 13:27:18
936,1990488893,website,12,,pending,,,,,987,2,10,1,1880000,1880000,1880000,0,,0,0,2025-03-03 13:28:45,2025-03-03 13:28:45
937,9724832440,website,756,,pending,,,,,1046,1,447,1,2980000,2980000,0,0,,0,0,2025-03-03 14:11:22,2025-03-03 14:11:22
938,8064838656,website,756,,pending,,,,,1046,1,447,1,2980000,2980000,0,0,,0,0,2025-03-03 14:11:50,2025-03-03 14:11:50
939,8395077084,website,756,,pending,,,,,1046,1,447,1,2980000,2980000,0,0,,0,0,2025-03-03 14:12:28,2025-03-03 14:12:28
940,7415530499,website,756,,pending,,,,,1046,1,447,1,2980000,2980000,0,0,,0,0,2025-03-03 14:13:17,2025-03-03 14:13:17
941,3222050128,website,756,,pending,,,,,1046,1,447,1,2980000,2980000,0,0,,0,0,2025-03-03 14:15:33,2025-03-03 14:15:33
942,1262485538,website,756,,pending,,,,,1046,1,447,1,2980000,2980000,0,0,,0,0,2025-03-03 14:18:06,2025-03-03 14:18:06
943,1973214156,website,756,,pending,,,,,1046,1,447,1,2980000,2980000,0,0,,0,0,2025-03-03 14:24:08,2025-03-03 14:24:08
944,6717724608,website,756,,pending,,,,,1046,1,447,1,2980000,2980000,0,0,,0,0,2025-03-03 14:24:44,2025-03-03 14:24:44
945,1689810928,website,756,,pending,,,,,1046,1,447,1,2980000,2980000,0,0,,0,0,2025-03-03 14:24:46,2025-03-03 14:24:46
946,7948729996,website,756,,pending,,,,,1046,1,447,1,2980000,2980000,0,0,,0,0,2025-03-03 14:25:38,2025-03-03 14:25:38
947,2095407536,website,756,,pending,,,,,1046,1,447,1,2980000,2980000,0,0,,0,0,2025-03-03 14:25:41,2025-03-03 14:25:41
948,8059292812,website,756,,pending,,,,,1046,1,447,1,2980000,2980000,0,0,,0,0,2025-03-03 14:25:43,2025-03-03 14:25:43
949,4691647030,website,756,,pending,,,,,1046,1,447,1,2980000,2980000,0,0,,0,0,2025-03-03 14:25:44,2025-03-03 14:25:44
950,5705897486,website,756,,pending,,,,,1046,1,447,1,2980000,2980000,0,0,,0,0,2025-03-03 14:30:57,2025-03-03 14:30:57
951,4693497295,website,756,,pending,,,,,1046,1,447,1,2980000,2980000,0,0,,0,0,2025-03-03 14:31:33,2025-03-03 14:31:33
952,7323979562,website,12,,pending,01jndtxrnqhdgnk6s987kjn2vj,,,,987,2,10,1,1880000,1880000,1880000,0,,0,0,2025-03-03 14:35:42,2025-03-03 14:35:42
953,8815929764,website,12,,pending,01JNE8MR949JCX78YCXN6DS99J,,,,987,2,10,1,1880000,1880000,1880000,0,,0,0,2025-03-03 18:35:27,2025-03-03 18:35:27
954,7926947242,website,12,,pending,01JNE8PSRYMV7JGGC32S1WXDSD,,,,987,1,10,1,1880000,1880000,1880000,0,,0,0,2025-03-03 18:36:34,2025-03-03 18:36:34
955,6938914890,website,2,,pending,01JNE97XXAKK3DHK8K6T0C1GPF,,,,15,2,7,1,1880000,1880000,0,0,,0,0,2025-03-03 18:45:55,2025-03-03 18:45:55
956,4082200587,website,191,,pending,01JNH3NFX72ADHPF66X8RCNZ5Z,,,,846,2,110,1,3980000,3980000,0,0,,0,0,2025-03-04 21:06:11,2025-03-04 21:06:12
957,3169562875,website,191,,pending,01JNH3SZF2BQ1YPHY9XQKHTFJD,,,,846,2,110,1,3980000,3980000,0,0,,0,0,2025-03-04 21:08:38,2025-03-04 21:08:39
958,1700550195,website,191,,pending,01JNH3TB6C3TAS61NZ4QA268FM,,,,846,2,110,1,3980000,3980000,0,0,,0,0,2025-03-04 21:08:51,2025-03-04 21:08:51
959,2699662498,website,544,,pending,01JNK5XFH80VNF45FQCKVM168T,,,,707,1,446,1,590000,590000,590000,0,,0,0,2025-03-05 16:23:59,2025-03-05 16:24:00
960,1392966532,website,210,,pending,01JNKZH8EFR2HA22MQK7KHEXF9,,,,295,1,123,1,1480000,1480000,0,0,,0,0,2025-03-05 23:51:41,2025-03-05 23:51:42
961,7397872085,website,210,,pending,01JNKZPX7C6PYTCENVWBWTQKQN,,,,295,1,123,1,1480000,1480000,0,0,,0,0,2025-03-05 23:54:47,2025-03-05 23:54:47
962,9056141794,website,210,,pending,01JNM037YAPARRDNJSS7S547E5,,,,295,1,123,1,1480000,1480000,0,0,,0,0,2025-03-06 00:01:31,2025-03-06 00:01:31
963,4986885120,website,544,,pending,01JNMAGQ1B71WWN6VE81NKXR0A,,,,707,2,446,1,590000,590000,590000,0,,0,0,2025-03-06 03:03:38,2025-03-06 03:03:39
964,5238514345,website,544,,pending,01JNMANZ884NP1MKKKGHFK8TQR,,,,707,1,446,1,590000,590000,590000,0,,0,0,2025-03-06 03:06:30,2025-03-06 03:06:31
965,3660320791,website,544,,pending,01JNN2HKKFWXFV22Y1TETQJP0G,,,,707,1,446,1,590000,590000,590000,0,,0,0,2025-03-06 10:03:32,2025-03-06 10:03:34
966,5223290334,website,12,,pending,,,,,987,2,10,1,1000,1000,0,0,,0,0,2025-03-06 12:58:44,2025-03-06 12:58:44
967,4343820404,website,12,,pending,,,,,987,2,10,1,1000,1000,0,0,,0,0,2025-03-06 12:59:28,2025-03-06 12:59:28
968,4261857736,website,12,,pending,01JNNCQCCHNVEEPPAWR3WZ52GF,,,,987,2,10,1,1000,1000,0,0,,0,0,2025-03-06 13:01:28,2025-03-06 13:01:29
969,8305546585,website,12,,pending,01JNNDNPERJCPA29XZ8VXCDMTD,,,,987,1,10,1,1000,1000,0,0,,0,0,2025-03-06 13:18:02,2025-03-06 13:18:02
970,5461593346,website,12,,pending,01JNNDSYXFHSVNDXAY9EDPSPP1,,,,987,1,10,1,1000,1000,0,0,,0,0,2025-03-06 13:20:21,2025-03-06 13:20:22
971,7690538655,website,12,,pending,01JNNDZF708T39885GKC8Y58CC,,,,987,1,10,1,1000,1000,0,0,,0,0,2025-03-06 13:23:22,2025-03-06 13:23:22
972,6914240052,website,12,,pending,01JNNE2N1DFMYFR83DRY774JBW,,,,987,1,10,1,1000,1000,0,0,,0,0,2025-03-06 13:25:06,2025-03-06 13:25:06
973,7560504249,website,12,,pending,01JNNEASGXVC06VJ8XYZTAAJ34,,,,987,2,10,1,1000,1000,0,0,,0,0,2025-03-06 13:29:33,2025-03-06 13:29:33
974,4904258382,website,12,,pending,01JNNEE73STPZZYJSNJJ9HCXKA,,,,987,1,10,1,1000,1000,0,0,,0,0,2025-03-06 13:31:25,2025-03-06 13:31:25
975,9947378309,website,12,,pending,01JNNESX9ZJRKY0DN0E5JQX5KZ,,,,987,1,10,1,1000,1000,0,0,,0,0,2025-03-06 13:37:48,2025-03-06 13:37:49
976,4807362759,website,12,,pending,01JNNF3WFAMT74HBFPYBSBJS3R,,,,987,1,10,1,1000,1000,0,0,,0,0,2025-03-06 13:43:15,2025-03-06 13:43:15
977,2062589520,website,12,,pending,01JNNFD2582VDVXEMD3NVF0BFF,,,,987,1,10,1,1000,1000,0,0,,0,0,2025-03-06 13:48:16,2025-03-06 13:48:16
978,7336321348,website,12,,declined,01JNNFMYNSH2WFDFPQ38SEQZR6,,,,987,2,10,1,1000,1000,0,0,"""00-1ab4cc151fcf9204a1ce3a744dde5fd5-b40c5801e4d6bb8f-01""",0,0,2025-03-06 13:52:34,2025-03-06 13:53:42
979,9040932457,website,12,,pending,01JNNGE81SDCPJF443DHXD82GY,,,,987,1,10,1,1000,1000,0,0,,0,0,2025-03-06 14:06:23,2025-03-06 14:06:24
980,4650004032,website,12,,pending,01JNNGM6ECGC0P7XJ5H890KZE8,,,,987,1,10,1,1000,1000,0,0,,0,0,2025-03-06 14:09:38,2025-03-06 14:09:39
981,2284102800,website,12,,completed,01JNNGTJX1WZGPX79KJ693CYRT,{},,,987,1,10,1,1000,1000,0,0,"""{}""",0,0,2025-03-06 14:13:08,2025-03-06 17:43:26
982,6412995509,website,759,,completed,01JNQT1DRZ9C15HH58YHN1DQ82,{},,,1049,1,448,1,990000,990000,990000,0,"""{}""",0,0,2025-03-07 11:32:37,2025-03-08 13:29:21
983,4533990093,website,210,,pending,01JNQYGF7ETZHX7HGV0HMNG8QN,,,,295,1,123,1,2270000,2270000,790000,0,,0,0,2025-03-07 12:50:45,2025-03-07 12:50:45
984,7825799268,website,210,,completed,01JNQYQW15QHNYD399TB1QZJBP,{},,,295,1,123,1,2270000,2270000,790000,0,"""{}""",0,0,2025-03-07 12:54:48,2025-03-15 13:11:41
985,7527456980,website,545,,pending,01JNRAWVDEAFE2K4EW56T895NF,,,,715,1,303,1,1780000,1780000,0,0,,0,0,2025-03-07 16:27:14,2025-03-07 16:27:14
986,1234193235,website,727,,completed,01JNTK3KYDQSG239S428MX734C,{},,,1006,1,449,1,1980000,1980000,0,0,"""{}""",0,0,2025-03-08 13:29:12,2025-03-09 15:45:53
987,7563262209,website,324,,pending,,,,,444,1,450,1,2770000,2770000,790000,0,,0,0,2025-03-08 17:54:28,2025-03-08 17:54:28
988,4080468921,website,324,,completed,01JNV29RN958PZD2ZA0PYXHPP7,{},,,444,1,450,1,2770000,2770000,790000,0,"""{}""",0,0,2025-03-08 17:54:43,2025-03-09 15:46:15
989,1111964365,website,2,,pending,01JNX9A2H3Z0ZHJ8AX4A28XMC1,,,,15,1,7,1,1880000,1880000,0,0,,0,0,2025-03-09 14:35:42,2025-03-09 14:35:43
990,2572721349,website,762,,pending,01JNZEJ9C6R0W6SRN43RTT8CW2,,,,1056,1,451,1,890000,890000,890000,0,,0,0,2025-03-10 10:46:03,2025-03-10 10:46:03
991,2855412041,website,762,,pending,01JNZEJXP1NQYKH2SAK4HV1EVD,,,,1056,1,451,1,890000,890000,890000,0,,0,0,2025-03-10 10:46:24,2025-03-10 10:46:24
992,8756384343,website,761,,pending,,,,,1055,1,452,1,890000,890000,890000,0,,0,0,2025-03-10 16:13:53,2025-03-10 16:13:53
993,9963676746,website,761,,pending,,,,,1055,1,452,1,890000,890000,890000,0,,0,0,2025-03-10 16:15:58,2025-03-10 16:15:58
994,4249075307,website,761,,pending,,,,,1055,1,452,1,890000,890000,890000,0,,0,0,2025-03-10 16:18:30,2025-03-10 16:18:30
995,4144432347,website,761,,pending,,,,,1055,1,452,1,890000,890000,890000,0,,0,0,2025-03-10 16:18:47,2025-03-10 16:18:47
996,8650508448,website,544,,pending,,,,,707,1,446,1,590000,590000,590000,0,,0,0,2025-03-10 16:42:23,2025-03-10 16:42:23
997,4047339145,website,544,,pending,,,,,707,1,446,1,590000,590000,590000,0,,0,0,2025-03-10 16:42:58,2025-03-10 16:42:58
998,2732745707,website,544,,pending,,,,,707,1,446,1,590000,590000,590000,0,,0,0,2025-03-10 16:43:23,2025-03-10 16:43:23
999,9938105105,website,2,,pending,,,,,15,1,7,1,1880000,1880000,0,0,,0,0,2025-03-10 16:44:08,2025-03-10 16:44:08
1000,4790812618,website,2,,pending,,,,,15,1,7,1,1880000,1880000,0,0,,0,0,2025-03-10 16:44:29,2025-03-10 16:44:29
1001,4964958833,website,2,,pending,,,,,15,1,7,1,1880000,1880000,0,0,,0,0,2025-03-10 16:44:37,2025-03-10 16:44:37
1002,6109529448,website,544,,pending,,,,,707,1,446,1,590000,590000,590000,0,,0,0,2025-03-10 17:13:24,2025-03-10 17:13:24
1003,4806697924,website,544,,pending,01JP0GYTS667HRSBAWW42KWZH4,,,,707,1,446,1,590000,590000,590000,0,,0,0,2025-03-10 20:47:04,2025-03-10 20:47:06
1004,5902238287,website,544,,pending,01JP0RC6DB2ZM6D1PR63XX5CMP,,,,707,1,446,1,590000,590000,590000,0,,0,0,2025-03-10 22:56:43,2025-03-10 22:56:44
1005,2147183553,website,2,,pending,01JP1MS5NW9E2XPN850ZJ6Q0RQ,,,,15,1,7,1,1880000,1880000,0,0,,0,0,2025-03-11 07:13:08,2025-03-11 07:13:09
1006,5021071353,website,544,,pending,01JP290DAMPGJWQTJ56QBZZ5PX,,,,707,1,446,1,590000,590000,590000,0,,0,0,2025-03-11 13:06:37,2025-03-11 13:06:38
1007,3334477630,website,763,,completed,01JP382RQYCSFD00GY757RXYRB,{},,,1057,1,453,1,990000,990000,990000,0,"""{}""",0,0,2025-03-11 22:09:40,2025-03-12 16:30:30
1008,1338576656,website,2,,pending,01JP4YQJZ5ZM44CQZTMX7CC49N,,,,15,2,7,1,1880000,1880000,0,0,,0,0,2025-03-12 14:04:46,2025-03-12 14:04:46
1009,8741875419,website,12,,pending,01JP6Z22KVESQ5RYT74HHN3G7X,,,,1047,1,10,1,990000,990000,990000,0,,0,0,2025-03-13 08:48:58,2025-03-13 08:48:59
1010,9898698575,website,12,,declined,9898698575,,,48124b8b-6d6d-4fdc-a18d-1bebf2f77e96,1047,1,10,2,990000,990000,990000,0,"""{\""gt\"":\""{\\\""status\\\"":\\\""error\\\"",\\\""successful\\\"":false,\\\""statusCode\\\"":400,\\\""message\\\"":\\\""\\\\u0648\\\\u0636\\\\u0639\\\\u06cc\\\\u062a \\\\u062a\\\\u0631\\\\u0627\\\\u06a9\\\\u0646\\\\u0634 \\\\u0628\\\\u0631\\\\u0627\\\\u06cc \\\\u0639\\\\u0645\\\\u0644\\\\u06cc\\\\u0627\\\\u062a \\\\u0645\\\\u0648\\\\u0631\\\\u062f\\\\u0646\\\\u0638\\\\u0631 \\\\u0646\\\\u0627\\\\u0645\\\\u0646\\\\u0627\\\\u0633\\\\u0628 \\\\u0627\\\\u0633\\\\u062a.\\\"",\\\""url\\\"":\\\""https:\\\\\\\/\\\\\\\/api.snapppay.ir\\\\\\\/api\\\\\\\/online\\\\\\\/payment\\\\\\\/v1\\\\\\\/verify\\\"",\\\""args\\\"":{\\\""method\\\"":\\\""POST\\\"",\\\""body\\\"":\\\""{\\\\\\\""paymentToken\\\\\\\"":\\\\\\\""48124b8b-6d6d-4fdc-a18d-1bebf2f77e96\\\\\\\""}\\\"",\\\""headers\\\"":{\\\""Authorization\\\"":\\\""Authorization: Bearer eyJhbGciOiJSUzI1NiIsInR5cCI6IkpXVCJ9.eyJ1c2VyX25hbWUiOiJtb3VoZXItd2Vhci1wdXJjaGFzZSIsInNjb3BlIjpbIm9ubGluZS1tZXJjaGFudCJdLCJleHAiOjE3NDE4OTcxODMsImlhdCI6MTc0MTg1Mzk4MywiYXV0aG9yaXRpZXMiOlsiUk9MRV9VU0VSIl0sImp0aSI6IldaQVc0Mk1vM3JXTFA1ZXY0MFUwY2YzQlBzQSIsImNsaWVudF9pZCI6Im1vdWhlci13ZWFyIn0.SURG1bWSB29g-IpjOiB7hkkLPbjxjfRsA_zuVrucW3RGRP4a6VcNMRkFOUiObuWs14yTKFf6sVGcz8t4daLGI4sNN29CPd_xNLKUlvcHyscPwWDrevxWxDAjQs9UvtD0XLBjh-TvPV0CVGrizWqzL8Y6NFNzpuYOqwXDMXtHv9ukZ6AgyuMPSWAHEvUyX4pmjj8ATrk0Jqw14KXubNt2BgKaes4iOsjqwNdRLBMgDxS8wMMmbzaHjdHMCR1wtFtybpFHbql2q4N0pq5Efl2cpt4iddkWADb9qmRU5alRP4f7ZfG5_g_QMaXV_H4eby-Lrb32YNeqNvHe6TnIvPDiLQ\\\"",\\\""Content-Type\\\"":\\\""Content-Type: application\\\\\\\/json\\\"",\\\""user-agent\\\"":\\\""SnappPay, mouher-wear\\\""}}}\""}""",0,0,2025-03-13 11:48:53,2025-03-13 11:49:43
1011,5383821586,website,545,,completed,5383821586,"{""successful"":true,""response"":{""transactionId"":""5383821586""}}",,13b017fa-7da7-46da-b37f-59d5456b99b1,715,1,303,2,4050000,4050000,790000,0,"""{\""successful\"":true,\""response\"":{\""transactionId\"":\""5383821586\""}}""",0,0,2025-03-13 12:08:16,2025-03-15 21:38:15
1012,3333101186,website,283,,completed,3333101186,"{""successful"":true,""response"":{""transactionId"":""3333101186""}}",,040dd570-57d0-4dc6-a646-ede8232cfa59,748,2,159,2,9940000,9940000,0,0,"""{\""successful\"":true,\""response\"":{\""transactionId\"":\""3333101186\""}}""",0,0,2025-03-13 13:36:53,2025-03-15 21:00:37
1013,8182936808,website,12,,declined,01JP7G0R402NYPXJNEWHXWWXQ6,,,,1047,1,10,1,990000,990000,990000,0,"""00-09b320ceceda950a4b5f038a78e58eb5-58dcd1b73c6172fd-01""",0,0,2025-03-13 13:45:21,2025-03-13 13:45:28
1014,4370461324,website,173,,completed,4370461324,"{""successful"":true,""response"":{""transactionId"":""4370461324""}}",,fb842d89-2f0f-4bbc-ae34-450d230fdbe1,728,2,94,2,990000,990000,990000,0,"""{\""successful\"":true,\""response\"":{\""transactionId\"":\""4370461324\""}}""",0,0,2025-03-13 18:00:21,2025-03-15 23:43:04
1015,9140221509,website,766,,pending,01JP8JS5YN2MCXR2Y5G3NMP5Q0,,,,1064,1,455,1,1680000,1680000,1680000,0,,0,0,2025-03-13 23:52:53,2025-03-13 23:52:53
1016,6976926371,website,766,,completed,01JP8K65HPVGTV38NMH03SCE2H,{},,,1064,1,455,1,1680000,1680000,1680000,0,"""{}""",0,0,2025-03-13 23:59:59,2025-03-15 13:11:34
1017,7338190473,website,767,,pending,7338190473,,,63176862-6adc-4976-bbfd-160c0e0f633e,1066,2,456,2,1680000,1680000,0,0,,0,0,2025-03-14 12:39:38,2025-03-14 12:39:39
1018,5912050656,website,769,,declined,5912050656,,,89987c6c-fd69-446e-a392-71713c109c57,1068,1,457,2,1980000,1980000,0,0,"""{\""gt\"":\""{\\\""status\\\"":\\\""error\\\"",\\\""successful\\\"":false,\\\""statusCode\\\"":400,\\\""message\\\"":\\\""\\\\u0648\\\\u0636\\\\u0639\\\\u06cc\\\\u062a \\\\u062a\\\\u0631\\\\u0627\\\\u06a9\\\\u0646\\\\u0634 \\\\u0628\\\\u0631\\\\u0627\\\\u06cc \\\\u0639\\\\u0645\\\\u0644\\\\u06cc\\\\u0627\\\\u062a \\\\u0645\\\\u0648\\\\u0631\\\\u062f\\\\u0646\\\\u0638\\\\u0631 \\\\u0646\\\\u0627\\\\u0645\\\\u0646\\\\u0627\\\\u0633\\\\u0628 \\\\u0627\\\\u0633\\\\u062a.\\\"",\\\""url\\\"":\\\""https:\\\\\\\/\\\\\\\/api.snapppay.ir\\\\\\\/api\\\\\\\/online\\\\\\\/payment\\\\\\\/v1\\\\\\\/verify\\\"",\\\""args\\\"":{\\\""method\\\"":\\\""POST\\\"",\\\""body\\\"":\\\""{\\\\\\\""paymentToken\\\\\\\"":\\\\\\\""89987c6c-fd69-446e-a392-71713c109c57\\\\\\\""}\\\"",\\\""headers\\\"":{\\\""Authorization\\\"":\\\""Authorization: Bearer eyJhbGciOiJSUzI1NiIsInR5cCI6IkpXVCJ9.eyJ1c2VyX25hbWUiOiJtb3VoZXItd2Vhci1wdXJjaGFzZSIsInNjb3BlIjpbIm9ubGluZS1tZXJjaGFudCJdLCJleHAiOjE3NDIwODg3NzgsImlhdCI6MTc0MjA0NTU3OCwiYXV0aG9yaXRpZXMiOlsiUk9MRV9VU0VSIl0sImp0aSI6InVBTUpqRWlBeDlvamVoMmNLb19OcnQwUjlxWSIsImNsaWVudF9pZCI6Im1vdWhlci13ZWFyIn0.EocG9aHi2gpxJZVHLMQazC5H2IL-PEmwBn2TqEOO3uvsAfT_H1baZsSaNHZkN_aREH7Vx77t5r4ZcnPkCTEesk6lTlZKHrML8TnSh3tex-q2OnzvKzysrtVserfHUP9rcES79id9Hmt5vnSK92__5vK0FXErdVfMzf0ouBcfb93UOxtCe8XKEfpCyrnwByZcWFZPXEknOjN_483lpa22VLO1W_GXm6kEr1Bt0AJTFN1wf-RhTns2222BudRQvz9H2oedkW4dqEloV8OagRWcFeQxQOAYt46jta8Xjxp5dnJht4oVRxXfT7LxP7Lq6GlnPztA0SxkEAh5qIWu0UTwQg\\\"",\\\""Content-Type\\\"":\\\""Content-Type: application\\\\\\\/json\\\"",\\\""user-agent\\\"":\\\""SnappPay, mouher-wear\\\""}}}\""}""",0,0,2025-03-15 17:02:28,2025-03-15 17:02:58
1019,3946081108,website,769,,declined,3946081108,,,381363e3-2395-4076-9a7e-cbb562c899d9,1068,1,457,2,1980000,1980000,0,0,"""{\""gt\"":\""{\\\""status\\\"":\\\""error\\\"",\\\""successful\\\"":false,\\\""statusCode\\\"":200,\\\""message\\\"":\\\""\\\\u062b\\\\u0628\\\\u062a \\\\u062f\\\\u0631\\\\u062e\\\\u0648\\\\u0627\\\\u0633\\\\u062a \\\\u062c\\\\u062f\\\\u06cc\\\\u062f \\\\u0645\\\\u0645\\\\u06a9\\\\u0646 \\\\u0646\\\\u06cc\\\\u0633\\\\u062a. \\\\u0644\\\\u0637\\\\u0641\\\\u0627\\\\u064b \\\\u0686\\\\u0646\\\\u062f \\\\u0644\\\\u062d\\\\u0638\\\\u0647\\\\u0654 \\\\u062f\\\\u06cc\\\\u06af\\\\u0631 \\\\u062f\\\\u0648\\\\u0628\\\\u0627\\\\u0631\\\\u0647 \\\\u062a\\\\u0644\\\\u0627\\\\u0634 \\\\u06a9\\\\u0646\\\\u06cc\\\\u062f.\\\"",\\\""url\\\"":\\\""https:\\\\\\\/\\\\\\\/api.snapppay.ir\\\\\\\/api\\\\\\\/online\\\\\\\/payment\\\\\\\/v1\\\\\\\/verify\\\"",\\\""args\\\"":{\\\""method\\\"":\\\""POST\\\"",\\\""body\\\"":\\\""{\\\\\\\""paymentToken\\\\\\\"":\\\\\\\""381363e3-2395-4076-9a7e-cbb562c899d9\\\\\\\""}\\\"",\\\""headers\\\"":{\\\""Authorization\\\"":\\\""Authorization: Bearer eyJhbGciOiJSUzI1NiIsInR5cCI6IkpXVCJ9.eyJ1c2VyX25hbWUiOiJtb3VoZXItd2Vhci1wdXJjaGFzZSIsInNjb3BlIjpbIm9ubGluZS1tZXJjaGFudCJdLCJleHAiOjE3NDIwODg5MTMsImlhdCI6MTc0MjA0NTcxMywiYXV0aG9yaXRpZXMiOlsiUk9MRV9VU0VSIl0sImp0aSI6IjN4b2s0UUdrcGVoSTV4Q1dEVXlULVI1SWRfWSIsImNsaWVudF9pZCI6Im1vdWhlci13ZWFyIn0.ZREp4RYSaUXwGZp8b-SSPhETZ1c3K4ivQBKEtJN_dgiPeNkf0DfUmPAkKRaFWqC8J3GYGE2y5nRM1RCyoy9emLBZpL2Bmr1WPn3c4_TJ0KzQ8ZHFHt59DUAemotLRUvfBb5XY64G2dBVe8MY2McIyaRhDSUuJttUN7j7BoQw8fsTBkLd2NYqZjjtqOpILEX9Fz7kDD4LUnh4dvHO_tiUAtJpcZYFydFPFD2S-Fjpy8YoMxg2eORHrznqdYgzWLYgZyCY9zX7fFlcXeGtO3M8oTUr20c2-VDkA1ov8LdQqVXs057SKaYLi170bg0evkKpmjqdZS-Of5C08etL8by6TA\\\"",\\\""Content-Type\\\"":\\\""Content-Type: application\\\\\\\/json\\\"",\\\""user-agent\\\"":\\\""SnappPay, mouher-wear\\\""}}}\""}""",0,0,2025-03-15 17:04:01,2025-03-15 17:05:13
1020,1530209619,website,769,,pending,01JPD0AKD19ZWY13KWCM1B1YFD,,,,1068,1,457,1,1980000,1980000,0,0,,0,0,2025-03-15 17:06:33,2025-03-15 17:06:33
1021,6653085142,website,626,,declined,6653085142,,,381e8565-84fc-49bf-842d-cadae35fd9e8,841,2,458,2,990000,990000,990000,0,"""{\""gt\"":\""{\\\""status\\\"":\\\""error\\\"",\\\""successful\\\"":false,\\\""statusCode\\\"":200,\\\""message\\\"":\\\""\\\\u062b\\\\u0628\\\\u062a \\\\u062f\\\\u0631\\\\u062e\\\\u0648\\\\u0627\\\\u0633\\\\u062a \\\\u062c\\\\u062f\\\\u06cc\\\\u062f \\\\u0645\\\\u0645\\\\u06a9\\\\u0646 \\\\u0646\\\\u06cc\\\\u0633\\\\u062a. \\\\u0644\\\\u0637\\\\u0641\\\\u0627\\\\u064b \\\\u0686\\\\u0646\\\\u062f \\\\u0644\\\\u062d\\\\u0638\\\\u0647\\\\u0654 \\\\u062f\\\\u06cc\\\\u06af\\\\u0631 \\\\u062f\\\\u0648\\\\u0628\\\\u0627\\\\u0631\\\\u0647 \\\\u062a\\\\u0644\\\\u0627\\\\u0634 \\\\u06a9\\\\u0646\\\\u06cc\\\\u062f.\\\"",\\\""url\\\"":\\\""https:\\\\\\\/\\\\\\\/api.snapppay.ir\\\\\\\/api\\\\\\\/online\\\\\\\/payment\\\\\\\/v1\\\\\\\/verify\\\"",\\\""args\\\"":{\\\""method\\\"":\\\""POST\\\"",\\\""body\\\"":\\\""{\\\\\\\""paymentToken\\\\\\\"":\\\\\\\""381e8565-84fc-49bf-842d-cadae35fd9e8\\\\\\\""}\\\"",\\\""headers\\\"":{\\\""Authorization\\\"":\\\""Authorization: Bearer eyJhbGciOiJSUzI1NiIsInR5cCI6IkpXVCJ9.eyJ1c2VyX25hbWUiOiJtb3VoZXItd2Vhci1wdXJjaGFzZSIsInNjb3BlIjpbIm9ubGluZS1tZXJjaGFudCJdLCJleHAiOjE3NDIwOTg4OTksImlhdCI6MTc0MjA1NTY5OSwiYXV0aG9yaXRpZXMiOlsiUk9MRV9VU0VSIl0sImp0aSI6IjJxdXVkcFFLSW9mYmlHRVY3Q2d5cHBqanNaMCIsImNsaWVudF9pZCI6Im1vdWhlci13ZWFyIn0.bFJ5rhVtkLeM2polbFAx3sjvE8qQuUsxGhsZtkxYtcrDocJYxuAo0Le3NVSpQ9qRxnt3_uP412iFoTdxdNXW4BFIUZzdZghgxq8elF9stQNmxJsiUCteScZXjWbyHMhi1mE9PTjJEm4phramgxQqcBjft0xbnJWLYTM3e0YqWQilFpGVTfB8IunaYaRk3NHwrOpcj_mw75gBv77E3t3ImpWyjJhIqCKBcMYu3KCRuj8SUV108hjeP1Njw6fFsgFYbrsiiketIXpJQrnwndSQCzDbaquldqtjSuBpu2GNyjQhk5Woog3wJV52DSutDL60MUrvzp37Cct5o3P3-ozgow\\\"",\\\""Content-Type\\\"":\\\""Content-Type: application\\\\\\\/json\\\"",\\\""user-agent\\\"":\\\""SnappPay, mouher-wear\\\""}}}\""}""",0,0,2025-03-15 19:50:38,2025-03-15 19:51:39
1022,8697972771,website,626,,completed,8697972771,"{""successful"":true,""response"":{""transactionId"":""8697972771""}}",,5a0a4bdf-709e-421e-9fce-31be05f88739,841,2,458,2,990000,990000,990000,0,"""{\""successful\"":true,\""response\"":{\""transactionId\"":\""8697972771\""}}""",0,0,2025-03-15 19:55:08,2025-03-16 22:55:30
1023,1454587770,website,770,,completed,1454587770,"{""successful"":true,""response"":{""transactionId"":""1454587770""}}",,2c2c03fb-784a-40c3-b5aa-fe8bcfe01a1f,1071,1,459,2,4350000,4350000,890000,0,"""{\""successful\"":true,\""response\"":{\""transactionId\"":\""1454587770\""}}""",0,0,2025-03-16 06:57:47,2025-03-18 16:52:02
1024,3560287944,website,771,,completed,01JPEZPT9QGMS3VKZEMR869VNG,{},,,1074,1,460,1,590000,590000,590000,0,"""{}""",0,0,2025-03-16 11:34:14,2025-03-18 16:52:13
1025,6929698092,website,12,,declined,A000000000000000000000000000geyn1yge,,,,1047,1,10,3,990000,990000,990000,0,"""\u067e\u0631\u062f\u0627\u062e\u062a \u0646\u0627\u0645\u0648\u0641\u0642""",0,0,2025-03-16 20:25:10,2025-03-16 20:25:16
1026,5002830725,website,200,,completed,5002830725,"{""successful"":true,""response"":{""transactionId"":""5002830725""}}",,3d7a26fa-4777-4a16-9bea-7efed67d5f1b,377,2,163,2,1580000,1580000,0,0,"""{\""successful\"":true,\""response\"":{\""transactionId\"":\""5002830725\""}}""",0,0,2025-03-17 10:28:51,2025-03-18 17:35:50
1027,9042349029,website,120,,completed,9042349029,"{""successful"":true,""response"":{""transactionId"":""9042349029""}}",,7e0202a3-7a26-4012-bfbc-24bfc886fa01,536,1,68,2,1880000,1880000,0,0,"""{\""successful\"":true,\""response\"":{\""transactionId\"":\""9042349029\""}}""",0,0,2025-03-17 15:42:38,2025-03-18 16:52:40
1028,7767514474,website,773,,completed,7767514474,"{""successful"":true,""response"":{""transactionId"":""7767514474""}}",,302d43a8-052c-4895-a250-02156e69a17d,1079,1,462,2,3360000,3360000,0,0,"""{\""successful\"":true,\""response\"":{\""transactionId\"":\""7767514474\""}}""",0,0,2025-03-18 20:11:12,2025-03-19 20:01:59
1029,7031988487,website,31,,declined,7031988487,,,e2d81ece-2fca-4288-acc4-286af9d50a21,87,2,463,2,1980000,1980000,0,0,"""{\""gt\"":\""{\\\""status\\\"":\\\""error\\\"",\\\""successful\\\"":false,\\\""statusCode\\\"":400,\\\""message\\\"":\\\""\\\\u0648\\\\u0636\\\\u0639\\\\u06cc\\\\u062a \\\\u062a\\\\u0631\\\\u0627\\\\u06a9\\\\u0646\\\\u0634 \\\\u0628\\\\u0631\\\\u0627\\\\u06cc \\\\u0639\\\\u0645\\\\u0644\\\\u06cc\\\\u0627\\\\u062a \\\\u0645\\\\u0648\\\\u0631\\\\u062f\\\\u0646\\\\u0638\\\\u0631 \\\\u0646\\\\u0627\\\\u0645\\\\u0646\\\\u0627\\\\u0633\\\\u0628 \\\\u0627\\\\u0633\\\\u062a.\\\"",\\\""url\\\"":\\\""https:\\\\\\\/\\\\\\\/api.snapppay.ir\\\\\\\/api\\\\\\\/online\\\\\\\/payment\\\\\\\/v1\\\\\\\/verify\\\"",\\\""args\\\"":{\\\""method\\\"":\\\""POST\\\"",\\\""body\\\"":\\\""{\\\\\\\""paymentToken\\\\\\\"":\\\\\\\""e2d81ece-2fca-4288-acc4-286af9d50a21\\\\\\\""}\\\"",\\\""headers\\\"":{\\\""Authorization\\\"":\\\""Authorization: Bearer eyJhbGciOiJSUzI1NiIsInR5cCI6IkpXVCJ9.eyJ1c2VyX25hbWUiOiJtb3VoZXItd2Vhci1wdXJjaGFzZSIsInNjb3BlIjpbIm9ubGluZS1tZXJjaGFudCJdLCJleHAiOjE3NDI0Njg1NDcsImlhdCI6MTc0MjQyNTM0NywiYXV0aG9yaXRpZXMiOlsiUk9MRV9VU0VSIl0sImp0aSI6ImdFVktrejFENDhGcjFyc0J6Sy1GNGplTV9KcyIsImNsaWVudF9pZCI6Im1vdWhlci13ZWFyIn0.XKkAT8ikRQWCCaHBDj3U80JNIiIQmLVfmEe_TEF-Bkg1fO2BKx_jhilgu2Fq7rxjYyZEiHM9tOwFDSSqQNEHo29HAGyzaooow-GOieeOuAmzXrwU8QDnx__XeD941HtDRZFQeh6COBeo2k-rYbWQqPG_0Ekt6SWHyZCYUiW4ZKDo9nMi8tO-YNyUPdX5946EKkUR3EXCJJKRUm-pkuFt4rlsRZwS7WygkrdyDZI0udc6zEsjSaeVyMlhviBTub-6rAzqDGv5RtarbhyCTzw16u5bnKr7uPrBpJe35AgfBO9fPJBRqx32qpRlDGeZa4zxwEmq41FtV2rlfpt8HhdrEA\\\"",\\\""Content-Type\\\"":\\\""Content-Type: application\\\\\\\/json\\\"",\\\""user-agent\\\"":\\\""SnappPay, mouher-wear\\\""}}}\""}""",0,0,2025-03-20 02:31:39,2025-03-20 02:32:27
1030,1073740060,website,31,,pending,1073740060,,,bf7ae4fd-1763-43a1-9c28-fd21a100f6d4,87,2,463,2,1980000,1980000,0,0,,0,0,2025-03-20 02:32:58,2025-03-20 02:32:59
1031,4125245684,website,31,,completed,4125245684,"{""successful"":true,""response"":{""transactionId"":""4125245684""}}",,e3c71abf-bcd6-40c4-82f4-0443969aa91b,87,2,463,2,1980000,1980000,0,0,"""{\""successful\"":true,\""response\"":{\""transactionId\"":\""4125245684\""}}""",0,0,2025-03-20 13:51:09,2025-03-21 16:33:41
1032,9438188407,website,772,,completed,9438188407,"{""successful"":true,""response"":{""transactionId"":""9438188407""}}",,ceaaaa62-8dda-442e-9306-a8bbff2ff446,1078,1,461,2,2370000,2370000,890000,0,"""{\""successful\"":true,\""response\"":{\""transactionId\"":\""9438188407\""}}""",0,0,2025-03-20 22:34:56,2025-04-03 11:49:31
1033,5477161613,website,166,,completed,5477161613,"{""successful"":true,""response"":{""transactionId"":""5477161613""}}",,52e866b2-7f50-44c9-b73d-bedea7b7c3ae,808,2,92,2,2980000,2980000,0,0,"""{\""successful\"":true,\""response\"":{\""transactionId\"":\""5477161613\""}}""",0,0,2025-03-23 12:43:18,2025-04-03 11:49:17
1034,2183913594,website,774,,completed,A000000000000000000000000000rv6eodg7,{},,,1084,1,464,3,4550000,4550000,2570000,0,"""{}""",0,0,2025-03-23 13:34:04,2025-04-03 11:49:56
1035,6367455452,website,777,,pending,6367455452,,,eda18eff-95fc-4888-9fec-cc60d66748da,1088,2,465,2,1480000,1480000,1480000,0,,0,0,2025-03-28 03:19:34,2025-03-28 03:19:35
1036,8496333204,website,777,,declined,8496333204,,,48ce2043-8452-44a7-9223-393943543fc7,1088,2,465,2,1480000,1480000,1480000,0,"""{\""gt\"":\""{\\\""status\\\"":\\\""error\\\"",\\\""successful\\\"":false,\\\""statusCode\\\"":400,\\\""message\\\"":\\\""\\\\u0648\\\\u0636\\\\u0639\\\\u06cc\\\\u062a \\\\u062a\\\\u0631\\\\u0627\\\\u06a9\\\\u0646\\\\u0634 \\\\u0628\\\\u0631\\\\u0627\\\\u06cc \\\\u0639\\\\u0645\\\\u0644\\\\u06cc\\\\u0627\\\\u062a \\\\u0645\\\\u0648\\\\u0631\\\\u062f\\\\u0646\\\\u0638\\\\u0631 \\\\u0646\\\\u0627\\\\u0645\\\\u0646\\\\u0627\\\\u0633\\\\u0628 \\\\u0627\\\\u0633\\\\u062a.\\\"",\\\""url\\\"":\\\""https:\\\\\\\/\\\\\\\/api.snapppay.ir\\\\\\\/api\\\\\\\/online\\\\\\\/payment\\\\\\\/v1\\\\\\\/verify\\\"",\\\""args\\\"":{\\\""method\\\"":\\\""POST\\\"",\\\""body\\\"":\\\""{\\\\\\\""paymentToken\\\\\\\"":\\\\\\\""48ce2043-8452-44a7-9223-393943543fc7\\\\\\\""}\\\"",\\\""headers\\\"":{\\\""Authorization\\\"":\\\""Authorization: Bearer eyJhbGciOiJSUzI1NiIsInR5cCI6IkpXVCJ9.eyJ1c2VyX25hbWUiOiJtb3VoZXItd2Vhci1wdXJjaGFzZSIsInNjb3BlIjpbIm9ubGluZS1tZXJjaGFudCJdLCJleHAiOjE3NDMxNjMwMTAsImlhdCI6MTc0MzExOTgxMCwiYXV0aG9yaXRpZXMiOlsiUk9MRV9VU0VSIl0sImp0aSI6Inlud0lYUnZzSFJGRkt2WElDNXZBLVc2ZW5YVSIsImNsaWVudF9pZCI6Im1vdWhlci13ZWFyIn0.JVEdn1lCottJxhJG6QSeOI9GnEG7NAwE82yWDynzqzcMdq9hUoVN7-d9dc2bbRf5PqMaice1jJ84QkKE0yvRxkUj8SRnIsTKzE9x3nshqOgOeUySTE_HX-XmYJW6lw7l47RJz6QXzN1Ubv_4YKTmdfrOm9FNkBt0YCO1XT2_l6YC_9dTB_bIeXqaHGS5K0IYYvNO7SDdraIwXgN213wxClsOXx8oZN0KNbGh4uUe0ycYYyKrkTmgimNKKl95FzW3xsAnrTWGnJKMAeb4wKEBFhVXG3Ns_ydFnqn5JzypjWg7dXsB5jGLtnyXIS9ClzRczaV5nu1ZPh18YVFcGcSk3Q\\\"",\\\""Content-Type\\\"":\\\""Content-Type: application\\\\\\\/json\\\"",\\\""user-agent\\\"":\\\""SnappPay, mouher-wear\\\""}}}\""}""",0,0,2025-03-28 03:21:01,2025-03-28 03:26:50
1037,3067634576,website,777,,completed,3067634576,"{""successful"":true,""response"":{""transactionId"":""3067634576""}}",,af1f900f-991c-4af8-bf6e-244b797868c1,1088,2,465,2,1480000,1480000,1480000,0,"""{\""successful\"":true,\""response\"":{\""transactionId\"":\""3067634576\""}}""",0,0,2025-03-28 03:27:09,2025-04-05 21:48:31
1038,2810059542,website,659,,completed,2810059542,"{""successful"":true,""response"":{""transactionId"":""2810059542""}}",,4d682a8e-61e2-41da-bbdd-7bbfc725924a,903,1,382,2,990000,990000,990000,0,"""{\""successful\"":true,\""response\"":{\""transactionId\"":\""2810059542\""}}""",0,0,2025-03-30 21:39:12,2025-04-05 16:33:01
1039,1068875865,website,356,,completed,1068875865,"{""successful"":true,""response"":{""transactionId"":""1068875865""}}",,4455be5b-26ca-4ee0-8331-51d112591d9d,1093,1,210,2,1580000,1580000,0,0,"""{\""successful\"":true,\""response\"":{\""transactionId\"":\""1068875865\""}}""",0,0,2025-03-31 05:23:53,2025-04-05 16:32:46
1040,8532230892,website,780,,completed,A0000000000000000000000000001q8py8wp,{},,,1095,2,466,3,990000,990000,990000,0,"""{}""",0,0,2025-03-31 10:11:26,2025-04-05 16:32:09
1041,2091709382,website,608,,completed,2091709382,"{""successful"":true,""response"":{""transactionId"":""2091709382""}}",,985e99ee-81c4-484b-be2d-e4e839ec75ca,810,1,341,2,2980000,2980000,0,0,"""{\""successful\"":true,\""response\"":{\""transactionId\"":\""2091709382\""}}""",0,0,2025-03-31 15:45:52,2025-04-03 11:50:11
1042,1598905197,website,781,,completed,1598905197,"{""successful"":true,""response"":{""transactionId"":""1598905197""}}",,89b1bbd4-9798-445a-bd95-fb710ea13384,1098,1,467,2,890000,890000,890000,0,"""{\""successful\"":true,\""response\"":{\""transactionId\"":\""1598905197\""}}""",0,0,2025-03-31 16:32:22,2025-04-03 11:50:20
1043,6925872378,website,783,,completed,6925872378,"{""successful"":true,""response"":{""transactionId"":""6925872378""}}",,941252fb-8c46-4e81-ae94-ef084fb0ad57,1101,2,468,2,2470000,2470000,890000,0,"""{\""successful\"":true,\""response\"":{\""transactionId\"":\""6925872378\""}}""",0,0,2025-03-31 19:35:50,2025-04-05 16:31:42
1044,5633975936,website,612,,completed,5633975936,"{""successful"":true,""response"":{""transactionId"":""5633975936""}}",,bf22fe25-ba9a-408b-b3dc-50fde98aee15,838,1,351,2,1530000,1530000,1530000,0,"""{\""successful\"":true,\""response\"":{\""transactionId\"":\""5633975936\""}}""",0,0,2025-04-01 17:33:25,2025-04-05 16:31:32
1045,6394817513,website,788,,completed,A0000000000000000000000000002qm2137m,{},,,1108,2,469,3,1480000,1480000,1480000,0,"""{}""",0,0,2025-04-01 18:54:06,2025-04-03 11:20:36
1046,2834801312,website,339,,declined,2834801312,,,51ed895f-50be-43cf-9b8d-0289f75f485f,1027,1,194,2,1780000,1780000,1780000,0,"""{\""gt\"":\""{\\\""status\\\"":\\\""error\\\"",\\\""successful\\\"":false,\\\""statusCode\\\"":400,\\\""message\\\"":\\\""\\\\u0648\\\\u0636\\\\u0639\\\\u06cc\\\\u062a \\\\u062a\\\\u0631\\\\u0627\\\\u06a9\\\\u0646\\\\u0634 \\\\u0628\\\\u0631\\\\u0627\\\\u06cc \\\\u0639\\\\u0645\\\\u0644\\\\u06cc\\\\u0627\\\\u062a \\\\u0645\\\\u0648\\\\u0631\\\\u062f\\\\u0646\\\\u0638\\\\u0631 \\\\u0646\\\\u0627\\\\u0645\\\\u0646\\\\u0627\\\\u0633\\\\u0628 \\\\u0627\\\\u0633\\\\u062a.\\\"",\\\""url\\\"":\\\""https:\\\\\\\/\\\\\\\/api.snapppay.ir\\\\\\\/api\\\\\\\/online\\\\\\\/payment\\\\\\\/v1\\\\\\\/verify\\\"",\\\""args\\\"":{\\\""method\\\"":\\\""POST\\\"",\\\""body\\\"":\\\""{\\\\\\\""paymentToken\\\\\\\"":\\\\\\\""51ed895f-50be-43cf-9b8d-0289f75f485f\\\\\\\""}\\\"",\\\""headers\\\"":{\\\""Authorization\\\"":\\\""Authorization: Bearer eyJhbGciOiJSUzI1NiIsInR5cCI6IkpXVCJ9.eyJ1c2VyX25hbWUiOiJtb3VoZXItd2Vhci1wdXJjaGFzZSIsInNjb3BlIjpbIm9ubGluZS1tZXJjaGFudCJdLCJleHAiOjE3NDM2NDcwMDQsImlhdCI6MTc0MzYwMzgwNCwiYXV0aG9yaXRpZXMiOlsiUk9MRV9VU0VSIl0sImp0aSI6Ind5Rm1mQU5rWmhmdUZvQkU0MHhMTHg0RFpNVSIsImNsaWVudF9pZCI6Im1vdWhlci13ZWFyIn0.Zl4-5SAiqWys4Ua0tx0q6liBajrBF5pH5y7OAvV90w40ja0Bddhv-SX2Y9nRAyZPy1wiRSVlvnZQ3Y8JEVmM7i-h7iU5bOk_H5GXM6HJOQ8civLK5SZNw9HJsmZSeXPJSQVxd1slyhlqJbMYJhtd5R8yT-tet0bX16L-Vk1TAL7aY9_-mQtDPvf7cI_usy4J6p0XKforKj6lIS3DF0pjchPlToMAkWf4cUmy3d550J4qSYphV7A7DagFOMzIgkXNCF_gAvVHlzzuYjVfXHDvoxYFNzG_ELszsuzvWf5qCy6j3Xceo_5bg_RXzS9zkrrEwgKoQBUrjd_v_nm0gNOUOQ\\\"",\\\""Content-Type\\\"":\\\""Content-Type: application\\\\\\\/json\\\"",\\\""user-agent\\\"":\\\""SnappPay, mouher-wear\\\""}}}\""}""",0,0,2025-04-02 14:30:34,2025-04-02 17:53:24
1047,2584712713,website,789,,completed,A000000000000000000000000000y5zmnmzq,{},,,1110,1,470,3,590000,590000,590000,0,"""{}""",0,0,2025-04-02 16:51:58,2025-04-03 11:50:41
1048,9443674095,website,339,,completed,9443674095,"{""successful"":true,""response"":{""transactionId"":""9443674095""}}",,33d6f426-c7be-4ccc-909d-9cefb0f5026e,1027,1,194,2,1780000,1780000,1780000,0,"""{\""successful\"":true,\""response\"":{\""transactionId\"":\""9443674095\""}}""",0,0,2025-04-02 17:53:38,2025-04-03 11:23:05
1049,6062842968,website,790,,completed,A000000000000000000000000000xqzz33dy,{},,,1113,1,471,3,790000,790000,790000,0,"""{}""",0,0,2025-04-04 23:17:54,2025-04-05 16:31:09
1050,9394217752,website,783,,completed,9394217752,"{""successful"":true,""response"":{""transactionId"":""9394217752""}}",,6164f4f6-e359-4500-a5a4-b877a3071a43,1103,2,468,2,2770000,2770000,790000,0,"""{\""successful\"":true,\""response\"":{\""transactionId\"":\""9394217752\""}}""",0,0,2025-04-06 09:05:52,2025-04-07 18:52:43
1051,5251700843,website,792,,completed,5251700843,"{""successful"":true,""response"":{""transactionId"":""5251700843""}}",,cf9a0193-f140-4384-822b-b48c233ac84c,1117,1,473,2,1530000,1530000,1530000,0,"""{\""successful\"":true,\""response\"":{\""transactionId\"":\""5251700843\""}}""",0,0,2025-04-07 11:44:59,2025-04-15 20:17:53
1052,1128316680,website,793,,completed,A000000000000000000000000000ee5n1oey,{},,,1119,1,474,3,1530000,1530000,1530000,0,"""{}""",0,0,2025-04-09 00:14:17,2025-04-15 20:17:47
1053,6364655904,website,794,,completed,A000000000000000000000000000oxv3wvd7,{},,,1121,1,475,3,5815000,5815000,3835000,0,"""{}""",0,0,2025-04-11 16:06:04,2025-04-15 23:40:40
1054,8769686694,website,764,,declined,8769686694,,,06fe12de-d57d-464e-9c31-9816fc3eed2e,1060,1,476,2,1490000,1490000,1490000,0,"""{\""gt\"":\""{\\\""status\\\"":\\\""error\\\"",\\\""successful\\\"":false,\\\""statusCode\\\"":400,\\\""message\\\"":\\\""\\\\u0648\\\\u0636\\\\u0639\\\\u06cc\\\\u062a \\\\u062a\\\\u0631\\\\u0627\\\\u06a9\\\\u0646\\\\u0634 \\\\u0628\\\\u0631\\\\u0627\\\\u06cc \\\\u0639\\\\u0645\\\\u0644\\\\u06cc\\\\u0627\\\\u062a \\\\u0645\\\\u0648\\\\u0631\\\\u062f\\\\u0646\\\\u0638\\\\u0631 \\\\u0646\\\\u0627\\\\u0645\\\\u0646\\\\u0627\\\\u0633\\\\u0628 \\\\u0627\\\\u0633\\\\u062a.\\\"",\\\""url\\\"":\\\""https:\\\\\\\/\\\\\\\/api.snapppay.ir\\\\\\\/api\\\\\\\/online\\\\\\\/payment\\\\\\\/v1\\\\\\\/verify\\\"",\\\""args\\\"":{\\\""method\\\"":\\\""POST\\\"",\\\""body\\\"":\\\""{\\\\\\\""paymentToken\\\\\\\"":\\\\\\\""06fe12de-d57d-464e-9c31-9816fc3eed2e\\\\\\\""}\\\"",\\\""headers\\\"":{\\\""Authorization\\\"":\\\""Authorization: Bearer eyJhbGciOiJSUzI1NiIsInR5cCI6IkpXVCJ9.eyJ1c2VyX25hbWUiOiJtb3VoZXItd2Vhci1wdXJjaGFzZSIsInNjb3BlIjpbIm9ubGluZS1tZXJjaGFudCJdLCJleHAiOjE3NDQ1ODQxNDgsImlhdCI6MTc0NDU0MDk0OCwiYXV0aG9yaXRpZXMiOlsiUk9MRV9VU0VSIl0sImp0aSI6IjA4eXZJTkpQd0YwTHRvTVBzU0xHSzhubjBSOCIsImNsaWVudF9pZCI6Im1vdWhlci13ZWFyIn0.Ed184vS8jftqCOJpExeUkfMkmeuTUe41cF82a26JimxKDs_9_ii4xs4h_7WheCgDGsm1Tp4-t-iA3ZWJxg4_lFDSJgxnxKGsSy4wmCoWH_r2mvstRk2J1CTU1Yraad30RuT9HVUaTmg3Ift3aHwUETQdOIFNOGGxprh2oTNk49M6jRllQ_U0GIvL2WtCtZKupfGXhPldcqXLujYcAHGnoY3MOdctvbjGzraQWUNFvoxE-RSo9-K7rY9FH6G9giRDayrGoH2Jyu7Gd4TC86UEvCVWYqUZ3MYhOVgdgCWmV-b0TbO_k9RVe-fEGEkXB91mdi71BWoz_mNAbJfecicXvg\\\"",\\\""Content-Type\\\"":\\\""Content-Type: application\\\\\\\/json\\\"",\\\""user-agent\\\"":\\\""SnappPay, mouher-wear\\\""}}}\""}""",0,0,2025-04-13 14:11:53,2025-04-13 14:12:28
1055,2849497276,website,795,,completed,A000000000000000000000000000ngyx8ww3,{},,,1123,1,477,3,1490000,1490000,1490000,0,"""{}""",0,0,2025-04-13 14:15:47,2025-04-15 20:17:34
1056,2849078851,website,283,,declined,2849078851,,,ec540316-8336-48f9-b895-13f11af483ca,1061,2,159,2,1240000,1240000,1240000,0,"""{\""gt\"":\""{\\\""status\\\"":\\\""error\\\"",\\\""successful\\\"":false,\\\""statusCode\\\"":400,\\\""message\\\"":\\\""\\\\u0648\\\\u0636\\\\u0639\\\\u06cc\\\\u062a \\\\u062a\\\\u0631\\\\u0627\\\\u06a9\\\\u0646\\\\u0634 \\\\u0628\\\\u0631\\\\u0627\\\\u06cc \\\\u0639\\\\u0645\\\\u0644\\\\u06cc\\\\u0627\\\\u062a \\\\u0645\\\\u0648\\\\u0631\\\\u062f\\\\u0646\\\\u0638\\\\u0631 \\\\u0646\\\\u0627\\\\u0645\\\\u0646\\\\u0627\\\\u0633\\\\u0628 \\\\u0627\\\\u0633\\\\u062a.\\\"",\\\""url\\\"":\\\""https:\\\\\\\/\\\\\\\/api.snapppay.ir\\\\\\\/api\\\\\\\/online\\\\\\\/payment\\\\\\\/v1\\\\\\\/verify\\\"",\\\""args\\\"":{\\\""method\\\"":\\\""POST\\\"",\\\""body\\\"":\\\""{\\\\\\\""paymentToken\\\\\\\"":\\\\\\\""ec540316-8336-48f9-b895-13f11af483ca\\\\\\\""}\\\"",\\\""headers\\\"":{\\\""Authorization\\\"":\\\""Authorization: Bearer eyJhbGciOiJSUzI1NiIsInR5cCI6IkpXVCJ9.eyJ1c2VyX25hbWUiOiJtb3VoZXItd2Vhci1wdXJjaGFzZSIsInNjb3BlIjpbIm9ubGluZS1tZXJjaGFudCJdLCJleHAiOjE3NDQ1ODk1NjgsImlhdCI6MTc0NDU0NjM2OCwiYXV0aG9yaXRpZXMiOlsiUk9MRV9VU0VSIl0sImp0aSI6IkRHcUROZDcyaFU0TVMtMmR6QXNiS2dHNjBvQSIsImNsaWVudF9pZCI6Im1vdWhlci13ZWFyIn0.bSLtkuXU0xDGFVAsoUAXXi0wxOvLK7g1jWf4YuTpNlvoq8XuSN6v0GDz6710NDiSaw6veNJ6u8fqKhPplrNpDTleBjbXBp1ZU_Qkng0VvGM4g6AvPZXEtXdaQeZAdiuyJZ5k0YtUiyCDinOnVFAw3KhjuaSSnQylLvhLaLbFKfEOiSTfCPRH3__AzvFkC6ZY9yGiD7JTlOXjgxcNqSc6NfJWPmkgxBIVUspvtDnVdBX-IYTeZTtjav8EzdVlgfAsPusaUkZ7zvT8Wx4UmOPWKH8V9MrEJIfi1xZBt0dHaq4gqfkn37nup0AAieEKDlR-j3e3zBuW5uzfkPLtaGHJgA\\\"",\\\""Content-Type\\\"":\\\""Content-Type: application\\\\\\\/json\\\"",\\\""user-agent\\\"":\\\""SnappPay, mouher-wear\\\""}}}\""}""",0,0,2025-04-13 15:41:56,2025-04-13 15:42:48
1057,1444544084,website,283,,completed,1444544084,"{""successful"":true,""response"":{""transactionId"":""1444544084""}}",,43e58cfb-cdbc-4d55-b539-4bbad11ce56d,1061,2,159,2,1240000,1240000,1240000,0,"""{\""successful\"":true,\""response\"":{\""transactionId\"":\""1444544084\""}}""",0,0,2025-04-13 15:43:15,2025-04-15 20:09:40
1058,4395347401,website,787,,pending,4395347401,,,cf7b11f2-0408-45cc-9865-2f2abaf06173,1106,1,478,2,1490000,1490000,1490000,0,,0,0,2025-04-14 14:35:47,2025-04-14 14:35:48
1059,1164654817,website,787,,pending,1164654817,,,715b45c5-82ea-4cfc-a9bd-426857b747aa,1106,1,478,2,1490000,1490000,1490000,0,,0,0,2025-04-14 15:51:28,2025-04-14 15:51:29
1060,3467065202,website,787,,pending,3467065202,,,45fd9f80-83b4-4d34-a65d-116af63a6705,1106,1,478,2,1490000,1490000,1490000,0,,0,0,2025-04-14 17:12:54,2025-04-14 17:12:55
1061,8546188647,website,799,,pending,8546188647,,,6e405870-6d7d-48f0-8bb0-c7adb7315372,1127,1,479,2,1980000,1980000,0,0,,0,0,2025-04-14 17:20:57,2025-04-14 17:20:57
1062,2735085589,website,288,,declined,2735085589,,,dff09832-0063-4ad5-be40-b82d74de356c,490,1,165,2,1190000,1190000,1190000,0,"""{\""gt\"":\""{\\\""status\\\"":\\\""error\\\"",\\\""successful\\\"":false,\\\""statusCode\\\"":200,\\\""message\\\"":\\\""\\\\u062b\\\\u0628\\\\u062a \\\\u062f\\\\u0631\\\\u062e\\\\u0648\\\\u0627\\\\u0633\\\\u062a \\\\u062c\\\\u062f\\\\u06cc\\\\u062f \\\\u0645\\\\u0645\\\\u06a9\\\\u0646 \\\\u0646\\\\u06cc\\\\u0633\\\\u062a. \\\\u0644\\\\u0637\\\\u0641\\\\u0627\\\\u064b \\\\u0686\\\\u0646\\\\u062f \\\\u0644\\\\u062d\\\\u0638\\\\u0647\\\\u0654 \\\\u062f\\\\u06cc\\\\u06af\\\\u0631 \\\\u062f\\\\u0648\\\\u0628\\\\u0627\\\\u0631\\\\u0647 \\\\u062a\\\\u0644\\\\u0627\\\\u0634 \\\\u06a9\\\\u0646\\\\u06cc\\\\u062f.\\\"",\\\""url\\\"":\\\""https:\\\\\\\/\\\\\\\/api.snapppay.ir\\\\\\\/api\\\\\\\/online\\\\\\\/payment\\\\\\\/v1\\\\\\\/verify\\\"",\\\""args\\\"":{\\\""method\\\"":\\\""POST\\\"",\\\""body\\\"":\\\""{\\\\\\\""paymentToken\\\\\\\"":\\\\\\\""dff09832-0063-4ad5-be40-b82d74de356c\\\\\\\""}\\\"",\\\""headers\\\"":{\\\""Authorization\\\"":\\\""Authorization: Bearer eyJhbGciOiJSUzI1NiIsInR5cCI6IkpXVCJ9.eyJ1c2VyX25hbWUiOiJtb3VoZXItd2Vhci1wdXJjaGFzZSIsInNjb3BlIjpbIm9ubGluZS1tZXJjaGFudCJdLCJleHAiOjE3NDQ3MDc2NzMsImlhdCI6MTc0NDY2NDQ3MywiYXV0aG9yaXRpZXMiOlsiUk9MRV9VU0VSIl0sImp0aSI6Iml3NEN5b2hsUnVYSnY5NE1pVVoxcm16RUVSayIsImNsaWVudF9pZCI6Im1vdWhlci13ZWFyIn0.R_2XkEOAw1lEf3IXV1IGcqoH2mGv5YhEgivSSxJJRnxiK6pI_nEtQZmRDTBQ2pwgTGuphaBCM_6aqKwZF7xnc9fGMkJW7hRmPYrlTvS-IRGBNgDcB0E8TsFIHIxrfG9T6gDRC3FgrGEmP_227w7ZcZxsNTOG6KnllsQnlcGrbZX1yopUCyVVym3pt3bht6mi5ehUuACB3qJqeAkiEF1YSei8SB-bsR-H1G_swbjGb-JIKgxpwqKrAE5K-9V58rkRE0hnY68YCiwAChXwnzGD0qLtcP-xgzLlboBk9qDspGwO3RhroBibyonj6YYEheQE6ziDN5v0yYpVUbbp5gvgaQ\\\"",\\\""Content-Type\\\"":\\\""Content-Type: application\\\\\\\/json\\\"",\\\""user-agent\\\"":\\\""SnappPay, mouher-wear\\\""}}}\""}""",0,0,2025-04-15 00:29:16,2025-04-15 00:31:13
1063,2201103790,website,288,,completed,2201103790,"{""successful"":true,""response"":{""transactionId"":""2201103790""}}",,79d60314-d3d0-4c8c-b058-9e97c87b42cd,490,1,165,2,1190000,1190000,1190000,0,"""{\""successful\"":true,\""response\"":{\""transactionId\"":\""2201103790\""}}""",0,0,2025-04-15 00:31:35,2025-04-15 20:17:29
1064,3563362173,website,787,,declined,3563362173,,,fd330be9-952d-4c0a-98b1-6d1cd0528ed3,1106,1,478,2,1490000,1490000,1490000,0,"""{\""gt\"":\""{\\\""status\\\"":\\\""error\\\"",\\\""successful\\\"":false,\\\""statusCode\\\"":400,\\\""message\\\"":\\\""\\\\u0648\\\\u0636\\\\u0639\\\\u06cc\\\\u062a \\\\u062a\\\\u0631\\\\u0627\\\\u06a9\\\\u0646\\\\u0634 \\\\u0628\\\\u0631\\\\u0627\\\\u06cc \\\\u0639\\\\u0645\\\\u0644\\\\u06cc\\\\u0627\\\\u062a \\\\u0645\\\\u0648\\\\u0631\\\\u062f\\\\u0646\\\\u0638\\\\u0631 \\\\u0646\\\\u0627\\\\u0645\\\\u0646\\\\u0627\\\\u0633\\\\u0628 \\\\u0627\\\\u0633\\\\u062a.\\\"",\\\""url\\\"":\\\""https:\\\\\\\/\\\\\\\/api.snapppay.ir\\\\\\\/api\\\\\\\/online\\\\\\\/payment\\\\\\\/v1\\\\\\\/verify\\\"",\\\""args\\\"":{\\\""method\\\"":\\\""POST\\\"",\\\""body\\\"":\\\""{\\\\\\\""paymentToken\\\\\\\"":\\\\\\\""fd330be9-952d-4c0a-98b1-6d1cd0528ed3\\\\\\\""}\\\"",\\\""headers\\\"":{\\\""Authorization\\\"":\\\""Authorization: Bearer eyJhbGciOiJSUzI1NiIsInR5cCI6IkpXVCJ9.eyJ1c2VyX25hbWUiOiJtb3VoZXItd2Vhci1wdXJjaGFzZSIsInNjb3BlIjpbIm9ubGluZS1tZXJjaGFudCJdLCJleHAiOjE3NDQ3MDkxMzEsImlhdCI6MTc0NDY2NTkzMSwiYXV0aG9yaXRpZXMiOlsiUk9MRV9VU0VSIl0sImp0aSI6IkdfdGMtcklRWU1Rc0x4QXhlNjZVZFZxS00wTSIsImNsaWVudF9pZCI6Im1vdWhlci13ZWFyIn0.V-vgbtykFTfCUTvwQSMb1U93TnBbwT4VZdAnfFgtsCm00PH9BNk3zjmHTHui0185j4dz1R3u1qm3xpLK6rTkisdS3dEl_6Vixy-V_nkG9n0iWQoHL4Fyr3r-0JP9U6QfRtAWiFSiTSkkMrMxf1H7sh_Jdvi6VDxEayzQ-BjJXK3IoTzcJPFmzqG8foI9_gsWY8z8xPkQgEpK2pc7pgBY9C7xTYB5xasTRJZSmZllESqkTI4rDyqbw0NLhNE1j08VUyBCY8FRGY1Up81CZnWl2SJn9KDMlRyY07QVQiRPMOSgX-JWopQHBX2sFuDE852KwtbzMCXNjuA5T369oQYLAw\\\"",\\\""Content-Type\\\"":\\\""Content-Type: application\\\\\\\/json\\\"",\\\""user-agent\\\"":\\\""SnappPay, mouher-wear\\\""}}}\""}""",0,0,2025-04-15 00:49:41,2025-04-15 00:55:31
1065,3591391157,website,801,,declined,3591391157,,,c9214c83-cbf7-4d74-8f76-6545d92c0149,1130,1,480,2,1490000,1490000,1490000,0,"""{\""gt\"":\""{\\\""status\\\"":\\\""error\\\"",\\\""successful\\\"":false,\\\""statusCode\\\"":400,\\\""message\\\"":\\\""\\\\u0648\\\\u0636\\\\u0639\\\\u06cc\\\\u062a \\\\u062a\\\\u0631\\\\u0627\\\\u06a9\\\\u0646\\\\u0634 \\\\u0628\\\\u0631\\\\u0627\\\\u06cc \\\\u0639\\\\u0645\\\\u0644\\\\u06cc\\\\u0627\\\\u062a \\\\u0645\\\\u0648\\\\u0631\\\\u062f\\\\u0646\\\\u0638\\\\u0631 \\\\u0646\\\\u0627\\\\u0645\\\\u0646\\\\u0627\\\\u0633\\\\u0628 \\\\u0627\\\\u0633\\\\u062a.\\\"",\\\""url\\\"":\\\""https:\\\\\\\/\\\\\\\/api.snapppay.ir\\\\\\\/api\\\\\\\/online\\\\\\\/payment\\\\\\\/v1\\\\\\\/verify\\\"",\\\""args\\\"":{\\\""method\\\"":\\\""POST\\\"",\\\""body\\\"":\\\""{\\\\\\\""paymentToken\\\\\\\"":\\\\\\\""c9214c83-cbf7-4d74-8f76-6545d92c0149\\\\\\\""}\\\"",\\\""headers\\\"":{\\\""Authorization\\\"":\\\""Authorization: Bearer eyJhbGciOiJSUzI1NiIsInR5cCI6IkpXVCJ9.eyJ1c2VyX25hbWUiOiJtb3VoZXItd2Vhci1wdXJjaGFzZSIsInNjb3BlIjpbIm9ubGluZS1tZXJjaGFudCJdLCJleHAiOjE3NDQ3MDk1NTcsImlhdCI6MTc0NDY2NjM1NywiYXV0aG9yaXRpZXMiOlsiUk9MRV9VU0VSIl0sImp0aSI6ImxiSXkyR3FfZHlGOEJVck5QMUdkNlpHTXJkTSIsImNsaWVudF9pZCI6Im1vdWhlci13ZWFyIn0.I3_4USVUG5S0F8LdgN3My7wr91eT43xc4vMrbzTgWIhn5dNllfFsr564qk2C0AKYcMKzayClpY0PpEFomcFy6GheL70MGyLvwoNMmI4E4jHWoxjdCoCGk5eWzKC9nQJCFn0a_R4K3e2e_CC3GldhTwolw4kJzIk6m1rpaHXehOT3r9an5MdCY8Pg52PNA04BOSQM6KA4qrvi2dg81xLBpFssne67zGzPv8WVP_SLuXwa0dtnl-N77IPDbij9bo8H61ENExdK-tDfRiZf0twy3rho9gRxo4DIFAhfiL0bLJBaXgLoPm2HDX0bSexaDQAzTOf-oD3CLRTyW4JQz1UWdA\\\"",\\\""Content-Type\\\"":\\\""Content-Type: application\\\\\\\/json\\\"",\\\""user-agent\\\"":\\\""SnappPay, mouher-wear\\\""}}}\""}""",0,0,2025-04-15 01:00:45,2025-04-15 01:02:37
1066,9735421354,website,787,,completed,A0000000000000000000000000007zo2ymvw,{},,,1106,1,478,3,1490000,1490000,1490000,0,"""{}""",0,0,2025-04-15 01:30:50,2025-04-15 20:17:22
1067,5160068962,website,523,,pending,5160068962,,,e51bf4ae-8605-4f47-8e67-a67b9848d0e5,731,1,290,2,1680000,1680000,0,0,,0,0,2025-04-15 05:05:42,2025-04-15 05:05:42
1068,3071032111,website,523,,pending,3071032111,,,a36b5e44-74bd-4e9d-a348-cfbfad468d53,731,1,290,2,1680000,1680000,0,0,,0,0,2025-04-15 05:06:54,2025-04-15 05:06:55
1069,9887325765,website,523,,completed,9887325765,"{""successful"":true,""response"":{""transactionId"":""9887325765""}}",,037a2468-bc99-4ec8-97c4-8a431862b13b,731,1,290,2,1890000,1890000,1890000,0,"""{\""successful\"":true,\""response\"":{\""transactionId\"":\""9887325765\""}}""",0,0,2025-04-15 13:39:03,2025-04-15 20:17:17
1070,9301411778,website,803,,completed,9301411778,"{""successful"":true,""response"":{""transactionId"":""9301411778""}}",,d32e9fe4-9e96-470f-904e-a8926d96eacf,1133,1,481,2,1890000,1890000,1890000,0,"""{\""successful\"":true,\""response\"":{\""transactionId\"":\""9301411778\""}}""",0,0,2025-04-15 13:52:03,2025-04-15 20:17:10
1071,3507573343,website,766,,completed,A0000000000000000000000000005qevd55z,{},,,1065,1,455,3,1340000,1340000,1340000,0,"""{}""",0,0,2025-04-15 17:14:54,2025-04-15 20:17:03
1072,3115704790,website,523,,completed,3115704790,"{""successful"":true,""response"":{""transactionId"":""3115704790""}}",,91e52501-744b-4d45-9bdd-02c887069d6d,1134,1,290,2,1490000,1490000,1490000,0,"""{\""successful\"":true,\""response\"":{\""transactionId\"":\""3115704790\""}}""",0,0,2025-04-17 01:08:19,2025-04-21 15:21:17
1073,3099589922,website,773,,completed,A000000000000000000000000000pynnlyvz,{},,,1080,1,462,3,1890000,1890000,1890000,0,"""{}""",0,0,2025-04-18 04:56:19,2025-04-21 15:21:12
1074,6587872741,website,808,,declined,6587872741,,,5a6fad8f-0a3d-4ea9-9d2f-6e303f9103f4,1142,1,483,2,1890000,1890000,1890000,0,"""{\""gt\"":\""{\\\""status\\\"":\\\""error\\\"",\\\""successful\\\"":false,\\\""statusCode\\\"":400,\\\""message\\\"":\\\""\\\\u0648\\\\u0636\\\\u0639\\\\u06cc\\\\u062a \\\\u062a\\\\u0631\\\\u0627\\\\u06a9\\\\u0646\\\\u0634 \\\\u0628\\\\u0631\\\\u0627\\\\u06cc \\\\u0639\\\\u0645\\\\u0644\\\\u06cc\\\\u0627\\\\u062a \\\\u0645\\\\u0648\\\\u0631\\\\u062f\\\\u0646\\\\u0638\\\\u0631 \\\\u0646\\\\u0627\\\\u0645\\\\u0646\\\\u0627\\\\u0633\\\\u0628 \\\\u0627\\\\u0633\\\\u062a.\\\"",\\\""url\\\"":\\\""https:\\\\\\\/\\\\\\\/api.snapppay.ir\\\\\\\/api\\\\\\\/online\\\\\\\/payment\\\\\\\/v1\\\\\\\/verify\\\"",\\\""args\\\"":{\\\""method\\\"":\\\""POST\\\"",\\\""body\\\"":\\\""{\\\\\\\""paymentToken\\\\\\\"":\\\\\\\""5a6fad8f-0a3d-4ea9-9d2f-6e303f9103f4\\\\\\\""}\\\"",\\\""headers\\\"":{\\\""Authorization\\\"":\\\""Authorization: Bearer eyJhbGciOiJSUzI1NiIsInR5cCI6IkpXVCJ9.eyJ1c2VyX25hbWUiOiJtb3VoZXItd2Vhci1wdXJjaGFzZSIsInNjb3BlIjpbIm9ubGluZS1tZXJjaGFudCJdLCJleHAiOjE3NDUwMzU4NzYsImlhdCI6MTc0NDk5MjY3NiwiYXV0aG9yaXRpZXMiOlsiUk9MRV9VU0VSIl0sImp0aSI6IlVhazlJQkJQWlpYM0l5RzdoTmo3N2JMZXh5USIsImNsaWVudF9pZCI6Im1vdWhlci13ZWFyIn0.Cd7eRtZ6n6AIqEOQ6Gj_bAJC5S9hzlzp8QqhfuPUV_-1WKevc6lt5GX7zQ5RgujZRwr9i12zyiGg-_fCFPnHfJgSzbX1c6uZ3Ta9Fq2oQFVUA57kpf3h8CUXfau87DfCeiCgsF62Bld-zvF3Z-hY-IaZaOSOLJquL2m73FJaX9cFo8057CqB0-GlXXJFdefju4xoyGbsI78XES0zLog5C2ir68QG3xWfQmMI30pox1TXzEo5PWJVpgpC1OhXDDK5EGT0PkiynnBh506oZ6q436rRblaFUW4U_vvUHp0lbuov2hH9hPbz8qhwdVS4oiFfpwA-GtMWvQHrXuu4qFizfw\\\"",\\\""Content-Type\\\"":\\\""Content-Type: application\\\\\\\/json\\\"",\\\""user-agent\\\"":\\\""SnappPay, mouher-wear\\\""}}}\""}""",0,0,2025-04-18 19:39:30,2025-04-18 19:41:16
1075,5755558847,website,808,,declined,5755558847,,,d8cf67ae-638d-442d-b00c-dd07c2cfc33f,1142,1,483,2,1890000,1890000,1890000,0,"""{\""gt\"":\""{\\\""status\\\"":\\\""error\\\"",\\\""successful\\\"":false,\\\""statusCode\\\"":400,\\\""message\\\"":\\\""\\\\u0648\\\\u0636\\\\u0639\\\\u06cc\\\\u062a \\\\u062a\\\\u0631\\\\u0627\\\\u06a9\\\\u0646\\\\u0634 \\\\u0628\\\\u0631\\\\u0627\\\\u06cc \\\\u0639\\\\u0645\\\\u0644\\\\u06cc\\\\u0627\\\\u062a \\\\u0645\\\\u0648\\\\u0631\\\\u062f\\\\u0646\\\\u0638\\\\u0631 \\\\u0646\\\\u0627\\\\u0645\\\\u0646\\\\u0627\\\\u0633\\\\u0628 \\\\u0627\\\\u0633\\\\u062a.\\\"",\\\""url\\\"":\\\""https:\\\\\\\/\\\\\\\/api.snapppay.ir\\\\\\\/api\\\\\\\/online\\\\\\\/payment\\\\\\\/v1\\\\\\\/verify\\\"",\\\""args\\\"":{\\\""method\\\"":\\\""POST\\\"",\\\""body\\\"":\\\""{\\\\\\\""paymentToken\\\\\\\"":\\\\\\\""d8cf67ae-638d-442d-b00c-dd07c2cfc33f\\\\\\\""}\\\"",\\\""headers\\\"":{\\\""Authorization\\\"":\\\""Authorization: Bearer eyJhbGciOiJSUzI1NiIsInR5cCI6IkpXVCJ9.eyJ1c2VyX25hbWUiOiJtb3VoZXItd2Vhci1wdXJjaGFzZSIsInNjb3BlIjpbIm9ubGluZS1tZXJjaGFudCJdLCJleHAiOjE3NDUwMzYyMDEsImlhdCI6MTc0NDk5MzAwMSwiYXV0aG9yaXRpZXMiOlsiUk9MRV9VU0VSIl0sImp0aSI6InhNZjA1R2hESzdOMmp2UGxxZEF0Rm9oOFFuRSIsImNsaWVudF9pZCI6Im1vdWhlci13ZWFyIn0.eBXLt5joH67FZil2YxOxqdFlpjAUzJlyNdHhLBAqxWTiPhMyW48fqiyx7gPuF87lD2UVKZakaUI1yk2bpOW_hAE-kr7u_L2f4rYecQ99PqXegFeRFh3_ODS74gZhBlElzWRR1ITLhOSX0v4Q7CpbM_FHhMlMrFWZK4zUranySJhGFLEBFWU6YpTMkmlj8lXePVHvUuGccRGHJ_Su4MkW6G-CNeoms8athGou1-ro1MRzOhBszGRYizFgVBOvW1FmutEJ9-k125te8fXTJlGzDt63D0pE_FtW0Q_p2_1HyCtaPacj4AJ8lWGHqvUWzmTT6ItT40Q2jj17jKRZf5dKrw\\\"",\\\""Content-Type\\\"":\\\""Content-Type: application\\\\\\\/json\\\"",\\\""user-agent\\\"":\\\""SnappPay, mouher-wear\\\""}}}\""}""",0,0,2025-04-18 19:41:38,2025-04-18 19:46:41
1076,3326301394,website,808,,pending,3326301394,,,42f99a24-e64e-41b9-9155-842b39a227a0,1142,1,483,2,1890000,1890000,1890000,0,,0,0,2025-04-18 19:47:38,2025-04-18 19:47:39
1077,8847167449,website,808,,declined,8847167449,,,10fc31f9-b528-44fe-b4dc-ec9948e601db,1142,1,483,2,1890000,1890000,1890000,0,"""{\""gt\"":\""{\\\""status\\\"":\\\""error\\\"",\\\""successful\\\"":false,\\\""statusCode\\\"":400,\\\""message\\\"":\\\""\\\\u0648\\\\u0636\\\\u0639\\\\u06cc\\\\u062a \\\\u062a\\\\u0631\\\\u0627\\\\u06a9\\\\u0646\\\\u0634 \\\\u0628\\\\u0631\\\\u0627\\\\u06cc \\\\u0639\\\\u0645\\\\u0644\\\\u06cc\\\\u0627\\\\u062a \\\\u0645\\\\u0648\\\\u0631\\\\u062f\\\\u0646\\\\u0638\\\\u0631 \\\\u0646\\\\u0627\\\\u0645\\\\u0646\\\\u0627\\\\u0633\\\\u0628 \\\\u0627\\\\u0633\\\\u062a.\\\"",\\\""url\\\"":\\\""https:\\\\\\\/\\\\\\\/api.snapppay.ir\\\\\\\/api\\\\\\\/online\\\\\\\/payment\\\\\\\/v1\\\\\\\/verify\\\"",\\\""args\\\"":{\\\""method\\\"":\\\""POST\\\"",\\\""body\\\"":\\\""{\\\\\\\""paymentToken\\\\\\\"":\\\\\\\""10fc31f9-b528-44fe-b4dc-ec9948e601db\\\\\\\""}\\\"",\\\""headers\\\"":{\\\""Authorization\\\"":\\\""Authorization: Bearer eyJhbGciOiJSUzI1NiIsInR5cCI6IkpXVCJ9.eyJ1c2VyX25hbWUiOiJtb3VoZXItd2Vhci1wdXJjaGFzZSIsInNjb3BlIjpbIm9ubGluZS1tZXJjaGFudCJdLCJleHAiOjE3NDUwMzYzODQsImlhdCI6MTc0NDk5MzE4NCwiYXV0aG9yaXRpZXMiOlsiUk9MRV9VU0VSIl0sImp0aSI6Ill5eGx2QzZVX2lCRlJmXzRGSEpzWEpFaWJROCIsImNsaWVudF9pZCI6Im1vdWhlci13ZWFyIn0.bDPKDNO3jR7cgTPrchhvJg-agNPBAZE2uuD0o-9_v5j-5yChUDjIAUNx_Kcmh4O-W2s0Zt_WRUkt77b4kJwQAlPr2bW-rEH-VBItdcTE3OCyE_654agf3dhCY8Z9JlsQyv-L5EJ9icSApWywXdtxwnEUfRHmGjGz4whd1LmmDGLScWS9DKJmmlAJCxmAj65H9FNx4YowWLKl1mYtGeH7bjXWrnv74bTh_317YRvYmRltd88JqNh56wwnJSuzLu2KX8G98Tq8SCurg2K1dx_ZkT4SpkgZiZlA9AaKTxSXVQ1psiNAtpp2G304S65zvYtOAKncyfwc19xG3k_EI4FAAA\\\"",\\\""Content-Type\\\"":\\\""Content-Type: application\\\\\\\/json\\\"",\\\""user-agent\\\"":\\\""SnappPay, mouher-wear\\\""}}}\""}""",0,0,2025-04-18 19:48:56,2025-04-18 19:49:44
1078,5017237733,website,188,,completed,5017237733,"{""successful"":true,""response"":{""transactionId"":""5017237733""}}",,ef4c7591-7bc0-4fca-bd8c-76d3a6b940b3,727,2,103,2,1890000,1890000,1890000,0,"""{\""successful\"":true,\""response\"":{\""transactionId\"":\""5017237733\""}}""",0,0,2025-04-18 22:54:52,2025-04-19 21:05:40
1079,5605872112,website,198,,pending,5605872112,,,fe2fb028-d06a-4073-bd5a-fd82f46c3d90,1016,1,107,2,1390000,1390000,1390000,0,,0,0,2025-04-19 03:27:31,2025-04-19 03:27:32
1080,6733699798,website,198,,completed,6733699798,"{""successful"":true,""response"":{""transactionId"":""6733699798""}}",,5545d4be-f48b-4070-847d-f9e52580d818,1016,1,107,2,1390000,1390000,1390000,0,"""{\""successful\"":true,\""response\"":{\""transactionId\"":\""6733699798\""}}""",0,0,2025-04-19 03:29:10,2025-04-21 15:21:03
1081,4778588733,website,810,,completed,A000000000000000000000000000ngn5elzz,{},,,1146,1,484,3,1190000,1190000,1190000,0,"""{}""",0,0,2025-04-23 01:11:22,2025-04-24 13:45:38
1082,4372678323,website,696,,pending,,,,,953,1,405,2,490000,490000,490000,0,,0,0,2025-04-24 23:58:24,2025-04-24 23:58:24
1083,1236736658,website,696,,pending,,,,,953,1,405,2,490000,490000,490000,0,,0,0,2025-04-24 23:59:12,2025-04-24 23:59:12
1084,4592524805,website,696,,pending,,,,,953,1,405,2,490000,490000,490000,0,,0,0,2025-04-25 00:00:10,2025-04-25 00:00:10
1085,6045158143,website,696,,pending,A0000000000000000000000000006qd7lp2y,,,,953,1,405,3,490000,490000,490000,0,,0,0,2025-04-25 00:01:29,2025-04-25 00:01:29
1086,5987779110,website,696,,pending,,,,,953,1,405,2,490000,490000,490000,0,,0,0,2025-04-25 00:01:50,2025-04-25 00:01:50
1087,2158414285,website,523,,pending,,,,,1139,1,290,2,1490000,1490000,1490000,0,,0,0,2025-04-25 16:38:14,2025-04-25 16:38:14
1088,8305669468,website,523,,pending,,,,,1139,1,290,2,1490000,1490000,1490000,0,,0,0,2025-04-25 16:39:03,2025-04-25 16:39:03
1089,5898421074,website,523,,pending,,,,,1139,1,290,2,1490000,1490000,1490000,0,,0,0,2025-04-25 16:39:33,2025-04-25 16:39:33
1090,4051158521,website,523,,pending,,,,,1139,1,290,2,1490000,1490000,1490000,0,,0,0,2025-04-25 16:41:14,2025-04-25 16:41:14
1091,8851293080,website,523,,pending,,,,,1139,1,290,2,1490000,1490000,1490000,0,,0,0,2025-04-25 16:42:27,2025-04-25 16:42:27
1092,3317140746,website,523,,pending,,,,,1139,1,290,2,1490000,1490000,1490000,0,,0,0,2025-04-25 16:43:16,2025-04-25 16:43:16
1093,6082758857,website,523,,pending,,,,,1139,1,290,2,1490000,1490000,1490000,0,,0,0,2025-04-25 16:48:36,2025-04-25 16:48:36
1094,9372181272,website,362,,pending,,,,,714,1,215,2,590000,590000,590000,0,,0,0,2025-04-26 22:08:31,2025-04-26 22:08:31
1095,7013335995,website,362,,pending,,,,,714,1,215,2,590000,590000,590000,0,,0,0,2025-04-26 22:10:11,2025-04-26 22:10:11
1096,8683367283,website,812,,pending,,,,,1149,1,485,2,1340000,1340000,1340000,0,,0,0,2025-04-27 11:46:27,2025-04-27 11:46:27
1097,6213561517,website,812,,pending,,,,,1149,1,485,2,1340000,1340000,1340000,0,,0,0,2025-04-27 11:47:12,2025-04-27 11:47:12
1098,2424742703,website,812,,completed,A000000000000000000000000000py82dywm,{},,,1149,1,485,3,1340000,1340000,1340000,0,"""{}""",0,0,2025-04-27 11:47:29,2025-04-29 00:15:01
1099,7303121101,website,766,,pending,,,,,1138,1,455,2,1190000,1190000,1190000,0,,0,0,2025-04-27 18:36:36,2025-04-27 18:36:36
1100,8246317588,website,766,,completed,A000000000000000000000000000xq13mv3d,{},,,1138,1,455,3,1190000,1190000,1190000,0,"""{}""",0,0,2025-04-27 18:36:49,2025-04-29 00:15:05
1101,4269189339,website,362,,pending,,,,,714,1,215,2,590000,590000,590000,0,,0,0,2025-04-28 07:46:48,2025-04-28 07:46:48
1102,7722517999,website,198,,pending,,,,,1144,1,107,2,590000,590000,590000,0,,0,0,2025-04-29 04:41:23,2025-04-29 04:41:23
1103,4925097122,website,198,,pending,,,,,1144,1,107,2,590000,590000,590000,0,,0,0,2025-04-29 04:43:03,2025-04-29 04:43:03
1104,9396701790,website,198,,pending,,,,,1144,1,107,2,590000,590000,590000,0,,0,0,2025-04-29 04:43:46,2025-04-29 04:43:46
1105,1375653519,website,198,,pending,,,,,1144,1,107,2,590000,590000,590000,0,,0,0,2025-04-29 04:44:46,2025-04-29 04:44:46
1106,4812671041,website,198,,pending,,,,,1144,1,107,2,590000,590000,590000,0,,0,0,2025-04-29 05:05:55,2025-04-29 05:05:55
1107,2848792848,website,198,,pending,,,,,1144,1,107,2,590000,590000,590000,0,,0,0,2025-04-29 05:07:58,2025-04-29 05:07:58
1108,9801531909,website,198,,pending,,,,,1144,1,107,2,590000,590000,590000,0,,0,0,2025-04-29 05:09:50,2025-04-29 05:09:50
1109,4618551738,website,198,,pending,,,,,1144,1,107,2,590000,590000,590000,0,,0,0,2025-04-29 05:16:14,2025-04-29 05:16:14
1110,7812591266,website,198,,pending,,,,,1144,1,107,2,590000,590000,590000,0,,0,0,2025-04-29 05:18:13,2025-04-29 05:18:13
1111,3597912359,website,198,,pending,,,,,1144,1,107,2,980000,980000,0,0,,0,0,2025-04-29 05:19:06,2025-04-29 05:19:06
1112,9064098119,website,198,,pending,A000000000000000000000000000xq1o52dy,,,,1144,1,107,3,590000,590000,590000,0,,0,0,2025-04-29 05:22:23,2025-04-29 05:22:23
1113,4119143693,website,198,,pending,,,,,1144,1,107,2,590000,590000,590000,0,,0,0,2025-04-29 05:22:38,2025-04-29 05:22:38
1114,4883967703,website,198,,pending,,,,,1144,1,107,2,590000,590000,590000,0,,0,0,2025-04-29 05:25:18,2025-04-29 05:25:18
1115,5662344253,website,198,,pending,,,,,1144,1,107,2,590000,590000,590000,0,,0,0,2025-04-29 05:35:35,2025-04-29 05:35:35
1116,3925098184,website,198,,pending,,,,,1144,1,107,2,590000,590000,590000,0,,0,0,2025-04-29 06:23:03,2025-04-29 06:23:03
1117,6970497885,website,198,,pending,,,,,1144,1,107,2,590000,590000,590000,0,,0,0,2025-04-29 09:34:40,2025-04-29 09:34:40
1118,9108065256,website,198,,pending,,,,,1144,1,107,2,590000,590000,590000,0,,0,0,2025-04-29 10:22:22,2025-04-29 10:22:22
1119,6597392320,website,12,,pending,,,,,1047,2,10,2,1980000,1980000,0,0,,0,0,2025-04-29 10:33:01,2025-04-29 10:33:01
1120,4785427248,website,198,,pending,,,,,1144,1,107,2,590000,590000,590000,0,,0,0,2025-04-29 10:33:18,2025-04-29 10:33:18
1121,4524756068,website,12,,pending,,,,,1047,2,10,2,1980000,1980000,0,0,,0,0,2025-04-29 10:33:49,2025-04-29 10:33:49
1122,1033330143,website,198,,pending,,,,,1144,1,107,2,590000,590000,590000,0,,0,0,2025-04-29 10:36:38,2025-04-29 10:36:38
1123,4644640773,website,12,,pending,,,,,1047,2,10,2,1980000,1980000,0,0,,0,0,2025-04-29 10:54:38,2025-04-29 10:54:38
1124,9749090128,website,12,,pending,,,,,1047,2,10,2,1980000,1980000,0,0,,0,0,2025-04-29 10:56:22,2025-04-29 10:56:22
1125,4810882677,website,12,,pending,4810882677,,,edc973b8-8f7d-4c8e-9cf3-2cbad8cc5027,1047,2,10,2,1980000,1980000,0,0,,0,0,2025-04-29 10:59:03,2025-04-29 10:59:04
1126,4132202236,website,198,,completed,4132202236,"{""successful"":true,""response"":{""transactionId"":""4132202236""}}",,8bb480d7-5b87-404e-81f8-bc0c225d7719,1144,1,107,2,590000,590000,590000,0,"""{\""successful\"":true,\""response\"":{\""transactionId\"":\""4132202236\""}}""",0,0,2025-04-29 11:03:11,2025-04-30 19:43:36
1127,7873603069,website,2,,declined,7873603069,,,b9f5b9b2-6f52-4373-a23f-2104c544b457,15,1,7,2,1880000,1880000,0,0,"""{\""gt\"":\""{\\\""status\\\"":\\\""error\\\"",\\\""successful\\\"":false,\\\""statusCode\\\"":400,\\\""message\\\"":\\\""\\\\u0648\\\\u0636\\\\u0639\\\\u06cc\\\\u062a \\\\u062a\\\\u0631\\\\u0627\\\\u06a9\\\\u0646\\\\u0634 \\\\u0628\\\\u0631\\\\u0627\\\\u06cc \\\\u0639\\\\u0645\\\\u0644\\\\u06cc\\\\u0627\\\\u062a \\\\u0645\\\\u0648\\\\u0631\\\\u062f\\\\u0646\\\\u0638\\\\u0631 \\\\u0646\\\\u0627\\\\u0645\\\\u0646\\\\u0627\\\\u0633\\\\u0628 \\\\u0627\\\\u0633\\\\u062a.\\\"",\\\""url\\\"":\\\""https:\\\\\\\/\\\\\\\/api.snapppay.ir\\\\\\\/api\\\\\\\/online\\\\\\\/payment\\\\\\\/v1\\\\\\\/verify\\\"",\\\""args\\\"":{\\\""method\\\"":\\\""POST\\\"",\\\""body\\\"":\\\""{\\\\\\\""paymentToken\\\\\\\"":\\\\\\\""b9f5b9b2-6f52-4373-a23f-2104c544b457\\\\\\\""}\\\"",\\\""headers\\\"":{\\\""Authorization\\\"":\\\""Authorization: Bearer eyJhbGciOiJSUzI1NiIsInR5cCI6IkpXVCJ9.eyJ1c2VyX25hbWUiOiJtb3VoZXItd2Vhci1wdXJjaGFzZSIsInNjb3BlIjpbIm9ubGluZS1tZXJjaGFudCJdLCJleHAiOjE3NDU5NTUyMjUsImlhdCI6MTc0NTkxMjAyNSwiYXV0aG9yaXRpZXMiOlsiUk9MRV9VU0VSIl0sImp0aSI6Im1GWlhKLS1ES083Z1A4OFRrSjVTWjUyaDhicyIsImNsaWVudF9pZCI6Im1vdWhlci13ZWFyIn0.M1XfXeDu8Dv4aDgRw1SGiAzvYatotc6YKFqvD5tjnPDYef7FsvQO-qzEqp57Epnj7qUXoLe1GgZUEoFmqh7JZgahl8uwGU0qQCReMuWa5GPI28hjTeLlQmbAmXdBv7YY-Lb0OE_FfcuAYEj-O_49HhxUSIYzEjf3Iec-nfweNfgZnIsDauunAChwWBlVSQ3BaTOMw1zQ9Nos4UWLVkPYumo8Lk6VV2aQWyCKEPrNTjqZzhxjRffgjPUPIC4mJ4yPP5w7SApQt4If4OYctNimQqSx58MHQMVQi-8BDc9w-mcKBpYs46NP88tDviBKe4fogUMJ3NLIfyAErdzjAW3VMw\\\"",\\\""Content-Type\\\"":\\\""Content-Type: application\\\\\\\/json\\\"",\\\""user-agent\\\"":\\\""SnappPay, mouher-wear\\\""}}}\""}""",0,0,2025-04-29 11:03:22,2025-04-29 11:03:45
1128,2826445397,website,374,,completed,2826445397,"{""successful"":true,""response"":{""transactionId"":""2826445397""}}",,75d69f37-6a25-4976-a350-a8a22bd07f03,523,1,220,2,1880000,1880000,0,0,"{""notes"":null}",0,0,2025-04-29 17:40:07,2025-05-04 19:48:39
1129,1818529347,website,374,,pending,1818529347,,,5c41c94c-1761-4392-b722-191121805556,1155,1,220,2,1180000,1180000,0,0,,0,0,2025-04-29 22:05:34,2025-04-29 22:05:35
1130,3214615931,website,374,,declined,3214615931,,,2dfd10a1-a104-49ca-9b8f-39b8beffa3ca,1155,1,220,2,1180000,1180000,0,0,"""{\""gt\"":\""{\\\""status\\\"":\\\""error\\\"",\\\""successful\\\"":false,\\\""statusCode\\\"":400,\\\""message\\\"":\\\""\\\\u0648\\\\u0636\\\\u0639\\\\u06cc\\\\u062a \\\\u062a\\\\u0631\\\\u0627\\\\u06a9\\\\u0646\\\\u0634 \\\\u0628\\\\u0631\\\\u0627\\\\u06cc \\\\u0639\\\\u0645\\\\u0644\\\\u06cc\\\\u0627\\\\u062a \\\\u0645\\\\u0648\\\\u0631\\\\u062f\\\\u0646\\\\u0638\\\\u0631 \\\\u0646\\\\u0627\\\\u0645\\\\u0646\\\\u0627\\\\u0633\\\\u0628 \\\\u0627\\\\u0633\\\\u062a.\\\"",\\\""url\\\"":\\\""https:\\\\\\\/\\\\\\\/api.snapppay.ir\\\\\\\/api\\\\\\\/online\\\\\\\/payment\\\\\\\/v1\\\\\\\/verify\\\"",\\\""args\\\"":{\\\""method\\\"":\\\""POST\\\"",\\\""body\\\"":\\\""{\\\\\\\""paymentToken\\\\\\\"":\\\\\\\""2dfd10a1-a104-49ca-9b8f-39b8beffa3ca\\\\\\\""}\\\"",\\\""headers\\\"":{\\\""Authorization\\\"":\\\""Authorization: Bearer eyJhbGciOiJSUzI1NiIsInR5cCI6IkpXVCJ9.eyJ1c2VyX25hbWUiOiJtb3VoZXItd2Vhci1wdXJjaGFzZSIsInNjb3BlIjpbIm9ubGluZS1tZXJjaGFudCJdLCJleHAiOjE3NDU5OTUyMjQsImlhdCI6MTc0NTk1MjAyNCwiYXV0aG9yaXRpZXMiOlsiUk9MRV9VU0VSIl0sImp0aSI6IkYwOGREYzVpOWVSNDBxX3Y4Sno1aDVuOWxZVSIsImNsaWVudF9pZCI6Im1vdWhlci13ZWFyIn0.jUfypMeYxVReuNJWnhoagwppwTp5N-qI2pBlX9JF7RUy50v7lh2Yf5B-vwo2XjIQ-RoPHlDXFo1a6ltlDy2pDnpnieMpBFwGPfgZHfYYtMIqPFUgNddrbW-nEu06ld5NduSFIaqalLXmkLLzuLzpM19pxJhnHVLaYZA3t-8cDrz_oNhwJppU2wl8LP3gZNkhxlsA5QheAq_BUpYjUcyl9qTHabF6ISl2Tfb-ZQBscUaAYMM_uzjQv4mQmVnzrZgvE1Z2oW1UYmjMISoOHFTEGzT4lGfibdWqUBvszA99agUv44OI1SuWgGNs2LcSx67wTYnKechjIm0UTQuejzefew\\\"",\\\""Content-Type\\\"":\\\""Content-Type: application\\\\\\\/json\\\"",\\\""user-agent\\\"":\\\""SnappPay, mouher-wear\\\""}}}\""}""",0,0,2025-04-29 22:08:50,2025-04-29 22:10:24
1131,4595603494,website,374,,declined,4595603494,,,d494730f-4c3c-447c-83da-a6160b40f62b,1155,1,220,2,1180000,1180000,0,0,"""{\""gt\"":\""{\\\""status\\\"":\\\""error\\\"",\\\""successful\\\"":false,\\\""statusCode\\\"":400,\\\""message\\\"":\\\""\\\\u0648\\\\u0636\\\\u0639\\\\u06cc\\\\u062a \\\\u062a\\\\u0631\\\\u0627\\\\u06a9\\\\u0646\\\\u0634 \\\\u0628\\\\u0631\\\\u0627\\\\u06cc \\\\u0639\\\\u0645\\\\u0644\\\\u06cc\\\\u0627\\\\u062a \\\\u0645\\\\u0648\\\\u0631\\\\u062f\\\\u0646\\\\u0638\\\\u0631 \\\\u0646\\\\u0627\\\\u0645\\\\u0646\\\\u0627\\\\u0633\\\\u0628 \\\\u0627\\\\u0633\\\\u062a.\\\"",\\\""url\\\"":\\\""https:\\\\\\\/\\\\\\\/api.snapppay.ir\\\\\\\/api\\\\\\\/online\\\\\\\/payment\\\\\\\/v1\\\\\\\/verify\\\"",\\\""args\\\"":{\\\""method\\\"":\\\""POST\\\"",\\\""body\\\"":\\\""{\\\\\\\""paymentToken\\\\\\\"":\\\\\\\""d494730f-4c3c-447c-83da-a6160b40f62b\\\\\\\""}\\\"",\\\""headers\\\"":{\\\""Authorization\\\"":\\\""Authorization: Bearer eyJhbGciOiJSUzI1NiIsInR5cCI6IkpXVCJ9.eyJ1c2VyX25hbWUiOiJtb3VoZXItd2Vhci1wdXJjaGFzZSIsInNjb3BlIjpbIm9ubGluZS1tZXJjaGFudCJdLCJleHAiOjE3NDU5OTUyOTcsImlhdCI6MTc0NTk1MjA5NywiYXV0aG9yaXRpZXMiOlsiUk9MRV9VU0VSIl0sImp0aSI6IkdsUjlVTVZ5RjBFY1oyMHJ2X2lfa2hBWnFPVSIsImNsaWVudF9pZCI6Im1vdWhlci13ZWFyIn0.d_qdcCdnJYRzNgsQFUPOTvWD-bn3qCbqcmY3_aRoE5h8EmtACKVxSKoln8f2-QNnqFBVTwm0B9d7w5ejaO5uTbGTl6MsyYL3g6CDwwJZnBHdTHjqgWHEfA2NI5w88tByfFN4lV4H6YoqPSkYCm-gjWY7NkmueGk7PMhS-m-k54J69OeWVkYrNn0ISSzadDP-_QG6H1r4NqGdfVAio9Ns_7MyieJ-m90ueZE_BAwCosamCwCnxndEqw54uUFQj2b6POaXxW5pIC0juyyMSubKT5kpkbE7z-6GrW_STyFB6NNVJDf6XlZ8yQ4FP6dmryhn5Qy57KRzDNm1fhx1IymCiA\\\"",\\\""Content-Type\\\"":\\\""Content-Type: application\\\\\\\/json\\\"",\\\""user-agent\\\"":\\\""SnappPay, mouher-wear\\\""}}}\""}""",0,0,2025-04-29 22:10:54,2025-04-29 22:11:37
1132,1153158906,website,374,,pending,1153158906,,,de6ca0ca-26c6-44bb-a5b5-e9e0224c170f,1155,1,220,2,1180000,1180000,0,0,,0,0,2025-04-29 22:25:18,2025-04-29 22:25:19
1133,5195484132,website,374,,pending,5195484132,,,483ea71d-5b9e-4e48-9ac3-16e25a7090a0,1155,1,220,2,1180000,1180000,0,0,,0,0,2025-04-30 01:49:17,2025-04-30 01:49:18
1134,5125697418,website,374,,declined,5125697418,,,021e2876-f3a7-465a-aab9-a7d9a69c7eaf,1155,1,220,2,1180000,1180000,0,0,"""{\""gt\"":\""{\\\""status\\\"":\\\""error\\\"",\\\""successful\\\"":false,\\\""statusCode\\\"":400,\\\""message\\\"":\\\""\\\\u0648\\\\u0636\\\\u0639\\\\u06cc\\\\u062a \\\\u062a\\\\u0631\\\\u0627\\\\u06a9\\\\u0646\\\\u0634 \\\\u0628\\\\u0631\\\\u0627\\\\u06cc \\\\u0639\\\\u0645\\\\u0644\\\\u06cc\\\\u0627\\\\u062a \\\\u0645\\\\u0648\\\\u0631\\\\u062f\\\\u0646\\\\u0638\\\\u0631 \\\\u0646\\\\u0627\\\\u0645\\\\u0646\\\\u0627\\\\u0633\\\\u0628 \\\\u0627\\\\u0633\\\\u062a.\\\"",\\\""url\\\"":\\\""https:\\\\\\\/\\\\\\\/api.snapppay.ir\\\\\\\/api\\\\\\\/online\\\\\\\/payment\\\\\\\/v1\\\\\\\/verify\\\"",\\\""args\\\"":{\\\""method\\\"":\\\""POST\\\"",\\\""body\\\"":\\\""{\\\\\\\""paymentToken\\\\\\\"":\\\\\\\""021e2876-f3a7-465a-aab9-a7d9a69c7eaf\\\\\\\""}\\\"",\\\""headers\\\"":{\\\""Authorization\\\"":\\\""Authorization: Bearer eyJhbGciOiJSUzI1NiIsInR5cCI6IkpXVCJ9.eyJ1c2VyX25hbWUiOiJtb3VoZXItd2Vhci1wdXJjaGFzZSIsInNjb3BlIjpbIm9ubGluZS1tZXJjaGFudCJdLCJleHAiOjE3NDYwMDg1NTIsImlhdCI6MTc0NTk2NTM1MiwiYXV0aG9yaXRpZXMiOlsiUk9MRV9VU0VSIl0sImp0aSI6ImpJYmExZDV4NHd2Z21HS2Y4YmJPeFF2RGZFTSIsImNsaWVudF9pZCI6Im1vdWhlci13ZWFyIn0.Nj-7bUusn5SNSDykZwGH18QuNS5gkMjv9vnDK_J7nv8RragYV8XMBmLChv36_45ym7cSSGGzMy0fZLNcjXN0L7iWmxnr7YmXXPKyUnj37_nfPsP1NTGsQ9zsGb5cab4UdHeDl2Ins89_R50ctpXZGoLGBvH9FyZW7lz6FZn76d2xlr-aegp8VQkmeaRHiBSf7E4JfSHgYqDWxrg5wyw7_r7iTfNre_BUsFqOcT8iMMq-diGGqsLJOmofR42Q20TPMESQ9lUHoHHLh8ENOQIJ-btVkvICBTBVtbDUcd6ynFK4ptQMU9rHTMTHJ7QMnOOKWJ-59FXP1fkcoD_dg68W5Q\\\"",\\\""Content-Type\\\"":\\\""Content-Type: application\\\\\\\/json\\\"",\\\""user-agent\\\"":\\\""SnappPay, mouher-wear\\\""}}}\""}""",0,0,2025-04-30 01:52:03,2025-04-30 01:52:33
1135,7836979081,website,374,,pending,7836979081,,,9f89b98c-3ce4-44c0-abec-38fb54184b99,1155,1,220,2,1180000,1180000,0,0,,0,0,2025-04-30 12:59:02,2025-04-30 12:59:03
1136,7257824485,website,374,,pending,7257824485,,,908a5009-f5b3-4456-bf51-5c61204b9b42,1155,1,220,2,2980000,2980000,0,0,,0,0,2025-05-02 01:43:51,2025-05-02 01:43:52
1137,1262957333,website,789,,pending,A000000000000000000000000000y516er61,,,,1111,1,470,3,1980000,1980000,0,0,,0,0,2025-05-02 14:17:41,2025-05-02 14:17:42
1138,1298636091,website,789,,pending,A000000000000000000000000000mrv8d3dv,,,,1111,1,470,3,1980000,1980000,0,0,,0,0,2025-05-02 14:19:27,2025-05-02 14:19:27
1139,6258348995,website,789,,pending,A000000000000000000000000000ge3xx7o5,,,,1111,1,470,3,1980000,1980000,0,0,,0,0,2025-05-02 18:59:13,2025-05-02 18:59:14
1140,1201403110,website,789,,completed,A000000000000000000000000000ge3xxx7l,{},,,1111,1,470,3,1980000,1980000,0,0,"""{}""",0,0,2025-05-02 19:03:45,2025-05-04 19:48:58
1141,5216851133,website,818,,pending,5216851133,,,792ab471-bb12-4c35-a35e-f2c6186277f6,1160,2,486,2,980000,980000,0,0,,0,0,2025-05-04 14:38:05,2025-05-04 14:38:05
1142,2190936179,website,819,,pending,2190936179,,,fa8ccdf8-3886-42c2-85a2-1329b61bb2aa,1161,2,487,2,990000,990000,990000,0,,0,0,2025-05-04 14:44:20,2025-05-04 14:44:21
1143,4396453577,website,818,,declined,4396453577,,,3c6adced-b9ca-4c3a-9124-c17cebc97031,1160,2,486,2,980000,980000,0,0,"""{\""gt\"":\""{\\\""status\\\"":\\\""error\\\"",\\\""successful\\\"":false,\\\""statusCode\\\"":400,\\\""message\\\"":\\\""\\\\u0648\\\\u0636\\\\u0639\\\\u06cc\\\\u062a \\\\u062a\\\\u0631\\\\u0627\\\\u06a9\\\\u0646\\\\u0634 \\\\u0628\\\\u0631\\\\u0627\\\\u06cc \\\\u0639\\\\u0645\\\\u0644\\\\u06cc\\\\u0627\\\\u062a \\\\u0645\\\\u0648\\\\u0631\\\\u062f\\\\u0646\\\\u0638\\\\u0631 \\\\u0646\\\\u0627\\\\u0645\\\\u0646\\\\u0627\\\\u0633\\\\u0628 \\\\u0627\\\\u0633\\\\u062a.\\\"",\\\""url\\\"":\\\""https:\\\\\\\/\\\\\\\/api.snapppay.ir\\\\\\\/api\\\\\\\/online\\\\\\\/payment\\\\\\\/v1\\\\\\\/verify\\\"",\\\""args\\\"":{\\\""method\\\"":\\\""POST\\\"",\\\""body\\\"":\\\""{\\\\\\\""paymentToken\\\\\\\"":\\\\\\\""3c6adced-b9ca-4c3a-9124-c17cebc97031\\\\\\\""}\\\"",\\\""headers\\\"":{\\\""Authorization\\\"":\\\""Authorization: Bearer eyJhbGciOiJSUzI1NiIsInR5cCI6IkpXVCJ9.eyJ1c2VyX25hbWUiOiJtb3VoZXItd2Vhci1wdXJjaGFzZSIsInNjb3BlIjpbIm9ubGluZS1tZXJjaGFudCJdLCJleHAiOjE3NDY0MDA4MjUsImlhdCI6MTc0NjM1NzYyNSwiYXV0aG9yaXRpZXMiOlsiUk9MRV9VU0VSIl0sImp0aSI6Ilp3TzByTXg3ODR6ekNTd21mSnYtLTJacXdsRSIsImNsaWVudF9pZCI6Im1vdWhlci13ZWFyIn0.aanyHcVTTTyiYYSHTscNSHg7Sa1kKjDUgVv99XAdP8yNsyNNrLab31yvD51kr1qFhiKLncP562bqPP-ggSiPMPnV5Lkju4jh7Tdsc1IgcSCr_XXvaOb-qVXScoLocQ4XpzM3dkoN57c4XNiMo4D0ednKsICBrrkmwWzD2F1c53qflknYHW1zMD1bY_C1Ry4UZMXCLkOJOQaUHin7tlumhefC4kgXR5Pug7zLVHW6EoCtn2lccmp3hOGCLPCmfb80iRFg3w_SFVE57C4KY00CvoW7th7BKmTCND-IqUB14CEfryhqxsO7Wi7RMv5rNQRrNAYU2sFA1k6C_Mh5OUbiPQ\\\"",\\\""Content-Type\\\"":\\\""Content-Type: application\\\\\\\/json\\\"",\\\""user-agent\\\"":\\\""SnappPay, mouher-wear\\\""}}}\""}""",0,0,2025-05-04 14:45:24,2025-05-04 14:50:25
1144,1386088461,website,819,,completed,1386088461,"{""successful"":true,""response"":{""transactionId"":""1386088461""}}",,f2a79570-1013-4517-894f-2b28c43100ac,1161,2,487,2,2470000,2470000,990000,0,"""{\""successful\"":true,\""response\"":{\""transactionId\"":\""1386088461\""}}""",0,0,2025-05-04 15:12:21,2025-05-05 20:09:11
1145,2846505722,website,820,,pending,A000000000000000000000000000eep8p3jn,,,,1163,1,488,3,1480000,1480000,0,0,,0,0,2025-05-04 18:39:01,2025-05-04 18:39:02
1146,4668178298,website,820,,pending,4668178298,,,6cf54f85-5856-452b-bf53-c6ab6d820635,1163,1,488,2,1480000,1480000,0,0,,0,0,2025-05-04 18:39:25,2025-05-04 18:39:26
1147,2791093750,website,822,,completed,2791093750,"{""successful"":true,""response"":{""transactionId"":""2791093750""}}",,8bf6cf14-a24e-482d-8060-1ed46d39d00a,1164,2,489,2,1560000,1560000,0,0,"""{\""successful\"":true,\""response\"":{\""transactionId\"":\""2791093750\""}}""",0,0,2025-05-06 12:48:27,2025-05-08 20:26:55
1148,5037648774,website,523,,completed,5037648774,"{""successful"":true,""response"":{""transactionId"":""5037648774""}}",,c4cce4a2-5e10-4125-bd57-81d7b008672e,1139,1,290,2,1890000,1890000,1890000,0,"""{\""successful\"":true,\""response\"":{\""transactionId\"":\""5037648774\""}}""",0,0,2025-05-06 14:13:01,2025-05-08 20:27:00
1149,3429560554,website,766,,declined,3429560554,,,cfd38f3b-889f-4bd4-bfd9-56f0d3d70ac0,1151,2,455,2,2670000,2670000,1190000,0,"""{\""gt\"":\""{\\\""status\\\"":\\\""error\\\"",\\\""successful\\\"":false,\\\""statusCode\\\"":400,\\\""message\\\"":\\\""\\\\u0648\\\\u0636\\\\u0639\\\\u06cc\\\\u062a \\\\u062a\\\\u0631\\\\u0627\\\\u06a9\\\\u0646\\\\u0634 \\\\u0628\\\\u0631\\\\u0627\\\\u06cc \\\\u0639\\\\u0645\\\\u0644\\\\u06cc\\\\u0627\\\\u062a \\\\u0645\\\\u0648\\\\u0631\\\\u062f\\\\u0646\\\\u0638\\\\u0631 \\\\u0646\\\\u0627\\\\u0645\\\\u0646\\\\u0627\\\\u0633\\\\u0628 \\\\u0627\\\\u0633\\\\u062a.\\\"",\\\""url\\\"":\\\""https:\\\\\\\/\\\\\\\/api.snapppay.ir\\\\\\\/api\\\\\\\/online\\\\\\\/payment\\\\\\\/v1\\\\\\\/verify\\\"",\\\""args\\\"":{\\\""method\\\"":\\\""POST\\\"",\\\""body\\\"":\\\""{\\\\\\\""paymentToken\\\\\\\"":\\\\\\\""cfd38f3b-889f-4bd4-bfd9-56f0d3d70ac0\\\\\\\""}\\\"",\\\""headers\\\"":{\\\""Authorization\\\"":\\\""Authorization: Bearer eyJhbGciOiJSUzI1NiIsInR5cCI6IkpXVCJ9.eyJ1c2VyX25hbWUiOiJtb3VoZXItd2Vhci1wdXJjaGFzZSIsInNjb3BlIjpbIm9ubGluZS1tZXJjaGFudCJdLCJleHAiOjE3NDY1NzE1NDMsImlhdCI6MTc0NjUyODM0MywiYXV0aG9yaXRpZXMiOlsiUk9MRV9VU0VSIl0sImp0aSI6ImJFT1k0aTZwZ014dW1Oem5XOVJxd0xlQzg5TSIsImNsaWVudF9pZCI6Im1vdWhlci13ZWFyIn0.jW98Aj6yIr0phhrEXD2sACfI8sRh29v3kHCnVRQrkgXZ2wabAozXu_cOBNk1qzzKMeKQz8U7R0RGEOFdtIwPnf3Vj6p9RioenHMdG_koTBny8PXxKBbGyLbrq2ZA-e4wLUCt6BLlGtShFRBu03b2AkkLijmbijbZ_W4dsDqtTkGbZLPWJpxr0yaMv3093XSeQTsBCk4Cu2QHMVC7VWkwWyk5lIuCdyrCqrYRv7tUlLUV0gmD7Am4O4WB4HpoAeov5xx8OS-XdRtNLRynmFa6k-T04SAQjqbttXlwBVwxeYO8_NXFgvoYcd_CtSlM8WO0-p8VB4hDzW1vavyVV6DNvA\\\"",\\\""Content-Type\\\"":\\\""Content-Type: application\\\\\\\/json\\\"",\\\""user-agent\\\"":\\\""SnappPay, mouher-wear\\\""}}}\""}""",0,0,2025-05-06 14:14:59,2025-05-06 14:15:43
1150,2626958945,website,766,,declined,2626958945,,,81180704-a52f-4191-aa61-d7acf8a493d3,1151,1,455,2,2670000,2670000,1190000,0,"""{\""gt\"":\""{\\\""status\\\"":\\\""error\\\"",\\\""successful\\\"":false,\\\""statusCode\\\"":400,\\\""message\\\"":\\\""\\\\u0648\\\\u0636\\\\u0639\\\\u06cc\\\\u062a \\\\u062a\\\\u0631\\\\u0627\\\\u06a9\\\\u0646\\\\u0634 \\\\u0628\\\\u0631\\\\u0627\\\\u06cc \\\\u0639\\\\u0645\\\\u0644\\\\u06cc\\\\u0627\\\\u062a \\\\u0645\\\\u0648\\\\u0631\\\\u062f\\\\u0646\\\\u0638\\\\u0631 \\\\u0646\\\\u0627\\\\u0645\\\\u0646\\\\u0627\\\\u0633\\\\u0628 \\\\u0627\\\\u0633\\\\u062a.\\\"",\\\""url\\\"":\\\""https:\\\\\\\/\\\\\\\/api.snapppay.ir\\\\\\\/api\\\\\\\/online\\\\\\\/payment\\\\\\\/v1\\\\\\\/verify\\\"",\\\""args\\\"":{\\\""method\\\"":\\\""POST\\\"",\\\""body\\\"":\\\""{\\\\\\\""paymentToken\\\\\\\"":\\\\\\\""81180704-a52f-4191-aa61-d7acf8a493d3\\\\\\\""}\\\"",\\\""headers\\\"":{\\\""Authorization\\\"":\\\""Authorization: Bearer eyJhbGciOiJSUzI1NiIsInR5cCI6IkpXVCJ9.eyJ1c2VyX25hbWUiOiJtb3VoZXItd2Vhci1wdXJjaGFzZSIsInNjb3BlIjpbIm9ubGluZS1tZXJjaGFudCJdLCJleHAiOjE3NDY1NzE3NDQsImlhdCI6MTc0NjUyODU0NCwiYXV0aG9yaXRpZXMiOlsiUk9MRV9VU0VSIl0sImp0aSI6InNBblhGdUIwck9MM0g2eFFicXhvMWozMWFQMCIsImNsaWVudF9pZCI6Im1vdWhlci13ZWFyIn0.dZCNpnAjFagrACIHMoKxVxD0ewKhjWSLjHcLP0_-z1mdvZS8pGLcrvCAq07I1WIOhxdkFePgmKL2OtD-thuPrdDfvhyuE6jOL8JkooaOzat3Rp89qk8OulEHiK52UYGWzpriab8GkC5nvsbsOjCfX3efZgFbXHYtw6iGakePlJ32FjbaHMFeXgY8dumrMQ9OYWKLLXYCICpl2bgz9RF1G-mCcvNXvdgeMtLopRPqdlLE31k027bBiOEq6y6BW-TJh75nyO2tlwy1lF34UQfZmKejokGn4-n9MyYO5NxqRrl_Wob7OezPJzJ3bSL1PzUvDIErQM7v3G6DxAFxT-shqg\\\"",\\\""Content-Type\\\"":\\\""Content-Type: application\\\\\\\/json\\\"",\\\""user-agent\\\"":\\\""SnappPay, mouher-wear\\\""}}}\""}""",0,0,2025-05-06 14:17:06,2025-05-06 14:19:04
1151,9508597046,website,766,,pending,9508597046,,,12c00f0d-28a8-4a6c-8970-bd4d6c4ac8d9,1151,1,455,2,2670000,2670000,1190000,0,,0,0,2025-05-06 14:19:36,2025-05-06 14:19:36
1152,5496944329,website,362,,completed,5496944329,"{""successful"":true,""response"":{""transactionId"":""5496944329""}}",,93380a8a-8245-4ea5-9461-1ce510315355,714,1,215,2,1080000,1080000,1080000,0,"""{\""successful\"":true,\""response\"":{\""transactionId\"":\""5496944329\""}}""",0,0,2025-05-06 15:12:57,2025-05-08 20:27:06
1153,2729456056,website,823,,pending,2729456056,,,c2c9e3d7-7191-4c43-bfb8-dd11181aae50,1168,1,490,2,1390000,1390000,1390000,0,,0,0,2025-05-06 16:28:52,2025-05-06 16:28:53
1154,9969069926,website,379,,declined,9969069926,,,7087b94c-925f-4746-8d03-a80ecb6c690d,600,1,224,2,1880000,1880000,0,0,"""{\""gt\"":\""{\\\""status\\\"":\\\""error\\\"",\\\""successful\\\"":false,\\\""statusCode\\\"":400,\\\""message\\\"":\\\""\\\\u0648\\\\u0636\\\\u0639\\\\u06cc\\\\u062a \\\\u062a\\\\u0631\\\\u0627\\\\u06a9\\\\u0646\\\\u0634 \\\\u0628\\\\u0631\\\\u0627\\\\u06cc \\\\u0639\\\\u0645\\\\u0644\\\\u06cc\\\\u0627\\\\u062a \\\\u0645\\\\u0648\\\\u0631\\\\u062f\\\\u0646\\\\u0638\\\\u0631 \\\\u0646\\\\u0627\\\\u0645\\\\u0646\\\\u0627\\\\u0633\\\\u0628 \\\\u0627\\\\u0633\\\\u062a.\\\"",\\\""url\\\"":\\\""https:\\\\\\\/\\\\\\\/api.snapppay.ir\\\\\\\/api\\\\\\\/online\\\\\\\/payment\\\\\\\/v1\\\\\\\/verify\\\"",\\\""args\\\"":{\\\""method\\\"":\\\""POST\\\"",\\\""body\\\"":\\\""{\\\\\\\""paymentToken\\\\\\\"":\\\\\\\""7087b94c-925f-4746-8d03-a80ecb6c690d\\\\\\\""}\\\"",\\\""headers\\\"":{\\\""Authorization\\\"":\\\""Authorization: Bearer eyJhbGciOiJSUzI1NiIsInR5cCI6IkpXVCJ9.eyJ1c2VyX25hbWUiOiJtb3VoZXItd2Vhci1wdXJjaGFzZSIsInNjb3BlIjpbIm9ubGluZS1tZXJjaGFudCJdLCJleHAiOjE3NDY3NTg4MTMsImlhdCI6MTc0NjcxNTYxMywiYXV0aG9yaXRpZXMiOlsiUk9MRV9VU0VSIl0sImp0aSI6IlJPWHhiVnZjT2MyNGFCeEdLNnE4U0pjbUdHYyIsImNsaWVudF9pZCI6Im1vdWhlci13ZWFyIn0.GY4hhTzBPyeK83XvG2uvZkrwILFlFDVdUJD-cP5-91EuH2fLNJ1KZbOwbphAuyed5A0OPEgoMrs5LEzmrD-svBRHtxCqY4mLQyZ9St3GKHoGcxZWzbV8bf0h82LBtphRPXA9PFAzGJN-OAa0id7w6QAKKOkVHr7kMd_7MbYL2hQ97N5G9Mb00fku7SEGtgnvkkttcwdtcZgw1JOnnH8fwNPW_P9mQ0gAsdZ5KTd1O6UPMkx4u3dzTbjyJDdYQn50uI_SVrY4Hsfhri4jHjmOWHkvy97q7jk8nBMTu4JJHirDWzvCrTTOjy-8CEP47jp1drBXZ4Y20LoaxF6Br3BSgA\\\"",\\\""Content-Type\\\"":\\\""Content-Type: application\\\\\\\/json\\\"",\\\""user-agent\\\"":\\\""SnappPay, mouher-wear\\\""}}}\""}""",0,0,2025-05-08 18:15:32,2025-05-08 18:16:53
1155,8697287426,website,379,,completed,8697287426,"{""successful"":true,""response"":{""transactionId"":""8697287426""}}",,d4e7db37-1f7e-4e64-8d31-6e715fb8db5e,600,1,224,2,1880000,1880000,0,0,"""{\""successful\"":true,\""response\"":{\""transactionId\"":\""8697287426\""}}""",0,0,2025-05-08 18:17:16,2025-05-10 22:53:04
1156,9204338287,website,175,,declined,9204338287,,,c40423c2-88d8-4481-84aa-4d0048b3b20c,919,1,97,2,1180000,1180000,0,0,"""{\""gt\"":\""{\\\""status\\\"":\\\""error\\\"",\\\""successful\\\"":false,\\\""statusCode\\\"":200,\\\""message\\\"":\\\""\\\\u062b\\\\u0628\\\\u062a \\\\u062f\\\\u0631\\\\u062e\\\\u0648\\\\u0627\\\\u0633\\\\u062a \\\\u062c\\\\u062f\\\\u06cc\\\\u062f \\\\u0645\\\\u0645\\\\u06a9\\\\u0646 \\\\u0646\\\\u06cc\\\\u0633\\\\u062a. \\\\u0644\\\\u0637\\\\u0641\\\\u0627\\\\u064b \\\\u0686\\\\u0646\\\\u062f \\\\u0644\\\\u062d\\\\u0638\\\\u0647\\\\u0654 \\\\u062f\\\\u06cc\\\\u06af\\\\u0631 \\\\u062f\\\\u0648\\\\u0628\\\\u0627\\\\u0631\\\\u0647 \\\\u062a\\\\u0644\\\\u0627\\\\u0634 \\\\u06a9\\\\u0646\\\\u06cc\\\\u062f.\\\"",\\\""url\\\"":\\\""https:\\\\\\\/\\\\\\\/api.snapppay.ir\\\\\\\/api\\\\\\\/online\\\\\\\/payment\\\\\\\/v1\\\\\\\/verify\\\"",\\\""args\\\"":{\\\""method\\\"":\\\""POST\\\"",\\\""body\\\"":\\\""{\\\\\\\""paymentToken\\\\\\\"":\\\\\\\""c40423c2-88d8-4481-84aa-4d0048b3b20c\\\\\\\""}\\\"",\\\""headers\\\"":{\\\""Authorization\\\"":\\\""Authorization: Bearer eyJhbGciOiJSUzI1NiIsInR5cCI6IkpXVCJ9.eyJ1c2VyX25hbWUiOiJtb3VoZXItd2Vhci1wdXJjaGFzZSIsInNjb3BlIjpbIm9ubGluZS1tZXJjaGFudCJdLCJleHAiOjE3NDY5MTk0MDIsImlhdCI6MTc0Njg3NjIwMiwiYXV0aG9yaXRpZXMiOlsiUk9MRV9VU0VSIl0sImp0aSI6InVMd1l6NHpOMkZnMHpXd0F0M05NUFlqbjV4WSIsImNsaWVudF9pZCI6Im1vdWhlci13ZWFyIn0.Y9e0sxGe1-uuUCOqZ25ODjHzn4fcKHblqizakkOi4aQqxIYjITUo0cNEVvnC5CeSoucPewR-6ISyLUZu4w1zbPTT3wgJAzBNqEeb4MYX-I3_ieOkImhVFrm8Z4RLwHKemD5BMDS73AtfU5EsrV23-veyelYp84ESkqXukgOoWYjQcHLkraiC3hJDN42tdSKfOquGfmgaTasAbuwHcI-XnbiXLRCMXfTyV7bDFLsYJhsxPm_UhybBAVC88Gqs49DAdsiPLAXmoVVzsZdS3Oihsak755O6FD_DwJ5oE4KsddPC18Dt0WxPaM9bAB0aVEHbz4TdFgLDB5PAMbnJkAWtFQ\\\"",\\\""Content-Type\\\"":\\\""Content-Type: application\\\\\\\/json\\\"",\\\""user-agent\\\"":\\\""SnappPay, mouher-wear\\\""}}}\""}""",0,0,2025-05-10 14:48:08,2025-05-10 14:53:22
1157,7181744069,website,647,,completed,7181744069,"{""successful"":true,""response"":{""transactionId"":""7181744069""}}",,2eff21b1-e225-48ad-bf64-0715d6ca529c,877,1,492,2,1480000,1480000,0,0,"""{\""successful\"":true,\""response\"":{\""transactionId\"":\""7181744069\""}}""",0,0,2025-05-10 23:54:59,2025-05-12 16:16:21
1158,7030473926,website,824,,pending,7030473926,,,82cad621-4c88-46a5-9b9a-059a019a70fb,1171,1,493,2,1180000,1180000,0,0,,0,0,2025-05-13 11:37:14,2025-05-13 11:37:15
1159,1575088607,website,175,,pending,1575088607,,,ad35c196-9812-4137-8138-b4c2a4d669eb,919,1,97,2,2360000,2360000,0,0,,0,0,2025-05-15 15:27:58,2025-05-15 15:27:58
1160,2397080487,website,175,,pending,2397080487,,,90a9d2eb-a850-4c6d-8792-ada32b8b8694,919,1,97,2,1180000,1180000,0,0,,0,0,2025-05-15 15:34:13,2025-05-15 15:34:13
1161,6063817563,website,175,,pending,6063817563,,,feb5e605-60ab-485e-948a-fd22fbbca635,919,1,97,2,1180000,1180000,0,0,,0,0,2025-05-16 17:04:05,2025-05-16 17:04:06
1162,2372637130,website,175,,pending,2372637130,,,990ed488-6376-4fa6-a7d4-4fe02bb649fe,919,1,97,2,1180000,1180000,0,0,,0,0,2025-05-16 19:48:11,2025-05-16 19:48:12
1163,2855945631,website,175,,pending,2855945631,,,567972aa-7918-46f4-9ebc-cd5e95de8dcf,919,1,97,2,1180000,1180000,0,0,,0,0,2025-05-17 13:28:41,2025-05-17 13:28:42
1164,2687169253,website,175,,declined,2687169253,,,7877069f-91d6-45c9-9779-48d5396dc222,919,1,97,2,1180000,1180000,0,0,"""{\""gt\"":\""{\\\""status\\\"":\\\""error\\\"",\\\""successful\\\"":false,\\\""statusCode\\\"":400,\\\""message\\\"":\\\""\\\\u0648\\\\u0636\\\\u0639\\\\u06cc\\\\u062a \\\\u062a\\\\u0631\\\\u0627\\\\u06a9\\\\u0646\\\\u0634 \\\\u0628\\\\u0631\\\\u0627\\\\u06cc \\\\u0639\\\\u0645\\\\u0644\\\\u06cc\\\\u0627\\\\u062a \\\\u0645\\\\u0648\\\\u0631\\\\u062f\\\\u0646\\\\u0638\\\\u0631 \\\\u0646\\\\u0627\\\\u0645\\\\u0646\\\\u0627\\\\u0633\\\\u0628 \\\\u0627\\\\u0633\\\\u062a.\\\"",\\\""url\\\"":\\\""https:\\\\\\\/\\\\\\\/api.snapppay.ir\\\\\\\/api\\\\\\\/online\\\\\\\/payment\\\\\\\/v1\\\\\\\/verify\\\"",\\\""args\\\"":{\\\""method\\\"":\\\""POST\\\"",\\\""body\\\"":\\\""{\\\\\\\""paymentToken\\\\\\\"":\\\\\\\""7877069f-91d6-45c9-9779-48d5396dc222\\\\\\\""}\\\"",\\\""headers\\\"":{\\\""Authorization\\\"":\\\""Authorization: Bearer eyJhbGciOiJSUzI1NiIsInR5cCI6IkpXVCJ9.eyJ1c2VyX25hbWUiOiJtb3VoZXItd2Vhci1wdXJjaGFzZSIsInNjb3BlIjpbIm9ubGluZS1tZXJjaGFudCJdLCJleHAiOjE3NDc1MTk1ODQsImlhdCI6MTc0NzQ3NjM4NCwiYXV0aG9yaXRpZXMiOlsiUk9MRV9VU0VSIl0sImp0aSI6ImpKUWRuS2NJM015WkNSaHdBM3Z1QW5qQm4wWSIsImNsaWVudF9pZCI6Im1vdWhlci13ZWFyIn0.VIhpxtQpI77asiTVGFJKmjCVkwFpm90UgsoPOK1Oe7saUt8jrZqjwfGScDtb8ugjNr9JsiJUeqduNgii9ru7D60R6UcuHHTRqrxFsp87dDPAGalc4O2lvc6NKJ2_WuA0ltJ_lc3t4dm8sVrFX3fHhhrIVaBFNFFn14yx-GC5xgPCzonpJQbLabF1IQlLGqavKi0yh0ZmLskwxVLtOxs01A4LXGjMEmNKh6u2HGoB4Kslg_XrWKnCG4qVeAdv_xajSsoTT8-gI0WhJsuDk1EzoXYK2c99umhRyQE_6w8WIXZisHt2FvaWqvUm3ehnIdsVZddHj04XKYI-j8cY9G6VmA\\\"",\\\""Content-Type\\\"":\\\""Content-Type: application\\\\\\\/json\\\"",\\\""user-agent\\\"":\\\""SnappPay, mouher-wear\\\""}}}\""}""",0,0,2025-05-17 13:29:45,2025-05-17 13:36:24
1165,7940342252,website,175,,pending,A000000000000000000000000000ger8pxln,,,,919,1,97,3,1180000,1180000,0,0,,0,0,2025-05-17 13:36:44,2025-05-17 13:36:44
1166,4753897439,website,175,,declined,4753897439,,,cc07ec03-4572-46df-b6cc-7575ce172825,919,1,97,2,1180000,1180000,0,0,"""{\""gt\"":\""{\\\""status\\\"":\\\""error\\\"",\\\""successful\\\"":false,\\\""statusCode\\\"":400,\\\""message\\\"":\\\""\\\\u0648\\\\u0636\\\\u0639\\\\u06cc\\\\u062a \\\\u062a\\\\u0631\\\\u0627\\\\u06a9\\\\u0646\\\\u0634 \\\\u0628\\\\u0631\\\\u0627\\\\u06cc \\\\u0639\\\\u0645\\\\u0644\\\\u06cc\\\\u0627\\\\u062a \\\\u0645\\\\u0648\\\\u0631\\\\u062f\\\\u0646\\\\u0638\\\\u0631 \\\\u0646\\\\u0627\\\\u0645\\\\u0646\\\\u0627\\\\u0633\\\\u0628 \\\\u0627\\\\u0633\\\\u062a.\\\"",\\\""url\\\"":\\\""https:\\\\\\\/\\\\\\\/api.snapppay.ir\\\\\\\/api\\\\\\\/online\\\\\\\/payment\\\\\\\/v1\\\\\\\/verify\\\"",\\\""args\\\"":{\\\""method\\\"":\\\""POST\\\"",\\\""body\\\"":\\\""{\\\\\\\""paymentToken\\\\\\\"":\\\\\\\""cc07ec03-4572-46df-b6cc-7575ce172825\\\\\\\""}\\\"",\\\""headers\\\"":{\\\""Authorization\\\"":\\\""Authorization: Bearer eyJhbGciOiJSUzI1NiIsInR5cCI6IkpXVCJ9.eyJ1c2VyX25hbWUiOiJtb3VoZXItd2Vhci1wdXJjaGFzZSIsInNjb3BlIjpbIm9ubGluZS1tZXJjaGFudCJdLCJleHAiOjE3NDc1MTk3MjEsImlhdCI6MTc0NzQ3NjUyMSwiYXV0aG9yaXRpZXMiOlsiUk9MRV9VU0VSIl0sImp0aSI6IkFLa3diQzZ5M0c2a3p4ZWpwX0ZwMjZUQV9fWSIsImNsaWVudF9pZCI6Im1vdWhlci13ZWFyIn0.CWF3hwc83Mx7pyXImVwPfecjFrUCwZD_kmuJDh0aHzr8qSoF9-EmsAXUfAJk31N6FAjbNmoxFaslwVko0oBmcU0vHlabySjfBAnpa2oO64h8mM3j6MlEnBd15WE0L12Euh-jDN820-obDYxcfgQgSFEptBmhoh8bk0o80rm7-phMtOOMBXOIHMMyIcCkv3_xQS43BpKeedykNaDNE5iytcZEEbimRRxMT5Sj_qIE8HUcdvvM5u6qhZvmznOPL7hKyxHM-_ifr6LVi0TyEpu2TgS8r8BYNUTgGwd4RrTTy6niIk6ekvciHE_J05UKS2R1ueAgHoYEsSWYq5sa-N5qYA\\\"",\\\""Content-Type\\\"":\\\""Content-Type: application\\\\\\\/json\\\"",\\\""user-agent\\\"":\\\""SnappPay, mouher-wear\\\""}}}\""}""",0,0,2025-05-17 13:37:10,2025-05-17 13:38:41
1167,9152580142,website,175,,pending,9152580142,,,032bf92b-1920-46e2-b48d-6a311582ff01,919,1,97,2,1180000,1180000,0,0,,0,0,2025-05-17 13:38:59,2025-05-17 13:38:59
1168,6048402312,website,175,,pending,6048402312,,,2aeb3d5a-5b73-48bb-ba1f-dec2df2c5fbc,919,1,97,2,1180000,1180000,0,0,,0,0,2025-05-17 13:40:03,2025-05-17 13:40:04
1169,5029287698,website,175,,completed,5029287698,"{""successful"":true,""response"":{""transactionId"":""5029287698""}}",,d8ffa3d2-a10f-426f-8bad-847f40bb6fba,919,1,97,2,1180000,1180000,0,0,"""{\""successful\"":true,\""response\"":{\""transactionId\"":\""5029287698\""}}""",0,0,2025-05-17 14:10:11,2025-05-18 22:02:34
1170,5669614266,website,175,,pending,5669614266,,,97ccc55f-e8a6-4b72-aaf2-9a6c9b62be42,1173,1,97,2,1980000,1980000,0,0,,0,0,2025-05-17 14:17:48,2025-05-17 14:17:49
1171,5243103330,website,827,,completed,A0000000000000000000000000002qo3j5wr,{},,,1174,2,494,3,1560000,1560000,0,0,"""{}""",0,0,2025-05-17 22:20:01,2025-05-18 22:02:38
1172,7083422450,website,175,,pending,7083422450,,,88a2a8bd-5934-4ee9-a25e-f321283f5f8d,1173,1,97,2,1480000,1480000,0,0,,0,0,2025-05-18 10:45:57,2025-05-18 10:45:58
1173,4613143566,website,175,,pending,4613143566,,,2b8d3aa0-840b-4594-b782-f160ff81d819,1173,1,97,2,1480000,1480000,0,0,,0,0,2025-05-19 13:23:54,2025-05-19 13:23:55
1174,8034335305,website,175,,pending,8034335305,,,0c3dff39-0083-48c2-8f53-4eebeba0293b,1173,1,97,2,1480000,1480000,0,0,,0,0,2025-05-21 16:54:17,2025-05-21 16:54:18
1175,9124323184,website,828,,completed,A00000000000000000000000000082n1gdoq,{},,,1176,1,495,3,2280000,2280000,0,0,"""{}""",0,0,2025-05-23 18:00:21,2025-05-25 18:53:08
1176,2269144346,website,175,,completed,2269144346,"{""successful"":true,""response"":{""transactionId"":""2269144346""}}",,2a3a95f7-59d5-401c-9cf0-369516a6b865,1173,1,97,2,1480000,1480000,0,0,"""{\""successful\"":true,\""response\"":{\""transactionId\"":\""2269144346\""}}""",0,0,2025-05-24 15:55:09,2025-05-25 18:53:14
1177,3052019904,website,197,,completed,3052019904,"{""successful"":true,""response"":{""transactionId"":""3052019904""}}",,5fde978e-8223-4f93-9694-75bdef680823,837,2,106,2,4440000,4440000,0,0,"""{\""successful\"":true,\""response\"":{\""transactionId\"":\""3052019904\""}}""",0,0,2025-05-26 10:36:59,2025-05-27 19:53:41
1178,8995857876,website,802,,pending,8995857876,,,511e42c2-444e-41cb-8300-07da3ac95c9c,1132,1,496,2,1480000,1480000,0,0,,0,0,2025-05-26 19:06:50,2025-05-26 19:06:51
1179,7784966495,website,802,,pending,7784966495,,,eeecc076-b975-4ea1-b206-5bf056047f0f,1132,1,497,2,1480000,1480000,0,0,,0,0,2025-05-26 20:01:04,2025-05-26 20:01:05
1180,2379278929,website,802,,pending,2379278929,,,540fa644-47f4-42a4-acbe-c6940cb25eab,1132,1,498,2,1480000,1480000,0,0,,0,0,2025-05-26 20:02:37,2025-05-26 20:02:37
1181,1760198749,website,802,,completed,1760198749,"{""successful"":true,""response"":{""transactionId"":""1760198749""}}",,6c6e0f54-42fc-4aeb-9d74-436661fec9aa,1132,1,498,2,1480000,1480000,0,0,"""{\""successful\"":true,\""response\"":{\""transactionId\"":\""1760198749\""}}""",0,0,2025-05-26 20:02:58,2025-05-27 19:53:52
1182,7181878322,website,120,,completed,7181878322,"{""successful"":true,""response"":{""transactionId"":""7181878322""}}",,a47ceb15-0239-445c-b7b8-96756237ced3,1077,1,235,2,2960000,2960000,0,0,"""{\""successful\"":true,\""response\"":{\""transactionId\"":\""7181878322\""}}""",0,0,2025-05-27 11:00:45,2025-05-27 19:55:52
1183,6480501870,website,830,,completed,A0000000000000000000000000006qy2m3l6,{},,,1183,1,499,3,1380000,1380000,0,0,"""{}""",0,0,2025-05-28 23:31:57,2025-05-29 12:06:32
1184,4722267119,website,831,,declined,4722267119,,,cf908dcd-9901-4ede-a7e1-dae8fb530ed8,1185,1,500,2,490000,490000,490000,0,"""{\""gt\"":\""{\\\""status\\\"":\\\""error\\\"",\\\""successful\\\"":false,\\\""statusCode\\\"":400,\\\""message\\\"":\\\""\\\\u0648\\\\u0636\\\\u0639\\\\u06cc\\\\u062a \\\\u062a\\\\u0631\\\\u0627\\\\u06a9\\\\u0646\\\\u0634 \\\\u0628\\\\u0631\\\\u0627\\\\u06cc \\\\u0639\\\\u0645\\\\u0644\\\\u06cc\\\\u0627\\\\u062a \\\\u0645\\\\u0648\\\\u0631\\\\u062f\\\\u0646\\\\u0638\\\\u0631 \\\\u0646\\\\u0627\\\\u0645\\\\u0646\\\\u0627\\\\u0633\\\\u0628 \\\\u0627\\\\u0633\\\\u062a.\\\"",\\\""url\\\"":\\\""https:\\\\\\\/\\\\\\\/api.snapppay.ir\\\\\\\/api\\\\\\\/online\\\\\\\/payment\\\\\\\/v1\\\\\\\/verify\\\"",\\\""args\\\"":{\\\""method\\\"":\\\""POST\\\"",\\\""body\\\"":\\\""{\\\\\\\""paymentToken\\\\\\\"":\\\\\\\""cf908dcd-9901-4ede-a7e1-dae8fb530ed8\\\\\\\""}\\\"",\\\""headers\\\"":{\\\""Authorization\\\"":\\\""Authorization: Bearer eyJhbGciOiJSUzI1NiIsInR5cCI6IkpXVCJ9.eyJ1c2VyX25hbWUiOiJtb3VoZXItd2Vhci1wdXJjaGFzZSIsInNjb3BlIjpbIm9ubGluZS1tZXJjaGFudCJdLCJleHAiOjE3NDg2NDcxNDAsImlhdCI6MTc0ODYwMzk0MCwiYXV0aG9yaXRpZXMiOlsiUk9MRV9VU0VSIl0sImp0aSI6IllNSVJjbG45TUo1R2ExYVRBcnlQcnlKamJIQSIsImNsaWVudF9pZCI6Im1vdWhlci13ZWFyIn0.IkTC5-oIdnMBAWshM82FLySPdfQUnUiazDJyTEt1seUh4m4DjqXpHBb5yM9hHvzUzxMRtmafGYF8XmIJW-1tVtuQzPxDXyR8ln6J3_598brN1zLx4ZB0O6wP7JYhlDh-XqJXmNE8PqneaxzxV8TY5G6opOITc4TJhXZefp-YNn9nTYQ2HAsGoRijeffXA60AvAorUIdq96LVFPsfSXdiGdM-SgTKBfE9hH1lw_vd4t3snN6ZyovuNVsJawBGWRXWPazsgPSNUiJ8EeGjjERimweCmP6YbR9jC7pSokdbk2OqiIvxtKXq1mke1lI8J-SltJoHaVjYv6eYQjvASpSgIA\\\"",\\\""Content-Type\\\"":\\\""Content-Type: application\\\\\\\/json\\\"",\\\""user-agent\\\"":\\\""SnappPay, mouher-wear\\\""}}}\""}""",0,0,2025-05-30 14:14:50,2025-05-30 14:49:00
1185,9971274457,website,831,,completed,9971274457,"{""successful"":true,""response"":{""transactionId"":""9971274457""}}",,b11ea9de-99d5-411a-949a-629cab336862,1185,1,500,2,490000,490000,490000,0,"""{\""successful\"":true,\""response\"":{\""transactionId\"":\""9971274457\""}}""",0,0,2025-05-30 14:49:19,2025-06-03 09:28:18
1186,6489701560,website,838,,completed,6489701560,"{""successful"":true,""response"":{""transactionId"":""6489701560""}}",,38a0e195-5179-4e68-a4b1-567bfc142dea,1190,1,501,2,1480000,1480000,0,0,"""{\""successful\"":true,\""response\"":{\""transactionId\"":\""6489701560\""}}""",0,0,2025-06-01 12:14:43,2025-06-03 09:28:03
1187,6699504641,website,841,,completed,A000000000000000000000000000y5vd5qpq,{},,,1193,2,502,3,1780000,1780000,0,0,"""{}""",0,0,2025-06-02 12:20:55,2025-06-03 15:16:11
1188,5345135389,website,842,,pending,5345135389,,,2ed9af4d-a1ab-46de-b45d-089a8a3934bf,1195,2,503,2,2280000,2280000,0,0,,0,0,2025-06-02 12:37:17,2025-06-02 12:37:19
1189,3923644135,website,842,,completed,3923644135,"{""successful"":true,""response"":{""transactionId"":""3923644135""}}",,4a18a81d-58c6-49a3-be3c-61ee73bea741,1195,2,503,2,2280000,2280000,0,0,"""{\""successful\"":true,\""response\"":{\""transactionId\"":\""3923644135\""}}""",0,0,2025-06-02 12:43:11,2025-06-03 16:12:38
1190,5604828581,website,847,,completed,5604828581,"{""successful"":true,""response"":{""transactionId"":""5604828581""}}",,65236734-16d0-4b16-9579-80b256733cf4,1200,2,504,2,2280000,2280000,0,0,"""{\""successful\"":true,\""response\"":{\""transactionId\"":\""5604828581\""}}""",0,0,2025-06-04 08:54:22,2025-06-06 13:32:17
1191,1260935501,website,12,,pending,1260935501,,,844c9e25-5747-4941-bde6-83a7de547de3,1047,2,10,2,1980000,1980000,0,0,,0,0,2025-06-10 12:12:06,2025-06-10 12:12:07
1192,7208767700,website,12,,pending,7208767700,,,61765aed-3f87-46bf-bd53-0b9b7fde096d,1047,2,10,2,1980000,1980000,0,0,,0,0,2025-06-10 12:20:10,2025-06-10 12:20:11
1193,4096708460,website,850,,pending,4096708460,,,ae89233a-7001-4723-8678-8a57d1a32afc,1203,1,505,2,1316000,1316000,564000,0,,0,0,2025-06-10 12:52:25,2025-06-10 12:52:25
1194,4078482057,website,850,,completed,4078482057,"{""successful"":true,""response"":{""transactionId"":""4078482057""}}",,1db7ae91-1e16-41f1-a10a-d890e85b9b79,1203,1,505,2,1316000,1316000,564000,0,"""{\""successful\"":true,\""response\"":{\""transactionId\"":\""4078482057\""}}""",0,0,2025-06-10 12:53:37,2025-07-02 12:37:52
1195,1856641649,website,851,,completed,A0000000000000000000000000003zqplpg7,{},,,1205,2,507,3,1092000,1092000,468000,0,"""{}""",0,0,2025-06-11 17:17:38,2025-06-11 21:31:35
1196,7865262286,website,545,,completed,7865262286,"{""successful"":true,""response"":{""transactionId"":""7865262286""}}",,ad8161bc-aeb6-4fcf-81ab-4dedc08d58dc,1059,1,303,2,1780000,1780000,0,0,"""{\""successful\"":true,\""response\"":{\""transactionId\"":\""7865262286\""}}""",0,0,2025-06-11 20:03:15,2025-07-02 12:38:13
1197,5180246033,website,545,,completed,5180246033,"{""successful"":true,""response"":{""transactionId"":""5180246033""}}",,b7ff017e-6d5a-4679-8e73-b1b85d59ab51,1207,1,303,2,1316000,1316000,564000,0,"""{\""successful\"":true,\""response\"":{\""transactionId\"":\""5180246033\""}}""",0,0,2025-06-11 20:20:40,2025-07-02 12:38:22
1198,9811299162,website,177,,completed,A000000000000000000000000000xqlm76g2,{},,,483,1,98,3,1180000,1180000,0,0,"""{}""",0,0,2025-06-26 09:52:46,2025-06-29 11:58:31
1199,7483723785,website,721,,declined,7483723785,,,c208f2bb-874c-45cb-a3fb-d5b0105750af,995,1,508,2,1280000,1280000,0,0,"""{\""gt\"":\""{\\\""status\\\"":\\\""error\\\"",\\\""successful\\\"":false,\\\""statusCode\\\"":400,\\\""message\\\"":\\\""\\\\u0648\\\\u0636\\\\u0639\\\\u06cc\\\\u062a \\\\u062a\\\\u0631\\\\u0627\\\\u06a9\\\\u0646\\\\u0634 \\\\u0628\\\\u0631\\\\u0627\\\\u06cc \\\\u0639\\\\u0645\\\\u0644\\\\u06cc\\\\u0627\\\\u062a \\\\u0645\\\\u0648\\\\u0631\\\\u062f\\\\u0646\\\\u0638\\\\u0631 \\\\u0646\\\\u0627\\\\u0645\\\\u0646\\\\u0627\\\\u0633\\\\u0628 \\\\u0627\\\\u0633\\\\u062a.\\\"",\\\""url\\\"":\\\""https:\\\\\\\/\\\\\\\/api.snapppay.ir\\\\\\\/api\\\\\\\/online\\\\\\\/payment\\\\\\\/v1\\\\\\\/verify\\\"",\\\""args\\\"":{\\\""method\\\"":\\\""POST\\\"",\\\""body\\\"":\\\""{\\\\\\\""paymentToken\\\\\\\"":\\\\\\\""c208f2bb-874c-45cb-a3fb-d5b0105750af\\\\\\\""}\\\"",\\\""headers\\\"":{\\\""Authorization\\\"":\\\""Authorization: Bearer eyJhbGciOiJSUzI1NiIsInR5cCI6IkpXVCJ9.eyJ1c2VyX25hbWUiOiJtb3VoZXItd2Vhci1wdXJjaGFzZSIsInNjb3BlIjpbIm9ubGluZS1tZXJjaGFudCJdLCJleHAiOjE3NTEwNzc1OTAsImlhdCI6MTc1MTAzNDM5MCwiYXV0aG9yaXRpZXMiOlsiUk9MRV9VU0VSIl0sImp0aSI6Ik9vS0pvakJwUGw2N0tpa1B0d29uV0hiVUJtVSIsImNsaWVudF9pZCI6Im1vdWhlci13ZWFyIn0.NM3TdVjLkMmemdGxWhRCGT9zftWzJAoiiX8Vf-HtJeY3C4f9N-xLgxsrDZDyizlSLzU6TF3nwBHACySVqONMGXa-drjzuzh0M5nSapLH5SbKsCEQdmbfvaLZ7DTSf0hT_8_5fD0V6QChbQWQS2XCHHRp8QAfLv4-Xjr7qb_nQYBiRUvyBXU3a0sP0CPch-zCh-UaYKoF371fjrtFpSJ7xi9dzQKEIEP2ieZg61HWw46_yXft_Uc0GXt1sVlblibzA6XVYLUSaynJNtVgESGWC4xr4fb3YTj4mlFGa30v84L9eveG04vKEFSt0_mUEr_fgBzI-BJEMshXYG1F9SaqBg\\\"",\\\""Content-Type\\\"":\\\""Content-Type: application\\\\\\\/json\\\"",\\\""user-agent\\\"":\\\""SnappPay, mouher-wear\\\""}}}\""}""",0,0,2025-06-27 17:46:53,2025-06-27 17:56:30
1200,7875879902,website,13,,declined,7875879902,,,bf69e6ae-dac0-4638-85c8-548f0c9edb64,14,1,6,2,2160000,2160000,0,0,"""{\""gt\"":\""{\\\""status\\\"":\\\""error\\\"",\\\""successful\\\"":false,\\\""statusCode\\\"":400,\\\""message\\\"":\\\""\\\\u0648\\\\u0636\\\\u0639\\\\u06cc\\\\u062a \\\\u062a\\\\u0631\\\\u0627\\\\u06a9\\\\u0646\\\\u0634 \\\\u0628\\\\u0631\\\\u0627\\\\u06cc \\\\u0639\\\\u0645\\\\u0644\\\\u06cc\\\\u0627\\\\u062a \\\\u0645\\\\u0648\\\\u0631\\\\u062f\\\\u0646\\\\u0638\\\\u0631 \\\\u0646\\\\u0627\\\\u0645\\\\u0646\\\\u0627\\\\u0633\\\\u0628 \\\\u0627\\\\u0633\\\\u062a.\\\"",\\\""url\\\"":\\\""https:\\\\\\\/\\\\\\\/api.snapppay.ir\\\\\\\/api\\\\\\\/online\\\\\\\/payment\\\\\\\/v1\\\\\\\/verify\\\"",\\\""args\\\"":{\\\""method\\\"":\\\""POST\\\"",\\\""body\\\"":\\\""{\\\\\\\""paymentToken\\\\\\\"":\\\\\\\""bf69e6ae-dac0-4638-85c8-548f0c9edb64\\\\\\\""}\\\"",\\\""headers\\\"":{\\\""Authorization\\\"":\\\""Authorization: Bearer eyJhbGciOiJSUzI1NiIsInR5cCI6IkpXVCJ9.eyJ1c2VyX25hbWUiOiJtb3VoZXItd2Vhci1wdXJjaGFzZSIsInNjb3BlIjpbIm9ubGluZS1tZXJjaGFudCJdLCJleHAiOjE3NTEwODcxMTYsImlhdCI6MTc1MTA0MzkxNiwiYXV0aG9yaXRpZXMiOlsiUk9MRV9VU0VSIl0sImp0aSI6InFETEVBR2pyVV81eHJtTWdjeVVlRkJWeU5QRSIsImNsaWVudF9pZCI6Im1vdWhlci13ZWFyIn0.BhRi2O_syIAwK1tsHV_Q7_9W4v-mBYzt4hGZa2aYTkAUvC3Ydm6NH-7AVv0jgrtETFZy9ysQdiq-mPGLxLFAnGsRngzi2RuMbB1dwRUDX6Ui6qxSKWKnmYsfOwUlPXQvQbGoawz6bVlHDy9_4DYVESmrbLhQyewvTw-yhtAR-duJpHGZa2nb9o7zcWlobX-f0anwI-88rzaWMb_G2DL9bvpE5XKas1yCwS_JyaRe9Zl27wcFxf2KK6EWYIwMJYGvy543DG82ZkiCF26IHR9LvgjoAclllqsGzQhzXq2iLP45PhAxtW8fmkq0dESzDZSGFP0vu4LJLWD7seTGHL0Cxw\\\"",\\\""Content-Type\\\"":\\\""Content-Type: application\\\\\\\/json\\\"",\\\""user-agent\\\"":\\\""SnappPay, mouher-wear\\\""}}}\""}""",0,0,2025-06-27 20:34:57,2025-06-27 20:35:16
1201,5348393965,website,166,,pending,5348393965,,,7a73de4f-9dc4-4815-9489-3c0e02937666,1083,2,92,2,1580000,1580000,0,0,,0,0,2025-06-27 21:47:53,2025-06-27 21:47:54
1202,8898563238,website,721,,pending,8898563238,,,8d938130-e2ad-444d-b0a6-cee46db30757,995,1,508,2,1280000,1280000,0,0,,0,0,2025-06-27 22:14:43,2025-06-27 22:14:43
1203,2099579224,website,721,,completed,2099579224,"{""successful"":true,""response"":{""transactionId"":""2099579224""}}",,82966af0-24af-455b-84b2-f6bf9e31a58a,995,1,508,2,1280000,1280000,0,0,"""{\""successful\"":true,\""response\"":{\""transactionId\"":\""2099579224\""}}""",0,0,2025-06-27 22:15:27,2025-06-29 11:58:41
1204,7292635799,website,38,,completed,A0000000000000000000000000001q2e8d3v,{},,,1039,1,24,3,1280000,1280000,0,0,"""{}""",0,0,2025-06-28 01:14:05,2025-07-02 12:38:45
1205,9148052030,website,166,,completed,9148052030,"{""successful"":true,""response"":{""transactionId"":""9148052030""}}",,943db6a1-1905-4f08-9fd3-291e05ba0056,1083,2,92,2,1580000,1580000,0,0,"""{\""successful\"":true,\""response\"":{\""transactionId\"":\""9148052030\""}}""",0,0,2025-06-28 08:56:56,2025-06-29 12:17:25
1206,7247181578,website,659,,completed,7247181578,"{""successful"":true,""response"":{""transactionId"":""7247181578""}}",,88f5fc4a-50e2-4822-bb46-329b64d184e1,1092,2,382,2,1280000,1280000,0,0,"""{\""successful\"":true,\""response\"":{\""transactionId\"":\""7247181578\""}}""",0,0,2025-06-28 14:07:52,2025-07-03 17:16:36
1207,4885617060,website,854,,completed,A000000000000000000000000000ngznrvrr,{},,,1216,1,509,3,1386000,1386000,594000,0,"""{}""",0,0,2025-06-28 14:36:25,2025-07-04 19:59:45
1208,8052805152,website,858,,completed,8052805152,"{""successful"":true,""response"":{""transactionId"":""8052805152""}}",,06cddb7a-6290-47ee-8124-b99ea0ddc8b5,1221,1,510,2,1280000,1280000,0,0,"""{\""successful\"":true,\""response\"":{\""transactionId\"":\""8052805152\""}}""",0,0,2025-07-01 01:23:38,2025-07-02 12:34:53
1209,6081728695,website,198,,pending,A000000000000000000000000000vgjjp36l,,,,1154,1,107,3,1180000,1180000,0,0,,0,0,2025-07-01 02:49:35,2025-07-01 02:49:36
1210,6729999787,website,198,,completed,A0000000000000000000000000006q11eypr,{},,,1154,1,107,3,1180000,1180000,0,0,"""{}""",0,0,2025-07-01 02:50:12,2025-07-08 21:33:51
1211,1681686220,website,151,,pending,1681686220,,,a6427710-57d8-4905-973e-4419dd772d65,795,1,83,2,3560000,3560000,0,0,,0,0,2025-07-01 11:14:23,2025-07-01 11:14:24
1212,7832345909,website,151,,pending,7832345909,,,1b2ec2af-9053-4552-865c-9d82ff6ddec0,795,1,83,2,3560000,3560000,0,0,,0,0,2025-07-01 11:15:25,2025-07-01 11:15:25
1213,3179530146,website,151,,pending,3179530146,,,adbfadbd-899b-49ec-8303-8b73c623f64a,795,1,83,2,3560000,3560000,0,0,,0,0,2025-07-01 11:24:30,2025-07-01 11:24:31
1214,7281140716,website,166,,completed,7281140716,"{""successful"":true,""response"":{""transactionId"":""7281140716""}}",,eab0652b-665d-4691-bdcf-87cb0f382f56,1214,2,92,2,1580000,1580000,0,0,"""{\""successful\"":true,\""response\"":{\""transactionId\"":\""7281140716\""}}""",0,0,2025-07-01 12:50:45,2025-07-03 22:00:37
1215,9095836961,website,336,,declined,A000000000000000000000000000jj27xmyn,,,,508,1,192,3,3160000,3160000,0,0,"""\u067e\u0631\u062f\u0627\u062e\u062a \u0646\u0627\u0645\u0648\u0641\u0642""",0,0,2025-07-01 18:01:12,2025-07-01 18:02:13
1216,4645622732,website,336,,completed,A000000000000000000000000000l3pwy62o,{},,,508,1,192,3,3160000,3160000,0,0,"""{}""",0,0,2025-07-01 18:04:48,2025-07-02 12:33:58
1217,6743707751,website,219,,pending,6743707751,,,eba6eb71-26d5-426a-9c2d-ecfc043c0a17,706,1,511,2,1580000,1580000,0,0,,0,0,2025-07-03 13:08:03,2025-07-03 13:08:04
1218,7689461711,website,861,,completed,A0000000000000000000000000003zeyl7y7,{},,,1227,1,512,3,1280000,1280000,0,0,"""{}""",0,0,2025-07-03 16:04:50,2025-07-08 21:36:22
1219,4859874577,website,864,,pending,4859874577,,,e86911da-833e-4619-82ed-bdfe574681bd,1231,2,513,2,1316000,1316000,564000,0,,0,0,2025-07-03 20:23:00,2025-07-03 20:23:01
1220,7711900027,website,864,,completed,7711900027,"{""successful"":true,""response"":{""transactionId"":""7711900027""}}",,485542cc-ef56-4b1b-aa56-431e9dd32d4a,1231,2,513,2,1316000,1316000,564000,0,"""{\""successful\"":true,\""response\"":{\""transactionId\"":\""7711900027\""}}""",0,0,2025-07-03 20:24:26,2025-07-07 19:29:34
1221,5204206120,website,151,,pending,5204206120,,,19fc9da8-b6fd-43c7-b718-f620697db997,795,1,83,2,3560000,3560000,0,0,,0,0,2025-07-04 14:59:37,2025-07-04 14:59:38
1222,9342068645,website,151,,completed,9342068645,"{""successful"":true,""response"":{""transactionId"":""9342068645""}}",,b3afbbee-6b81-4eb9-bf8a-68ad93d3fd30,795,1,83,2,2430000,2430000,0,0,"""{\""successful\"":true,\""response\"":{\""transactionId\"":\""9342068645\""}}""",0,0,2025-07-04 15:02:09,2025-07-08 21:36:34
1223,5947793910,website,151,,completed,5947793910,"{""successful"":true,""response"":{""transactionId"":""5947793910""}}",,02cc45d0-134a-46da-ad47-13bd16a27a08,1233,1,83,2,3560000,3560000,0,0,"""{\""successful\"":true,\""response\"":{\""transactionId\"":\""5947793910\""}}""",0,0,2025-07-04 16:58:04,2025-07-08 21:36:42
1224,2357104850,website,857,,completed,A0000000000000000000000000003ze712ne,{},,,1220,1,514,3,2666000,2666000,594000,0,"""{}""",0,0,2025-07-05 10:21:02,2025-07-07 19:27:49
1225,6880487332,website,469,,pending,6880487332,,,897f0d8e-7370-4e51-8b11-afa0edd421ef,612,1,262,2,1280000,1280000,0,0,,0,0,2025-07-05 23:06:26,2025-07-05 23:06:27
1226,4136962010,website,469,,completed,4136962010,"{""successful"":true,""response"":{""transactionId"":""4136962010""}}",,e62a6e77-5054-4da4-82bc-8bf0c2e418f7,612,1,262,2,1280000,1280000,0,0,"""{\""successful\"":true,\""response\"":{\""transactionId\"":\""4136962010\""}}""",0,0,2025-07-05 23:06:45,2025-07-08 21:37:36
1227,9544535364,website,866,,completed,A0000000000000000000000000003zez7lyp,{},,,1238,2,515,3,1580000,1580000,0,0,"""{}""",0,0,2025-07-06 21:52:54,2025-07-08 21:38:15
1228,8924133591,website,219,,completed,8924133591,"{""successful"":true,""response"":{""transactionId"":""8924133591""}}",,9f42a53a-9ad2-40b1-bd59-83637a073948,706,1,511,2,1580000,1580000,0,0,"""{\""successful\"":true,\""response\"":{\""transactionId\"":\""8924133591\""}}""",0,0,2025-07-07 13:55:57,2025-07-08 21:38:47
1229,2527457811,website,868,,declined,2527457811,,,32e16d78-d058-43ed-949b-07ed6662cbe1,1240,1,516,2,2966000,2966000,594000,0,"""{\""gt\"":\""{\\\""status\\\"":\\\""error\\\"",\\\""successful\\\"":false,\\\""statusCode\\\"":400,\\\""message\\\"":\\\""\\\\u0648\\\\u0636\\\\u0639\\\\u06cc\\\\u062a \\\\u062a\\\\u0631\\\\u0627\\\\u06a9\\\\u0646\\\\u0634 \\\\u0628\\\\u0631\\\\u0627\\\\u06cc \\\\u0639\\\\u0645\\\\u0644\\\\u06cc\\\\u0627\\\\u062a \\\\u0645\\\\u0648\\\\u0631\\\\u062f\\\\u0646\\\\u0638\\\\u0631 \\\\u0646\\\\u0627\\\\u0645\\\\u0646\\\\u0627\\\\u0633\\\\u0628 \\\\u0627\\\\u0633\\\\u062a.\\\"",\\\""url\\\"":\\\""https:\\\\\\\/\\\\\\\/api.snapppay.ir\\\\\\\/api\\\\\\\/online\\\\\\\/payment\\\\\\\/v1\\\\\\\/verify\\\"",\\\""args\\\"":{\\\""method\\\"":\\\""POST\\\"",\\\""body\\\"":\\\""{\\\\\\\""paymentToken\\\\\\\"":\\\\\\\""32e16d78-d058-43ed-949b-07ed6662cbe1\\\\\\\""}\\\"",\\\""headers\\\"":{\\\""Authorization\\\"":\\\""Authorization: Bearer eyJhbGciOiJSUzI1NiIsInR5cCI6IkpXVCJ9.eyJ1c2VyX25hbWUiOiJtb3VoZXItd2Vhci1wdXJjaGFzZSIsInNjb3BlIjpbIm9ubGluZS1tZXJjaGFudCJdLCJleHAiOjE3NTE5MjczMzQsImlhdCI6MTc1MTg4NDEzNCwiYXV0aG9yaXRpZXMiOlsiUk9MRV9VU0VSIl0sImp0aSI6Ilk5Q29XTXNBaEctZ3Nnbmg5VDZXdVlwSFZFMCIsImNsaWVudF9pZCI6Im1vdWhlci13ZWFyIn0.R2zGfMacbyl9Jtllsm8GcihBtyPy2jwzVvtetidc-0uzS4Ules4SC49CO7zYfO6zYL7I34rS30Xl7S9li-1I-b-b5AWmNV8U5uObr0zuN-h2Zi5JUXVZixFm-_iaCVcoUc40RGt_HBgZcSH4Mc-I3rjYtVXYn6nXqRt6wsJFUa1Du5xLCFCednMJzhcnaCsRgHZuK-HFbWhcEPqjPiYq718XHifGuVx4128nOaHgwFxUcQfkUuvfhrz5QAzdlKOePCrI-uTijbzIY2DybKSCPSZ9uWUmnSrUHhkTZHflR1giUho3C-qw8kl6GlAeIOE97iLJ-4Yc9J_wC4oSELdu1Q\\\"",\\\""Content-Type\\\"":\\\""Content-Type: application\\\\\\\/json\\\"",\\\""user-agent\\\"":\\\""SnappPay, mouher-wear\\\""}}}\""}""",0,0,2025-07-07 13:58:26,2025-07-07 13:58:55
1230,9212707087,website,868,,completed,9212707087,"{""successful"":true,""response"":{""transactionId"":""9212707087""}}",,6b0c5204-e333-4016-9718-b98a457e111e,1240,1,516,2,2966000,2966000,594000,0,"""{\""successful\"":true,\""response\"":{\""transactionId\"":\""9212707087\""}}""",0,0,2025-07-07 14:01:23,2025-07-12 18:25:37
1231,9016760099,website,560,,completed,A000000000000000000000000000mrzg1ven,{},,,738,1,313,3,6020000,6020000,0,0,"""{}""",0,0,2025-07-07 14:33:00,2025-07-12 18:26:17
1232,6286773188,website,867,,completed,A000000000000000000000000000l3wrwmoj,{},,,1239,1,517,3,1580000,1580000,0,0,"""{}""",0,0,2025-07-07 23:00:05,2025-07-12 18:26:10
1233,7211100983,website,545,,completed,7211100983,"{""successful"":true,""response"":{""transactionId"":""7211100983""}}",,c7a4439a-3fde-43f4-b969-adb6b01f42d3,1208,1,303,2,1580000,1580000,0,0,"""{\""successful\"":true,\""response\"":{\""transactionId\"":\""7211100983\""}}""",0,0,2025-07-07 23:29:42,2025-07-12 18:26:40
1234,5673801356,website,852,,pending,5673801356,,,86afe69d-9a9f-446a-a6b5-05b588e6678c,1210,1,521,2,3160000,3160000,0,0,,0,0,2025-07-11 13:56:36,2025-07-11 13:56:37
1235,2597226203,website,870,,completed,A0000000000000000000000000003zexwjm8,{},,,1247,1,522,3,1580000,1580000,0,0,"""{}""",0,0,2025-07-11 16:53:31,2025-07-12 18:26:54
1236,1203926155,website,869,,completed,A000000000000000000000000000devlnmn2,{},,,1246,1,520,3,1580000,1580000,0,0,"""{}""",0,0,2025-07-11 18:40:14,2025-07-12 18:27:15
1237,2455172789,website,838,,completed,2455172789,"{""successful"":true,""response"":{""transactionId"":""2455172789""}}",,bc028969-e185-4835-b2e9-6c0100a5d52f,1191,1,501,2,1580000,1580000,0,0,"""{\""successful\"":true,\""response\"":{\""transactionId\"":\""2455172789\""}}""",0,0,2025-07-12 10:38:29,2025-07-12 18:27:34
1238,3959714619,website,872,,pending,A000000000000000000000000000y5ngydd6,,,,1252,1,523,3,1580000,1580000,0,0,,0,0,2025-07-12 20:11:28,2025-07-12 20:11:28
1239,6925843409,website,872,,completed,A000000000000000000000000000y5ngydnd,{},,,1252,1,523,3,1580000,1580000,0,0,"""{}""",0,0,2025-07-12 20:12:15,2025-07-16 16:47:32
1240,7530131800,website,871,,completed,A000000000000000000000000000oxevmv3o,{},,,1251,1,524,3,1580000,1580000,0,0,"""{}""",0,0,2025-07-12 22:16:47,2025-07-16 16:48:02
1241,4159030861,website,705,,pending,4159030861,,,0d20c3ba-4fd4-4575-a0b5-ddb7cc4839e3,1012,2,429,2,1580000,1580000,0,0,,0,0,2025-07-13 11:15:40,2025-07-13 11:15:41
1242,1079447248,website,705,,pending,A000000000000000000000000000dev7zrxw,,,,1012,2,429,3,1580000,1580000,0,0,,0,0,2025-07-13 11:23:16,2025-07-13 11:23:17
1243,3041214408,website,705,,completed,A000000000000000000000000000wxy173dx,{},,,1012,2,429,3,1580000,1580000,0,0,"""{}""",0,0,2025-07-13 11:26:31,2025-07-16 16:48:44
1244,9221895760,website,874,,completed,A000000000000000000000000000vg63v81m,{},,,1257,1,525,3,1380000,1380000,0,0,"""{}""",0,0,2025-07-14 01:10:54,2025-07-16 16:52:01
1245,8813064975,website,875,,completed,A000000000000000000000000000l3wqnonv,{},,,1259,2,526,3,1580000,1580000,0,0,"""{}""",0,0,2025-07-14 15:22:48,2025-07-16 21:10:21
1246,7416790038,website,766,,pending,7416790038,,,ee8ecf13-d6b8-4b8d-a165-8a76d7ef82c5,1151,1,455,2,1380000,1380000,0,0,,0,0,2025-07-15 11:03:18,2025-07-15 11:03:19
1247,1013377532,website,876,,declined,1013377532,,,9051e701-edfe-4957-8cdc-5551c87154a7,1261,1,527,2,1380000,1380000,0,0,"""{\""gt\"":\""{\\\""status\\\"":\\\""error\\\"",\\\""successful\\\"":false,\\\""statusCode\\\"":400,\\\""message\\\"":\\\""\\\\u0648\\\\u0636\\\\u0639\\\\u06cc\\\\u062a \\\\u062a\\\\u0631\\\\u0627\\\\u06a9\\\\u0646\\\\u0634 \\\\u0628\\\\u0631\\\\u0627\\\\u06cc \\\\u0639\\\\u0645\\\\u0644\\\\u06cc\\\\u0627\\\\u062a \\\\u0645\\\\u0648\\\\u0631\\\\u062f\\\\u0646\\\\u0638\\\\u0631 \\\\u0646\\\\u0627\\\\u0645\\\\u0646\\\\u0627\\\\u0633\\\\u0628 \\\\u0627\\\\u0633\\\\u062a.\\\"",\\\""url\\\"":\\\""https:\\\\\\\/\\\\\\\/api.snapppay.ir\\\\\\\/api\\\\\\\/online\\\\\\\/payment\\\\\\\/v1\\\\\\\/verify\\\"",\\\""args\\\"":{\\\""method\\\"":\\\""POST\\\"",\\\""body\\\"":\\\""{\\\\\\\""paymentToken\\\\\\\"":\\\\\\\""9051e701-edfe-4957-8cdc-5551c87154a7\\\\\\\""}\\\"",\\\""headers\\\"":{\\\""Authorization\\\"":\\\""Authorization: Bearer eyJhbGciOiJSUzI1NiIsInR5cCI6IkpXVCJ9.eyJ1c2VyX25hbWUiOiJtb3VoZXItd2Vhci1wdXJjaGFzZSIsInNjb3BlIjpbIm9ubGluZS1tZXJjaGFudCJdLCJleHAiOjE3NTI2MDg0NzYsImlhdCI6MTc1MjU2NTI3NiwiYXV0aG9yaXRpZXMiOlsiUk9MRV9VU0VSIl0sImp0aSI6InlCdWtZNm5VTlVPOGRsc0U1eklUOWtXX1Q2dyIsImNsaWVudF9pZCI6Im1vdWhlci13ZWFyIn0.Chq0Z1iI-kx5d4GISHATcqsuLBWFH8CbMyvb6jUOnG5avd_7fsiD7bGYGaRgx7zZcPSsS2Bq2kJ0M5fD9SUgudsoyCPRnU70eaK1sG8S-FU9zpZTkmWT98pP97B_-TTMSWCCzTDZGv84v1XCeJGkFp4dvqjRHMEuEPvESi5PqrBk576hnInyKueI9muRfb-4nnEjpJla0GD518ypzSz92T1EFDBx6WLCzZiz3bEqz_3pcIBoF8aopZGb2C01am5y0KU7mBfG4U3SxG1hS0tCBCdCXEL94pJnJZMUKadWGnEfBEZXZU4IevpYbWvBHcVNtglL4gqfuTtU9dSzSGDUzQ\\\"",\\\""Content-Type\\\"":\\\""Content-Type: application\\\\\\\/json\\\"",\\\""user-agent\\\"":\\\""SnappPay, mouher-wear\\\""}}}\""}""",0,0,2025-07-15 11:10:48,2025-07-15 11:11:16
1248,9779880959,website,191,,completed,9779880959,"{""successful"":true,""response"":{""transactionId"":""9779880959""}}",,65372fbf-a68f-4b09-8909-ec237153b6f3,846,2,110,2,3280000,3280000,0,0,"""{\""successful\"":true,\""response\"":{\""transactionId\"":\""9779880959\""}}""",0,0,2025-07-15 14:58:22,2025-07-16 21:10:43
1249,3392286049,website,876,,pending,3392286049,,,3c9bce93-4204-4212-92bb-c462cee1c37c,1261,1,527,2,1380000,1380000,0,0,,0,0,2025-07-15 17:29:19,2025-07-15 17:29:19
1250,9218209898,website,876,,declined,9218209898,,,cb4ae21c-7ba2-464f-b4c4-a7e3b943d96f,1261,1,527,2,1380000,1380000,0,0,"""{\""gt\"":\""{\\\""status\\\"":\\\""error\\\"",\\\""successful\\\"":false,\\\""statusCode\\\"":400,\\\""message\\\"":\\\""\\\\u0648\\\\u0636\\\\u0639\\\\u06cc\\\\u062a \\\\u062a\\\\u0631\\\\u0627\\\\u06a9\\\\u0646\\\\u0634 \\\\u0628\\\\u0631\\\\u0627\\\\u06cc \\\\u0639\\\\u0645\\\\u0644\\\\u06cc\\\\u0627\\\\u062a \\\\u0645\\\\u0648\\\\u0631\\\\u062f\\\\u0646\\\\u0638\\\\u0631 \\\\u0646\\\\u0627\\\\u0645\\\\u0646\\\\u0627\\\\u0633\\\\u0628 \\\\u0627\\\\u0633\\\\u062a.\\\"",\\\""url\\\"":\\\""https:\\\\\\\/\\\\\\\/api.snapppay.ir\\\\\\\/api\\\\\\\/online\\\\\\\/payment\\\\\\\/v1\\\\\\\/verify\\\"",\\\""args\\\"":{\\\""method\\\"":\\\""POST\\\"",\\\""body\\\"":\\\""{\\\\\\\""paymentToken\\\\\\\"":\\\\\\\""cb4ae21c-7ba2-464f-b4c4-a7e3b943d96f\\\\\\\""}\\\"",\\\""headers\\\"":{\\\""Authorization\\\"":\\\""Authorization: Bearer eyJhbGciOiJSUzI1NiIsInR5cCI6IkpXVCJ9.eyJ1c2VyX25hbWUiOiJtb3VoZXItd2Vhci1wdXJjaGFzZSIsInNjb3BlIjpbIm9ubGluZS1tZXJjaGFudCJdLCJleHAiOjE3NTI2MzIwNzAsImlhdCI6MTc1MjU4ODg3MCwiYXV0aG9yaXRpZXMiOlsiUk9MRV9VU0VSIl0sImp0aSI6IktOWnhlN056MTNnOWwxX2dpWGtMVEFJTlVSQSIsImNsaWVudF9pZCI6Im1vdWhlci13ZWFyIn0.Wt4d9VRdhBzbVjKOhfxqJgYlQ9vPUezMnE0-Faon24_OW6A8OpiliD1UcQo2taKBAosUCm8p3hm2Z-O3aCqU6vUbGWsRrvBv7cfKuu32xsVh0DO-4jArwMdQmwg2Olp5LRxC8uHQwYAylXowQtSB2oSc7mRLYNAUjBg0wTpIqX_jx9bxgkdlxzmPxxia3asK5-w6dbeRJkRFlUDmRG-LYGc5ahMgXHQjxQoXGrQpj2OlyXSxe23mj-ue5UT2eAJu6UHbyLwk52KNB1_lV6un5gCskGCZ7dq5iQVNCehHlXPo4FGkrZLe3h7kA6Z7cp_vwOoim_4B5Kt-o5J00ylm3w\\\"",\\\""Content-Type\\\"":\\\""Content-Type: application\\\\\\\/json\\\"",\\\""user-agent\\\"":\\\""SnappPay, mouher-wear\\\""}}}\""}""",0,0,2025-07-15 17:43:55,2025-07-15 17:44:30
1251,6727866040,website,811,,pending,6727866040,,,a6a10b2b-9c76-4557-942c-f26916f99123,1148,1,528,2,3980000,3980000,0,0,,0,0,2025-07-15 22:01:14,2025-07-15 22:01:15
1252,4427143342,website,1,,pending,4427143342,,,f37d9b85-c4fa-4c95-976b-9ded52701e23,223,2,16,2,3560000,3560000,0,0,,0,0,2025-07-16 16:49:31,2025-07-16 16:49:32
1253,3188048412,website,19,,pending,3188048412,,,181a0324-1158-48bf-ab8c-20263e2d0ad8,22,2,11,2,1580000,1580000,0,0,,0,0,2025-07-16 21:52:59,2025-07-16 21:53:00
1254,7446304779,website,19,,pending,7446304779,,,69cdafb9-f8db-43b3-941d-722fdc605d7a,22,2,11,2,1580000,1580000,0,0,,0,0,2025-07-16 22:39:22,2025-07-16 22:39:23
1255,4094684029,website,19,,completed,4094684029,"{""successful"":true,""response"":{""transactionId"":""4094684029""}}",,c14f4237-290a-4884-9cb3-77f163f055ee,22,2,11,2,1580000,1580000,0,0,"""{\""successful\"":true,\""response\"":{\""transactionId\"":\""4094684029\""}}""",0,0,2025-07-16 22:40:37,2025-07-17 13:28:39
1256,3661941889,website,178,,pending,3661941889,,,b421ad7b-72d9-4f02-b05d-f3e2bb66dd2a,236,2,529,2,3160000,3160000,0,0,,0,0,2025-07-17 16:19:54,2025-07-17 16:19:55
1257,9805469101,website,212,,pending,9805469101,,,e7f2a757-a8ea-45ba-9e87-c9fbe42df108,281,1,116,2,4740000,4740000,0,0,,0,0,2025-07-18 20:07:49,2025-07-18 20:07:49
1258,5413779986,website,881,,pending,5413779986,,,5820ddb3-e457-4af2-9e34-5272cdaec87a,1267,2,530,2,1180000,1180000,0,0,,0,0,2025-07-19 20:44:22,2025-07-19 20:44:22
1259,6706103282,website,881,,completed,6706103282,"{""successful"":true,""response"":{""transactionId"":""6706103282""}}",,c9c8ebfe-1bf6-49e8-8903-baab487e3431,1267,2,530,2,1180000,1180000,0,0,"""{\""successful\"":true,\""response\"":{\""transactionId\"":\""6706103282\""}}""",0,0,2025-07-19 20:44:54,2025-07-20 17:35:57
1260,6114613227,website,870,,completed,6114613227,"{""successful"":true,""response"":{""transactionId"":""6114613227""}}",,cfecedf7-55b9-4ad7-bd7a-5d4b632d1fdb,1248,1,522,2,1580000,1580000,0,0,"""{\""successful\"":true,\""response\"":{\""transactionId\"":\""6114613227\""}}""",0,0,2025-07-21 20:33:10,2025-07-25 08:16:57
1261,7460618938,website,212,,declined,7460618938,,,281aa973-2947-412d-8d93-1e17bf95d41b,281,2,116,2,4740000,4740000,0,0,"""{\""gt\"":\""{\\\""status\\\"":\\\""error\\\"",\\\""successful\\\"":false,\\\""statusCode\\\"":400,\\\""message\\\"":\\\""\\\\u0648\\\\u0636\\\\u0639\\\\u06cc\\\\u062a \\\\u062a\\\\u0631\\\\u0627\\\\u06a9\\\\u0646\\\\u0634 \\\\u0628\\\\u0631\\\\u0627\\\\u06cc \\\\u0639\\\\u0645\\\\u0644\\\\u06cc\\\\u0627\\\\u062a \\\\u0645\\\\u0648\\\\u0631\\\\u062f\\\\u0646\\\\u0638\\\\u0631 \\\\u0646\\\\u0627\\\\u0645\\\\u0646\\\\u0627\\\\u0633\\\\u0628 \\\\u0627\\\\u0633\\\\u062a.\\\"",\\\""url\\\"":\\\""https:\\\\\\\/\\\\\\\/api.snapppay.ir\\\\\\\/api\\\\\\\/online\\\\\\\/payment\\\\\\\/v1\\\\\\\/verify\\\"",\\\""args\\\"":{\\\""method\\\"":\\\""POST\\\"",\\\""body\\\"":\\\""{\\\\\\\""paymentToken\\\\\\\"":\\\\\\\""281aa973-2947-412d-8d93-1e17bf95d41b\\\\\\\""}\\\"",\\\""headers\\\"":{\\\""Authorization\\\"":\\\""Authorization: Bearer eyJhbGciOiJSUzI1NiIsInR5cCI6IkpXVCJ9.eyJ1c2VyX25hbWUiOiJtb3VoZXItd2Vhci1wdXJjaGFzZSIsInNjb3BlIjpbIm9ubGluZS1tZXJjaGFudCJdLCJleHAiOjE3NTMyMjk2NzEsImlhdCI6MTc1MzE4NjQ3MSwiYXV0aG9yaXRpZXMiOlsiUk9MRV9VU0VSIl0sImp0aSI6IlNfREVnVXZfVHByUC1kYnZmWTk3RXNGOWRJRSIsImNsaWVudF9pZCI6Im1vdWhlci13ZWFyIn0.PJgOTObkHXHbOY2RpbZKPJ0w_FVuvhRqn_K-8ra3LbLTDX2X8rM7asNqkbxg6Nq3pWppQVvz_kH3beHoVe1X1K1NXkb8nGja2aaTajsTbpFT9ZUqf37alY84WkIQTCR1VC0Utxs7z_TFte9THdQ8KsIW_J4o4BF2y6z86D1X76w33ntv0a17kDcyiLzK6OfGwgDNncIj6mONjzWrCE5KdpalTS9PdwHK2ZXD71cUPywHBLRuRna0ndxE-80e1Cd5d6AZf33-8dvhWEYIQQeD5FlJ71bN7ZZQw4YoSqHimz5uSVwhBsPNY_OXfFZQUFj3WwWme2eVfxJCSsGMbkl_0w\\\"",\\\""Content-Type\\\"":\\\""Content-Type: application\\\\\\\/json\\\"",\\\""user-agent\\\"":\\\""SnappPay, mouher-wear\\\""}}}\""}""",0,0,2025-07-22 15:33:39,2025-07-22 15:44:31
1262,7592031644,website,212,,completed,7592031644,"{""successful"":true,""response"":{""transactionId"":""7592031644""}}",,5de8f53a-755e-43ac-b829-d627027c8bbe,281,2,116,2,4740000,4740000,0,0,"""{\""successful\"":true,\""response\"":{\""transactionId\"":\""7592031644\""}}""",0,0,2025-07-22 15:44:57,2025-07-25 08:17:21
1263,2125920336,website,212,,completed,2125920336,"{""successful"":true,""response"":{""transactionId"":""2125920336""}}",,7a501f32-055c-40ac-aa3b-6538f8737e88,1273,2,116,2,4740000,4740000,0,0,"""{\""successful\"":true,\""response\"":{\""transactionId\"":\""2125920336\""}}""",0,0,2025-07-22 15:47:13,2025-07-25 08:17:39
1264,1399880677,website,888,,pending,A000000000000000000000000000deqlgdwv,,,,1276,1,534,3,1280000,1280000,0,0,,0,0,2025-07-25 02:29:34,2025-07-25 02:29:35
1265,3595256759,website,888,,pending,A000000000000000000000000000vgyq1d12,,,,1276,1,534,3,1280000,1280000,0,0,,0,0,2025-07-25 02:30:09,2025-07-25 02:30:09
1266,8968852677,website,888,,completed,A0000000000000000000000000003zr5wmwq,{},,,1276,1,534,3,1280000,1280000,0,0,"""{}""",0,0,2025-07-25 02:30:13,2025-07-28 13:54:44
1267,6913537847,website,110,,completed,6913537847,"{""successful"":true,""response"":{""transactionId"":""6913537847""}}",,cd21bd71-d14c-4a25-9569-c3b9f9276de0,418,1,533,2,7580000,7580000,0,0,"""{\""successful\"":true,\""response\"":{\""transactionId\"":\""6913537847\""}}""",0,0,2025-07-25 19:01:00,2025-07-28 13:55:11
1268,2725185161,website,494,,completed,2725185161,"{""successful"":true,""response"":{""transactionId"":""2725185161""}}",,ab245368-c2ea-4894-9e22-519325fcda50,777,1,327,2,1280000,1280000,0,0,"""{\""successful\"":true,\""response\"":{\""transactionId\"":\""2725185161\""}}""",0,0,2025-07-25 23:19:00,2025-07-28 13:56:04
1269,3458268159,website,70,,completed,A000000000000000000000000000xqn1d525,{},,,95,1,43,3,3160000,3160000,0,0,"""{}""",0,0,2025-07-26 12:33:12,2025-07-28 13:57:42
1270,3782773273,website,166,,pending,3782773273,,,5118dfbe-f7cc-49a6-8d54-6d6c25301dbd,1224,2,92,2,1580000,1580000,0,0,,0,0,2025-07-27 10:24:24,2025-07-27 10:24:25
1271,8806693595,website,166,,completed,8806693595,"{""successful"":true,""response"":{""transactionId"":""8806693595""}}",,5de1a257-e545-4602-b38a-4582a96f5148,1224,2,92,2,1580000,1580000,0,0,"""{\""successful\"":true,\""response\"":{\""transactionId\"":\""8806693595\""}}""",0,0,2025-07-27 10:25:07,2025-07-27 14:02:29
1272,3649493298,website,664,,declined,3649493298,,,20228a57-995d-4d95-8a6e-636c72ff7234,909,1,535,2,7470000,7470000,0,0,"""{\""gt\"":\""{\\\""status\\\"":\\\""error\\\"",\\\""successful\\\"":false,\\\""statusCode\\\"":400,\\\""message\\\"":\\\""\\\\u0648\\\\u0636\\\\u0639\\\\u06cc\\\\u062a \\\\u062a\\\\u0631\\\\u0627\\\\u06a9\\\\u0646\\\\u0634 \\\\u0628\\\\u0631\\\\u0627\\\\u06cc \\\\u0639\\\\u0645\\\\u0644\\\\u06cc\\\\u0627\\\\u062a \\\\u0645\\\\u0648\\\\u0631\\\\u062f\\\\u0646\\\\u0638\\\\u0631 \\\\u0646\\\\u0627\\\\u0645\\\\u0646\\\\u0627\\\\u0633\\\\u0628 \\\\u0627\\\\u0633\\\\u062a.\\\"",\\\""url\\\"":\\\""https:\\\\\\\/\\\\\\\/api.snapppay.ir\\\\\\\/api\\\\\\\/online\\\\\\\/payment\\\\\\\/v1\\\\\\\/verify\\\"",\\\""args\\\"":{\\\""method\\\"":\\\""POST\\\"",\\\""body\\\"":\\\""{\\\\\\\""paymentToken\\\\\\\"":\\\\\\\""20228a57-995d-4d95-8a6e-636c72ff7234\\\\\\\""}\\\"",\\\""headers\\\"":{\\\""Authorization\\\"":\\\""Authorization: Bearer eyJhbGciOiJSUzI1NiIsInR5cCI6IkpXVCJ9.eyJ1c2VyX25hbWUiOiJtb3VoZXItd2Vhci1wdXJjaGFzZSIsInNjb3BlIjpbIm9ubGluZS1tZXJjaGFudCJdLCJleHAiOjE3NTM2NzY2NzYsImlhdCI6MTc1MzYzMzQ3NiwiYXV0aG9yaXRpZXMiOlsiUk9MRV9VU0VSIl0sImp0aSI6Il8zN2dJOHRVc2xTN3J0Tl9EMXNyb3AyNzFOMCIsImNsaWVudF9pZCI6Im1vdWhlci13ZWFyIn0.BXPo_v573KKTgd8XY3S6alYGYUsYiKES66PmYDXLLpHP9GVjh_28xagBiiNEJd3sgiKmET5jauwDnc0Tti_XzjMRGiJz4AFlE1-Ako1vh5pGHi1_xIFjoKDjYIF011wiT_xNV8ouRcVKlGWtJDjNDaCWWbVSuiOme0oo0tQW6niCszci74Qx6OBc6vvtbQcKaFf-uWV3e9GmWRjjaLsQ-Lxla7MCZDlEJm7VVMwTeoI9_CPx8lrdrkR3iiC8GlBN-TXpv0JlG2aS3Na7ny6CaR_PYkGk3Jbsr8QtooZvbIEimJXegMHBIqp81oyzLWKMAUV2zGrJvzB4boS89pNeGg\\\"",\\\""Content-Type\\\"":\\\""Content-Type: application\\\\\\\/json\\\"",\\\""user-agent\\\"":\\\""SnappPay, mouher-wear\\\""}}}\""}""",0,0,2025-07-27 19:52:47,2025-07-27 19:54:36
1273,7967261379,website,664,,declined,7967261379,,,33418b68-c908-474d-8d2d-0a0636e602b8,909,1,535,2,7470000,7470000,0,0,"""{\""gt\"":\""{\\\""status\\\"":\\\""error\\\"",\\\""successful\\\"":false,\\\""statusCode\\\"":200,\\\""message\\\"":\\\""\\\\u062b\\\\u0628\\\\u062a \\\\u062f\\\\u0631\\\\u062e\\\\u0648\\\\u0627\\\\u0633\\\\u062a \\\\u062c\\\\u062f\\\\u06cc\\\\u062f \\\\u0645\\\\u0645\\\\u06a9\\\\u0646 \\\\u0646\\\\u06cc\\\\u0633\\\\u062a. \\\\u0644\\\\u0637\\\\u0641\\\\u0627\\\\u064b \\\\u0686\\\\u0646\\\\u062f \\\\u0644\\\\u062d\\\\u0638\\\\u0647\\\\u0654 \\\\u062f\\\\u06cc\\\\u06af\\\\u0631 \\\\u062f\\\\u0648\\\\u0628\\\\u0627\\\\u0631\\\\u0647 \\\\u062a\\\\u0644\\\\u0627\\\\u0634 \\\\u06a9\\\\u0646\\\\u06cc\\\\u062f.\\\"",\\\""url\\\"":\\\""https:\\\\\\\/\\\\\\\/api.snapppay.ir\\\\\\\/api\\\\\\\/online\\\\\\\/payment\\\\\\\/v1\\\\\\\/verify\\\"",\\\""args\\\"":{\\\""method\\\"":\\\""POST\\\"",\\\""body\\\"":\\\""{\\\\\\\""paymentToken\\\\\\\"":\\\\\\\""33418b68-c908-474d-8d2d-0a0636e602b8\\\\\\\""}\\\"",\\\""headers\\\"":{\\\""Authorization\\\"":\\\""Authorization: Bearer eyJhbGciOiJSUzI1NiIsInR5cCI6IkpXVCJ9.eyJ1c2VyX25hbWUiOiJtb3VoZXItd2Vhci1wdXJjaGFzZSIsInNjb3BlIjpbIm9ubGluZS1tZXJjaGFudCJdLCJleHAiOjE3NTM2NzY4NTIsImlhdCI6MTc1MzYzMzY1MiwiYXV0aG9yaXRpZXMiOlsiUk9MRV9VU0VSIl0sImp0aSI6IklnbzZpcmh1enRJTzlXeExSVVpBMDdmNnJERSIsImNsaWVudF9pZCI6Im1vdWhlci13ZWFyIn0.Znz5zBuGd1OgeXJ3El_03uc7wVQULXVrkbVQouzB2gCqCK6qldaOPkR1KtUH_IYnLYGuNko17k8EUZJvHVN6iChZpdobfWYzKjnOZbM76mXVWzwtTzk4QkgGNuTNhu9p5J2LPBwt56DKRP_ng1f6ocrMaEULIoPY9v50IUbLGQGW5ATQvQA7IUTP9l1tM1AcQb0kNqllqzK8gvkuuBSb10yxx21jix2TcuffE6KqgeZdubbByohQ5bmfRas0wb-mGAm7NTFADWNlBw1C-NtcnQ59V0XnG9dafNdmQumjtnrNuilHUXusYSOu87XvAmdhDYAE8QF5zLkqkhgSyFGvqg\\\"",\\\""Content-Type\\\"":\\\""Content-Type: application\\\\\\\/json\\\"",\\\""user-agent\\\"":\\\""SnappPay, mouher-wear\\\""}}}\""}""",0,0,2025-07-27 19:54:59,2025-07-27 19:57:32
1274,4085851461,website,664,,pending,4085851461,,,f22af9e2-4c27-4d18-ac42-825c058f3942,909,1,535,2,7470000,7470000,0,0,,0,0,2025-07-27 19:58:50,2025-07-27 19:58:51
1275,9526060373,website,664,,declined,9526060373,,,e694dda9-1898-4422-9f46-ef5066cf3d7c,909,1,535,2,7470000,7470000,0,0,"""{\""gt\"":\""{\\\""status\\\"":\\\""error\\\"",\\\""successful\\\"":false,\\\""statusCode\\\"":400,\\\""message\\\"":\\\""\\\\u0648\\\\u0636\\\\u0639\\\\u06cc\\\\u062a \\\\u062a\\\\u0631\\\\u0627\\\\u06a9\\\\u0646\\\\u0634 \\\\u0628\\\\u0631\\\\u0627\\\\u06cc \\\\u0639\\\\u0645\\\\u0644\\\\u06cc\\\\u0627\\\\u062a \\\\u0645\\\\u0648\\\\u0631\\\\u062f\\\\u0646\\\\u0638\\\\u0631 \\\\u0646\\\\u0627\\\\u0645\\\\u0646\\\\u0627\\\\u0633\\\\u0628 \\\\u0627\\\\u0633\\\\u062a.\\\"",\\\""url\\\"":\\\""https:\\\\\\\/\\\\\\\/api.snapppay.ir\\\\\\\/api\\\\\\\/online\\\\\\\/payment\\\\\\\/v1\\\\\\\/verify\\\"",\\\""args\\\"":{\\\""method\\\"":\\\""POST\\\"",\\\""body\\\"":\\\""{\\\\\\\""paymentToken\\\\\\\"":\\\\\\\""e694dda9-1898-4422-9f46-ef5066cf3d7c\\\\\\\""}\\\"",\\\""headers\\\"":{\\\""Authorization\\\"":\\\""Authorization: Bearer eyJhbGciOiJSUzI1NiIsInR5cCI6IkpXVCJ9.eyJ1c2VyX25hbWUiOiJtb3VoZXItd2Vhci1wdXJjaGFzZSIsInNjb3BlIjpbIm9ubGluZS1tZXJjaGFudCJdLCJleHAiOjE3NTM2NzczMjcsImlhdCI6MTc1MzYzNDEyNywiYXV0aG9yaXRpZXMiOlsiUk9MRV9VU0VSIl0sImp0aSI6ImxGQVowMjhZU0RTOUwzdWltNmc5UWx3YldLOCIsImNsaWVudF9pZCI6Im1vdWhlci13ZWFyIn0.OZvq4SS5RnnSQAlmlQkmBlp_wGXPHItWUEe5OTqMW7y_HvsTesNcQrONbTGDh1opKOXpYk55GtNtuIwOnHq9k40KtOFrvqJ6F5UG3XSST9XxOULoQRmUiqguFSjOnA0ilZPR7FsDk3cb-IstQ34Q1KuSu2KluIDYjgtsmf9yyEIJqdb1Dxlvdl5bVBSkG0-qDerGKxU_H2YbGcfBcVFRw63Cc2oOnr5-4llVfY7DXtdi2kGBMVSj787vzjp7DQuBKfooKlayahSemGurJ2svViAdpBCSih8NyuhWc773vWp0ku4sZsWExXEp0Wr3Hu8WUTHonLLKCB6fMowuK7qgKA\\\"",\\\""Content-Type\\\"":\\\""Content-Type: application\\\\\\\/json\\\"",\\\""user-agent\\\"":\\\""SnappPay, mouher-wear\\\""}}}\""}""",0,0,2025-07-27 20:04:15,2025-07-27 20:05:27
1276,2786599271,website,664,,declined,2786599271,,,c0e2b6c6-9153-487f-b54c-b7f97797f597,909,1,535,2,3560000,3560000,0,0,"""{\""gt\"":\""{\\\""status\\\"":\\\""error\\\"",\\\""successful\\\"":false,\\\""statusCode\\\"":400,\\\""message\\\"":\\\""\\\\u0648\\\\u0636\\\\u0639\\\\u06cc\\\\u062a \\\\u062a\\\\u0631\\\\u0627\\\\u06a9\\\\u0646\\\\u0634 \\\\u0628\\\\u0631\\\\u0627\\\\u06cc \\\\u0639\\\\u0645\\\\u0644\\\\u06cc\\\\u0627\\\\u062a \\\\u0645\\\\u0648\\\\u0631\\\\u062f\\\\u0646\\\\u0638\\\\u0631 \\\\u0646\\\\u0627\\\\u0645\\\\u0646\\\\u0627\\\\u0633\\\\u0628 \\\\u0627\\\\u0633\\\\u062a.\\\"",\\\""url\\\"":\\\""https:\\\\\\\/\\\\\\\/api.snapppay.ir\\\\\\\/api\\\\\\\/online\\\\\\\/payment\\\\\\\/v1\\\\\\\/verify\\\"",\\\""args\\\"":{\\\""method\\\"":\\\""POST\\\"",\\\""body\\\"":\\\""{\\\\\\\""paymentToken\\\\\\\"":\\\\\\\""c0e2b6c6-9153-487f-b54c-b7f97797f597\\\\\\\""}\\\"",\\\""headers\\\"":{\\\""Authorization\\\"":\\\""Authorization: Bearer eyJhbGciOiJSUzI1NiIsInR5cCI6IkpXVCJ9.eyJ1c2VyX25hbWUiOiJtb3VoZXItd2Vhci1wdXJjaGFzZSIsInNjb3BlIjpbIm9ubGluZS1tZXJjaGFudCJdLCJleHAiOjE3NTM2Nzc3MzMsImlhdCI6MTc1MzYzNDUzMywiYXV0aG9yaXRpZXMiOlsiUk9MRV9VU0VSIl0sImp0aSI6IlFDWFNzYUo3LVVqNFljYVFibDh3aFcxUnhzTSIsImNsaWVudF9pZCI6Im1vdWhlci13ZWFyIn0.FU-fUO-91Vf5RN8-UXqLuX-mbM_Zn-3jLdWMTt87ShRqgOO-6jdM_5LA9Pup-jx8upsYpK6wgrNS06Uj5l4M-EyZi5S3HNeCgXJjla71-AgADXFyTT88p3sNF6-WqOXmM9wCbKG2XOake0r1xA8xpcJ25vORE9_n3OVt07CuCF0ntgU8ap6lF9V-SxJgNZPR3-9jJBDLLQB8aWpD16KRLX70YBQ6cfRfLJ422vifkdAKFEI-RaXSk7Jsdo44uApUj1hINE28PQGyQHi2q7yg9i09prES5QozUV9IYxkALCEghqJeQ0j460fHnL0mV3LgSjFMWIxmmRztFaFgQWbvmg\\\"",\\\""Content-Type\\\"":\\\""Content-Type: application\\\\\\\/json\\\"",\\\""user-agent\\\"":\\\""SnappPay, mouher-wear\\\""}}}\""}""",0,0,2025-07-27 20:06:19,2025-07-27 20:12:13
1277,6644757831,website,664,,pending,6644757831,,,b2a872ef-f75c-49b5-bbe1-a5d469365435,909,1,535,2,3560000,3560000,0,0,,0,0,2025-07-27 20:15:48,2025-07-27 20:15:48
1278,7574824706,website,664,,pending,7574824706,,,54fe63e3-76f3-417f-b5d2-22029720f265,909,1,535,2,6820000,6820000,0,0,,0,0,2025-07-27 20:24:16,2025-07-27 20:24:17
1279,5285355083,website,664,,pending,5285355083,,,128157d8-2f3b-42f4-a695-60ffbe114fca,909,1,535,2,6820000,6820000,0,0,,0,0,2025-07-28 00:56:50,2025-07-28 00:56:51
1280,6186880399,website,664,,pending,6186880399,,,93e7434f-112a-4c41-bbd3-23736ca42d96,909,1,535,2,7470000,7470000,0,0,,0,0,2025-07-28 00:59:30,2025-07-28 00:59:32
1281,4724462929,website,664,,pending,4724462929,,,daea024c-a97c-425b-a5a1-97c689479336,909,1,535,2,6820000,6820000,0,0,,0,0,2025-07-28 01:00:10,2025-07-28 01:00:11
1282,4117376118,website,664,,pending,4117376118,,,15d58a7f-60a6-42f4-b260-c70a43b0b33b,909,1,535,2,7470000,7470000,0,0,,0,0,2025-07-28 01:03:49,2025-07-28 01:03:50
1283,1621102773,website,664,,pending,1621102773,,,cfb33e10-d81b-424b-a8ce-3f42ac28066e,909,1,535,2,7470000,7470000,0,0,,0,0,2025-07-28 01:11:24,2025-07-28 01:11:25
1284,8606960612,website,664,,pending,8606960612,,,0d19190b-a39e-49bf-9deb-fd4019099383,909,1,535,2,7470000,7470000,0,0,,0,0,2025-07-28 01:20:59,2025-07-28 01:21:00
1285,7098406582,website,664,,declined,7098406582,,,5a1013f5-c889-4cd1-8e1a-c140d21ae2c7,909,1,535,2,7470000,7470000,0,0,"""{\""gt\"":\""{\\\""status\\\"":\\\""error\\\"",\\\""successful\\\"":false,\\\""statusCode\\\"":400,\\\""message\\\"":\\\""\\\\u0648\\\\u0636\\\\u0639\\\\u06cc\\\\u062a \\\\u062a\\\\u0631\\\\u0627\\\\u06a9\\\\u0646\\\\u0634 \\\\u0628\\\\u0631\\\\u0627\\\\u06cc \\\\u0639\\\\u0645\\\\u0644\\\\u06cc\\\\u0627\\\\u062a \\\\u0645\\\\u0648\\\\u0631\\\\u062f\\\\u0646\\\\u0638\\\\u0631 \\\\u0646\\\\u0627\\\\u0645\\\\u0646\\\\u0627\\\\u0633\\\\u0628 \\\\u0627\\\\u0633\\\\u062a.\\\"",\\\""url\\\"":\\\""https:\\\\\\\/\\\\\\\/api.snapppay.ir\\\\\\\/api\\\\\\\/online\\\\\\\/payment\\\\\\\/v1\\\\\\\/verify\\\"",\\\""args\\\"":{\\\""method\\\"":\\\""POST\\\"",\\\""body\\\"":\\\""{\\\\\\\""paymentToken\\\\\\\"":\\\\\\\""5a1013f5-c889-4cd1-8e1a-c140d21ae2c7\\\\\\\""}\\\"",\\\""headers\\\"":{\\\""Authorization\\\"":\\\""Authorization: Bearer eyJhbGciOiJSUzI1NiIsInR5cCI6IkpXVCJ9.eyJ1c2VyX25hbWUiOiJtb3VoZXItd2Vhci1wdXJjaGFzZSIsInNjb3BlIjpbIm9ubGluZS1tZXJjaGFudCJdLCJleHAiOjE3NTM2OTg3MzYsImlhdCI6MTc1MzY1NTUzNiwiYXV0aG9yaXRpZXMiOlsiUk9MRV9VU0VSIl0sImp0aSI6IlRUSTlWRGpHcDZjQlpUMHJwZ2dsOXRkQW9KRSIsImNsaWVudF9pZCI6Im1vdWhlci13ZWFyIn0.F0QwyjWc3Mjz7r0D38plAYqVBOFCYXW66UDnXKrvXYcEH0CCArY2E9Pqzh2lbynRhWIHaq8ZRntxUsoL08_0dXA4AtCeTtUNr3Hc4ftlBfRhi8XG0kFYFQmLp-TKF-jyyzVgsS3OG5SNUZa4fmCpnWUM1qVH415GDo5G5AQsFKBwvv3I02_DmVGsQzo2bKM8kBElykb0_7lo06wEM4say9BsX96_iJrt1SsLs-OB6SrSTJNliPw33SqB3Wg4sC570lxCDsChQmj04oks-Zykw55VTVal3h-PBwq8gZgtEMhGvQZIfpU2kp8K5jX3sDMs_782wbR5mUxSM-ZEZ6KExA\\\"",\\\""Content-Type\\\"":\\\""Content-Type: application\\\\\\\/json\\\"",\\\""user-agent\\\"":\\\""SnappPay, mouher-wear\\\""}}}\""}""",0,0,2025-07-28 02:00:50,2025-07-28 02:02:16
1286,9298725964,website,664,,pending,9298725964,,,9dd4cd37-5011-406d-8560-e728f0018eb0,909,1,535,2,7470000,7470000,0,0,,0,0,2025-07-28 02:02:31,2025-07-28 02:02:32
1287,4170183254,website,664,,pending,4170183254,,,595d75bf-a520-412d-82a4-dda5c4f7ff45,909,1,535,2,7470000,7470000,0,0,,0,0,2025-07-28 02:19:07,2025-07-28 02:19:08
1288,2498255012,website,664,,pending,2498255012,,,a39639f2-d639-4264-a6a2-f14b25e2115f,909,1,535,2,6820000,6820000,0,0,,0,0,2025-07-28 02:24:22,2025-07-28 02:24:23
1289,9204324007,website,664,,pending,9204324007,,,df9ac479-db3c-4e74-9c45-c8b25c9b3649,909,1,535,2,7470000,7470000,0,0,,0,0,2025-07-28 02:25:53,2025-07-28 02:25:54
1290,5004832151,website,664,,completed,5004832151,"{""successful"":true,""response"":{""transactionId"":""5004832151""}}",,ea40e7a8-b5a4-4bc4-ab8e-0c4e7a533e1e,909,1,535,2,7470000,7470000,0,0,"""{\""successful\"":true,\""response\"":{\""transactionId\"":\""5004832151\""}}""",0,0,2025-07-28 02:46:14,2025-07-30 18:31:03
1291,2193607647,website,120,,completed,2193607647,"{""successful"":true,""response"":{""transactionId"":""2193607647""}}",,9470ab19-f8be-430a-9d18-fca1ba9bc288,1182,1,235,2,3160000,3160000,0,0,"""{\""successful\"":true,\""response\"":{\""transactionId\"":\""2193607647\""}}""",0,0,2025-07-29 14:17:14,2025-08-04 12:36:09
1292,6493898372,website,303,,completed,6493898372,"{""successful"":true,""response"":{""transactionId"":""6493898372""}}",,f52b6a1c-9642-4e80-9ae6-8a2f4897d537,399,2,536,2,1980000,1980000,0,0,"""{\""successful\"":true,\""response\"":{\""transactionId\"":\""6493898372\""}}""",0,0,2025-07-29 14:27:00,2025-07-30 18:28:37
1293,8500266371,website,178,,completed,8500266371,"{""successful"":true,""response"":{""transactionId"":""8500266371""}}",,539a65e4-a5fc-4a58-ae3a-923af00520d1,236,2,99,2,1580000,1580000,0,0,"""{\""successful\"":true,\""response\"":{\""transactionId\"":\""8500266371\""}}""",0,0,2025-07-29 16:13:28,2025-07-31 16:08:34
1294,8024339736,website,889,,completed,A0000000000000000000000000006q6j3wpg,{},,,1286,1,537,3,2460000,2460000,0,0,"""{}""",0,0,2025-07-30 10:23:23,2025-07-31 16:09:26
1295,3087697305,website,688,,completed,3087697305,"{""successful"":true,""response"":{""transactionId"":""3087697305""}}",,17a51e9e-70ce-4e05-a716-732a56bcbc8c,944,1,399,2,8300000,8300000,0,0,"""{\""successful\"":true,\""response\"":{\""transactionId\"":\""3087697305\""}}""",0,0,2025-07-31 21:27:09,2025-08-06 18:02:25
1296,8683921976,website,890,,completed,A000000000000000000000000000xqj53gy5,{},,,1289,2,538,3,1280000,1280000,0,0,"""{}""",0,0,2025-08-02 15:16:52,2025-08-08 13:39:07
1297,6052038339,website,892,,completed,6052038339,"{""successful"":true,""response"":{""transactionId"":""6052038339""}}",,0bcd99ba-b42d-4e30-a86e-dfefacd749d0,1292,1,539,2,1580000,1580000,0,0,"""{\""successful\"":true,\""response\"":{\""transactionId\"":\""6052038339\""}}""",0,0,2025-08-03 12:45:10,2025-08-04 12:50:23
1298,5186565346,website,852,,pending,5186565346,,,f054f46d-596d-4b9e-9d73-bfd6c3b56634,1210,1,521,2,3710000,3710000,0,0,,0,0,2025-08-03 14:17:53,2025-08-03 14:18:08
1299,7216099839,website,852,,completed,7216099839,"{""successful"":true,""response"":{""transactionId"":""7216099839""}}",,8beabeee-51cd-47eb-a579-0e60f8755b77,1210,1,521,2,3710000,3710000,0,0,"""{\""successful\"":true,\""response\"":{\""transactionId\"":\""7216099839\""}}""",0,0,2025-08-03 14:19:20,2025-08-04 13:33:16
1300,8776877755,website,899,,pending,8776877755,,,8d400616-8177-40a6-90dd-997bb8c24016,1301,1,540,2,1980000,1980000,0,0,,0,0,2025-08-03 16:24:43,2025-08-03 16:24:44
1301,2575612845,website,1,4,pending,2575612845,,,78667e6b-47ae-4339-81e2-499843779702,223,1,16,2,3111000,3660000,549000,0,,0,0,2025-08-03 16:40:18,2025-08-03 16:40:19
1302,5048611517,website,899,4,pending,5048611517,,,62448a7d-8609-4f55-87fb-24e09591569d,1301,1,541,2,1683000,1980000,297000,0,,0,0,2025-08-03 17:12:47,2025-08-03 17:12:48
1303,2383424437,website,899,4,pending,A000000000000000000000000000xqje7xmo,,,,1301,1,541,3,1683000,1980000,297000,0,,0,0,2025-08-03 17:15:17,2025-08-03 17:15:18
1304,9457268331,website,899,4,pending,9457268331,,,d0d0b239-dd67-4e88-81d2-7a7223116ecf,1301,1,541,2,1683000,1980000,297000,0,,0,0,2025-08-03 17:27:19,2025-08-03 17:27:20
1305,6255870198,website,899,4,completed,A000000000000000000000000000py62xyr2,{},,,1301,1,541,3,1683000,1980000,297000,0,"""{}""",0,0,2025-08-03 17:28:09,2025-08-06 18:02:49
1306,3724721738,website,900,4,completed,3724721738,"{""successful"":true,""response"":{""transactionId"":""3724721738""}}",,19ad06a9-59a6-403e-be52-c89df3b33a43,1302,2,542,2,1088000,1280000,192000,0,"""{\""successful\"":true,\""response\"":{\""transactionId\"":\""3724721738\""}}""",0,0,2025-08-03 18:11:49,2025-08-06 18:02:59
1307,5706663741,website,548,4,pending,5706663741,,,2eb1b12d-de1e-4cff-8b02-4867db423e8d,717,1,306,2,1088000,1280000,192000,0,,0,0,2025-08-03 21:00:13,2025-08-03 21:00:14
1308,4113930639,website,174,4,pending,4113930639,,,ff48f323-e73b-4ada-82b7-e922f3ff51e2,232,1,545,2,6137000,7220000,1083000,0,,0,0,2025-08-04 02:08:39,2025-08-04 02:08:40
1309,8829715921,website,908,4,pending,8829715921,,,20116c0f-3e36-4d97-911f-a81e26bd0f10,1309,2,546,2,1343000,1580000,237000,0,,0,0,2025-08-04 12:01:01,2025-08-04 12:01:02
1310,3931169631,website,908,4,pending,3931169631,,,47d3d5ac-2b7b-49c1-ab6b-8628c887b7cb,1309,2,546,2,1343000,1580000,237000,0,,0,0,2025-08-04 14:07:33,2025-08-04 14:07:34
1311,2061577737,website,178,4,completed,2061577737,"{""successful"":true,""response"":{""transactionId"":""2061577737""}}",,2c37c077-bf3b-4f2e-a8f7-be5976bd9135,1285,2,99,2,1343000,1580000,237000,0,"""{\""successful\"":true,\""response\"":{\""transactionId\"":\""2061577737\""}}""",0,0,2025-08-04 14:22:43,2025-08-11 13:09:57
1312,3607825205,website,911,4,pending,A000000000000000000000000000oxg7561e,,,,1312,1,547,3,1343000,1580000,237000,0,,0,0,2025-08-04 18:06:39,2025-08-04 18:06:39
1313,2709699156,website,911,4,completed,A000000000000000000000000000vg17e1xd,{},,,1312,1,548,3,1343000,1580000,237000,0,"""{}""",0,0,2025-08-04 18:30:00,2025-08-11 13:10:03
1314,4949295818,website,915,4,completed,A0000000000000000000000000006qjnlorg,{},,,1318,1,549,3,1088000,1280000,192000,0,"""{}""",0,0,2025-08-04 22:33:26,2025-08-11 13:10:18
1315,1949677743,website,274,4,completed,1949677743,"{""successful"":true,""response"":{""transactionId"":""1949677743""}}",,774aac53-adcd-4722-8fde-d2c6e8098341,754,2,154,2,1343000,1580000,237000,0,"""{\""successful\"":true,\""response\"":{\""transactionId\"":\""1949677743\""}}""",0,0,2025-08-05 16:41:15,2025-08-06 18:03:29
1316,1343850651,website,70,4,completed,A000000000000000000000000000degpn7lg,{},,,1280,1,43,3,1683000,1980000,297000,0,"""{}""",0,0,2025-08-05 19:26:21,2025-08-08 13:40:09
1317,4420319185,website,510,4,pending,4420319185,,,463a3927-d3fa-4f4e-9d5a-1a18716281e0,684,2,282,2,2065500,2430000,364500,0,,0,0,2025-08-06 13:55:41,2025-08-06 13:55:42
1318,9989502781,website,918,4,completed,A000000000000000000000000000xqjz88r1,{},,,1323,1,551,3,1343000,1580000,237000,0,"""{}""",0,0,2025-08-06 21:16:54,2025-08-08 13:42:13
1319,3690373625,website,626,,completed,3690373625,"{""successful"":true,""response"":{""transactionId"":""3690373625""}}",,31a76fc7-e7a8-4994-b511-8b8d443eb3e0,1069,2,458,2,5120000,5120000,0,0,"""{\""successful\"":true,\""response\"":{\""transactionId\"":\""3690373625\""}}""",0,0,2025-08-07 13:58:59,2025-08-11 13:10:32
1320,6011185664,website,919,,completed,6011185664,"{""successful"":true,""response"":{""transactionId"":""6011185664""}}",,8e2d6b60-30cd-4402-acdc-79446de320df,1326,1,552,2,1580000,1580000,0,0,"""{\""successful\"":true,\""response\"":{\""transactionId\"":\""6011185664\""}}""",0,0,2025-08-09 09:33:41,2025-08-11 13:10:55
1321,5125387080,website,922,,completed,A000000000000000000000000000degy7373,{},,,1329,1,553,3,3060000,3060000,0,0,"""{}""",0,0,2025-08-10 19:54:26,2025-08-13 12:46:31
1322,6579816723,website,923,,completed,A000000000000000000000000000y53qpq82,{},,,1331,1,554,3,850000,850000,0,0,"""{}""",0,0,2025-08-11 14:10:45,2025-08-13 12:46:35
1323,4382846580,website,548,4,pending,4382846580,,,24f44f1e-3b5c-4f06-9fa6-0c0213d5a130,717,1,555,2,1280000,1280000,0,0,,0,0,2025-08-11 15:04:13,2025-08-11 15:04:14
1324,3681438667,website,81,,completed,A000000000000000000000000000jjwlgxpy,{},,,108,1,49,3,1580000,1580000,0,0,"""{}""",0,0,2025-08-11 17:33:45,2025-08-13 12:46:41
1325,8395477188,website,548,4,completed,8395477188,"{""successful"":true,""response"":{""transactionId"":""8395477188""}}",,ea308e63-6d80-4998-b63d-b797ce5acf8e,717,1,555,2,1280000,1280000,0,0,"""{\""successful\"":true,\""response\"":{\""transactionId\"":\""8395477188\""}}""",0,0,2025-08-11 22:06:03,2025-08-13 12:46:45
1326,6753297660,website,608,,pending,6753297660,,,7895c660-f2e0-46cd-a66a-1a5563df71a4,1097,1,341,2,6820000,6820000,0,0,,0,0,2025-08-12 02:07:25,2025-08-12 02:07:26
1327,4498228636,website,608,,completed,4498228636,"{""successful"":true,""response"":{""transactionId"":""4498228636""}}",,c2fa343f-7242-4c49-8a50-dd2148438645,1097,1,341,2,3160000,3160000,0,0,"""{\""successful\"":true,\""response\"":{\""transactionId\"":\""4498228636\""}}""",0,0,2025-08-12 02:09:36,2025-08-17 19:08:41
1328,8951144495,website,925,,completed,8951144495,"{""successful"":true,""response"":{""transactionId"":""8951144495""}}",,5ca6677c-35a5-43ad-a1c3-5f67a0361064,1337,1,556,2,1580000,1580000,0,0,"""{\""successful\"":true,\""response\"":{\""transactionId\"":\""8951144495\""}}""",0,0,2025-08-13 14:23:18,2025-08-17 19:09:20
1329,6278710124,website,606,,completed,6278710124,"{""successful"":true,""response"":{""transactionId"":""6278710124""}}",,2d84bedb-9fd8-42bc-aee8-2bd7256008ee,806,2,557,2,6720000,6720000,0,0,"""{\""successful\"":true,\""response\"":{\""transactionId\"":\""6278710124\""}}""",0,0,2025-08-17 10:39:27,2025-08-20 02:43:31
1330,2950163830,website,928,,completed,A000000000000000000000000000pqr2jxn3,{},,,1342,1,558,3,4110000,4110000,0,0,"""{}""",0,0,2025-08-17 12:14:58,2025-08-21 01:42:53
1331,8165816540,website,929,,pending,8165816540,,,55a179e0-9a87-41ba-90b5-8c5e9f232bdb,1344,1,559,2,1280000,1280000,0,0,,0,0,2025-08-18 18:07:41,2025-08-18 18:07:42
1332,9652175353,website,929,,declined,9652175353,,,f58b92be-b6a0-41b8-8dd2-4cf3dc2efed8,1344,1,559,2,1280000,1280000,0,0,"""{\""gt\"":\""{\\\""status\\\"":\\\""error\\\"",\\\""successful\\\"":false,\\\""statusCode\\\"":400,\\\""message\\\"":\\\""\\\\u0648\\\\u0636\\\\u0639\\\\u06cc\\\\u062a \\\\u062a\\\\u0631\\\\u0627\\\\u06a9\\\\u0646\\\\u0634 \\\\u0628\\\\u0631\\\\u0627\\\\u06cc \\\\u0639\\\\u0645\\\\u0644\\\\u06cc\\\\u0627\\\\u062a \\\\u0645\\\\u0648\\\\u0631\\\\u062f\\\\u0646\\\\u0638\\\\u0631 \\\\u0646\\\\u0627\\\\u0645\\\\u0646\\\\u0627\\\\u0633\\\\u0628 \\\\u0627\\\\u0633\\\\u062a.\\\"",\\\""url\\\"":\\\""https:\\\\\\\/\\\\\\\/api.snapppay.ir\\\\\\\/api\\\\\\\/online\\\\\\\/payment\\\\\\\/v1\\\\\\\/verify\\\"",\\\""args\\\"":{\\\""method\\\"":\\\""POST\\\"",\\\""body\\\"":\\\""{\\\\\\\""paymentToken\\\\\\\"":\\\\\\\""f58b92be-b6a0-41b8-8dd2-4cf3dc2efed8\\\\\\\""}\\\"",\\\""headers\\\"":{\\\""Authorization\\\"":\\\""Authorization: Bearer eyJhbGciOiJSUzI1NiIsInR5cCI6IkpXVCJ9.eyJ1c2VyX25hbWUiOiJtb3VoZXItd2Vhci1wdXJjaGFzZSIsInNjb3BlIjpbIm9ubGluZS1tZXJjaGFudCJdLCJleHAiOjE3NTU1OTEzMTMsImlhdCI6MTc1NTU0ODExMywiYXV0aG9yaXRpZXMiOlsiUk9MRV9VU0VSIl0sImp0aSI6Iko4V3Y4YnhRbEJ0MndBczlIa1h5UWh1YVYzVSIsImNsaWVudF9pZCI6Im1vdWhlci13ZWFyIn0.fUPs4UNjEATxBMCyCrBoVRu99svJao6KWhGdBXd98VikwwxA5MwuxdOkeopqpX8IsBzMAch1nkpOyTdnN2pI2i1MH3vk_GPKgdaM57Z4_cDkx0zyoJalTseAoDO-Hx2B5PddIZaRNr9cH93YKY3CfBOTOgsBqRqWdCFUiNaQkNGVTh32vjH5-mlJKhexXuGO4TJSxeY8Np6iuKOS7iuSfZv4iJmp0yuGweU46fi9MS89TGzW-GYLOCODdLtYGX_dEIUHv0jQzZwX5LOknFJePPVn1Csl81z-bwocjxiHAJrRmEm9ZsrZ720R3gqIpeUmZE668-qnWAFsYbDa73q3EA\\\"",\\\""Content-Type\\\"":\\\""Content-Type: application\\\\\\\/json\\\"",\\\""user-agent\\\"":\\\""SnappPay, mouher-wear\\\""}}}\""}""",0,0,2025-08-18 22:04:11,2025-08-18 23:45:13
1333,3657065439,website,929,,pending,3657065439,,,acdd773c-134f-4b52-a1d4-d26a87be3dbb,1344,1,559,2,1280000,1280000,0,0,,0,0,2025-08-18 23:45:39,2025-08-18 23:45:41
1334,3088589111,website,277,,pending,3088589111,,,b7bfaabe-5b8f-4208-81f6-4e453e5b8d78,364,1,155,2,1980000,1980000,0,0,,0,0,2025-08-19 13:07:43,2025-08-19 13:07:44
1335,7931450099,website,277,,completed,7931450099,"{""successful"":true,""response"":{""transactionId"":""7931450099""}}",,9ff9108c-bedb-448e-b285-0e4d70b10ab2,364,1,155,2,1980000,1980000,0,0,"""{\""successful\"":true,\""response\"":{\""transactionId\"":\""7931450099\""}}""",0,0,2025-08-19 13:50:45,2025-08-21 01:44:54
1336,1989486656,website,67,,completed,A000000000000000000000000000vn5zo7z5,{},,,514,1,42,3,832000,832000,448000,0,"""{}""",0,0,2025-08-20 12:03:18,2025-08-28 14:25:20
1337,2216678702,website,173,,completed,2216678702,"{""successful"":true,""response"":{""transactionId"":""2216678702""}}",,e1e17552-ad93-4441-9e55-1346c05a0eed,1063,2,94,2,1027000,1027000,553000,0,"""{\""successful\"":true,\""response\"":{\""transactionId\"":\""2216678702\""}}""",0,0,2025-08-20 12:14:39,2025-08-21 00:29:13
1338,9270310991,website,930,,completed,A000000000000000000000000000pqrwwdg3,{},,,1349,1,560,3,1027000,1027000,553000,0,"""{}""",0,0,2025-08-20 12:51:33,2025-08-28 14:25:02
1339,2298241863,website,931,,completed,A000000000000000000000000000mg5ov3z5,{},,,1351,1,561,3,3341000,3341000,1799000,0,"""{}""",0,0,2025-08-20 13:27:42,2025-08-28 14:24:44
1340,4871031908,website,166,,pending,4871031908,,,e976a95d-1067-4433-b498-a78af7b80e06,1281,2,92,2,1287000,1287000,693000,0,,0,0,2025-08-20 13:37:42,2025-08-20 13:37:42
1341,5605578687,website,336,,pending,5605578687,,,dec0744f-0764-4287-961d-ad73c2543547,1225,1,192,2,4108000,4108000,2212000,0,,0,0,2025-08-20 13:49:28,2025-08-20 13:49:29
1342,6297311734,website,219,,completed,6297311734,"{""successful"":true,""response"":{""transactionId"":""6297311734""}}",,9665c825-1344-4240-a178-32d4e3f4ba71,1241,1,190,2,2606500,2606500,1403500,0,"""{\""successful\"":true,\""response\"":{\""transactionId\"":\""6297311734\""}}""",0,0,2025-08-20 13:50:10,2025-08-21 01:47:17
1343,6228183889,website,166,,completed,6228183889,"{""successful"":true,""response"":{""transactionId"":""6228183889""}}",,a2433cb1-24b5-450b-b9e1-8f081a2e45f1,1281,2,92,2,1287000,1287000,693000,0,"""{\""successful\"":true,\""response\"":{\""transactionId\"":\""6228183889\""}}""",0,0,2025-08-20 14:28:35,2025-08-21 00:28:38
1344,7859201528,website,920,,declined,7859201528,,,7d729127-52fc-4429-b9b6-8b2b5c3129c5,1328,2,563,2,2054000,2054000,1106000,0,"""{\""gt\"":\""{\\\""status\\\"":\\\""error\\\"",\\\""successful\\\"":false,\\\""statusCode\\\"":400,\\\""message\\\"":\\\""\\\\u0648\\\\u0636\\\\u0639\\\\u06cc\\\\u062a \\\\u062a\\\\u0631\\\\u0627\\\\u06a9\\\\u0646\\\\u0634 \\\\u0628\\\\u0631\\\\u0627\\\\u06cc \\\\u0639\\\\u0645\\\\u0644\\\\u06cc\\\\u0627\\\\u062a \\\\u0645\\\\u0648\\\\u0631\\\\u062f\\\\u0646\\\\u0638\\\\u0631 \\\\u0646\\\\u0627\\\\u0645\\\\u0646\\\\u0627\\\\u0633\\\\u0628 \\\\u0627\\\\u0633\\\\u062a.\\\"",\\\""url\\\"":\\\""https:\\\\\\\/\\\\\\\/api.snapppay.ir\\\\\\\/api\\\\\\\/online\\\\\\\/payment\\\\\\\/v1\\\\\\\/verify\\\"",\\\""args\\\"":{\\\""method\\\"":\\\""POST\\\"",\\\""body\\\"":\\\""{\\\\\\\""paymentToken\\\\\\\"":\\\\\\\""7d729127-52fc-4429-b9b6-8b2b5c3129c5\\\\\\\""}\\\"",\\\""headers\\\"":{\\\""Authorization\\\"":\\\""Authorization: Bearer eyJhbGciOiJSUzI1NiIsInR5cCI6IkpXVCJ9.eyJ1c2VyX25hbWUiOiJtb3VoZXItd2Vhci1wdXJjaGFzZSIsInNjb3BlIjpbIm9ubGluZS1tZXJjaGFudCJdLCJleHAiOjE3NTU3Mzc1NzEsImlhdCI6MTc1NTY5NDM3MSwiYXV0aG9yaXRpZXMiOlsiUk9MRV9VU0VSIl0sImp0aSI6IloyRDlkZFVUWlRlb1pESXRCcXI1aGktdGN0NCIsImNsaWVudF9pZCI6Im1vdWhlci13ZWFyIn0.BA3-7z3gNYMkSK3ISdl-vgV-rPr0a6qZqHsq6QF9uttwpA4uWjFbYH-YMBHNaS46uJRuDFC7LbMsv7R4Ssu8WDUlJraLLqLJEuESclVGIVcsKUwb9UhhoLLqE-J4NIYzLPISTz8s6hjb-RFJWtSRa7XJTdgsubEApjpcbPrdQqq4UaaXkdAhFfCORz6FgOtNOGGI716vkgcmER0fItz3L1LyRjCK-OBgtoMO2WAudoNcqJBl6OcdvnXWNYpwe4x6qe9fNiFxm7s1ygHm7XVDpG6ip4D0uXT2qQYCIpMHgB79VP5BT-N5-TdzVNNPLfEPXlViC_DTBTJr2fAQQ5GAOQ\\\"",\\\""Content-Type\\\"":\\\""Content-Type: application\\\\\\\/json\\\"",\\\""user-agent\\\"":\\\""SnappPay, mouher-wear\\\""}}}\""}""",0,0,2025-08-20 16:21:28,2025-08-20 16:22:51
1345,1813240739,website,920,,completed,1813240739,"{""successful"":true,""response"":{""transactionId"":""1813240739""}}",,9f08fc14-e5ed-461b-a582-611348a79e20,1328,2,563,2,2054000,2054000,1106000,0,"""{\""successful\"":true,\""response\"":{\""transactionId\"":\""1813240739\""}}""",0,0,2025-08-20 16:23:13,2025-08-26 12:30:10
1346,2386802475,website,680,,declined,2386802475,,,9d35a578-4e39-4c91-8f69-399420aeeaa3,931,2,422,2,2769000,2769000,1491000,0,"""{\""gt\"":\""{\\\""status\\\"":\\\""error\\\"",\\\""successful\\\"":false,\\\""statusCode\\\"":400,\\\""message\\\"":\\\""\\\\u0648\\\\u0636\\\\u0639\\\\u06cc\\\\u062a \\\\u062a\\\\u0631\\\\u0627\\\\u06a9\\\\u0646\\\\u0634 \\\\u0628\\\\u0631\\\\u0627\\\\u06cc \\\\u0639\\\\u0645\\\\u0644\\\\u06cc\\\\u0627\\\\u062a \\\\u0645\\\\u0648\\\\u0631\\\\u062f\\\\u0646\\\\u0638\\\\u0631 \\\\u0646\\\\u0627\\\\u0645\\\\u0646\\\\u0627\\\\u0633\\\\u0628 \\\\u0627\\\\u0633\\\\u062a.\\\"",\\\""url\\\"":\\\""https:\\\\\\\/\\\\\\\/api.snapppay.ir\\\\\\\/api\\\\\\\/online\\\\\\\/payment\\\\\\\/v1\\\\\\\/verify\\\"",\\\""args\\\"":{\\\""method\\\"":\\\""POST\\\"",\\\""body\\\"":\\\""{\\\\\\\""paymentToken\\\\\\\"":\\\\\\\""9d35a578-4e39-4c91-8f69-399420aeeaa3\\\\\\\""}\\\"",\\\""headers\\\"":{\\\""Authorization\\\"":\\\""Authorization: Bearer eyJhbGciOiJSUzI1NiIsInR5cCI6IkpXVCJ9.eyJ1c2VyX25hbWUiOiJtb3VoZXItd2Vhci1wdXJjaGFzZSIsInNjb3BlIjpbIm9ubGluZS1tZXJjaGFudCJdLCJleHAiOjE3NTU3NDQ0MzMsImlhdCI6MTc1NTcwMTIzMywiYXV0aG9yaXRpZXMiOlsiUk9MRV9VU0VSIl0sImp0aSI6IlR1QjlvZS1ra0gwem9WYUJkdHZfLUVRUVVMdyIsImNsaWVudF9pZCI6Im1vdWhlci13ZWFyIn0.N0LoYVWMLz5Ftf-DwdeSNitue5NKJQlEio1h1BEqiG8dcL_RYun3a7wNrWYhZaiqC3R4VS9ulRsbTf02MSmAemEcWxNlSxn_NoZdhBXPS7Kz0GQKYFXwZyTgLtZzXizkLDDdKfa2IN2YQcx_01Q0lq_ebOYsgezettILbgsAB1UBJ5ZUvk7zktEOFch1klvoMsgrs87u5BYi0I5ysc7hoXOK02Jr4egTl_0iE1rt1xHP0P27HdCzAtOyb98fCulxGxhW74EdMEoZ6WnLIsLwDcwL3kZZkGtT_JyCHfZVMZ_Pk1PSAkDWOgyVIrk9Y5YaTazIaKnGFQWBGIZ075mNfA\\\"",\\\""Content-Type\\\"":\\\""Content-Type: application\\\\\\\/json\\\"",\\\""user-agent\\\"":\\\""SnappPay, mouher-wear\\\""}}}\""}""",0,0,2025-08-20 18:04:10,2025-08-20 18:17:13
1347,8625799428,website,680,,pending,8625799428,,,23925b20-314e-463d-b8d5-2301aa9dbdce,931,2,422,2,2769000,2769000,1491000,0,,0,0,2025-08-20 18:17:45,2025-08-20 18:17:45
1348,3531651986,website,680,,pending,3531651986,,,7c0868de-df55-41f7-974f-530b212365af,931,2,422,2,2769000,2769000,1491000,0,,0,0,2025-08-20 18:20:56,2025-08-20 18:20:57
1349,5084511986,website,933,,pending,A000000000000000000000000000j1pre8wg,,,,1357,1,565,3,3081000,3081000,1659000,0,,0,0,2025-08-20 18:32:19,2025-08-20 18:32:19
1350,9550139250,website,933,,completed,A000000000000000000000000000y78gyj6y,{},,,1357,1,565,3,3081000,3081000,1659000,0,"""{}""",0,0,2025-08-20 18:33:15,2025-09-02 17:42:54
1351,1232369081,website,680,,completed,1232369081,"{""successful"":true,""response"":{""transactionId"":""1232369081""}}",,4d3d50d4-e2c3-4daf-a5db-47c26c8db883,931,2,422,2,2769000,2769000,1491000,0,"""{\""successful\"":true,\""response\"":{\""transactionId\"":\""1232369081\""}}""",0,0,2025-08-20 18:49:13,2025-08-28 14:25:49
1352,1576242870,website,751,,pending,1576242870,,,0fb7baf9-3773-498d-b346-3ecb733c6329,1043,1,443,2,2314000,2314000,1246000,0,,0,0,2025-08-20 19:11:16,2025-08-20 19:11:17
1353,5608009183,website,751,,declined,5608009183,,,bd54d496-2301-40e6-a0f8-9981aa6fc6f6,1043,1,443,2,3146000,3146000,1694000,0,"""{\""gt\"":\""{\\\""status\\\"":\\\""error\\\"",\\\""successful\\\"":false,\\\""statusCode\\\"":400,\\\""message\\\"":\\\""\\\\u0648\\\\u0636\\\\u0639\\\\u06cc\\\\u062a \\\\u062a\\\\u0631\\\\u0627\\\\u06a9\\\\u0646\\\\u0634 \\\\u0628\\\\u0631\\\\u0627\\\\u06cc \\\\u0639\\\\u0645\\\\u0644\\\\u06cc\\\\u0627\\\\u062a \\\\u0645\\\\u0648\\\\u0631\\\\u062f\\\\u0646\\\\u0638\\\\u0631 \\\\u0646\\\\u0627\\\\u0645\\\\u0646\\\\u0627\\\\u0633\\\\u0628 \\\\u0627\\\\u0633\\\\u062a.\\\"",\\\""url\\\"":\\\""https:\\\\\\\/\\\\\\\/api.snapppay.ir\\\\\\\/api\\\\\\\/online\\\\\\\/payment\\\\\\\/v1\\\\\\\/verify\\\"",\\\""args\\\"":{\\\""method\\\"":\\\""POST\\\"",\\\""body\\\"":\\\""{\\\\\\\""paymentToken\\\\\\\"":\\\\\\\""bd54d496-2301-40e6-a0f8-9981aa6fc6f6\\\\\\\""}\\\"",\\\""headers\\\"":{\\\""Authorization\\\"":\\\""Authorization: Bearer eyJhbGciOiJSUzI1NiIsInR5cCI6IkpXVCJ9.eyJ1c2VyX25hbWUiOiJtb3VoZXItd2Vhci1wdXJjaGFzZSIsInNjb3BlIjpbIm9ubGluZS1tZXJjaGFudCJdLCJleHAiOjE3NTU3NDc4OTIsImlhdCI6MTc1NTcwNDY5MiwiYXV0aG9yaXRpZXMiOlsiUk9MRV9VU0VSIl0sImp0aSI6IlBvbjd1aDhERHZUeUhmcXBMMS1WOUJjYWpwUSIsImNsaWVudF9pZCI6Im1vdWhlci13ZWFyIn0.berDunBJs6HL8XSk5hu7iARqTs1Zxdxtcslz8IvjvyZcQKOQ9fl_WREJEPQJnVr04e0pQ0UyUHFoQNq0b2H-kzAMK3bwvXsqbej0RdXSLM31OkrW054PWf1y-Xo2luFHBYJDbVD3Ujo5yKU65lXPDEoKPgP_rlIBryn6Kpvy4hmWtgbRmoRCWLy7VPuvf81AVxfM0SjM5pfh9cO3WQMcU4P69YhlG_2qhVSU4VC5NqudhmHJQROqLoNSihaEG2naStKmKnvxzPxpvQCeI_GoFD9VfdlG117VHtalPGLIBAIZbtngstG9UVCPFEvXN0EXgP33bHWIjsd0ealiEpxUEA\\\"",\\\""Content-Type\\\"":\\\""Content-Type: application\\\\\\\/json\\\"",\\\""user-agent\\\"":\\\""SnappPay, mouher-wear\\\""}}}\""}""",0,0,2025-08-20 19:14:34,2025-08-20 19:14:52
1354,6706001668,website,751,,completed,A0000000000000000000000000006gpeqoed,{},,,1043,1,443,3,2314000,2314000,1246000,0,"""{}""",0,0,2025-08-20 19:15:52,2025-08-28 14:26:15
1355,7497082501,website,866,,completed,7497082501,"{""successful"":true,""response"":{""transactionId"":""7497082501""}}",,dbf6b4a1-a962-4172-9205-2bb676f40818,1346,2,515,2,2119000,2119000,1141000,0,"""{\""successful\"":true,\""response\"":{\""transactionId\"":\""7497082501\""}}""",0,0,2025-08-20 19:27:12,2025-08-28 14:26:25
1356,6492084179,website,929,,completed,6492084179,"{""successful"":true,""response"":{""transactionId"":""6492084179""}}",,d8fb5df1-6b39-4836-b801-53c711d450b4,1344,1,566,2,832000,832000,448000,0,"""{\""successful\"":true,\""response\"":{\""transactionId\"":\""6492084179\""}}""",0,0,2025-08-20 20:34:34,2025-09-02 17:42:59
1357,1584717663,website,936,,declined,1584717663,,,0ebea192-d576-4c5f-932c-53c7081373e6,1365,1,567,2,1664000,1664000,896000,0,"""{\""gt\"":\""{\\\""status\\\"":\\\""error\\\"",\\\""successful\\\"":false,\\\""statusCode\\\"":400,\\\""message\\\"":\\\""\\\\u0648\\\\u0636\\\\u0639\\\\u06cc\\\\u062a \\\\u062a\\\\u0631\\\\u0627\\\\u06a9\\\\u0646\\\\u0634 \\\\u0628\\\\u0631\\\\u0627\\\\u06cc \\\\u0639\\\\u0645\\\\u0644\\\\u06cc\\\\u0627\\\\u062a \\\\u0645\\\\u0648\\\\u0631\\\\u062f\\\\u0646\\\\u0638\\\\u0631 \\\\u0646\\\\u0627\\\\u0645\\\\u0646\\\\u0627\\\\u0633\\\\u0628 \\\\u0627\\\\u0633\\\\u062a.\\\"",\\\""url\\\"":\\\""https:\\\\\\\/\\\\\\\/api.snapppay.ir\\\\\\\/api\\\\\\\/online\\\\\\\/payment\\\\\\\/v1\\\\\\\/verify\\\"",\\\""args\\\"":{\\\""method\\\"":\\\""POST\\\"",\\\""body\\\"":\\\""{\\\\\\\""paymentToken\\\\\\\"":\\\\\\\""0ebea192-d576-4c5f-932c-53c7081373e6\\\\\\\""}\\\"",\\\""headers\\\"":{\\\""Authorization\\\"":\\\""Authorization: Bearer eyJhbGciOiJSUzI1NiIsInR5cCI6IkpXVCJ9.eyJ1c2VyX25hbWUiOiJtb3VoZXItd2Vhci1wdXJjaGFzZSIsInNjb3BlIjpbIm9ubGluZS1tZXJjaGFudCJdLCJleHAiOjE3NTU3NzE2NTksImlhdCI6MTc1NTcyODQ1OSwiYXV0aG9yaXRpZXMiOlsiUk9MRV9VU0VSIl0sImp0aSI6IjNhRXRHMHZXUzZvU1AzME1NcDBCbDktWm1GTSIsImNsaWVudF9pZCI6Im1vdWhlci13ZWFyIn0.ctNwipbBYEMX0MVJofjoMHIMdHD4qBN3XT9XT3iHNWjy3wKlq097-8rCva41Z0ej3UXmXRNasUz-hQgZfCnkM2jaGMm1eNBhoC8PRSl5YbnrZqRrMnVFCgPDgZZ_xiA26A6827TuObBvKbk9ZnNQL9fsdyTpTGM3KeIrvwUTqAkuLlq-UPB7IOzpgRLDQmveg-DEssZf1m8TDBdoe5CR_NUeaevtzFbTvXvg1BQ_taTxasnFel3uK5s0UQKnwVOCMVHhq0IIsj5tbtRdOFTXtRwNVEQtdFNRqiMHg5DScjzElDDvmCvVh0rkcCLYPjIOMoiYij8NUIbMcpzgbKCtyQ\\\"",\\\""Content-Type\\\"":\\\""Content-Type: application\\\\\\\/json\\\"",\\\""user-agent\\\"":\\\""SnappPay, mouher-wear\\\""}}}\""}""",0,0,2025-08-21 01:49:38,2025-08-21 01:50:59
1358,1026231638,website,936,,completed,A0000000000000000000000000002zyerd1q,{},,,1365,1,567,3,1664000,1664000,896000,0,"""{}""",0,0,2025-08-21 01:52:15,2025-08-28 14:26:56
1359,3607668918,website,858,,completed,3607668918,"{""successful"":true,""response"":{""transactionId"":""3607668918""}}",,b73432e2-d0d8-4e4a-b99a-9ab1f6a107d0,1222,1,510,2,552500,552500,297500,0,"""{\""successful\"":true,\""response\"":{\""transactionId\"":\""3607668918\""}}""",0,0,2025-08-21 05:30:39,2025-08-28 14:27:09
1360,2259744078,website,937,,completed,A0000000000000000000000000003nyjwvnn,{},,,1368,2,568,3,1027000,1027000,553000,0,"""{}""",0,0,2025-08-21 09:20:25,2025-08-21 17:28:10
1361,3412195429,website,938,,completed,3412195429,"{""successful"":true,""response"":{""transactionId"":""3412195429""}}",,516e5e53-5dbe-40d3-ba9b-48e95c58f967,1370,2,569,2,1027000,1027000,553000,0,"""{\""successful\"":true,\""response\"":{\""transactionId\"":\""3412195429\""}}""",0,0,2025-08-21 11:19:28,2025-08-21 17:27:47
1362,1782488484,website,336,,completed,A0000000000000000000000000007xpdxrrp,{},,,1225,1,192,3,4108000,4108000,2212000,0,"""{}""",0,0,2025-08-21 12:52:11,2025-09-02 17:43:05
1363,9646074380,website,939,,completed,9646074380,"{""successful"":true,""response"":{""transactionId"":""9646074380""}}",,b6cf296f-ca9d-4248-97d1-bd902fb473a0,1373,1,570,2,1287000,1287000,693000,0,"""{\""successful\"":true,\""response\"":{\""transactionId\"":\""9646074380\""}}""",0,0,2025-08-21 17:38:42,2025-08-28 14:27:41
1364,1431956919,website,545,,completed,1431956919,"{""successful"":true,""response"":{""transactionId"":""1431956919""}}",,10b7caf9-7860-4453-9e7b-ab69d795ad82,1245,1,303,2,1027000,1027000,553000,0,"""{\""successful\"":true,\""response\"":{\""transactionId\"":\""1431956919\""}}""",0,0,2025-08-22 01:00:12,2025-09-02 17:43:10
1365,6820105158,website,211,,completed,6820105158,"{""successful"":true,""response"":{""transactionId"":""6820105158""}}",,41625931-024e-4c10-b60f-d680584246a7,277,1,176,2,962000,962000,518000,0,"""{\""successful\"":true,\""response\"":{\""transactionId\"":\""6820105158\""}}""",0,0,2025-08-22 15:55:14,2025-08-28 14:27:55
1366,5379350719,website,697,,pending,5379350719,,,4363cee8-55cd-4dde-82bb-61b3470f6424,962,1,571,2,2119000,2119000,1141000,0,,0,0,2025-08-22 16:12:03,2025-08-22 16:12:03
1367,7127149394,website,939,,completed,A0000000000000000000000000007xpvpmq3,{},,,1374,1,570,3,1027000,1027000,553000,0,"""{}""",0,0,2025-08-22 16:15:25,2025-09-02 17:43:16
1368,6341525729,website,191,,completed,A000000000000000000000000000wq2g7e55,{},,,1262,2,110,3,3081000,3081000,1659000,0,"""{}""",0,0,2025-08-22 16:53:37,2025-09-02 17:43:22
1369,1747186605,website,838,,completed,1747186605,"{""successful"":true,""response"":{""transactionId"":""1747186605""}}",,836dd5fc-c384-4707-b692-8653fc75d88b,1250,1,501,2,1027000,1027000,553000,0,"""{\""successful\"":true,\""response\"":{\""transactionId\"":\""1747186605\""}}""",0,0,2025-08-22 17:41:26,2025-09-02 17:43:27
1370,6988749443,website,186,,pending,6988749443,,,452b0822-4355-469b-bae9-6e925bdf345d,245,1,572,2,832000,832000,448000,0,,0,0,2025-08-22 22:38:25,2025-08-22 22:38:26
1371,9736767677,website,186,,pending,9736767677,,,e9b3d5bd-e9d1-4cc0-8d0b-5afe625c54a6,245,1,573,2,832000,832000,448000,0,,0,0,2025-08-22 22:40:38,2025-08-22 22:40:38
1372,9446244982,website,186,,completed,9446244982,"{""successful"":true,""response"":{""transactionId"":""9446244982""}}",,08c7d6c6-c599-4902-a479-7c63b213fa27,245,1,573,2,832000,832000,448000,0,"""{\""successful\"":true,\""response\"":{\""transactionId\"":\""9446244982\""}}""",0,0,2025-08-22 22:41:28,2025-09-02 17:43:33
1373,6477601887,website,93,,declined,A000000000000000000000000000x58yy272,,,,127,1,55,3,962000,962000,518000,0,"""\u067e\u0631\u062f\u0627\u062e\u062a \u0646\u0627\u0645\u0648\u0641\u0642""",0,0,2025-08-23 18:19:54,2025-08-23 18:20:47
1374,9730159839,website,93,,pending,A0000000000000000000000000002zynnjrl,,,,127,1,55,3,962000,962000,518000,0,,0,0,2025-08-23 18:21:48,2025-08-23 18:21:48
1375,5407641533,website,93,,pending,A000000000000000000000000000eowll5jo,,,,127,1,55,3,962000,962000,518000,0,,0,0,2025-08-23 18:35:53,2025-08-23 18:35:53
1376,6563034386,website,93,,completed,A000000000000000000000000000y78vjl23,{},,,127,1,55,3,962000,962000,518000,0,"""{}""",0,0,2025-08-23 18:58:07,2025-09-02 17:43:38
1377,9361829576,website,940,,declined,A000000000000000000000000000qegde37n,,,,1375,2,574,3,1664000,1664000,896000,0,"""\u067e\u0631\u062f\u0627\u062e\u062a \u0646\u0627\u0645\u0648\u0641\u0642""",0,0,2025-08-23 23:21:43,2025-08-23 23:31:50
1378,6010466000,website,940,,completed,A000000000000000000000000000o6y1m51g,{},,,1375,2,574,3,1664000,1664000,896000,0,"""{}""",0,0,2025-08-23 23:32:19,2025-09-02 17:43:43
1379,6575520313,website,93,,completed,A000000000000000000000000000eown1w63,{},,,1382,1,55,3,962000,962000,518000,0,"""{}""",0,0,2025-08-24 19:49:42,2025-09-02 17:43:49
1380,4821667718,website,688,,completed,4821667718,"{""successful"":true,""response"":{""transactionId"":""4821667718""}}",,5207fba5-63fb-4f98-93f9-dfd4abef0895,1288,1,399,2,2301000,2301000,1239000,0,"""{\""successful\"":true,\""response\"":{\""transactionId\"":\""4821667718\""}}""",0,0,2025-08-25 01:49:40,2025-09-02 17:43:53
1381,5636111207,website,121,,completed,5636111207,"{""successful"":true,""response"":{""transactionId"":""5636111207""}}",,ad6af3ff-fbec-4d55-9f61-b7e677072c19,166,2,69,2,4108000,4108000,2212000,0,"""{\""successful\"":true,\""response\"":{\""transactionId\"":\""5636111207\""}}""",0,0,2025-08-25 11:54:03,2025-09-02 17:43:58
1382,4938290934,website,174,4,completed,4938290934,"{""successful"":true,""response"":{""transactionId"":""4938290934""}}",,683b9212-e584-47a0-93b1-fdf1822ee0d1,232,2,545,2,6929000,6929000,3731000,0,"""{\""successful\"":true,\""response\"":{\""transactionId\"":\""4938290934\""}}""",0,0,2025-08-25 14:06:07,2025-09-02 17:44:03
1383,7402370305,website,932,,declined,7402370305,,,08e775fe-b7d6-480b-9854-c681ddda2fd8,1355,2,562,2,1794000,1794000,966000,0,"""{\""gt\"":\""{\\\""status\\\"":\\\""error\\\"",\\\""successful\\\"":false,\\\""statusCode\\\"":400,\\\""message\\\"":\\\""\\\\u0648\\\\u0636\\\\u0639\\\\u06cc\\\\u062a \\\\u062a\\\\u0631\\\\u0627\\\\u06a9\\\\u0646\\\\u0634 \\\\u0628\\\\u0631\\\\u0627\\\\u06cc \\\\u0639\\\\u0645\\\\u0644\\\\u06cc\\\\u0627\\\\u062a \\\\u0645\\\\u0648\\\\u0631\\\\u062f\\\\u0646\\\\u0638\\\\u0631 \\\\u0646\\\\u0627\\\\u0645\\\\u0646\\\\u0627\\\\u0633\\\\u0628 \\\\u0627\\\\u0633\\\\u062a.\\\"",\\\""url\\\"":\\\""https:\\\\\\\/\\\\\\\/api.snapppay.ir\\\\\\\/api\\\\\\\/online\\\\\\\/payment\\\\\\\/v1\\\\\\\/verify\\\"",\\\""args\\\"":{\\\""method\\\"":\\\""POST\\\"",\\\""body\\\"":\\\""{\\\\\\\""paymentToken\\\\\\\"":\\\\\\\""08e775fe-b7d6-480b-9854-c681ddda2fd8\\\\\\\""}\\\"",\\\""headers\\\"":{\\\""Authorization\\\"":\\\""Authorization: Bearer eyJhbGciOiJSUzI1NiIsInR5cCI6IkpXVCJ9.eyJ1c2VyX25hbWUiOiJtb3VoZXItd2Vhci1wdXJjaGFzZSIsInNjb3BlIjpbIm9ubGluZS1tZXJjaGFudCJdLCJleHAiOjE3NTYxODYyODcsImlhdCI6MTc1NjE0MzA4NywiYXV0aG9yaXRpZXMiOlsiUk9MRV9VU0VSIl0sImp0aSI6IkRsaW10MDZXNzBmSEJKbWhUS0lwMW5wZ1QxayIsImNsaWVudF9pZCI6Im1vdWhlci13ZWFyIn0.i4adQjiwFUsuSqQVfZ_zt-mhpHMCLvK5steF4b0hYibAe1EFMsjMrI1JoZxFzxB0Rc9KhSixIIv3gGLVGH_gDeWPuTxGc4ozncE2FdTd9IgNi1t7dtx60sNs-rtolYEf9EGOq0YF6ASzMexvRQ0c5I58AYUe4WFam5GGit610toqVOa21xio6tJu798X30Wq_-knDA_zy3TfWpEmuzDDmkrTsJhX2jVryGat45tjeCnOrbsSFih4KBSHyA95_xDKs5MV0AaskmWbO54QCE13qZZLt9xhwwI3V8SE8_dFzpd_ghD6LdMuLuuiALbYLBGk9QtwBYHwFnjt2tv4FK_4pA\\\"",\\\""Content-Type\\\"":\\\""Content-Type: application\\\\\\\/json\\\"",\\\""user-agent\\\"":\\\""SnappPay, mouher-wear\\\""}}}\""}""",0,0,2025-08-25 21:01:16,2025-08-25 21:01:27
1384,8381875226,website,945,,completed,8381875226,"{""successful"":true,""response"":{""transactionId"":""8381875226""}}",,cbd0e373-33d5-404e-ba23-fcd4f0495f8f,1389,2,575,2,1859000,1859000,1001000,0,"""{\""successful\"":true,\""response\"":{\""transactionId\"":\""8381875226\""}}""",0,0,2025-08-25 21:36:59,2025-09-02 17:44:07
1385,4883443272,website,288,,completed,4883443272,"{""successful"":true,""response"":{""transactionId"":""4883443272""}}",,54ee528d-572f-45be-88b3-c1054c271b7d,1129,1,576,2,2886000,2886000,1554000,0,"""{\""successful\"":true,\""response\"":{\""transactionId\"":\""4883443272\""}}""",0,0,2025-08-25 23:06:57,2025-09-02 17:44:23
1386,3887966142,website,946,,completed,3887966142,"{""successful"":true,""response"":{""transactionId"":""3887966142""}}",,d78c3f76-1082-49fb-a0de-ac2b772f25d9,1392,1,577,2,4238000,4238000,2282000,0,"""{\""successful\"":true,\""response\"":{\""transactionId\"":\""3887966142\""}}""",0,0,2025-08-25 23:57:32,2025-09-02 17:44:29
1387,7848392839,website,120,,completed,7848392839,"{""successful"":true,""response"":{""transactionId"":""7848392839""}}",,62c79e87-ca7f-4fec-94da-f6847ee8f7ce,1283,1,235,2,3160000,3160000,0,0,"""{\""successful\"":true,\""response\"":{\""transactionId\"":\""7848392839\""}}""",0,0,2025-08-28 16:42:44,2025-09-02 17:44:33
1388,2046650958,website,265,,completed,2046650958,"{""successful"":true,""response"":{""transactionId"":""2046650958""}}",,3860d41e-a666-40e7-ab1c-6a5900a3accb,348,1,578,2,2980000,2980000,0,0,"""{\""successful\"":true,\""response\"":{\""transactionId\"":\""2046650958\""}}""",0,0,2025-08-29 21:50:25,2025-09-02 17:44:38
1389,3722194706,website,952,,completed,A000000000000000000000000000rlx6z7x5,{},,,1398,1,579,3,1280000,1280000,0,0,"""{}""",0,0,2025-09-01 21:08:04,2025-09-03 23:12:01
1390,4227180835,website,954,,declined,4227180835,,,5b9fe6b2-ddf6-4055-a036-a3f9a3389f56,1401,1,580,2,2980000,2980000,0,0,"""{\""gt\"":\""{\\\""status\\\"":\\\""error\\\"",\\\""successful\\\"":false,\\\""statusCode\\\"":200,\\\""message\\\"":\\\""\\\\u062b\\\\u0628\\\\u062a \\\\u062f\\\\u0631\\\\u062e\\\\u0648\\\\u0627\\\\u0633\\\\u062a \\\\u062c\\\\u062f\\\\u06cc\\\\u062f \\\\u0645\\\\u0645\\\\u06a9\\\\u0646 \\\\u0646\\\\u06cc\\\\u0633\\\\u062a. \\\\u0644\\\\u0637\\\\u0641\\\\u0627\\\\u064b \\\\u0686\\\\u0646\\\\u062f \\\\u0644\\\\u062d\\\\u0638\\\\u0647\\\\u0654 \\\\u062f\\\\u06cc\\\\u06af\\\\u0631 \\\\u062f\\\\u0648\\\\u0628\\\\u0627\\\\u0631\\\\u0647 \\\\u062a\\\\u0644\\\\u0627\\\\u0634 \\\\u06a9\\\\u0646\\\\u06cc\\\\u062f.\\\"",\\\""url\\\"":\\\""https:\\\\\\\/\\\\\\\/api.snapppay.ir\\\\\\\/api\\\\\\\/online\\\\\\\/payment\\\\\\\/v1\\\\\\\/verify\\\"",\\\""args\\\"":{\\\""method\\\"":\\\""POST\\\"",\\\""body\\\"":\\\""{\\\\\\\""paymentToken\\\\\\\"":\\\\\\\""5b9fe6b2-ddf6-4055-a036-a3f9a3389f56\\\\\\\""}\\\"",\\\""headers\\\"":{\\\""Authorization\\\"":\\\""Authorization: Bearer eyJhbGciOiJSUzI1NiIsInR5cCI6IkpXVCJ9.eyJ1c2VyX25hbWUiOiJtb3VoZXItd2Vhci1wdXJjaGFzZSIsInNjb3BlIjpbIm9ubGluZS1tZXJjaGFudCJdLCJleHAiOjE3NTcyMjQ1MzgsImlhdCI6MTc1NzE4MTMzOCwiYXV0aG9yaXRpZXMiOlsiUk9MRV9VU0VSIl0sImp0aSI6IkNBdGRlRkRNS2lsemhFZEFDMzNrTXNhM0RjSSIsImNsaWVudF9pZCI6Im1vdWhlci13ZWFyIn0.PK45lt58CJ2j8pSsfEoJQ7NzR_daegE-GIXaV5nA5hsnvObct7z6YrD5Hu_o9KtCpA151u7ai4gpaRBA3nKcAAzviJQntdq6fuJhfQoIN0v77mAhDKNHnlHjaBbgvJjCeTLBOMpB37fbdiakEC8BF8MiAOscan7zUHAqa8vNcIrm_e3zzSG7gBlA-1JwSeAbbUBe6kEl3CQaR7S0PF_LpjFvfXVxgACC2Q1twvY_SGAihuipHr-Afr7N81OXI5tTLKQK-nFVmGjB-m7rd6lrfUEER35w5WtFvXHz0a8SGDwgeUQfXS8cwnvDX2eS-OvDWXQvq3LoByRhWS16tkgFcw\\\"",\\\""Content-Type\\\"":\\\""Content-Type: application\\\\\\\/json\\\"",\\\""user-agent\\\"":\\\""SnappPay, mouher-wear\\\""}}}\""}""",0,0,2025-09-06 21:24:39,2025-09-06 21:25:38
1391,5957277601,website,954,,declined,5957277601,,,10c97c62-575d-4931-8451-6aa5a4308f59,1401,1,580,2,2980000,2980000,0,0,"""{\""gt\"":\""{\\\""status\\\"":\\\""error\\\"",\\\""successful\\\"":false,\\\""statusCode\\\"":200,\\\""message\\\"":\\\""\\\\u062b\\\\u0628\\\\u062a \\\\u062f\\\\u0631\\\\u062e\\\\u0648\\\\u0627\\\\u0633\\\\u062a \\\\u062c\\\\u062f\\\\u06cc\\\\u062f \\\\u0645\\\\u0645\\\\u06a9\\\\u0646 \\\\u0646\\\\u06cc\\\\u0633\\\\u062a. \\\\u0644\\\\u0637\\\\u0641\\\\u0627\\\\u064b \\\\u0686\\\\u0646\\\\u062f \\\\u0644\\\\u062d\\\\u0638\\\\u0647\\\\u0654 \\\\u062f\\\\u06cc\\\\u06af\\\\u0631 \\\\u062f\\\\u0648\\\\u0628\\\\u0627\\\\u0631\\\\u0647 \\\\u062a\\\\u0644\\\\u0627\\\\u0634 \\\\u06a9\\\\u0646\\\\u06cc\\\\u062f.\\\"",\\\""url\\\"":\\\""https:\\\\\\\/\\\\\\\/api.snapppay.ir\\\\\\\/api\\\\\\\/online\\\\\\\/payment\\\\\\\/v1\\\\\\\/verify\\\"",\\\""args\\\"":{\\\""method\\\"":\\\""POST\\\"",\\\""body\\\"":\\\""{\\\\\\\""paymentToken\\\\\\\"":\\\\\\\""10c97c62-575d-4931-8451-6aa5a4308f59\\\\\\\""}\\\"",\\\""headers\\\"":{\\\""Authorization\\\"":\\\""Authorization: Bearer eyJhbGciOiJSUzI1NiIsInR5cCI6IkpXVCJ9.eyJ1c2VyX25hbWUiOiJtb3VoZXItd2Vhci1wdXJjaGFzZSIsInNjb3BlIjpbIm9ubGluZS1tZXJjaGFudCJdLCJleHAiOjE3NTcyMjQ1ODIsImlhdCI6MTc1NzE4MTM4MiwiYXV0aG9yaXRpZXMiOlsiUk9MRV9VU0VSIl0sImp0aSI6InlvaWV2Q0l2X1Y0TVpHRjNmZWl1aFE1b2J0VSIsImNsaWVudF9pZCI6Im1vdWhlci13ZWFyIn0.NPed1fUhHBifUm7F6abxBCeSwAQNmPYMunGDmbD3xyUi8sXV2naPmBwEjyzDQy2NzPjG_chnI0HOzRmHN7SKFGy7p51F6YcMju-pCbquzB4H8DU1DCRHHm2u52hGOHIw6gi-99830bdMMk8nj_KEAIlchlYf30q7tOLPso_DcZYCrxyxjeD0xH6bTaHRZlrVA-oAE074rC9lkRkRboIz1nEFuo2R6FNaRoHwGFL690mmJs-9bqoaFlMkuHtr405oh4BurYV8cHgXqd9vK3pmTFLlY7Gxy9QzuRldihJoMswDsc82SNbCMHSkj-quq7O8V48yTbfMEHg5WspllTZVOg\\\"",\\\""Content-Type\\\"":\\\""Content-Type: application\\\\\\\/json\\\"",\\\""user-agent\\\"":\\\""SnappPay, mouher-wear\\\""}}}\""}""",0,0,2025-09-06 21:25:59,2025-09-06 21:26:22
1392,7089858527,website,954,,pending,A000000000000000000000000000djzv5jdo,,,,1401,1,580,3,2980000,2980000,0,0,,0,0,2025-09-06 21:26:35,2025-09-06 21:26:36
1393,6168455108,website,954,,declined,6168455108,,,5bded7eb-a739-40b6-8823-2de08ed3a911,1401,1,580,2,2980000,2980000,0,0,"""{\""gt\"":\""{\\\""status\\\"":\\\""error\\\"",\\\""successful\\\"":false,\\\""statusCode\\\"":200,\\\""message\\\"":\\\""\\\\u062b\\\\u0628\\\\u062a \\\\u062f\\\\u0631\\\\u062e\\\\u0648\\\\u0627\\\\u0633\\\\u062a \\\\u062c\\\\u062f\\\\u06cc\\\\u062f \\\\u0645\\\\u0645\\\\u06a9\\\\u0646 \\\\u0646\\\\u06cc\\\\u0633\\\\u062a. \\\\u0644\\\\u0637\\\\u0641\\\\u0627\\\\u064b \\\\u0686\\\\u0646\\\\u062f \\\\u0644\\\\u062d\\\\u0638\\\\u0647\\\\u0654 \\\\u062f\\\\u06cc\\\\u06af\\\\u0631 \\\\u062f\\\\u0648\\\\u0628\\\\u0627\\\\u0631\\\\u0647 \\\\u062a\\\\u0644\\\\u0627\\\\u0634 \\\\u06a9\\\\u0646\\\\u06cc\\\\u062f.\\\"",\\\""url\\\"":\\\""https:\\\\\\\/\\\\\\\/api.snapppay.ir\\\\\\\/api\\\\\\\/online\\\\\\\/payment\\\\\\\/v1\\\\\\\/verify\\\"",\\\""args\\\"":{\\\""method\\\"":\\\""POST\\\"",\\\""body\\\"":\\\""{\\\\\\\""paymentToken\\\\\\\"":\\\\\\\""5bded7eb-a739-40b6-8823-2de08ed3a911\\\\\\\""}\\\"",\\\""headers\\\"":{\\\""Authorization\\\"":\\\""Authorization: Bearer eyJhbGciOiJSUzI1NiIsInR5cCI6IkpXVCJ9.eyJ1c2VyX25hbWUiOiJtb3VoZXItd2Vhci1wdXJjaGFzZSIsInNjb3BlIjpbIm9ubGluZS1tZXJjaGFudCJdLCJleHAiOjE3NTcyMjQ5NzMsImlhdCI6MTc1NzE4MTc3MywiYXV0aG9yaXRpZXMiOlsiUk9MRV9VU0VSIl0sImp0aSI6IllqTnYyVnZtdno1eDhtUERtUjlKaHJFT0tMayIsImNsaWVudF9pZCI6Im1vdWhlci13ZWFyIn0.Hx5Z251dAIMhLGpKU31CEVQZuXAD9Z5JUVDTuWf8dLw0oCaEQzrS4acUa6_KZAWKX4_HBYoUX93ZywUTxl2yfYa6M2D1tmZ3OSqMmfUzd0z_9SSjj984eqIZdcGPWeyZaEBZzlRSBq0_vYEoRqojY_m8wsyWEy3G7RHOky1ezitzbBwmTVtEI9JzJd4NipWA9RD5KB92zyvZZk1gNa3TiZN6-cRJoqhdV5a2vjBoVxsBAtXccpYjo1IWnOhx9Raxnm0peW4wtwx2IcQDJLEf52c54p5kGFETsofsGX0I-HtyklNU1DVnthZJK1A6EXtKk_saUxpmKSydTxoT0hHruw\\\"",\\\""Content-Type\\\"":\\\""Content-Type: application\\\\\\\/json\\\"",\\\""user-agent\\\"":\\\""SnappPay, mouher-wear\\\""}}}\""}""",0,0,2025-09-06 21:29:29,2025-09-06 21:32:53
1394,8576210823,website,954,,completed,A0000000000000000000000000006gx3rw16,{},,,1401,1,580,3,2980000,2980000,0,0,"""{}""",0,0,2025-09-06 21:33:10,2025-09-08 14:34:46
1395,3826151471,website,810,,completed,3826151471,"{""successful"":true,""response"":{""transactionId"":""3826151471""}}",,3dae0766-0b56-494c-83d9-2cdd759b0957,1147,2,484,2,1287000,1287000,693000,0,"""{\""successful\"":true,\""response\"":{\""transactionId\"":\""3826151471\""}}""",0,0,2025-09-11 12:58:50,2025-09-13 17:28:44
1396,6503882036,website,548,,completed,6503882036,"{""successful"":true,""response"":{""transactionId"":""6503882036""}}",,289fd05a-1b73-4116-9787-148018013225,1334,1,555,2,1014000,1014000,546000,0,"""{\""successful\"":true,\""response\"":{\""transactionId\"":\""6503882036\""}}""",0,0,2025-09-11 13:00:05,2025-09-13 17:29:04
1397,5152967456,website,906,,completed,A0000000000000000000000000007x8xw67q,{},,,1307,2,581,3,897000,897000,483000,0,"""{}""",0,0,2025-09-11 13:21:01,2025-09-13 17:29:18
1398,9476930064,website,955,,pending,A000000000000000000000000000y7y7w788,,,,1405,1,582,3,1027000,1027000,553000,0,,0,0,2025-09-11 13:25:03,2025-09-11 13:25:03
1399,7964071200,website,955,,completed,A000000000000000000000000000qeneqlxp,{},,,1405,1,582,3,1027000,1027000,553000,0,"""{}""",0,0,2025-09-11 15:15:52,2025-09-13 17:29:30
1400,1284712447,website,949,,completed,A0000000000000000000000000005r7rolly,{},,,1395,1,583,3,2028000,2028000,1092000,0,"""{}""",0,0,2025-09-11 18:54:29,2025-09-13 17:29:40
1401,5002513547,website,932,,declined,5002513547,"{""successful"":true,""response"":{""transactionId"":""5002513547""}}",,37f230d3-772d-4f01-a9c9-671ebfec3074,1355,2,562,2,1794000,1794000,966000,0,"""{\""gt\"":\""{\\\""status\\\"":\\\""error\\\"",\\\""successful\\\"":false,\\\""statusCode\\\"":400,\\\""message\\\"":\\\""\\\\u0648\\\\u0636\\\\u0639\\\\u06cc\\\\u062a \\\\u062a\\\\u0631\\\\u0627\\\\u06a9\\\\u0646\\\\u0634 \\\\u0628\\\\u0631\\\\u0627\\\\u06cc \\\\u0639\\\\u0645\\\\u0644\\\\u06cc\\\\u0627\\\\u062a \\\\u0645\\\\u0648\\\\u0631\\\\u062f\\\\u0646\\\\u0638\\\\u0631 \\\\u0646\\\\u0627\\\\u0645\\\\u0646\\\\u0627\\\\u0633\\\\u0628 \\\\u0627\\\\u0633\\\\u062a.\\\"",\\\""url\\\"":\\\""https:\\\\\\\/\\\\\\\/api.snapppay.ir\\\\\\\/api\\\\\\\/online\\\\\\\/payment\\\\\\\/v1\\\\\\\/verify\\\"",\\\""args\\\"":{\\\""method\\\"":\\\""POST\\\"",\\\""body\\\"":\\\""{\\\\\\\""paymentToken\\\\\\\"":\\\\\\\""37f230d3-772d-4f01-a9c9-671ebfec3074\\\\\\\""}\\\"",\\\""headers\\\"":{\\\""Authorization\\\"":\\\""Authorization: Bearer eyJhbGciOiJSUzI1NiIsInR5cCI6IkpXVCJ9.eyJ1c2VyX25hbWUiOiJtb3VoZXItd2Vhci1wdXJjaGFzZSIsInNjb3BlIjpbIm9ubGluZS1tZXJjaGFudCJdLCJleHAiOjE3NTk5NjU2OTgsImlhdCI6MTc1OTkyMjQ5OCwiYXV0aG9yaXRpZXMiOlsiUk9MRV9VU0VSIl0sImp0aSI6Ikhqb3F4b3FfeHRCYzk0TzFXOEJLY1hUWEsyNCIsImNsaWVudF9pZCI6Im1vdWhlci13ZWFyIn0.VGwgepPmpo5_eKaZW43Uh8ljxJlnANdNmUKE9MyMOF-u2xbevY8ROpeggKkB7FhOHTTBa7gXNQwP8WyIVwSP8HuoMm-7kYO2ac0fQ0oNYT-YtYYJd72MTCS3geNcYAsXMYZWOvNYo6-1i9Dnhj0tpTGVHcL50xVBnDhGofpjExEbUhCmxbiQsiz6MPNbtliVzdOJCqeXEVXt6qMP2ygh7LxbAJt14YYOm1_L_HJYvEhxunWz1w8deE9wa1uO5Xpfy82agZYg7M8HIWg1xNwH8qHjbeTmX4V094QmzEQWO9wTnenrdg1Al3Kr__HYmI7WrPmOlXhcy7Zpw729HEeHGA\\\"",\\\""Content-Type\\\"":\\\""Content-Type: application\\\\\\\/json\\\"",\\\""user-agent\\\"":\\\""SnappPay, mouher-wear\\\""}}}\""}""",0,0,2025-09-11 20:42:06,2025-10-08 14:51:38
1402,2910322576,website,956,,completed,A00000000000000000000000000086yrmg65,{},,,1410,2,584,3,1742000,1742000,938000,0,"""{}""",0,0,2025-09-11 21:15:40,2025-09-13 17:29:54
1403,2069501149,website,545,,completed,2069501149,"{""successful"":true,""response"":{""transactionId"":""2069501149""}}",,c397f0a1-690c-407f-a8bc-c2228f6d9c41,1376,1,303,2,3484000,3484000,1876000,0,"""{\""successful\"":true,\""response\"":{\""transactionId\"":\""2069501149\""}}""",0,0,2025-09-11 21:28:27,2025-09-13 17:30:05
1404,6048514741,website,939,,declined,6048514741,,,72587766-61b7-46fe-8bdb-68b92f19601a,1378,1,585,2,1027000,1027000,553000,0,"""{\""gt\"":\""{\\\""status\\\"":\\\""error\\\"",\\\""successful\\\"":false,\\\""statusCode\\\"":400,\\\""message\\\"":\\\""\\\\u0648\\\\u0636\\\\u0639\\\\u06cc\\\\u062a \\\\u062a\\\\u0631\\\\u0627\\\\u06a9\\\\u0646\\\\u0634 \\\\u0628\\\\u0631\\\\u0627\\\\u06cc \\\\u0639\\\\u0645\\\\u0644\\\\u06cc\\\\u0627\\\\u062a \\\\u0645\\\\u0648\\\\u0631\\\\u062f\\\\u0646\\\\u0638\\\\u0631 \\\\u0646\\\\u0627\\\\u0645\\\\u0646\\\\u0627\\\\u0633\\\\u0628 \\\\u0627\\\\u0633\\\\u062a.\\\"",\\\""url\\\"":\\\""https:\\\\\\\/\\\\\\\/api.snapppay.ir\\\\\\\/api\\\\\\\/online\\\\\\\/payment\\\\\\\/v1\\\\\\\/verify\\\"",\\\""args\\\"":{\\\""method\\\"":\\\""POST\\\"",\\\""body\\\"":\\\""{\\\\\\\""paymentToken\\\\\\\"":\\\\\\\""72587766-61b7-46fe-8bdb-68b92f19601a\\\\\\\""}\\\"",\\\""headers\\\"":{\\\""Authorization\\\"":\\\""Authorization: Bearer eyJhbGciOiJSUzI1NiIsInR5cCI6IkpXVCJ9.eyJ1c2VyX25hbWUiOiJtb3VoZXItd2Vhci1wdXJjaGFzZSIsInNjb3BlIjpbIm9ubGluZS1tZXJjaGFudCJdLCJleHAiOjE3NTc2NzU1NTksImlhdCI6MTc1NzYzMjM1OSwiYXV0aG9yaXRpZXMiOlsiUk9MRV9VU0VSIl0sImp0aSI6IjZCb3I5Sm0wc3d5eUYtT2RvaExjc1BQVTVfVSIsImNsaWVudF9pZCI6Im1vdWhlci13ZWFyIn0.NSB-JrOMo-cbUHTgTbT1hGGVmhbbBDoNQ-F-CHwVC5V9H6ij0KeeAXd06Wu7dqMozYIwXYkYvChoa0lRFrqm5n1IDD2bxuuL3CCk_c60mXgFEPFg7svqQyje3ZLnSt-PjhOAPrGpBSudH4k1Eq5ob6m-gPlpCtB35ZC2TzhogOMPH4ct28Zln_r1BQdWeMUCH_dDfJtdrDKjuLVQXZ4sQLmX_Rcus7bh3fHrrJz2BHXMEpnQ4oCUV-kLi6cR2HxDvPKSgxHXef4XwsPYsBjG0_LtTi4e3AUGsTZlibXiv0uXfeJrGGNnBsXdxn5JTYrse1gbqIlwFij4S1ChHVpaEw\\\"",\\\""Content-Type\\\"":\\\""Content-Type: application\\\\\\\/json\\\"",\\\""user-agent\\\"":\\\""SnappPay, mouher-wear\\\""}}}\""}""",0,0,2025-09-12 02:42:05,2025-09-12 02:42:39
1405,2495196129,website,939,,completed,A0000000000000000000000000003n7ml8l5,{},,,1378,1,585,3,1027000,1027000,553000,0,"""{}""",0,0,2025-09-12 02:42:56,2025-09-13 17:30:30
1406,3877197190,website,959,,completed,A0000000000000000000000000005r71mj1r,{},,,1416,1,586,3,1807000,1807000,973000,0,"""{}""",0,0,2025-09-12 13:06:05,2025-09-15 00:25:40
1407,8284750437,website,960,,completed,A000000000000000000000000000j1emwvmo,{},,,1418,2,587,3,2587000,2587000,1393000,0,"""{}""",0,0,2025-09-12 15:01:17,2025-09-13 17:30:58
1408,8962553159,website,863,,completed,8962553159,"{""successful"":true,""response"":{""transactionId"":""8962553159""}}",,f21f0040-9651-4017-8268-9cd3d66cc858,1230,1,588,2,3081000,3081000,1659000,0,"""{\""successful\"":true,\""response\"":{\""transactionId\"":\""8962553159\""}}""",0,0,2025-09-12 16:12:32,2025-09-13 17:31:03
1409,5650326162,website,957,,declined,A000000000000000000000000000eo7qp6og,,,,1412,1,589,3,832000,832000,448000,0,"""\u067e\u0631\u062f\u0627\u062e\u062a \u0646\u0627\u0645\u0648\u0641\u0642""",0,0,2025-09-12 23:32:39,2025-09-12 23:33:47
1410,3173257420,website,957,,declined,A000000000000000000000000000djo1wmlq,,,,1412,1,589,3,832000,832000,448000,0,"""\u067e\u0631\u062f\u0627\u062e\u062a \u0646\u0627\u0645\u0648\u0641\u0642""",0,0,2025-09-12 23:34:37,2025-09-12 23:35:35
1411,3040068860,website,961,,declined,3040068860,,,7221d469-c804-4c3b-9848-8557e95f6b51,1421,1,590,2,2431000,2431000,1309000,0,"""{\""gt\"":\""{\\\""status\\\"":\\\""error\\\"",\\\""successful\\\"":false,\\\""statusCode\\\"":400,\\\""message\\\"":\\\""\\\\u0648\\\\u0636\\\\u0639\\\\u06cc\\\\u062a \\\\u062a\\\\u0631\\\\u0627\\\\u06a9\\\\u0646\\\\u0634 \\\\u0628\\\\u0631\\\\u0627\\\\u06cc \\\\u0639\\\\u0645\\\\u0644\\\\u06cc\\\\u0627\\\\u062a \\\\u0645\\\\u0648\\\\u0631\\\\u062f\\\\u0646\\\\u0638\\\\u0631 \\\\u0646\\\\u0627\\\\u0645\\\\u0646\\\\u0627\\\\u0633\\\\u0628 \\\\u0627\\\\u0633\\\\u062a.\\\"",\\\""url\\\"":\\\""https:\\\\\\\/\\\\\\\/api.snapppay.ir\\\\\\\/api\\\\\\\/online\\\\\\\/payment\\\\\\\/v1\\\\\\\/verify\\\"",\\\""args\\\"":{\\\""method\\\"":\\\""POST\\\"",\\\""body\\\"":\\\""{\\\\\\\""paymentToken\\\\\\\"":\\\\\\\""7221d469-c804-4c3b-9848-8557e95f6b51\\\\\\\""}\\\"",\\\""headers\\\"":{\\\""Authorization\\\"":\\\""Authorization: Bearer eyJhbGciOiJSUzI1NiIsInR5cCI6IkpXVCJ9.eyJ1c2VyX25hbWUiOiJtb3VoZXItd2Vhci1wdXJjaGFzZSIsInNjb3BlIjpbIm9ubGluZS1tZXJjaGFudCJdLCJleHAiOjE3NTc4MzAyNTcsImlhdCI6MTc1Nzc4NzA1NywiYXV0aG9yaXRpZXMiOlsiUk9MRV9VU0VSIl0sImp0aSI6Imh4TDAtTVhfb0xhQlpwTnNNLVJFZDUyb2JvSSIsImNsaWVudF9pZCI6Im1vdWhlci13ZWFyIn0.kOdRfn3BEQgQ45jT91y4H0f2nxFGbbHSAewzkN60tHr2kqrF4zFCKkZjJDtvgGbULl0h8MAv7CF7Js5F_HAR2qAh4vjI6Ri72EL0Rzvp0gZo_swRaOk0ZaC2tPh_Wrt5I38mEkMdHK6A_aGJbr81ALTUNnbdFFaB5MIxy9uO9O2tUZ7-8Ym-sk_lEslz4ZTDGIA-Ukmqd25EYC5RSQkj2wphvt-7Hxj1o9AgYATBC9vxA1D_u3L9kGHDNRxvuenN54Y3fxU6iU1GBBdvJGvb98wqp5tDz5DCEP-XKHOLfeT8SAVPuxAD6smX987jKaxWLt4G201zpgRDx9ajvwHQsA\\\"",\\\""Content-Type\\\"":\\\""Content-Type: application\\\\\\\/json\\\"",\\\""user-agent\\\"":\\\""SnappPay, mouher-wear\\\""}}}\""}""",0,0,2025-09-13 21:04:28,2025-09-13 21:40:57
1412,3190087285,website,961,,declined,3190087285,,,a91182d8-3586-4e74-89bf-4a9344190364,1421,1,590,2,2431000,2431000,1309000,0,"""{\""gt\"":\""{\\\""status\\\"":\\\""error\\\"",\\\""successful\\\"":false,\\\""statusCode\\\"":400,\\\""message\\\"":\\\""\\\\u0648\\\\u0636\\\\u0639\\\\u06cc\\\\u062a \\\\u062a\\\\u0631\\\\u0627\\\\u06a9\\\\u0646\\\\u0634 \\\\u0628\\\\u0631\\\\u0627\\\\u06cc \\\\u0639\\\\u0645\\\\u0644\\\\u06cc\\\\u0627\\\\u062a \\\\u0645\\\\u0648\\\\u0631\\\\u062f\\\\u0646\\\\u0638\\\\u0631 \\\\u0646\\\\u0627\\\\u0645\\\\u0646\\\\u0627\\\\u0633\\\\u0628 \\\\u0627\\\\u0633\\\\u062a.\\\"",\\\""url\\\"":\\\""https:\\\\\\\/\\\\\\\/api.snapppay.ir\\\\\\\/api\\\\\\\/online\\\\\\\/payment\\\\\\\/v1\\\\\\\/verify\\\"",\\\""args\\\"":{\\\""method\\\"":\\\""POST\\\"",\\\""body\\\"":\\\""{\\\\\\\""paymentToken\\\\\\\"":\\\\\\\""a91182d8-3586-4e74-89bf-4a9344190364\\\\\\\""}\\\"",\\\""headers\\\"":{\\\""Authorization\\\"":\\\""Authorization: Bearer eyJhbGciOiJSUzI1NiIsInR5cCI6IkpXVCJ9.eyJ1c2VyX25hbWUiOiJtb3VoZXItd2Vhci1wdXJjaGFzZSIsInNjb3BlIjpbIm9ubGluZS1tZXJjaGFudCJdLCJleHAiOjE3NTc4MzA0MjQsImlhdCI6MTc1Nzc4NzIyNCwiYXV0aG9yaXRpZXMiOlsiUk9MRV9VU0VSIl0sImp0aSI6ImhqcWZNeWdwM2w2VC1nMkxvU1F3dFNiWGh1YyIsImNsaWVudF9pZCI6Im1vdWhlci13ZWFyIn0.MDG59ZKzdVFyFNLkK51vrl6GLCcuD0KpfVL8Gc52abREDbPeAcfXzK3ZqNMkJesY57U7CIKclQcwMJg92v9zmCpn7f_kHmx6m_cV7wb7pL_9Loc8eHNQH6RlKT1-PQDN7zCg1OmF_bVCpU96eSjKvZ2KHfgdrfs0CMm_UqvjgHKmqLSHWIaJVs_2b5x4Qxw7TWZOxROUlKRNXTpcaNAgWhVTQIx-9P-DjfB3eYoygRFM-QnoLeY4Wr0-IOwi_9CpV66_x8tpwB0481UeTXfQt6_Km2oWwzi-MDwQqQlJKY0-HMtbI5uhyml5pIuZa7eUtTdc216BpgeLxv8yEeTmgA\\\"",\\\""Content-Type\\\"":\\\""Content-Type: application\\\\\\\/json\\\"",\\\""user-agent\\\"":\\\""SnappPay, mouher-wear\\\""}}}\""}""",0,0,2025-09-13 21:42:46,2025-09-13 21:43:44
1413,4411211966,website,961,,completed,4411211966,"{""successful"":true,""response"":{""transactionId"":""4411211966""}}",,225011c7-6970-4c58-9b3d-0f3ed6158732,1421,1,590,2,2431000,2431000,1309000,0,"""{\""successful\"":true,\""response\"":{\""transactionId\"":\""4411211966\""}}""",0,0,2025-09-13 21:44:20,2025-09-21 23:58:00
1414,1801662078,website,82,,completed,A0000000000000000000000000006g8wrnen,{},,,109,2,591,3,832000,832000,448000,0,"""{}""",0,0,2025-09-14 13:25:47,2025-09-16 22:58:15
1415,9717147097,website,175,,pending,9717147097,,,e16e7def-91f7-42c7-92b5-9f25e86cc7d5,1178,1,97,2,1937000,1937000,1043000,0,,0,0,2025-09-14 15:34:06,2025-09-14 15:34:07
1416,7803042853,website,954,,pending,7803042853,,,b07bb325-a4f0-4908-af5e-1b34fff672ad,1402,1,580,2,2587000,2587000,1393000,0,,0,0,2025-09-14 15:45:08,2025-09-14 15:45:09
1417,8118305647,website,954,,declined,8118305647,,,3fb756c6-01d0-4ae4-9706-50887acd2f0d,1402,1,580,2,4524000,4524000,2436000,0,"""{\""gt\"":\""{\\\""status\\\"":\\\""error\\\"",\\\""successful\\\"":false,\\\""statusCode\\\"":400,\\\""message\\\"":\\\""\\\\u0648\\\\u0636\\\\u0639\\\\u06cc\\\\u062a \\\\u062a\\\\u0631\\\\u0627\\\\u06a9\\\\u0646\\\\u0634 \\\\u0628\\\\u0631\\\\u0627\\\\u06cc \\\\u0639\\\\u0645\\\\u0644\\\\u06cc\\\\u0627\\\\u062a \\\\u0645\\\\u0648\\\\u0631\\\\u062f\\\\u0646\\\\u0638\\\\u0631 \\\\u0646\\\\u0627\\\\u0645\\\\u0646\\\\u0627\\\\u0633\\\\u0628 \\\\u0627\\\\u0633\\\\u062a.\\\"",\\\""url\\\"":\\\""https:\\\\\\\/\\\\\\\/api.snapppay.ir\\\\\\\/api\\\\\\\/online\\\\\\\/payment\\\\\\\/v1\\\\\\\/verify\\\"",\\\""args\\\"":{\\\""method\\\"":\\\""POST\\\"",\\\""body\\\"":\\\""{\\\\\\\""paymentToken\\\\\\\"":\\\\\\\""3fb756c6-01d0-4ae4-9706-50887acd2f0d\\\\\\\""}\\\"",\\\""headers\\\"":{\\\""Authorization\\\"":\\\""Authorization: Bearer eyJhbGciOiJSUzI1NiIsInR5cCI6IkpXVCJ9.eyJ1c2VyX25hbWUiOiJtb3VoZXItd2Vhci1wdXJjaGFzZSIsInNjb3BlIjpbIm9ubGluZS1tZXJjaGFudCJdLCJleHAiOjE3NTc4OTU3MTYsImlhdCI6MTc1Nzg1MjUxNiwiYXV0aG9yaXRpZXMiOlsiUk9MRV9VU0VSIl0sImp0aSI6Ikx2U3ZkRk1HcGJ4bGc0T2FBQk5uTXQ1RFM1VSIsImNsaWVudF9pZCI6Im1vdWhlci13ZWFyIn0.ZN8AWZFj536_w7VLTcfuJmt0U64EbgkM61BqAJuFAOtdimt7EpnQNAx8aockAmfhdCE3-hbe-r84V93xFteCovkdGSPJji_kziFKfP8mQ1GcW8l3TcjBf0EXJTtcp8_94hppUiyRDC1eCzs18wM2SMr0oPAdLQMz-tMKspP2FvZ3Y_SpZkAXtayR9Ur6NILotdDyFygfZaC9sHnk_NwvxUh4TgH_elww7N8WxEyJKz0BiZHTBZVI2qawLpgO30rjDDbk_127Vc2qoObID7xVQQrHYtMR6Qw4K2d2oo55CGFPWT3mlD4mgWcqQEAZkksynQf9pIolOZOqRH1flbHG7g\\\"",\\\""Content-Type\\\"":\\\""Content-Type: application\\\\\\\/json\\\"",\\\""user-agent\\\"":\\\""SnappPay, mouher-wear\\\""}}}\""}""",0,0,2025-09-14 15:50:47,2025-09-14 15:51:56
1418,4505155928,website,962,,completed,4505155928,"{""successful"":true,""response"":{""transactionId"":""4505155928""}}",,03c4f045-8849-403b-b3ad-4685199f2dad,1424,1,592,2,4966000,4966000,2674000,0,"""{\""successful\"":true,\""response\"":{\""transactionId\"":\""4505155928\""}}""",0,0,2025-09-14 15:51:01,2025-09-16 22:58:25
1419,3151042073,website,954,,declined,3151042073,,,bb0752fd-ca39-4e70-82e0-a42017d65641,1402,1,580,2,4524000,4524000,2436000,0,"""{\""gt\"":\""{\\\""status\\\"":\\\""error\\\"",\\\""successful\\\"":false,\\\""statusCode\\\"":400,\\\""message\\\"":\\\""\\\\u0648\\\\u0636\\\\u0639\\\\u06cc\\\\u062a \\\\u062a\\\\u0631\\\\u0627\\\\u06a9\\\\u0646\\\\u0634 \\\\u0628\\\\u0631\\\\u0627\\\\u06cc \\\\u0639\\\\u0645\\\\u0644\\\\u06cc\\\\u0627\\\\u062a \\\\u0645\\\\u0648\\\\u0631\\\\u062f\\\\u0646\\\\u0638\\\\u0631 \\\\u0646\\\\u0627\\\\u0645\\\\u0646\\\\u0627\\\\u0633\\\\u0628 \\\\u0627\\\\u0633\\\\u062a.\\\"",\\\""url\\\"":\\\""https:\\\\\\\/\\\\\\\/api.snapppay.ir\\\\\\\/api\\\\\\\/online\\\\\\\/payment\\\\\\\/v1\\\\\\\/verify\\\"",\\\""args\\\"":{\\\""method\\\"":\\\""POST\\\"",\\\""body\\\"":\\\""{\\\\\\\""paymentToken\\\\\\\"":\\\\\\\""bb0752fd-ca39-4e70-82e0-a42017d65641\\\\\\\""}\\\"",\\\""headers\\\"":{\\\""Authorization\\\"":\\\""Authorization: Bearer eyJhbGciOiJSUzI1NiIsInR5cCI6IkpXVCJ9.eyJ1c2VyX25hbWUiOiJtb3VoZXItd2Vhci1wdXJjaGFzZSIsInNjb3BlIjpbIm9ubGluZS1tZXJjaGFudCJdLCJleHAiOjE3NTc4OTU3NTgsImlhdCI6MTc1Nzg1MjU1OCwiYXV0aG9yaXRpZXMiOlsiUk9MRV9VU0VSIl0sImp0aSI6IldvbGFxakVVZzhQSkh5WndjMXI2NC11NXFzYyIsImNsaWVudF9pZCI6Im1vdWhlci13ZWFyIn0.RDFkzZ5cUL0sYix4SWXaeSrWwGIknlCr9hlYRkmAsz5zQ8_kcicLEVkfFZqdEphNFTk7OJycuTcLPQ2wwHGuCbJRxmaLDTPoRWAa8Qm2G7cJySgcqEbLxs5E-nY5GyQbpWlTWWfqpye1uxQZc_1cjltWs01kbfJ-K_IjliAiHIO5lKjJFbSddX8SnMEy9BI5qxZTmPE8xo88KEk_3dJPo4lGp2738P9KzOM-fdTqeTK5mzQ_uA72bdJPm5LyePKqcoEdva66ZDq3hWKrFFlulxW5YDQgF__whVB9NVvEO94PqeMfRqQ00VHC53UTIr24rHZcVGPhBmB-ahcO8CUezQ\\\"",\\\""Content-Type\\\"":\\\""Content-Type: application\\\\\\\/json\\\"",\\\""user-agent\\\"":\\\""SnappPay, mouher-wear\\\""}}}\""}""",0,0,2025-09-14 15:52:14,2025-09-14 15:52:38
1420,6774590215,website,954,,declined,6774590215,,,b5ef608b-40df-41b7-9d56-33e8cc0b3db8,1402,1,580,2,4524000,4524000,2436000,0,"""{\""gt\"":\""{\\\""status\\\"":\\\""error\\\"",\\\""successful\\\"":false,\\\""statusCode\\\"":400,\\\""message\\\"":\\\""\\\\u0648\\\\u0636\\\\u0639\\\\u06cc\\\\u062a \\\\u062a\\\\u0631\\\\u0627\\\\u06a9\\\\u0646\\\\u0634 \\\\u0628\\\\u0631\\\\u0627\\\\u06cc \\\\u0639\\\\u0645\\\\u0644\\\\u06cc\\\\u0627\\\\u062a \\\\u0645\\\\u0648\\\\u0631\\\\u062f\\\\u0646\\\\u0638\\\\u0631 \\\\u0646\\\\u0627\\\\u0645\\\\u0646\\\\u0627\\\\u0633\\\\u0628 \\\\u0627\\\\u0633\\\\u062a.\\\"",\\\""url\\\"":\\\""https:\\\\\\\/\\\\\\\/api.snapppay.ir\\\\\\\/api\\\\\\\/online\\\\\\\/payment\\\\\\\/v1\\\\\\\/verify\\\"",\\\""args\\\"":{\\\""method\\\"":\\\""POST\\\"",\\\""body\\\"":\\\""{\\\\\\\""paymentToken\\\\\\\"":\\\\\\\""b5ef608b-40df-41b7-9d56-33e8cc0b3db8\\\\\\\""}\\\"",\\\""headers\\\"":{\\\""Authorization\\\"":\\\""Authorization: Bearer eyJhbGciOiJSUzI1NiIsInR5cCI6IkpXVCJ9.eyJ1c2VyX25hbWUiOiJtb3VoZXItd2Vhci1wdXJjaGFzZSIsInNjb3BlIjpbIm9ubGluZS1tZXJjaGFudCJdLCJleHAiOjE3NTc4OTU4MjEsImlhdCI6MTc1Nzg1MjYyMSwiYXV0aG9yaXRpZXMiOlsiUk9MRV9VU0VSIl0sImp0aSI6InFZMU1KQUFrMXVDVUNBVkdJWEtfRHE0U0l0RSIsImNsaWVudF9pZCI6Im1vdWhlci13ZWFyIn0.idaZ6PP_EBDmD5wDRDxvaCx1M96dpd5de59qopKevOTqy4KIlcRJkQzQmHJgcv4UBhLYP0ZbGfRID2B2vQWqwyO_9GoG7M1akoIyOttZ0iSAZ0n-28swVU0JYj-EMRJZ6cIzYHUDyYckJFB8-fTSP6tvTW26DJtITTeqj5CniyqoLK00zg9lJPVWghbyXuUFeuQFZJx4K00-BEMvvzZWfhqHLrdpebIMXAkbwNC-3QIwRUrSohOYrN6okP8ogS5gK6MzFz3042gIZH_cZRY9zHk74MdKh-zc4IrATK8n0-cP9yTXa8rzdjUO_8X2o0QzvKBWVO4C9ce_usc_8YyDlg\\\"",\\\""Content-Type\\\"":\\\""Content-Type: application\\\\\\\/json\\\"",\\\""user-agent\\\"":\\\""SnappPay, mouher-wear\\\""}}}\""}""",0,0,2025-09-14 15:53:27,2025-09-14 15:53:41
1421,6007305134,website,954,,completed,A000000000000000000000000000lre8pooe,{},,,1402,1,580,3,4524000,4524000,2436000,0,"""{}""",0,0,2025-09-14 15:54:58,2025-09-16 22:58:41
1422,4481714845,website,963,,pending,4481714845,,,25a64928-1b5a-4332-b525-d12fe28b9240,1427,1,593,2,2587000,2587000,1393000,0,,0,0,2025-09-14 18:22:32,2025-09-14 18:22:33
1423,9624921392,website,548,,completed,9624921392,"{""successful"":true,""response"":{""transactionId"":""9624921392""}}",,bc67f934-b226-4055-a876-b3a56e2b9dad,1404,1,555,2,1287000,1287000,693000,0,"""{\""successful\"":true,\""response\"":{\""transactionId\"":\""9624921392\""}}""",0,0,2025-09-14 18:27:16,2025-09-16 23:04:51
1424,3946057633,website,963,,completed,3946057633,"{""successful"":true,""response"":{""transactionId"":""3946057633""}}",,577f1937-598f-4941-b879-b23af8c62185,1427,1,593,2,2587000,2587000,1393000,0,"""{\""successful\"":true,\""response\"":{\""transactionId\"":\""3946057633\""}}""",0,0,2025-09-14 18:33:06,2025-09-16 23:05:01
1425,8281247054,website,928,,pending,A000000000000000000000000000wq5oxqjq,,,,1343,1,558,3,1384500,1384500,745500,0,,0,0,2025-09-14 20:00:46,2025-09-14 20:00:47
1426,9183869375,website,928,,pending,A0000000000000000000000000005r7yqee5,,,,1343,1,558,3,1384500,1384500,745500,0,,0,0,2025-09-14 20:11:50,2025-09-14 20:11:51
1427,9741992738,website,964,,pending,A000000000000000000000000000g1wzp65n,,,,1430,1,594,3,2704000,2704000,1456000,0,,0,0,2025-09-14 21:30:06,2025-09-14 21:30:06
1428,4673198231,website,964,,pending,A0000000000000000000000000003n7x8lew,,,,1430,1,594,3,2704000,2704000,1456000,0,,0,0,2025-09-14 21:30:26,2025-09-14 21:30:27
1429,9733338593,website,964,,completed,A000000000000000000000000000g1wzpz7w,{},,,1430,1,594,3,2704000,2704000,1456000,0,"""{}""",0,0,2025-09-14 21:31:17,2025-09-21 23:58:39
1430,9760933848,website,928,,completed,A00000000000000000000000000086y5mgy2,{},,,1343,1,558,3,1384500,1384500,745500,0,"""{}""",0,0,2025-09-15 10:34:58,2025-09-16 23:05:13
1431,4184674620,website,815,,completed,A000000000000000000000000000rlz6wmo6,{},,,1156,1,595,3,3159000,3159000,1701000,0,"""{}""",0,0,2025-09-15 15:40:14,2025-09-16 23:05:29
1432,6431574930,website,964,,completed,A0000000000000000000000000003n75e2lw,{},,,1431,1,594,3,2054000,2054000,1106000,0,"""{}""",0,0,2025-09-15 17:20:17,2025-09-21 23:58:48
1433,3639823008,website,965,,completed,3639823008,"{""successful"":true,""response"":{""transactionId"":""3639823008""}}",,d4656d45-1aeb-4a9b-91ed-fcfc0d108158,1435,1,596,2,2392000,2392000,1288000,0,"""{\""successful\"":true,\""response\"":{\""transactionId\"":\""3639823008\""}}""",0,0,2025-09-15 20:18:41,2025-09-16 23:05:44
1434,8689217732,website,967,,pending,8689217732,,,5ee8867a-b159-46b9-8e94-f9c49e86d123,1438,1,597,2,1287000,1287000,693000,0,,0,0,2025-09-16 12:01:50,2025-09-16 12:01:51
1435,3775373675,website,212,,completed,3775373675,"{""successful"":true,""response"":{""transactionId"":""3775373675""}}",,fea09d63-d351-4ec0-9754-ef6b65fd22ba,1274,2,116,2,1742000,1742000,938000,0,"""{\""successful\"":true,\""response\"":{\""transactionId\"":\""3775373675\""}}""",0,0,2025-09-16 17:09:56,2025-09-16 23:05:53
1436,5665449625,website,967,,pending,5665449625,,,63b5b7b4-d98c-44b3-b36d-b62cb9e7a9ed,1438,2,597,2,3731000,3731000,2009000,0,,0,0,2025-09-16 20:44:56,2025-09-16 20:44:57
1437,9938819618,website,967,,pending,9938819618,,,5fe3932f-31ab-49b3-8bcc-3f09f7c4827b,1438,2,597,2,2444000,2444000,1316000,0,,0,0,2025-09-16 20:46:16,2025-09-16 20:46:17
1438,3513275506,website,967,,pending,3513275506,,,de374915-7d67-4d09-91e3-13397f69ac3a,1438,2,597,2,2444000,2444000,1316000,0,,0,0,2025-09-16 21:55:44,2025-09-16 21:55:45
1439,4354082626,website,967,,pending,4354082626,,,cb4835e9-e1ec-4b91-8f5d-8f2584445d39,1438,2,597,2,2444000,2444000,1316000,0,,0,0,2025-09-16 22:20:07,2025-09-16 22:20:13
1440,2354159348,website,967,,declined,2354159348,,,ffbcd4d1-e872-4d2e-9e62-facb0eeffce4,1438,2,597,2,2444000,2444000,1316000,0,"""{\""gt\"":\""{\\\""status\\\"":\\\""error\\\"",\\\""successful\\\"":false,\\\""statusCode\\\"":400,\\\""message\\\"":\\\""\\\\u0648\\\\u0636\\\\u0639\\\\u06cc\\\\u062a \\\\u062a\\\\u0631\\\\u0627\\\\u06a9\\\\u0646\\\\u0634 \\\\u0628\\\\u0631\\\\u0627\\\\u06cc \\\\u0639\\\\u0645\\\\u0644\\\\u06cc\\\\u0627\\\\u062a \\\\u0645\\\\u0648\\\\u0631\\\\u062f\\\\u0646\\\\u0638\\\\u0631 \\\\u0646\\\\u0627\\\\u0645\\\\u0646\\\\u0627\\\\u0633\\\\u0628 \\\\u0627\\\\u0633\\\\u062a.\\\"",\\\""url\\\"":\\\""https:\\\\\\\/\\\\\\\/api.snapppay.ir\\\\\\\/api\\\\\\\/online\\\\\\\/payment\\\\\\\/v1\\\\\\\/verify\\\"",\\\""args\\\"":{\\\""method\\\"":\\\""POST\\\"",\\\""body\\\"":\\\""{\\\\\\\""paymentToken\\\\\\\"":\\\\\\\""ffbcd4d1-e872-4d2e-9e62-facb0eeffce4\\\\\\\""}\\\"",\\\""headers\\\"":{\\\""Authorization\\\"":\\\""Authorization: Bearer eyJhbGciOiJSUzI1NiIsInR5cCI6IkpXVCJ9.eyJ1c2VyX25hbWUiOiJtb3VoZXItd2Vhci1wdXJjaGFzZSIsInNjb3BlIjpbIm9ubGluZS1tZXJjaGFudCJdLCJleHAiOjE3NTgwOTIwNDYsImlhdCI6MTc1ODA0ODg0NiwiYXV0aG9yaXRpZXMiOlsiUk9MRV9VU0VSIl0sImp0aSI6IkVjNUtESGJkSUZFSHhWVWl4VDlDQVhiUjB6YyIsImNsaWVudF9pZCI6Im1vdWhlci13ZWFyIn0.Ew5PhIpdCG7FXZh2THcs4SFUkbZMkdwzWp4ohJtstFQKmC29UWSkuaefz93t97k8CHi66Iwg-u-WNI2ztbJ8uEO3ogaCW3bnPXNJr4LSxB2_2HMNKL9uR5LCXkbDCYsbA78Wzkkv5PwjKPF_AZDpwRsu3HH2yzAVrws25vP1G8ZvuJiRt3HQNcNIA_IAsTVYJnwEm98UQaD_RvV5P3m-gE8EFCQ90ujdh5JUjKOfyCAfVPWo9wpNWatxf6jbgpPmoS0__w2uMGSl2EdbO5jFqVx7n916q-hxRIvV6zcS7hPuyv3mRPfuzyYu6FUMXteJR1WIF8_amPAsPNSdG_F6ag\\\"",\\\""Content-Type\\\"":\\\""Content-Type: application\\\\\\\/json\\\"",\\\""user-agent\\\"":\\\""SnappPay, mouher-wear\\\""}}}\""}""",0,0,2025-09-16 22:22:08,2025-09-16 22:24:06
1441,3122274105,website,967,,pending,3122274105,,,b122308a-be0b-475f-b429-031d8b34a9d5,1438,2,597,2,2444000,2444000,1316000,0,,0,0,2025-09-16 22:25:04,2025-09-16 22:25:05
1442,4877769790,website,967,,declined,4877769790,,,be65385e-4f8a-4c3e-9819-1ff69440cb6a,1438,2,597,2,2444000,2444000,1316000,0,"""{\""gt\"":\""{\\\""status\\\"":\\\""error\\\"",\\\""successful\\\"":false,\\\""statusCode\\\"":400,\\\""message\\\"":\\\""\\\\u0648\\\\u0636\\\\u0639\\\\u06cc\\\\u062a \\\\u062a\\\\u0631\\\\u0627\\\\u06a9\\\\u0646\\\\u0634 \\\\u0628\\\\u0631\\\\u0627\\\\u06cc \\\\u0639\\\\u0645\\\\u0644\\\\u06cc\\\\u0627\\\\u062a \\\\u0645\\\\u0648\\\\u0631\\\\u062f\\\\u0646\\\\u0638\\\\u0631 \\\\u0646\\\\u0627\\\\u0645\\\\u0646\\\\u0627\\\\u0633\\\\u0628 \\\\u0627\\\\u0633\\\\u062a.\\\"",\\\""url\\\"":\\\""https:\\\\\\\/\\\\\\\/api.snapppay.ir\\\\\\\/api\\\\\\\/online\\\\\\\/payment\\\\\\\/v1\\\\\\\/verify\\\"",\\\""args\\\"":{\\\""method\\\"":\\\""POST\\\"",\\\""body\\\"":\\\""{\\\\\\\""paymentToken\\\\\\\"":\\\\\\\""be65385e-4f8a-4c3e-9819-1ff69440cb6a\\\\\\\""}\\\"",\\\""headers\\\"":{\\\""Authorization\\\"":\\\""Authorization: Bearer eyJhbGciOiJSUzI1NiIsInR5cCI6IkpXVCJ9.eyJ1c2VyX25hbWUiOiJtb3VoZXItd2Vhci1wdXJjaGFzZSIsInNjb3BlIjpbIm9ubGluZS1tZXJjaGFudCJdLCJleHAiOjE3NTgwOTM3NjMsImlhdCI6MTc1ODA1MDU2MywiYXV0aG9yaXRpZXMiOlsiUk9MRV9VU0VSIl0sImp0aSI6InRGdTU4OFQxUUhOOF85S1JmZVpHOTBkVWVvNCIsImNsaWVudF9pZCI6Im1vdWhlci13ZWFyIn0.HsnSyrC371CzNVroYHI1enGWNBfpUIzKGDAeCSGBj1dmGI1aNnL8SlFdiPAGwpBV_h1sDXwxRio65PtIoFXxIsUFs5-CBKzgvn2TH4lCRXa0S8Z_yzrhQjUrnlVXDrUjcf7QOlV2T3jMWLNfNFlEfYltWGWkvKSeUO2ykLuPR52m-07iceEba76h5Lx2d4Ky4CjWM9de0dkZ2vKsHd9ZPieABLvP6iuhjFaOO_96G47bOlVnVwNJW3D0-yedcikeKP-SHKy3OrKmnGcsps7SECSlaMlUl_cbAYLVxeNbmEDkSDv4zOsEqlNtCYCDKDX8D3hdCDjWuhMxdYQsO6MQSw\\\"",\\\""Content-Type\\\"":\\\""Content-Type: application\\\\\\\/json\\\"",\\\""user-agent\\\"":\\\""SnappPay, mouher-wear\\\""}}}\""}""",0,0,2025-09-16 22:34:17,2025-09-16 22:52:43
1443,8070103333,website,967,,declined,8070103333,,,3fafbb97-cbce-47ef-8fe8-1dae8a5dc478,1438,2,597,2,2444000,2444000,1316000,0,"""{\""gt\"":\""{\\\""status\\\"":\\\""error\\\"",\\\""successful\\\"":false,\\\""statusCode\\\"":400,\\\""message\\\"":\\\""\\\\u0648\\\\u0636\\\\u0639\\\\u06cc\\\\u062a \\\\u062a\\\\u0631\\\\u0627\\\\u06a9\\\\u0646\\\\u0634 \\\\u0628\\\\u0631\\\\u0627\\\\u06cc \\\\u0639\\\\u0645\\\\u0644\\\\u06cc\\\\u0627\\\\u062a \\\\u0645\\\\u0648\\\\u0631\\\\u062f\\\\u0646\\\\u0638\\\\u0631 \\\\u0646\\\\u0627\\\\u0645\\\\u0646\\\\u0627\\\\u0633\\\\u0628 \\\\u0627\\\\u0633\\\\u062a.\\\"",\\\""url\\\"":\\\""https:\\\\\\\/\\\\\\\/api.snapppay.ir\\\\\\\/api\\\\\\\/online\\\\\\\/payment\\\\\\\/v1\\\\\\\/verify\\\"",\\\""args\\\"":{\\\""method\\\"":\\\""POST\\\"",\\\""body\\\"":\\\""{\\\\\\\""paymentToken\\\\\\\"":\\\\\\\""3fafbb97-cbce-47ef-8fe8-1dae8a5dc478\\\\\\\""}\\\"",\\\""headers\\\"":{\\\""Authorization\\\"":\\\""Authorization: Bearer eyJhbGciOiJSUzI1NiIsInR5cCI6IkpXVCJ9.eyJ1c2VyX25hbWUiOiJtb3VoZXItd2Vhci1wdXJjaGFzZSIsInNjb3BlIjpbIm9ubGluZS1tZXJjaGFudCJdLCJleHAiOjE3NTgwOTM4OTgsImlhdCI6MTc1ODA1MDY5OCwiYXV0aG9yaXRpZXMiOlsiUk9MRV9VU0VSIl0sImp0aSI6IlRYYWs1UUhJLTMwWDg2dmRFRlgzdmFqalBlRSIsImNsaWVudF9pZCI6Im1vdWhlci13ZWFyIn0.PFWamo7dYf70rTrwZwVYZ_UKI5fmS_tYpkXqUlzB8gQusk9Srbm2EmuJ5j08vawWcNwhrPP-jdxClZXM9rRUqGxRIvFcN6dUPANubeEX2gcEKC2RhBCDFzpKkdT6wgpnq1BNfa7lwNNkgVCZ1mvMJlwYLv8OZSxc5Wt37U94pSi821m1KUPJVLlBIu7M9er7mndx95INxs79o0E6z25KG96mh6qnL76sj_VCpOfKkg5sX_t0IMRJP8Mh_ytlpHXfajF2Qi5amTCn4m40-7OCjs2LD6klW8AKs4wLWn877Se_L9he0Pziu2T1ex58udNaluMn0maxevIIvZe8XuUZuQ\\\"",\\\""Content-Type\\\"":\\\""Content-Type: application\\\\\\\/json\\\"",\\\""user-agent\\\"":\\\""SnappPay, mouher-wear\\\""}}}\""}""",0,0,2025-09-16 22:53:57,2025-09-16 22:54:58
1444,6027382484,website,967,,declined,6027382484,,,94a7378d-4850-4166-a85f-61132ef92d7a,1438,2,597,2,2444000,2444000,1316000,0,"""{\""gt\"":\""{\\\""status\\\"":\\\""error\\\"",\\\""successful\\\"":false,\\\""statusCode\\\"":400,\\\""message\\\"":\\\""\\\\u0648\\\\u0636\\\\u0639\\\\u06cc\\\\u062a \\\\u062a\\\\u0631\\\\u0627\\\\u06a9\\\\u0646\\\\u0634 \\\\u0628\\\\u0631\\\\u0627\\\\u06cc \\\\u0639\\\\u0645\\\\u0644\\\\u06cc\\\\u0627\\\\u062a \\\\u0645\\\\u0648\\\\u0631\\\\u062f\\\\u0646\\\\u0638\\\\u0631 \\\\u0646\\\\u0627\\\\u0645\\\\u0646\\\\u0627\\\\u0633\\\\u0628 \\\\u0627\\\\u0633\\\\u062a.\\\"",\\\""url\\\"":\\\""https:\\\\\\\/\\\\\\\/api.snapppay.ir\\\\\\\/api\\\\\\\/online\\\\\\\/payment\\\\\\\/v1\\\\\\\/verify\\\"",\\\""args\\\"":{\\\""method\\\"":\\\""POST\\\"",\\\""body\\\"":\\\""{\\\\\\\""paymentToken\\\\\\\"":\\\\\\\""94a7378d-4850-4166-a85f-61132ef92d7a\\\\\\\""}\\\"",\\\""headers\\\"":{\\\""Authorization\\\"":\\\""Authorization: Bearer eyJhbGciOiJSUzI1NiIsInR5cCI6IkpXVCJ9.eyJ1c2VyX25hbWUiOiJtb3VoZXItd2Vhci1wdXJjaGFzZSIsInNjb3BlIjpbIm9ubGluZS1tZXJjaGFudCJdLCJleHAiOjE3NTgwOTUxMzYsImlhdCI6MTc1ODA1MTkzNiwiYXV0aG9yaXRpZXMiOlsiUk9MRV9VU0VSIl0sImp0aSI6ImMweExwMXJtVmpJVy00QUFDd09qNTRjUHFNWSIsImNsaWVudF9pZCI6Im1vdWhlci13ZWFyIn0.klmlFLYbm4Sybt8AB0nbvgVTvYMIEGSiEio8gVgOaobm8Ba_Y7Wtab7oOnY0SMGaKbmqmLt0X23H4FsLpBRsob29rioFCZnqu1RyLm5YqMztdjhPw4ykQSEwP0uIyJVg5niJbtLBq8Ftgbb7t4FvqySIZ3rVy9KAOBEV9ZbgbA9QEyipxRpvuDD7Ds3c7DrYxPqMkOF77Ug8KJXvc_xg4X_TcgsHP-CwKGk75a-LxCoZ85NP1uyvW_bxXmBen6DrCrrNdXuZCq2RJU0jBY7hEjZ3OJix_fGSnIz1d6UVcwjJVTREuRBXRd3JCBWvMLFfY6R6sCeJcqM2tLNYcazcWw\\\"",\\\""Content-Type\\\"":\\\""Content-Type: application\\\\\\\/json\\\"",\\\""user-agent\\\"":\\\""SnappPay, mouher-wear\\\""}}}\""}""",0,0,2025-09-16 23:14:11,2025-09-16 23:15:36
1445,4110036554,website,967,,pending,4110036554,,,91397708-9740-44ad-8032-08d68a48576f,1438,2,597,2,2444000,2444000,1316000,0,,0,0,2025-09-16 23:21:15,2025-09-16 23:21:15
1446,1353426881,website,967,,pending,1353426881,,,37de862f-2135-41f7-997c-15b4506be999,1438,2,597,2,2444000,2444000,1316000,0,,0,0,2025-09-16 23:59:44,2025-09-16 23:59:45
1447,7239747654,website,967,,pending,7239747654,,,6513da8a-2526-4376-a25c-d227aa939fdd,1438,2,597,2,2444000,2444000,1316000,0,,0,0,2025-09-17 00:02:04,2025-09-17 00:02:05
1448,7820343459,website,967,,declined,7820343459,,,89457c46-0c39-46b2-89d5-222986acece3,1438,2,597,2,2444000,2444000,1316000,0,"""{\""gt\"":\""{\\\""status\\\"":\\\""error\\\"",\\\""successful\\\"":false,\\\""statusCode\\\"":400,\\\""message\\\"":\\\""\\\\u0648\\\\u0636\\\\u0639\\\\u06cc\\\\u062a \\\\u062a\\\\u0631\\\\u0627\\\\u06a9\\\\u0646\\\\u0634 \\\\u0628\\\\u0631\\\\u0627\\\\u06cc \\\\u0639\\\\u0645\\\\u0644\\\\u06cc\\\\u0627\\\\u062a \\\\u0645\\\\u0648\\\\u0631\\\\u062f\\\\u0646\\\\u0638\\\\u0631 \\\\u0646\\\\u0627\\\\u0645\\\\u0646\\\\u0627\\\\u0633\\\\u0628 \\\\u0627\\\\u0633\\\\u062a.\\\"",\\\""url\\\"":\\\""https:\\\\\\\/\\\\\\\/api.snapppay.ir\\\\\\\/api\\\\\\\/online\\\\\\\/payment\\\\\\\/v1\\\\\\\/verify\\\"",\\\""args\\\"":{\\\""method\\\"":\\\""POST\\\"",\\\""body\\\"":\\\""{\\\\\\\""paymentToken\\\\\\\"":\\\\\\\""89457c46-0c39-46b2-89d5-222986acece3\\\\\\\""}\\\"",\\\""headers\\\"":{\\\""Authorization\\\"":\\\""Authorization: Bearer eyJhbGciOiJSUzI1NiIsInR5cCI6IkpXVCJ9.eyJ1c2VyX25hbWUiOiJtb3VoZXItd2Vhci1wdXJjaGFzZSIsInNjb3BlIjpbIm9ubGluZS1tZXJjaGFudCJdLCJleHAiOjE3NTgxMDA2MTgsImlhdCI6MTc1ODA1NzQxOCwiYXV0aG9yaXRpZXMiOlsiUk9MRV9VU0VSIl0sImp0aSI6InZaV3RieG5xN1BnaEJOOTBCemNBai1xU3BlTSIsImNsaWVudF9pZCI6Im1vdWhlci13ZWFyIn0.h9DRowdqIR5USHuk7If_Mzy5NF5Tz32E7XCOa7eSNwwxkzhEYwbcl2dWx896hI8JQCoU_aw7EAkObyqYjg8fLoOtD1llzJpy-0zx1D3W1Rxu1_G_VLRXk3-oxwI6W3Let7mcVhK81L65lNkteLo81ujw22_85vPFPorZD2ulazDcDq_-o2LRUCdypkDdESknXlyTOL0wxW9rQmtP6FpJsJzxJGIbSqK1xjJpgYEjj1TUz1kij8M8zHSlRm9IbjyjEU9NqT7h_5tvYKl3vbjPcls2TuyQr0bRS1N2RisL0XLg0slYI4js4Cswa1Kk1H3wTr6OIub27KmjeHaIzY4WdA\\\"",\\\""Content-Type\\\"":\\\""Content-Type: application\\\\\\\/json\\\"",\\\""user-agent\\\"":\\\""SnappPay, mouher-wear\\\""}}}\""}""",0,0,2025-09-17 00:23:48,2025-09-17 00:46:58
1449,5196753610,website,967,,completed,5196753610,"{""successful"":true,""response"":{""transactionId"":""5196753610""}}",,264b4358-1e7a-4726-8f8a-62fec47a4cc6,1438,2,597,2,2444000,2444000,1316000,0,"""{\""successful\"":true,\""response\"":{\""transactionId\"":\""5196753610\""}}""",0,0,2025-09-17 00:47:17,2025-09-22 16:07:49
1450,6352978901,website,863,,pending,6352978901,,,226bc744-25c3-4763-b4e1-e10f020d0a2b,1420,1,588,2,1872000,1872000,1008000,0,,0,0,2025-09-17 09:47:07,2025-09-17 09:47:08
1451,1862012005,website,930,,completed,1862012005,"{""successful"":true,""response"":{""transactionId"":""1862012005""}}",,65ed25ad-972e-40e5-be9f-49cbbeef55a4,1350,1,560,2,1872000,1872000,1008000,0,"""{\""successful\"":true,\""response\"":{\""transactionId\"":\""1862012005\""}}""",0,0,2025-09-17 13:41:56,2025-09-22 16:07:58
1452,9218595468,website,863,,pending,9218595468,,,378c741e-6abf-40dc-bcd2-5499ee7746b9,1420,1,588,2,2899000,2899000,1561000,0,,0,0,2025-09-19 02:35:50,2025-09-19 02:35:51
1453,2920989227,website,973,,pending,2920989227,,,e5fb0985-6a51-46a2-84ff-92f4c1402673,1448,2,598,2,1937000,1937000,1043000,0,,0,0,2025-09-19 16:02:51,2025-09-19 16:02:52
1454,8925492024,website,973,,pending,8925492024,,,fe9ad7d1-3528-4a6e-a5b6-d8562f277475,1448,2,598,2,1937000,1937000,1043000,0,,0,0,2025-09-19 16:04:50,2025-09-19 16:04:51
1455,8411758209,website,973,,pending,8411758209,,,94ae4aa5-4e8d-477f-9ea4-0843963b19e4,1448,1,598,2,1937000,1937000,1043000,0,,0,0,2025-09-19 16:08:13,2025-09-19 16:08:13
1456,8461335003,website,973,,completed,8461335003,"{""successful"":true,""response"":{""transactionId"":""8461335003""}}",,3d0f995e-45bf-4c41-abfb-4ef08b5d4bf6,1448,2,598,2,1937000,1937000,1043000,0,"""{\""successful\"":true,\""response\"":{\""transactionId\"":\""8461335003\""}}""",0,0,2025-09-19 17:29:45,2025-09-22 20:32:54
1457,8175667976,website,620,,declined,8175667976,,,7d35404b-a8e9-48e5-8f51-7fc64129405f,849,2,348,2,2457000,2457000,1323000,0,"""{\""gt\"":\""{\\\""status\\\"":\\\""error\\\"",\\\""successful\\\"":false,\\\""statusCode\\\"":400,\\\""message\\\"":\\\""\\\\u0648\\\\u0636\\\\u0639\\\\u06cc\\\\u062a \\\\u062a\\\\u0631\\\\u0627\\\\u06a9\\\\u0646\\\\u0634 \\\\u0628\\\\u0631\\\\u0627\\\\u06cc \\\\u0639\\\\u0645\\\\u0644\\\\u06cc\\\\u0627\\\\u062a \\\\u0645\\\\u0648\\\\u0631\\\\u062f\\\\u0646\\\\u0638\\\\u0631 \\\\u0646\\\\u0627\\\\u0645\\\\u0646\\\\u0627\\\\u0633\\\\u0628 \\\\u0627\\\\u0633\\\\u062a.\\\"",\\\""url\\\"":\\\""https:\\\\\\\/\\\\\\\/api.snapppay.ir\\\\\\\/api\\\\\\\/online\\\\\\\/payment\\\\\\\/v1\\\\\\\/verify\\\"",\\\""args\\\"":{\\\""method\\\"":\\\""POST\\\"",\\\""body\\\"":\\\""{\\\\\\\""paymentToken\\\\\\\"":\\\\\\\""7d35404b-a8e9-48e5-8f51-7fc64129405f\\\\\\\""}\\\"",\\\""headers\\\"":{\\\""Authorization\\\"":\\\""Authorization: Bearer eyJhbGciOiJSUzI1NiIsInR5cCI6IkpXVCJ9.eyJ1c2VyX25hbWUiOiJtb3VoZXItd2Vhci1wdXJjaGFzZSIsInNjb3BlIjpbIm9ubGluZS1tZXJjaGFudCJdLCJleHAiOjE3NTgzNDkzODAsImlhdCI6MTc1ODMwNjE4MCwiYXV0aG9yaXRpZXMiOlsiUk9MRV9VU0VSIl0sImp0aSI6InBVMW45MXA3YWJpaEVha0psR0I5Q19nUW9TbyIsImNsaWVudF9pZCI6Im1vdWhlci13ZWFyIn0.C3RXiZv74Ha6DFhk5KrWgM7-ATookhVSg-dWOP6vRbXzuAoVrnkRLZ7dtn7oVahrMcQu8ZlzpLGheHX0v43k6LGiNui4KmGFdTLEgwxwughFCU3FMYlu5a81kI_NoEPzh4c4Y0-g1TtPXg2qXu-2U3J6i_BVYigipGBDXnKe8rjeONYz7iBmD4QUH5g9dZqsHLguPp2RjmoEpf2EQaeXF8I4LKQV0fmPLR-gsjHjZwb-3x7ZGgja5ISDjuTuL_p9JsoeW9JuFetMw-wtkTiTd-o1O_6sNnAITD5xMjQIj0RagDZA_zVvr0sPcRDUknGIwWejNXEQ0BBxdGSGHfZD-Q\\\"",\\\""Content-Type\\\"":\\\""Content-Type: application\\\\\\\/json\\\"",\\\""user-agent\\\"":\\\""SnappPay, mouher-wear\\\""}}}\""}""",0,0,2025-09-19 21:29:03,2025-09-19 21:53:00
1458,1873845612,website,620,,completed,1873845612,"{""successful"":true,""response"":{""transactionId"":""1873845612""}}",,0cb5dc60-19f0-4ef4-9ea2-42f3664e139b,849,2,348,2,2457000,2457000,1323000,0,"""{\""successful\"":true,\""response\"":{\""transactionId\"":\""1873845612\""}}""",0,0,2025-09-19 21:53:29,2025-09-22 16:08:07
1459,7184564114,website,863,,pending,7184564114,,,6badaf19-66b0-40b2-a915-a56c14fd6136,1420,1,588,2,1872000,1872000,1008000,0,,0,0,2025-09-20 01:10:44,2025-09-20 01:10:44
1460,6425110354,website,969,,completed,6425110354,"{""successful"":true,""response"":{""transactionId"":""6425110354""}}",,610bdfe5-1c60-453b-a91a-840d0ccad0da,1441,2,599,2,3874000,3874000,2086000,0,"""{\""successful\"":true,\""response\"":{\""transactionId\"":\""6425110354\""}}""",0,0,2025-09-20 02:24:09,2025-09-22 18:29:39
1461,7396997254,website,922,,completed,A000000000000000000000000000lrgemg8x,{},,,1330,1,553,3,1580000,1580000,0,0,"""{}""",0,0,2025-09-22 19:12:12,2025-09-28 10:00:15
1462,3456283732,website,977,,completed,A000000000000000000000000000x5pg37jg,{},,,1455,1,600,3,1580000,1580000,0,0,"""{}""",0,0,2025-09-30 03:26:46,2025-10-06 13:45:58
1463,5915168266,website,979,,completed,A000000000000000000000000000wqx5w1yj,{},,,1457,2,601,3,1280000,1280000,0,0,"""{}""",0,0,2025-10-05 00:20:02,2025-10-05 18:00:34
1464,6728306204,website,980,,declined,A0000000000000000000000000007xzxp1yz,,,,1459,1,602,3,4680000,4680000,0,0,"""\u067e\u0631\u062f\u0627\u062e\u062a \u0646\u0627\u0645\u0648\u0641\u0642""",0,0,2025-10-06 11:33:08,2025-10-06 11:33:27
1465,3690532428,website,175,,pending,3690532428,,,3b8ecd49-208e-4acc-a921-6103f17c1239,1178,1,97,2,2980000,2980000,0,0,,0,0,2025-10-06 12:36:16,2025-10-06 12:36:17
1466,3957057942,website,175,,pending,3957057942,,,ee939920-f945-44c7-a3ad-62d0ae5f04e5,1178,1,97,2,8940000,8940000,0,0,,0,0,2025-10-06 12:49:35,2025-10-06 12:49:36
1467,7700804769,website,981,,completed,7700804769,"{""successful"":true,""response"":{""transactionId"":""7700804769""}}",,f3befe74-09a3-4dce-a59a-0f3412ba3844,1460,2,603,2,2480000,2480000,0,0,"""{\""successful\"":true,\""response\"":{\""transactionId\"":\""7700804769\""}}""",0,0,2025-10-06 22:14:22,2025-10-07 21:19:51
1468,5889773094,website,922,,completed,A000000000000000000000000000rlvpeewx,{},,,1452,1,553,3,2880000,2880000,0,0,"""{}""",0,0,2025-10-07 20:03:42,2025-10-08 19:54:35
1469,7720220128,website,852,4,pending,7720220128,,,62eff0dc-607c-494c-bda2-cbfeb160954b,1297,2,521,2,8740000,8740000,0,0,,0,0,2025-10-08 00:03:33,2025-10-08 00:03:34
1470,7048451317,website,852,4,completed,7048451317,"{""successful"":true,""response"":{""transactionId"":""7048451317""}}",,366a8df8-d0b2-4ced-b0f2-f0133e3f145b,1297,2,521,2,6360000,6360000,0,0,"""{\""successful\"":true,\""response\"":{\""transactionId\"":\""7048451317\""}}""",0,0,2025-10-08 00:06:06,2025-10-08 19:54:46
1471,5926805930,website,215,,completed,A000000000000000000000000000wqxmwgz8,{},,,705,1,117,3,2980000,2980000,0,0,"""{}""",0,0,2025-10-08 17:58:32,2025-10-17 15:12:42
1472,3675771752,website,985,,pending,3675771752,,,fc60d059-2d40-4f99-aa21-72242be35a88,1466,2,604,2,3980000,3980000,0,0,,0,0,2025-10-09 11:49:48,2025-10-09 11:49:49
1473,9913607841,website,94,,pending,9913607841,,,5f705903-c81a-43f0-a55b-03ad8b072f29,129,2,56,2,3980000,3980000,0,0,,0,0,2025-10-09 20:33:39,2025-10-09 20:33:40
1474,5620290917,website,988,,completed,A000000000000000000000000000nxgnmz1m,{},,,1468,1,605,3,1580000,1580000,0,0,"""{}""",0,0,2025-10-12 15:21:51,2025-10-13 19:06:39
1475,6355439515,website,990,,completed,6355439515,"{""successful"":true,""response"":{""transactionId"":""6355439515""}}",,c1ebcff5-9853-4b38-9579-fce43332ae38,1471,2,606,2,1580000,1580000,0,0,"""{\""successful\"":true,\""response\"":{\""transactionId\"":\""6355439515\""}}""",0,0,2025-10-13 02:24:59,2025-10-13 19:06:44
1476,3319680777,website,608,,pending,3319680777,,,e703599e-02c4-4b3e-9300-7f6f6db6108c,1335,1,341,2,7240000,7240000,0,0,,0,0,2025-10-13 16:54:58,2025-10-13 16:54:59
1477,6975848788,website,608,,declined,6975848788,,,e080666a-4d4c-4cff-babc-6c8fda4d068b,1335,1,341,2,7240000,7240000,0,0,"""{\""gt\"":\""{\\\""status\\\"":\\\""error\\\"",\\\""successful\\\"":false,\\\""statusCode\\\"":400,\\\""message\\\"":\\\""\\\\u0648\\\\u0636\\\\u0639\\\\u06cc\\\\u062a \\\\u062a\\\\u0631\\\\u0627\\\\u06a9\\\\u0646\\\\u0634 \\\\u0628\\\\u0631\\\\u0627\\\\u06cc \\\\u0639\\\\u0645\\\\u0644\\\\u06cc\\\\u0627\\\\u062a \\\\u0645\\\\u0648\\\\u0631\\\\u062f\\\\u0646\\\\u0638\\\\u0631 \\\\u0646\\\\u0627\\\\u0645\\\\u0646\\\\u0627\\\\u0633\\\\u0628 \\\\u0627\\\\u0633\\\\u062a.\\\"",\\\""url\\\"":\\\""https:\\\\\\\/\\\\\\\/api.snapppay.ir\\\\\\\/api\\\\\\\/online\\\\\\\/payment\\\\\\\/v1\\\\\\\/verify\\\"",\\\""args\\\"":{\\\""method\\\"":\\\""POST\\\"",\\\""body\\\"":\\\""{\\\\\\\""paymentToken\\\\\\\"":\\\\\\\""e080666a-4d4c-4cff-babc-6c8fda4d068b\\\\\\\""}\\\"",\\\""headers\\\"":{\\\""Authorization\\\"":\\\""Authorization: Bearer eyJhbGciOiJSUzI1NiIsInR5cCI6IkpXVCJ9.eyJ1c2VyX25hbWUiOiJtb3VoZXItd2Vhci1wdXJjaGFzZSIsInNjb3BlIjpbIm9ubGluZS1tZXJjaGFudCJdLCJleHAiOjE3NjA0MDU0ODgsImlhdCI6MTc2MDM2MjI4OCwiYXV0aG9yaXRpZXMiOlsiUk9MRV9VU0VSIl0sImp0aSI6ImhYT3piU01feEVFN3BVRUJOMklLaG9nZi1qSSIsImNsaWVudF9pZCI6Im1vdWhlci13ZWFyIn0.k46Kq8jQTeCEaz4Ig1CXU2a7-3Zi2zfh6snEc4WMjiTf-58-1RcQPEVqku6CCvpDcxkxW_AsPvHMnOsHQsVHP1981W5fMtuPuSUrIK9fANzCo5uB5DrhJUlHMbxaB_1o8nRZjBgmAmddAdwB-VBQntGixTqRtBDuReCYInn16t-GtKuPmHQGmo8qmEOWQRzT-Ef8NHJnkne7GwWfVtYJy4aghFPijsIXM-Vwx13hWyaBPFF55XTLbSc8xXjCX5DhhSQGpEf6mybQ5qrrMbeCgYnnUF0CNDFB68Ejp5GGI_MLS-kVVHM9Qr4Jo0VXFwrRMVIQv0M93Vc-P2Kb9L4VkQ\\\"",\\\""Content-Type\\\"":\\\""Content-Type: application\\\\\\\/json\\\"",\\\""user-agent\\\"":\\\""SnappPay, mouher-wear\\\""}}}\""}""",0,0,2025-10-13 17:01:05,2025-10-13 17:01:28
1478,3334686060,website,787,,pending,3334686060,,,b1227ac6-db06-4760-88ac-07a0a1525a07,1131,1,607,2,2780000,2780000,0,0,,0,0,2025-10-14 15:20:16,2025-10-14 15:20:18
1479,3441786801,website,156,,declined,3441786801,,,f8be256a-e865-47b9-b73b-facd716d8db3,1022,1,436,2,2380000,2380000,0,0,"""{\""gt\"":\""{\\\""status\\\"":\\\""error\\\"",\\\""successful\\\"":false,\\\""statusCode\\\"":400,\\\""message\\\"":\\\""\\\\u0648\\\\u0636\\\\u0639\\\\u06cc\\\\u062a \\\\u062a\\\\u0631\\\\u0627\\\\u06a9\\\\u0646\\\\u0634 \\\\u0628\\\\u0631\\\\u0627\\\\u06cc \\\\u0639\\\\u0645\\\\u0644\\\\u06cc\\\\u0627\\\\u062a \\\\u0645\\\\u0648\\\\u0631\\\\u062f\\\\u0646\\\\u0638\\\\u0631 \\\\u0646\\\\u0627\\\\u0645\\\\u0646\\\\u0627\\\\u0633\\\\u0628 \\\\u0627\\\\u0633\\\\u062a.\\\"",\\\""url\\\"":\\\""https:\\\\\\\/\\\\\\\/api.snapppay.ir\\\\\\\/api\\\\\\\/online\\\\\\\/payment\\\\\\\/v1\\\\\\\/verify\\\"",\\\""args\\\"":{\\\""method\\\"":\\\""POST\\\"",\\\""body\\\"":\\\""{\\\\\\\""paymentToken\\\\\\\"":\\\\\\\""f8be256a-e865-47b9-b73b-facd716d8db3\\\\\\\""}\\\"",\\\""headers\\\"":{\\\""Authorization\\\"":\\\""Authorization: Bearer eyJhbGciOiJSUzI1NiIsInR5cCI6IkpXVCJ9.eyJ1c2VyX25hbWUiOiJtb3VoZXItd2Vhci1wdXJjaGFzZSIsInNjb3BlIjpbIm9ubGluZS1tZXJjaGFudCJdLCJleHAiOjE3NjA1MDIwMzEsImlhdCI6MTc2MDQ1ODgzMSwiYXV0aG9yaXRpZXMiOlsiUk9MRV9VU0VSIl0sImp0aSI6InpScjVFRFVrWlNKTV80TUhYLTFpMVJWdmxUTSIsImNsaWVudF9pZCI6Im1vdWhlci13ZWFyIn0.IZGhbv20F3OTBQERD7eW8e5ROaqwoIPfGGXBElgnDkIG57A6R8lPJg_Qjvud_sJM8bLWNy9IIBMQ2jKZAVh3RBUnvVkPNkz39pjLBrBzFWw3rroITXswSVdD4ZdBCaQ-jHiQ_OE7-Ziu0SaVonCn_RIIDtpOGZ4N5sGvj3l9euC6V9fi3wt3D16ZO4LXWkP-GvE40JbraB5X3pAx31tcUMtW3c0D1w6tPxa1B_kYCP5cdGChFn5uaaQ1kfb1AfL-eldr5e_7VccLVRUJQANuSe9XTJk8CUJ-8Cw7pxNSCHm93ZULtca7q-EVEyT-pGQaBmPGcpThff5Kxgk0FDHZLQ\\\"",\\\""Content-Type\\\"":\\\""Content-Type: application\\\\\\\/json\\\"",\\\""user-agent\\\"":\\\""SnappPay, mouher-wear\\\""}}}\""}""",0,0,2025-10-14 19:49:11,2025-10-14 19:50:31
1480,5250326145,website,156,,pending,5250326145,,,fccb4cb2-5fc9-4509-b467-1039cda6f301,1022,1,436,2,2380000,2380000,0,0,,0,0,2025-10-14 22:15:01,2025-10-14 22:15:04
1481,2983950534,website,991,,completed,2983950534,"{""successful"":true,""response"":{""transactionId"":""2983950534""}}",,e31eef5b-493e-4759-98fa-faf4aeb63c9a,1473,2,608,2,2980000,2980000,0,0,"""{\""successful\"":true,\""response\"":{\""transactionId\"":\""2983950534\""}}""",0,0,2025-10-15 12:48:05,2025-10-21 20:08:07
1482,4679197051,website,992,,completed,A000000000000000000000000000lr31jqqm,{},,,1475,2,609,3,1280000,1280000,0,0,"""{}""",0,0,2025-10-15 18:39:15,2025-10-16 13:22:27
1483,8326368431,website,892,,completed,A000000000000000000000000000qeyvw3xn,{},,,1293,1,539,3,1580000,1580000,0,0,"""{}""",0,0,2025-10-16 12:13:24,2025-10-18 20:07:55
1484,8512698127,website,980,,completed,A000000000000000000000000000g1eqxdq8,{},,,1459,2,610,3,3980000,3980000,0,0,"""{}""",0,0,2025-10-16 13:36:36,2025-10-16 15:39:48
1485,3726070519,website,787,,completed,3726070519,"{""successful"":true,""response"":{""transactionId"":""3726070519""}}",,796f2631-c0e8-42ac-a53c-fe85ec2967fd,1131,1,611,2,2780000,2780000,0,0,"""{\""successful\"":true,\""response\"":{\""transactionId\"":\""3726070519\""}}""",0,0,2025-10-16 23:11:31,2025-10-18 20:07:37
1486,1250382960,website,998,,completed,A000000000000000000000000000o66peze2,{},,,1484,1,612,3,3980000,3980000,0,0,"""{}""",0,0,2025-10-19 00:55:08,2025-10-20 17:24:38
1487,4784636349,website,336,,completed,4784636349,"{""successful"":true,""response"":{""transactionId"":""4784636349""}}",,e18683e9-ed13-4541-a13e-d8ac1310baef,1372,1,192,2,2980000,2980000,0,0,"""{\""successful\"":true,\""response\"":{\""transactionId\"":\""4784636349\""}}""",0,0,2025-10-21 05:15:32,2025-10-28 09:59:34
1488,7199610624,website,892,,completed,A000000000000000000000000000rllgvy2y,{},,,1480,1,539,3,1580000,1580000,0,0,"""{}""",0,0,2025-10-21 12:46:49,2025-10-24 09:56:56
1489,4750969816,website,997,,completed,A0000000000000000000000000002zzxx67m,{},,,1483,1,613,3,1480000,1480000,0,0,"""{}""",0,0,2025-10-22 06:01:44,2025-10-28 10:00:44
1490,6827756458,website,198,,pending,A000000000000000000000000000y771v83v,,,,1223,1,107,3,1280000,1280000,0,0,,0,0,2025-10-25 20:07:57,2025-10-25 20:07:58
1491,3228968175,website,198,,completed,A000000000000000000000000000866opro3,{},,,1223,1,107,3,1280000,1280000,0,0,"""{}""",0,0,2025-10-25 20:13:43,2025-10-28 18:30:04
1492,1907917552,website,415,,completed,1907917552,"{""successful"":true,""response"":{""transactionId"":""1907917552""}}",,87916331-3984-4dd1-ac88-43977f355f7d,664,2,614,2,9940000,9940000,0,0,"""{\""successful\"":true,\""response\"":{\""transactionId\"":\""1907917552\""}}""",0,0,2025-10-27 11:57:44,2025-10-29 13:05:14
1493,3541002117,website,1004,,pending,3541002117,,,e63e3b21-3242-4f7f-8020-4de9b05e378b,1491,2,615,2,3980000,3980000,0,0,,0,0,2025-10-28 08:58:16,2025-10-28 08:58:17
1494,6764906229,website,1004,,completed,6764906229,"{""successful"":true,""response"":{""transactionId"":""6764906229""}}",,75f7d19e-1208-4b4f-a64a-d7f21de0dd8b,1491,1,615,2,4260000,4260000,0,0,"""{\""successful\"":true,\""response\"":{\""transactionId\"":\""6764906229\""}}""",0,0,2025-10-28 09:05:55,2025-10-28 18:30:28
1495,4146015729,website,1007,,declined,4146015729,,,820202c2-2cbd-44db-8d9a-8dacc1c4f83c,1494,2,616,2,4260000,4260000,0,0,"""{\""gt\"":\""{\\\""status\\\"":\\\""error\\\"",\\\""successful\\\"":false,\\\""statusCode\\\"":400,\\\""message\\\"":\\\""\\\\u0648\\\\u0636\\\\u0639\\\\u06cc\\\\u062a \\\\u062a\\\\u0631\\\\u0627\\\\u06a9\\\\u0646\\\\u0634 \\\\u0628\\\\u0631\\\\u0627\\\\u06cc \\\\u0639\\\\u0645\\\\u0644\\\\u06cc\\\\u0627\\\\u062a \\\\u0645\\\\u0648\\\\u0631\\\\u062f\\\\u0646\\\\u0638\\\\u0631 \\\\u0646\\\\u0627\\\\u0645\\\\u0646\\\\u0627\\\\u0633\\\\u0628 \\\\u0627\\\\u0633\\\\u062a.\\\"",\\\""url\\\"":\\\""https:\\\\\\\/\\\\\\\/api.snapppay.ir\\\\\\\/api\\\\\\\/online\\\\\\\/payment\\\\\\\/v1\\\\\\\/verify\\\"",\\\""args\\\"":{\\\""method\\\"":\\\""POST\\\"",\\\""body\\\"":\\\""{\\\\\\\""paymentToken\\\\\\\"":\\\\\\\""820202c2-2cbd-44db-8d9a-8dacc1c4f83c\\\\\\\""}\\\"",\\\""headers\\\"":{\\\""Authorization\\\"":\\\""Authorization: Bearer eyJhbGciOiJSUzI1NiIsInR5cCI6IkpXVCJ9.eyJ1c2VyX25hbWUiOiJtb3VoZXItd2Vhci1wdXJjaGFzZSIsInNjb3BlIjpbIm9ubGluZS1tZXJjaGFudCJdLCJleHAiOjE3NjE3OTkzODAsImlhdCI6MTc2MTc1NjE4MCwiYXV0aG9yaXRpZXMiOlsiUk9MRV9VU0VSIl0sImp0aSI6IlRWd2tXc0JoaFljUHZ2XzlCYm1CbnJZTnhsWSIsImNsaWVudF9pZCI6Im1vdWhlci13ZWFyIn0.Edqx9ETNYwipd8Xexwh1tZuFTQyVpZSrsG1FjualgxzwZDUIj-jQiFV0qNi7QHO2VAc9QgYkii4beJ811bnIwn4EvAe_3i7jvFKpa1g0Ds1DootiZCB6m010dQVg8FHQEkNMJVt0tAz-_Z7lvnLX3Tab-Laew8LmDcW3_nEIGqgLM3fqMpq_nOmj7f5zX07-GAHG34QWzIYpuyfcwtWUkZNK-1Fvf5RORSSFoe11ymcntfZikk7BBcghtqjfmWEQrqh7HVQqx7sC_s-z1feh2Ls8Xfa1xIW3q-4B7sqNDWDChrqGSW2uEwy9k5ersYs-iZCr_K5hUs-iZ6_RvhSytA\\\"",\\\""Content-Type\\\"":\\\""Content-Type: application\\\\\\\/json\\\"",\\\""user-agent\\\"":\\\""SnappPay, mouher-wear\\\""}}}\""}""",0,0,2025-10-29 20:12:15,2025-10-29 20:13:00
1496,9698437332,website,1007,,declined,9698437332,,,3e0bfdf7-d50a-4af8-87d2-7880c0095afe,1494,2,616,2,4260000,4260000,0,0,"""{\""gt\"":\""{\\\""status\\\"":\\\""error\\\"",\\\""successful\\\"":false,\\\""statusCode\\\"":400,\\\""message\\\"":\\\""\\\\u0648\\\\u0636\\\\u0639\\\\u06cc\\\\u062a \\\\u062a\\\\u0631\\\\u0627\\\\u06a9\\\\u0646\\\\u0634 \\\\u0628\\\\u0631\\\\u0627\\\\u06cc \\\\u0639\\\\u0645\\\\u0644\\\\u06cc\\\\u0627\\\\u062a \\\\u0645\\\\u0648\\\\u0631\\\\u062f\\\\u0646\\\\u0638\\\\u0631 \\\\u0646\\\\u0627\\\\u0645\\\\u0646\\\\u0627\\\\u0633\\\\u0628 \\\\u0627\\\\u0633\\\\u062a.\\\"",\\\""url\\\"":\\\""https:\\\\\\\/\\\\\\\/api.snapppay.ir\\\\\\\/api\\\\\\\/online\\\\\\\/payment\\\\\\\/v1\\\\\\\/verify\\\"",\\\""args\\\"":{\\\""method\\\"":\\\""POST\\\"",\\\""body\\\"":\\\""{\\\\\\\""paymentToken\\\\\\\"":\\\\\\\""3e0bfdf7-d50a-4af8-87d2-7880c0095afe\\\\\\\""}\\\"",\\\""headers\\\"":{\\\""Authorization\\\"":\\\""Authorization: Bearer eyJhbGciOiJSUzI1NiIsInR5cCI6IkpXVCJ9.eyJ1c2VyX25hbWUiOiJtb3VoZXItd2Vhci1wdXJjaGFzZSIsInNjb3BlIjpbIm9ubGluZS1tZXJjaGFudCJdLCJleHAiOjE3NjE3OTk0MjYsImlhdCI6MTc2MTc1NjIyNiwiYXV0aG9yaXRpZXMiOlsiUk9MRV9VU0VSIl0sImp0aSI6IlAza0JYWkl4ak9pUEs3azRrSll2emVTa2lMbyIsImNsaWVudF9pZCI6Im1vdWhlci13ZWFyIn0.iGhRXHiS72_RLx6YRoGuGFInktch3GCku6dSznXEmTuT-gXO7IlHoHuxPOk8fV-UuGmCBX6ebuF38xdUQv1kxe0HTslSNLFen_bWY03RG8ek9H07H1Frwi9Wq1Tp2Oy45YMP5Rlo7lIgDL0LmaVt_c79RuZ1QuPsi_m7Lus4cegPWPniFAqnuENxpPh_lunT4hU9QYcZhOZGQMnZVQ6leLM48nX2_lNWj0yFFnlCpgZy7sEHFGLuTyWmpYGbkBwz3zdZGI5WoLgKQAvw1SYKDG6ZJ6X8lvIDg-KPNhiDVxowcbbR8mDXeTIuKtwVYaG5P5orsFGR60wC8p1Lu0lceQ\\\"",\\\""Content-Type\\\"":\\\""Content-Type: application\\\\\\\/json\\\"",\\\""user-agent\\\"":\\\""SnappPay, mouher-wear\\\""}}}\""}""",0,0,2025-10-29 20:13:19,2025-10-29 20:13:46
1497,1301722653,website,1007,,pending,1301722653,,,7f34f09d-27c2-447e-96ce-aa161f8e93b3,1494,2,616,2,4260000,4260000,0,0,,0,0,2025-10-29 20:14:09,2025-10-29 20:14:10
1498,5018012800,website,1007,,completed,A000000000000000000000000000pq1r5ymg,{},,,1494,2,616,3,4260000,4260000,0,0,"""{}""",0,0,2025-10-29 20:14:37,2025-11-01 16:34:28
1499,1596908964,website,888,,declined,A0000000000000000000000000005r1gz71m,,,,1277,1,534,3,3980000,3980000,0,0,"""\u067e\u0631\u062f\u0627\u062e\u062a \u0646\u0627\u0645\u0648\u0641\u0642""",0,0,2025-10-29 23:51:55,2025-10-29 23:53:03
1500,5159221149,website,888,,declined,A000000000000000000000000000vnd5jge1,,,,1277,1,534,3,3980000,3980000,0,0,"""\u067e\u0631\u062f\u0627\u062e\u062a \u0646\u0627\u0645\u0648\u0641\u0642""",0,0,2025-10-29 23:54:47,2025-10-29 23:55:31
1501,7950700004,website,888,,completed,7950700004,"{""successful"":true,""response"":{""transactionId"":""7950700004""}}",,ace50016-a709-4bac-9c10-b122c52edb6f,1277,1,534,2,3980000,3980000,0,0,"""{\""successful\"":true,\""response\"":{\""transactionId\"":\""7950700004\""}}""",0,0,2025-10-30 01:25:01,2025-11-03 17:38:31
1502,5946964646,website,120,,pending,5946964646,,,d06d0611-e38f-4b0a-93c2-b7aef9fac74b,1394,1,235,2,3980000,3980000,0,0,,0,0,2025-10-31 01:42:27,2025-10-31 01:42:28
1503,3995059601,website,288,,completed,3995059601,"{""successful"":true,""response"":{""transactionId"":""3995059601""}}",,d47daf0d-a7c1-441f-b23d-034065e9efc9,1391,1,576,2,2880000,2880000,0,0,"""{\""successful\"":true,\""response\"":{\""transactionId\"":\""3995059601\""}}""",0,0,2025-10-31 20:25:40,2025-11-03 17:38:57
1504,1029523690,website,283,,completed,1029523690,"{""successful"":true,""response"":{""transactionId"":""1029523690""}}",,5325ab3e-fc7d-4bad-90b0-06a96cbe7e31,1125,2,159,2,5240000,5240000,0,0,"""{\""successful\"":true,\""response\"":{\""transactionId\"":\""1029523690\""}}""",0,0,2025-11-03 12:03:13,2025-11-07 14:16:38
1505,3168366691,website,144,,completed,A000000000000000000000000000eod3ry18,{},,,1447,2,617,3,4660000,4660000,0,0,"""{}""",0,0,2025-11-03 23:57:12,2025-11-05 07:26:00
1506,5871304160,website,1011,,completed,5871304160,"{""successful"":true,""response"":{""transactionId"":""5871304160""}}",,55e93403-e289-44cd-be09-d3ead52eae66,1502,2,618,2,2880000,2880000,0,0,"""{\""successful\"":true,\""response\"":{\""transactionId\"":\""5871304160\""}}""",0,0,2025-11-04 17:51:49,2025-11-06 13:52:52
1507,7522351589,website,374,,declined,7522351589,,,4f49786f-c913-4c39-9ada-ad88bfeb0533,1155,1,220,2,2380000,2380000,0,0,"""{\""gt\"":\""{\\\""status\\\"":\\\""error\\\"",\\\""successful\\\"":false,\\\""statusCode\\\"":400,\\\""message\\\"":\\\""\\\\u0648\\\\u0636\\\\u0639\\\\u06cc\\\\u062a \\\\u062a\\\\u0631\\\\u0627\\\\u06a9\\\\u0646\\\\u0634 \\\\u0628\\\\u0631\\\\u0627\\\\u06cc \\\\u0639\\\\u0645\\\\u0644\\\\u06cc\\\\u0627\\\\u062a \\\\u0645\\\\u0648\\\\u0631\\\\u062f\\\\u0646\\\\u0638\\\\u0631 \\\\u0646\\\\u0627\\\\u0645\\\\u0646\\\\u0627\\\\u0633\\\\u0628 \\\\u0627\\\\u0633\\\\u062a.\\\"",\\\""url\\\"":\\\""https:\\\\\\\/\\\\\\\/api.snapppay.ir\\\\\\\/api\\\\\\\/online\\\\\\\/payment\\\\\\\/v1\\\\\\\/verify\\\"",\\\""args\\\"":{\\\""method\\\"":\\\""POST\\\"",\\\""body\\\"":\\\""{\\\\\\\""paymentToken\\\\\\\"":\\\\\\\""4f49786f-c913-4c39-9ada-ad88bfeb0533\\\\\\\""}\\\"",\\\""headers\\\"":{\\\""Authorization\\\"":\\\""Authorization: Bearer eyJhbGciOiJSUzI1NiIsInR5cCI6IkpXVCJ9.eyJ1c2VyX25hbWUiOiJtb3VoZXItd2Vhci1wdXJjaGFzZSIsInNjb3BlIjpbIm9ubGluZS1tZXJjaGFudCJdLCJleHAiOjE3NjIzNzgxODcsImlhdCI6MTc2MjMzNDk4NywiYXV0aG9yaXRpZXMiOlsiUk9MRV9VU0VSIl0sImp0aSI6ImhKV1Q3eElmbVFYZURMTzNUUmxZNVVqVmV1YyIsImNsaWVudF9pZCI6Im1vdWhlci13ZWFyIn0.c9GLAtzWoDfeIo2HDf4a3gIFC76Pe_jogh51Fdp2K0K3lWhVrvfzeVPjVoM0wQEHea-VRl-rMS2masKvVlbnY2alVmnwln5o-m7H51smFbMQYUP7U8M8GWJWDjNpEuLMKa-JDj_Ws054FGt34ah7No_93hmZ92PMCif5b5GBld_bzSH7vQWYyaQpNDcsQJ6iXb9KlkDV1TNjg4EcvXZ1gPzYiv5CQG2Um0y66F3XcRvmqtYO3y-f-a_DAd5MV1vIZoIBt4piRyjkrTbwIa3cdpmBiDbHVux-7Ixsg7KKEzerdnnPT0yhhiu67ziJVb3YYM9BgYrdjjcfHkDcY7RKZA\\\"",\\\""Content-Type\\\"":\\\""Content-Type: application\\\\\\\/json\\\"",\\\""user-agent\\\"":\\\""SnappPay, mouher-wear\\\""}}}\""}""",0,0,2025-11-05 12:58:07,2025-11-05 12:59:47
1508,7872458753,website,374,,completed,7872458753,"{""successful"":true,""response"":{""transactionId"":""7872458753""}}",,b573e8e3-bcd4-4cb4-bc9a-c143cc56b5f1,1155,1,220,2,2380000,2380000,0,0,"""{\""successful\"":true,\""response\"":{\""transactionId\"":\""7872458753\""}}""",0,0,2025-11-05 13:00:32,2025-11-08 21:36:15
1509,7274552681,website,175,,completed,7274552681,"{""successful"":true,""response"":{""transactionId"":""7274552681""}}",,8155c18f-8e42-445f-aa78-d311e952eb33,1178,1,619,2,2980000,2980000,0,0,"""{\""successful\"":true,\""response\"":{\""transactionId\"":\""7274552681\""}}""",0,0,2025-11-06 13:54:33,2025-11-08 09:56:02
1510,5441157545,website,175,,pending,5441157545,,,06451035-c259-4d16-8da3-36c051dd7fbe,1507,1,619,2,1560000,1560000,0,0,,0,0,2025-11-07 11:46:32,2025-11-07 11:46:32
1511,9261358314,website,1013,,completed,9261358314,"{""successful"":true,""response"":{""transactionId"":""9261358314""}}",,ee6d5590-7d6b-4e11-9884-9b0b48a4c035,1508,1,621,2,1580000,1580000,0,0,"""{\""successful\"":true,\""response\"":{\""transactionId\"":\""9261358314\""}}""",0,0,2025-11-08 10:05:07,2025-11-09 23:19:21
1512,9747654632,website,300,,declined,9747654632,,,f067e805-4ef4-44d4-acce-58b6ccf3481d,398,2,172,2,3980000,3980000,0,0,"""{\""gt\"":\""{\\\""status\\\"":\\\""error\\\"",\\\""successful\\\"":false,\\\""statusCode\\\"":400,\\\""message\\\"":\\\""\\\\u0648\\\\u0636\\\\u0639\\\\u06cc\\\\u062a \\\\u062a\\\\u0631\\\\u0627\\\\u06a9\\\\u0646\\\\u0634 \\\\u0628\\\\u0631\\\\u0627\\\\u06cc \\\\u0639\\\\u0645\\\\u0644\\\\u06cc\\\\u0627\\\\u062a \\\\u0645\\\\u0648\\\\u0631\\\\u062f\\\\u0646\\\\u0638\\\\u0631 \\\\u0646\\\\u0627\\\\u0645\\\\u0646\\\\u0627\\\\u0633\\\\u0628 \\\\u0627\\\\u0633\\\\u062a.\\\"",\\\""url\\\"":\\\""https:\\\\\\\/\\\\\\\/api.snapppay.ir\\\\\\\/api\\\\\\\/online\\\\\\\/payment\\\\\\\/v1\\\\\\\/verify\\\"",\\\""args\\\"":{\\\""method\\\"":\\\""POST\\\"",\\\""body\\\"":\\\""{\\\\\\\""paymentToken\\\\\\\"":\\\\\\\""f067e805-4ef4-44d4-acce-58b6ccf3481d\\\\\\\""}\\\"",\\\""headers\\\"":{\\\""Authorization\\\"":\\\""Authorization: Bearer eyJhbGciOiJSUzI1NiIsInR5cCI6IkpXVCJ9.eyJ1c2VyX25hbWUiOiJtb3VoZXItd2Vhci1wdXJjaGFzZSIsInNjb3BlIjpbIm9ubGluZS1tZXJjaGFudCJdLCJleHAiOjE3NjI2NzU3NzUsImlhdCI6MTc2MjYzMjU3NSwiYXV0aG9yaXRpZXMiOlsiUk9MRV9VU0VSIl0sImp0aSI6IllUS2hyek5xUjlGOEQ3UGUwQzMtQzJnQlZTZyIsImNsaWVudF9pZCI6Im1vdWhlci13ZWFyIn0.ArPkh26oVWdQ2COoT2yWtkZemlIp8seIsHU1dQu1cO_acXUXh6RV_Z5cVVPomC1S7qS2zuBFlawQfg7urcER2m4xoh_OB8nN6ph1gtuj8GIUnaS-_qIqiOcQQWXSV8u1LqlsTNzdiR3EQ7puaGjvs2uds8G9xYYa5zt4MEFQS4EYCees5NLW0qKo_iafIN8jAxX2EnoKWh86dGpUqD1Hh3hd6E3ZGMeo3M8FMaVyZaRVHi_OPlKXce0XCjKbj63MP-0lYTsgBmFM8iPB0KZdcrnCq2OIgU9LzqvDH9LtZM1_N1XQXvmFIrxuldpzKMy_YozxbDBOlLI61qjx7Yx9ig\\\"",\\\""Content-Type\\\"":\\\""Content-Type: application\\\\\\\/json\\\"",\\\""user-agent\\\"":\\\""SnappPay, mouher-wear\\\""}}}\""}""",0,0,2025-11-08 22:54:14,2025-11-08 23:39:35
1513,2188142084,website,300,,pending,2188142084,,,badd7767-46b0-4ee6-9ff2-3cf68227241b,398,2,172,2,3980000,3980000,0,0,,0,0,2025-11-08 23:41:05,2025-11-08 23:41:05
1514,7914378969,website,1,4,pending,7914378969,,,90c8b728-10f9-45ce-ab4f-80d990e8daba,223,2,16,2,2280000,2280000,0,0,,0,0,2025-11-09 11:10:47,2025-11-09 11:10:48
1515,1298425252,website,529,,completed,A000000000000000000000000000j1m2o5px,{},,,692,1,622,3,3480000,3480000,0,0,"""{}""",0,0,2025-11-09 15:22:43,2025-11-13 01:31:06
1516,1579702263,website,300,,declined,1579702263,,,479f8ad2-12e1-4159-9db6-5a1205f7a4fe,398,2,172,2,3980000,3980000,0,0,"""{\""gt\"":\""{\\\""status\\\"":\\\""error\\\"",\\\""successful\\\"":false,\\\""statusCode\\\"":400,\\\""message\\\"":\\\""\\\\u0648\\\\u0636\\\\u0639\\\\u06cc\\\\u062a \\\\u062a\\\\u0631\\\\u0627\\\\u06a9\\\\u0646\\\\u0634 \\\\u0628\\\\u0631\\\\u0627\\\\u06cc \\\\u0639\\\\u0645\\\\u0644\\\\u06cc\\\\u0627\\\\u062a \\\\u0645\\\\u0648\\\\u0631\\\\u062f\\\\u0646\\\\u0638\\\\u0631 \\\\u0646\\\\u0627\\\\u0645\\\\u0646\\\\u0627\\\\u0633\\\\u0628 \\\\u0627\\\\u0633\\\\u062a.\\\"",\\\""url\\\"":\\\""https:\\\\\\\/\\\\\\\/api.snapppay.ir\\\\\\\/api\\\\\\\/online\\\\\\\/payment\\\\\\\/v1\\\\\\\/verify\\\"",\\\""args\\\"":{\\\""method\\\"":\\\""POST\\\"",\\\""body\\\"":\\\""{\\\\\\\""paymentToken\\\\\\\"":\\\\\\\""479f8ad2-12e1-4159-9db6-5a1205f7a4fe\\\\\\\""}\\\"",\\\""headers\\\"":{\\\""Authorization\\\"":\\\""Authorization: Bearer eyJhbGciOiJSUzI1NiIsInR5cCI6IkpXVCJ9.eyJ1c2VyX25hbWUiOiJtb3VoZXItd2Vhci1wdXJjaGFzZSIsInNjb3BlIjpbIm9ubGluZS1tZXJjaGFudCJdLCJleHAiOjE3NjI3NTUwMjQsImlhdCI6MTc2MjcxMTgyNCwiYXV0aG9yaXRpZXMiOlsiUk9MRV9VU0VSIl0sImp0aSI6Im9DSXhhanI2LVZ6U1JSdG9qTjBBMU1paUt3byIsImNsaWVudF9pZCI6Im1vdWhlci13ZWFyIn0.hE6vKJZNOOiJqVRzSzRGw4nX6HZ-BoRMUbtnGxPuMFju9jauxLegAa9o5aqEE-bUDX88bDbaT4h4gc0_UpOAm83duj_T6_KArqzoCVDN5vSFyhxSvh9JPxazzqFB7K5nrqLtARAZmIAK1eZaCzXsqd7MZYYA0OQWzBeW2ZpVtgN6G1nXsVNWB4uZfNDFIHqrFW_07yUsUykIxRhTHBPZJmW1wqms8gn6DxLaR_jzF1fKLkEnEPIncY3y50zKMormoHXEmIpXMlHxWdFmPLzv7UK_8iE_1frB5U8zHlOUri_Ca75zm1VoJVC907OLJsR8nR-DD9TfFNC5ujMYlAT-yw\\\"",\\\""Content-Type\\\"":\\\""Content-Type: application\\\\\\\/json\\\"",\\\""user-agent\\\"":\\\""SnappPay, mouher-wear\\\""}}}\""}""",0,0,2025-11-09 21:32:00,2025-11-09 21:40:24
1517,9684554106,website,300,,pending,9684554106,,,8dcea38a-b621-4ea7-8c28-b4a57861ee53,398,2,172,2,3980000,3980000,0,0,,0,0,2025-11-09 21:41:59,2025-11-09 21:41:59
1518,7724616258,website,300,,pending,7724616258,,,da8c22df-9cfb-4082-b5c1-b1c6765f7459,398,2,172,2,3980000,3980000,0,0,,0,0,2025-11-09 22:24:50,2025-11-09 22:24:51
1519,5264730579,website,300,,processing,5264730579,"{""successful"":true,""response"":{""transactionId"":""5264730579""}}",,730eb6eb-374c-4d2f-a9f1-e01440f349d4,398,2,172,2,3980000,3980000,0,0,"""{\""successful\"":true,\""response\"":{\""transactionId\"":\""5264730579\""}}""",0,0,2025-11-09 22:25:15,2025-11-09 22:26:51
1520,9539272700,website,569,,completed,9539272700,"{""successful"":true,""response"":{""transactionId"":""9539272700""}}",,84f1aae3-0836-4389-9e29-e2885e8986d8,778,1,328,2,2980000,2980000,0,0,"""{\""successful\"":true,\""response\"":{\""transactionId\"":\""9539272700\""}}""",0,0,2025-11-10 12:03:17,2025-11-13 01:32:34
1521,6673225580,website,1017,,completed,A000000000000000000000000000y7lqvdwv,{},,,1516,1,624,3,2980000,2980000,0,0,"""{}""",0,0,2025-11-10 21:13:28,2025-11-13 01:33:27
1522,5444214364,website,709,,completed,5444214364,"{""successful"":true,""response"":{""transactionId"":""5444214364""}}",,804bdc5a-95e5-44a5-8f50-bd76d8b5a2c8,975,1,625,2,3480000,3480000,0,0,"""{\""successful\"":true,\""response\"":{\""transactionId\"":\""5444214364\""}}""",0,0,2025-11-11 21:43:13,2025-11-13 01:34:15